sample_id,class_name,image_count,file_paths,cross_class_conflict
1,Denim,4,"[""Denim/1/im_1.png"", ""Denim/1/im_2.png"", ""Denim/1/im_3.png"", ""Denim/1/im_4.png""]",False
10,Cotton,4,"[""Cotton/10/im_1.png"", ""Cotton/10/im_2.png"", ""Cotton/10/im_3.png"", ""Cotton/10/im_4.png""]",False
100,Cotton,4,"[""Cotton/100/im_1.png"", ""Cotton/100/im_2.png"", ""Cotton/100/im_3.png"", ""Cotton/100/im_4.png""]",False
101,Cotton,4,"[""Cotton/101/im_1.png"", ""Cotton/101/im_2.png"", ""Cotton/101/im_3.png"", ""Cotton/101/im_4.png""]",False
1018,Silk,4,"[""Silk/1018/im_1.png"", ""Silk/1018/im_2.png"", ""Silk/1018/im_3.png"", ""Silk/1018/im_4.png""]",False
1019,Silk,4,"[""Silk/1019/im_1.png"", ""Silk/1019/im_2.png"", ""Silk/1019/im_3.png"", ""Silk/1019/im_4.png""]",False
102,Cotton,4,"[""Cotton/102/im_1.png"", ""Cotton/102/im_2.png"", ""Cotton/102/im_3.png"", ""Cotton/102/im_4.png""]",False
1020,Silk,4,"[""Silk/1020/im_1.png"", ""Silk/1020/im_2.png"", ""Silk/1020/im_3.png"", ""Silk/1020/im_4.png""]",False
1021,Silk,4,"[""Silk/1021/im_1.png"", ""Silk/1021/im_2.png"", ""Silk/1021/im_3.png"", ""Silk/1021/im_4.png""]",False
1022,Silk,4,"[""Silk/1022/im_1.png"", ""Silk/1022/im_2.png"", ""Silk/1022/im_3.png"", ""Silk/1022/im_4.png""]",False
1023,Silk,4,"[""Silk/1023/im_1.png"", ""Silk/1023/im_2.png"", ""Silk/1023/im_3.png"", ""Silk/1023/im_4.png""]",False
1024,Silk,4,"[""Silk/1024/im_1.png"", ""Silk/1024/im_2.png"", ""Silk/1024/im_3.png"", ""Silk/1024/im_4.png""]",False
1025,Silk,4,"[""Silk/1025/im_1.png"", ""Silk/1025/im_2.png"", ""Silk/1025/im_3.png"", ""Silk/1025/im_4.png""]",False
1026,Silk,4,"[""Silk/1026/im_1.png"", ""Silk/1026/im_2.png"", ""Silk/1026/im_3.png"", ""Silk/1026/im_4.png""]",False
1027,Silk,4,"[""Silk/1027/im_1.png"", ""Silk/1027/im_2.png"", ""Silk/1027/im_3.png"", ""Silk/1027/im_4.png""]",False
103,Polyester,4,"[""Polyester/103/im_1.png"", ""Polyester/103/im_2.png"", ""Polyester/103/im_3.png"", ""Polyester/103/im_4.png""]",False
104,Polyester,4,"[""Polyester/104/im_1.png"", ""Polyester/104/im_2.png"", ""Polyester/104/im_3.png"", ""Polyester/104/im_4.png""]",False
1040,Denim,4,"[""Denim/1040/im_1.png"", ""Denim/1040/im_2.png"", ""Denim/1040/im_3.png"", ""Denim/1040/im_4.png""]",False
1041,Denim,4,"[""Denim/1041/im_1.png"", ""Denim/1041/im_2.png"", ""Denim/1041/im_3.png"", ""Denim/1041/im_4.png""]",False
1042,Denim,4,"[""Denim/1042/im_1.png"", ""Denim/1042/im_2.png"", ""Denim/1042/im_3.png"", ""Denim/1042/im_4.png""]",False
1043,Denim,4,"[""Denim/1043/im_1.png"", ""Denim/1043/im_2.png"", ""Denim/1043/im_3.png"", ""Denim/1043/im_4.png""]",False
1044,Denim,4,"[""Denim/1044/im_1.png"", ""Denim/1044/im_2.png"", ""Denim/1044/im_3.png"", ""Denim/1044/im_4.png""]",False
1045,Denim,4,"[""Denim/1045/im_1.png"", ""Denim/1045/im_2.png"", ""Denim/1045/im_3.png"", ""Denim/1045/im_4.png""]",False
1046,Denim,4,"[""Denim/1046/im_1.png"", ""Denim/1046/im_2.png"", ""Denim/1046/im_3.png"", ""Denim/1046/im_4.png""]",False
1047,Denim,4,"[""Denim/1047/im_1.png"", ""Denim/1047/im_2.png"", ""Denim/1047/im_3.png"", ""Denim/1047/im_4.png""]",False
1048,Denim,4,"[""Denim/1048/im_1.png"", ""Denim/1048/im_2.png"", ""Denim/1048/im_3.png"", ""Denim/1048/im_4.png""]",False
1049,Denim,4,"[""Denim/1049/im_1.png"", ""Denim/1049/im_2.png"", ""Denim/1049/im_3.png"", ""Denim/1049/im_4.png""]",False
105,Cotton,4,"[""Cotton/105/im_1.png"", ""Cotton/105/im_2.png"", ""Cotton/105/im_3.png"", ""Cotton/105/im_4.png""]",False
1050,Denim,4,"[""Denim/1050/im_1.png"", ""Denim/1050/im_2.png"", ""Denim/1050/im_3.png"", ""Denim/1050/im_4.png""]",False
1051,Denim,4,"[""Denim/1051/im_1.png"", ""Denim/1051/im_2.png"", ""Denim/1051/im_3.png"", ""Denim/1051/im_4.png""]",False
1052,Denim,4,"[""Denim/1052/im_1.png"", ""Denim/1052/im_2.png"", ""Denim/1052/im_3.png"", ""Denim/1052/im_4.png""]",False
1053,Denim,4,"[""Denim/1053/im_1.png"", ""Denim/1053/im_2.png"", ""Denim/1053/im_3.png"", ""Denim/1053/im_4.png""]",False
1054,Denim,4,"[""Denim/1054/im_1.png"", ""Denim/1054/im_2.png"", ""Denim/1054/im_3.png"", ""Denim/1054/im_4.png""]",False
1055,Denim,4,"[""Denim/1055/im_1.png"", ""Denim/1055/im_2.png"", ""Denim/1055/im_3.png"", ""Denim/1055/im_4.png""]",False
1056,Denim,4,"[""Denim/1056/im_1.png"", ""Denim/1056/im_2.png"", ""Denim/1056/im_3.png"", ""Denim/1056/im_4.png""]",False
1057,Denim,4,"[""Denim/1057/im_1.png"", ""Denim/1057/im_2.png"", ""Denim/1057/im_3.png"", ""Denim/1057/im_4.png""]",False
1058,Denim,4,"[""Denim/1058/im_1.png"", ""Denim/1058/im_2.png"", ""Denim/1058/im_3.png"", ""Denim/1058/im_4.png""]",False
1059,Denim,4,"[""Denim/1059/im_1.png"", ""Denim/1059/im_2.png"", ""Denim/1059/im_3.png"", ""Denim/1059/im_4.png""]",False
106,Cotton,4,"[""Cotton/106/im_1.png"", ""Cotton/106/im_2.png"", ""Cotton/106/im_3.png"", ""Cotton/106/im_4.png""]",False
1060,Denim,4,"[""Denim/1060/im_1.png"", ""Denim/1060/im_2.png"", ""Denim/1060/im_3.png"", ""Denim/1060/im_4.png""]",False
1061,Denim,4,"[""Denim/1061/im_1.png"", ""Denim/1061/im_2.png"", ""Denim/1061/im_3.png"", ""Denim/1061/im_4.png""]",False
1062,Denim,4,"[""Denim/1062/im_1.png"", ""Denim/1062/im_2.png"", ""Denim/1062/im_3.png"", ""Denim/1062/im_4.png""]",False
1063,Denim,4,"[""Denim/1063/im_1.png"", ""Denim/1063/im_2.png"", ""Denim/1063/im_3.png"", ""Denim/1063/im_4.png""]",False
1064,Denim,4,"[""Denim/1064/im_1.png"", ""Denim/1064/im_2.png"", ""Denim/1064/im_3.png"", ""Denim/1064/im_4.png""]",False
1065,Denim,4,"[""Denim/1065/im_1.png"", ""Denim/1065/im_2.png"", ""Denim/1065/im_3.png"", ""Denim/1065/im_4.png""]",False
1066,Denim,4,"[""Denim/1066/im_1.png"", ""Denim/1066/im_2.png"", ""Denim/1066/im_3.png"", ""Denim/1066/im_4.png""]",False
1067,Denim,4,"[""Denim/1067/im_1.png"", ""Denim/1067/im_2.png"", ""Denim/1067/im_3.png"", ""Denim/1067/im_4.png""]",False
1068,Denim,4,"[""Denim/1068/im_1.png"", ""Denim/1068/im_2.png"", ""Denim/1068/im_3.png"", ""Denim/1068/im_4.png""]",False
1069,Denim,4,"[""Denim/1069/im_1.png"", ""Denim/1069/im_2.png"", ""Denim/1069/im_3.png"", ""Denim/1069/im_4.png""]",False
1070,Denim,4,"[""Denim/1070/im_1.png"", ""Denim/1070/im_2.png"", ""Denim/1070/im_3.png"", ""Denim/1070/im_4.png""]",False
1071,Denim,4,"[""Denim/1071/im_1.png"", ""Denim/1071/im_2.png"", ""Denim/1071/im_3.png"", ""Denim/1071/im_4.png""]",False
1072,Denim,4,"[""Denim/1072/im_1.png"", ""Denim/1072/im_2.png"", ""Denim/1072/im_3.png"", ""Denim/1072/im_4.png""]",False
1073,Denim,4,"[""Denim/1073/im_1.png"", ""Denim/1073/im_2.png"", ""Denim/1073/im_3.png"", ""Denim/1073/im_4.png""]",False
1074,Denim,4,"[""Denim/1074/im_1.png"", ""Denim/1074/im_2.png"", ""Denim/1074/im_3.png"", ""Denim/1074/im_4.png""]",False
1075,Denim,4,"[""Denim/1075/im_1.png"", ""Denim/1075/im_2.png"", ""Denim/1075/im_3.png"", ""Denim/1075/im_4.png""]",False
1076,Denim,4,"[""Denim/1076/im_1.png"", ""Denim/1076/im_2.png"", ""Denim/1076/im_3.png"", ""Denim/1076/im_4.png""]",False
1077,Denim,4,"[""Denim/1077/im_1.png"", ""Denim/1077/im_2.png"", ""Denim/1077/im_3.png"", ""Denim/1077/im_4.png""]",False
1078,Denim,4,"[""Denim/1078/im_1.png"", ""Denim/1078/im_2.png"", ""Denim/1078/im_3.png"", ""Denim/1078/im_4.png""]",False
1079,Denim,4,"[""Denim/1079/im_1.png"", ""Denim/1079/im_2.png"", ""Denim/1079/im_3.png"", ""Denim/1079/im_4.png""]",False
1080,Denim,4,"[""Denim/1080/im_1.png"", ""Denim/1080/im_2.png"", ""Denim/1080/im_3.png"", ""Denim/1080/im_4.png""]",False
1081,Denim,4,"[""Denim/1081/im_1.png"", ""Denim/1081/im_2.png"", ""Denim/1081/im_3.png"", ""Denim/1081/im_4.png""]",False
1082,Denim,4,"[""Denim/1082/im_1.png"", ""Denim/1082/im_2.png"", ""Denim/1082/im_3.png"", ""Denim/1082/im_4.png""]",False
1083,Denim,4,"[""Denim/1083/im_1.png"", ""Denim/1083/im_2.png"", ""Denim/1083/im_3.png"", ""Denim/1083/im_4.png""]",False
1084,Denim,4,"[""Denim/1084/im_1.png"", ""Denim/1084/im_2.png"", ""Denim/1084/im_3.png"", ""Denim/1084/im_4.png""]",False
1085,Denim,4,"[""Denim/1085/im_1.png"", ""Denim/1085/im_2.png"", ""Denim/1085/im_3.png"", ""Denim/1085/im_4.png""]",False
1086,Denim,4,"[""Denim/1086/im_1.png"", ""Denim/1086/im_2.png"", ""Denim/1086/im_3.png"", ""Denim/1086/im_4.png""]",False
1087,Denim,4,"[""Denim/1087/im_1.png"", ""Denim/1087/im_2.png"", ""Denim/1087/im_3.png"", ""Denim/1087/im_4.png""]",False
109,Polyester,4,"[""Polyester/109/im_1.png"", ""Polyester/109/im_2.png"", ""Polyester/109/im_3.png"", ""Polyester/109/im_4.png""]",False
1099,Cotton,4,"[""Cotton/1099/im_1.png"", ""Cotton/1099/im_2.png"", ""Cotton/1099/im_3.png"", ""Cotton/1099/im_4.png""]",False
11,Cotton,4,"[""Cotton/11/im_1.png"", ""Cotton/11/im_2.png"", ""Cotton/11/im_3.png"", ""Cotton/11/im_4.png""]",False
110,Polyester,4,"[""Polyester/110/im_1.png"", ""Polyester/110/im_2.png"", ""Polyester/110/im_3.png"", ""Polyester/110/im_4.png""]",False
1100,Cotton,4,"[""Cotton/1100/im_1.png"", ""Cotton/1100/im_2.png"", ""Cotton/1100/im_3.png"", ""Cotton/1100/im_4.png""]",False
1101,Cotton,4,"[""Cotton/1101/im_1.png"", ""Cotton/1101/im_2.png"", ""Cotton/1101/im_3.png"", ""Cotton/1101/im_4.png""]",False
1107,Cotton,4,"[""Cotton/1107/im_1.png"", ""Cotton/1107/im_2.png"", ""Cotton/1107/im_3.png"", ""Cotton/1107/im_4.png""]",False
1108,Cotton,4,"[""Cotton/1108/im_1.png"", ""Cotton/1108/im_2.png"", ""Cotton/1108/im_3.png"", ""Cotton/1108/im_4.png""]",False
1109,Cotton,4,"[""Cotton/1109/im_1.png"", ""Cotton/1109/im_2.png"", ""Cotton/1109/im_3.png"", ""Cotton/1109/im_4.png""]",False
111,Cotton,4,"[""Cotton/111/im_1.png"", ""Cotton/111/im_2.png"", ""Cotton/111/im_3.png"", ""Cotton/111/im_4.png""]",False
1110,Cotton,4,"[""Cotton/1110/im_1.png"", ""Cotton/1110/im_2.png"", ""Cotton/1110/im_3.png"", ""Cotton/1110/im_4.png""]",False
1117,Denim,4,"[""Denim/1117/im_1.png"", ""Denim/1117/im_2.png"", ""Denim/1117/im_3.png"", ""Denim/1117/im_4.png""]",False
1118,Denim,4,"[""Denim/1118/im_1.png"", ""Denim/1118/im_2.png"", ""Denim/1118/im_3.png"", ""Denim/1118/im_4.png""]",False
1119,Denim,4,"[""Denim/1119/im_1.png"", ""Denim/1119/im_2.png"", ""Denim/1119/im_3.png"", ""Denim/1119/im_4.png""]",False
112,Cotton,4,"[""Cotton/112/im_1.png"", ""Cotton/112/im_2.png"", ""Cotton/112/im_3.png"", ""Cotton/112/im_4.png""]",False
1120,Denim,4,"[""Denim/1120/im_1.png"", ""Denim/1120/im_2.png"", ""Denim/1120/im_3.png"", ""Denim/1120/im_4.png""]",False
1121,Cotton,4,"[""Cotton/1121/im_1.png"", ""Cotton/1121/im_2.png"", ""Cotton/1121/im_3.png"", ""Cotton/1121/im_4.png""]",False
1122,Cotton,4,"[""Cotton/1122/im_1.png"", ""Cotton/1122/im_2.png"", ""Cotton/1122/im_3.png"", ""Cotton/1122/im_4.png""]",False
1123,Cotton,4,"[""Cotton/1123/im_1.png"", ""Cotton/1123/im_2.png"", ""Cotton/1123/im_3.png"", ""Cotton/1123/im_4.png""]",False
1124,Cotton,4,"[""Cotton/1124/im_1.png"", ""Cotton/1124/im_2.png"", ""Cotton/1124/im_3.png"", ""Cotton/1124/im_4.png""]",False
1125,Cotton,4,"[""Cotton/1125/im_1.png"", ""Cotton/1125/im_2.png"", ""Cotton/1125/im_3.png"", ""Cotton/1125/im_4.png""]",False
1126,Cotton,4,"[""Cotton/1126/im_1.png"", ""Cotton/1126/im_2.png"", ""Cotton/1126/im_3.png"", ""Cotton/1126/im_4.png""]",False
1127,Cotton,4,"[""Cotton/1127/im_1.png"", ""Cotton/1127/im_2.png"", ""Cotton/1127/im_3.png"", ""Cotton/1127/im_4.png""]",False
1128,Cotton,4,"[""Cotton/1128/im_1.png"", ""Cotton/1128/im_2.png"", ""Cotton/1128/im_3.png"", ""Cotton/1128/im_4.png""]",False
1129,Cotton,4,"[""Cotton/1129/im_1.png"", ""Cotton/1129/im_2.png"", ""Cotton/1129/im_3.png"", ""Cotton/1129/im_4.png""]",False
113,Cotton,4,"[""Cotton/113/im_1.png"", ""Cotton/113/im_2.png"", ""Cotton/113/im_3.png"", ""Cotton/113/im_4.png""]",False
1134,Denim,4,"[""Denim/1134/im_1.png"", ""Denim/1134/im_2.png"", ""Denim/1134/im_3.png"", ""Denim/1134/im_4.png""]",False
1135,Denim,4,"[""Denim/1135/im_1.png"", ""Denim/1135/im_2.png"", ""Denim/1135/im_3.png"", ""Denim/1135/im_4.png""]",False
1136,Denim,4,"[""Denim/1136/im_1.png"", ""Denim/1136/im_2.png"", ""Denim/1136/im_3.png"", ""Denim/1136/im_4.png""]",False
1137,Denim,4,"[""Denim/1137/im_1.png"", ""Denim/1137/im_2.png"", ""Denim/1137/im_3.png"", ""Denim/1137/im_4.png""]",False
1138,Denim,4,"[""Denim/1138/im_1.png"", ""Denim/1138/im_2.png"", ""Denim/1138/im_3.png"", ""Denim/1138/im_4.png""]",False
1139,Denim,4,"[""Denim/1139/im_1.png"", ""Denim/1139/im_2.png"", ""Denim/1139/im_3.png"", ""Denim/1139/im_4.png""]",False
114,Cotton,4,"[""Cotton/114/im_1.png"", ""Cotton/114/im_2.png"", ""Cotton/114/im_3.png"", ""Cotton/114/im_4.png""]",False
1141,Cotton,4,"[""Cotton/1141/im_1.png"", ""Cotton/1141/im_2.png"", ""Cotton/1141/im_3.png"", ""Cotton/1141/im_4.png""]",False
1142,Cotton,4,"[""Cotton/1142/im_1.png"", ""Cotton/1142/im_2.png"", ""Cotton/1142/im_3.png"", ""Cotton/1142/im_4.png""]",False
1143,Cotton,4,"[""Cotton/1143/im_1.png"", ""Cotton/1143/im_2.png"", ""Cotton/1143/im_3.png"", ""Cotton/1143/im_4.png""]",False
1144,Cotton,4,"[""Cotton/1144/im_1.png"", ""Cotton/1144/im_2.png"", ""Cotton/1144/im_3.png"", ""Cotton/1144/im_4.png""]",False
1145,Cotton,4,"[""Cotton/1145/im_1.png"", ""Cotton/1145/im_2.png"", ""Cotton/1145/im_3.png"", ""Cotton/1145/im_4.png""]",False
1146,Cotton,4,"[""Cotton/1146/im_1.png"", ""Cotton/1146/im_2.png"", ""Cotton/1146/im_3.png"", ""Cotton/1146/im_4.png""]",False
1147,Cotton,4,"[""Cotton/1147/im_1.png"", ""Cotton/1147/im_2.png"", ""Cotton/1147/im_3.png"", ""Cotton/1147/im_4.png""]",False
1148,Cotton,4,"[""Cotton/1148/im_1.png"", ""Cotton/1148/im_2.png"", ""Cotton/1148/im_3.png"", ""Cotton/1148/im_4.png""]",False
1149,Cotton,4,"[""Cotton/1149/im_1.png"", ""Cotton/1149/im_2.png"", ""Cotton/1149/im_3.png"", ""Cotton/1149/im_4.png""]",False
1150,Cotton,4,"[""Cotton/1150/im_1.png"", ""Cotton/1150/im_2.png"", ""Cotton/1150/im_3.png"", ""Cotton/1150/im_4.png""]",False
1151,Cotton,4,"[""Cotton/1151/im_1.png"", ""Cotton/1151/im_2.png"", ""Cotton/1151/im_3.png"", ""Cotton/1151/im_4.png""]",False
1152,Cotton,4,"[""Cotton/1152/im_1.png"", ""Cotton/1152/im_2.png"", ""Cotton/1152/im_3.png"", ""Cotton/1152/im_4.png""]",False
1153,Cotton,4,"[""Cotton/1153/im_1.png"", ""Cotton/1153/im_2.png"", ""Cotton/1153/im_3.png"", ""Cotton/1153/im_4.png""]",False
1154,Cotton,4,"[""Cotton/1154/im_1.png"", ""Cotton/1154/im_2.png"", ""Cotton/1154/im_3.png"", ""Cotton/1154/im_4.png""]",False
1155,Cotton,4,"[""Cotton/1155/im_1.png"", ""Cotton/1155/im_2.png"", ""Cotton/1155/im_3.png"", ""Cotton/1155/im_4.png""]",False
1156,Cotton,4,"[""Cotton/1156/im_1.png"", ""Cotton/1156/im_2.png"", ""Cotton/1156/im_3.png"", ""Cotton/1156/im_4.png""]",False
1157,Cotton,4,"[""Cotton/1157/im_1.png"", ""Cotton/1157/im_2.png"", ""Cotton/1157/im_3.png"", ""Cotton/1157/im_4.png""]",False
1158,Cotton,4,"[""Cotton/1158/im_1.png"", ""Cotton/1158/im_2.png"", ""Cotton/1158/im_3.png"", ""Cotton/1158/im_4.png""]",False
1159,Cotton,4,"[""Cotton/1159/im_1.png"", ""Cotton/1159/im_2.png"", ""Cotton/1159/im_3.png"", ""Cotton/1159/im_4.png""]",False
1160,Cotton,4,"[""Cotton/1160/im_1.png"", ""Cotton/1160/im_2.png"", ""Cotton/1160/im_3.png"", ""Cotton/1160/im_4.png""]",False
1161,Cotton,4,"[""Cotton/1161/im_1.png"", ""Cotton/1161/im_2.png"", ""Cotton/1161/im_3.png"", ""Cotton/1161/im_4.png""]",False
1162,Cotton,4,"[""Cotton/1162/im_1.png"", ""Cotton/1162/im_2.png"", ""Cotton/1162/im_3.png"", ""Cotton/1162/im_4.png""]",False
1163,Cotton,4,"[""Cotton/1163/im_1.png"", ""Cotton/1163/im_2.png"", ""Cotton/1163/im_3.png"", ""Cotton/1163/im_4.png""]",False
1164,Cotton,4,"[""Cotton/1164/im_1.png"", ""Cotton/1164/im_2.png"", ""Cotton/1164/im_3.png"", ""Cotton/1164/im_4.png""]",False
1165,Cotton,4,"[""Cotton/1165/im_1.png"", ""Cotton/1165/im_2.png"", ""Cotton/1165/im_3.png"", ""Cotton/1165/im_4.png""]",False
1166,Cotton,4,"[""Cotton/1166/im_1.png"", ""Cotton/1166/im_2.png"", ""Cotton/1166/im_3.png"", ""Cotton/1166/im_4.png""]",False
1167,Cotton,4,"[""Cotton/1167/im_1.png"", ""Cotton/1167/im_2.png"", ""Cotton/1167/im_3.png"", ""Cotton/1167/im_4.png""]",False
1168,Cotton,4,"[""Cotton/1168/im_1.png"", ""Cotton/1168/im_2.png"", ""Cotton/1168/im_3.png"", ""Cotton/1168/im_4.png""]",False
1169,Cotton,4,"[""Cotton/1169/im_1.png"", ""Cotton/1169/im_2.png"", ""Cotton/1169/im_3.png"", ""Cotton/1169/im_4.png""]",False
1170,Cotton,4,"[""Cotton/1170/im_1.png"", ""Cotton/1170/im_2.png"", ""Cotton/1170/im_3.png"", ""Cotton/1170/im_4.png""]",False
1171,Cotton,4,"[""Cotton/1171/im_1.png"", ""Cotton/1171/im_2.png"", ""Cotton/1171/im_3.png"", ""Cotton/1171/im_4.png""]",False
1172,Cotton,4,"[""Cotton/1172/im_1.png"", ""Cotton/1172/im_2.png"", ""Cotton/1172/im_3.png"", ""Cotton/1172/im_4.png""]",False
1179,Cotton,4,"[""Cotton/1179/im_1.png"", ""Cotton/1179/im_2.png"", ""Cotton/1179/im_3.png"", ""Cotton/1179/im_4.png""]",False
118,Viscose,4,"[""Viscose/118/im_1.png"", ""Viscose/118/im_2.png"", ""Viscose/118/im_3.png"", ""Viscose/118/im_4.png""]",False
1180,Cotton,4,"[""Cotton/1180/im_1.png"", ""Cotton/1180/im_2.png"", ""Cotton/1180/im_3.png"", ""Cotton/1180/im_4.png""]",False
1181,Cotton,4,"[""Cotton/1181/im_1.png"", ""Cotton/1181/im_2.png"", ""Cotton/1181/im_3.png"", ""Cotton/1181/im_4.png""]",False
1182,Cotton,4,"[""Cotton/1182/im_1.png"", ""Cotton/1182/im_2.png"", ""Cotton/1182/im_3.png"", ""Cotton/1182/im_4.png""]",False
1183,Cotton,4,"[""Cotton/1183/im_1.png"", ""Cotton/1183/im_2.png"", ""Cotton/1183/im_3.png"", ""Cotton/1183/im_4.png""]",False
1184,Cotton,4,"[""Cotton/1184/im_1.png"", ""Cotton/1184/im_2.png"", ""Cotton/1184/im_3.png"", ""Cotton/1184/im_4.png""]",False
1185,Cotton,4,"[""Cotton/1185/im_1.png"", ""Cotton/1185/im_2.png"", ""Cotton/1185/im_3.png"", ""Cotton/1185/im_4.png""]",False
1188,Cotton,4,"[""Cotton/1188/im_1.png"", ""Cotton/1188/im_2.png"", ""Cotton/1188/im_3.png"", ""Cotton/1188/im_4.png""]",False
119,Viscose,4,"[""Viscose/119/im_1.png"", ""Viscose/119/im_2.png"", ""Viscose/119/im_3.png"", ""Viscose/119/im_4.png""]",False
1190,Denim,4,"[""Denim/1190/im_1.png"", ""Denim/1190/im_2.png"", ""Denim/1190/im_3.png"", ""Denim/1190/im_4.png""]",False
1191,Denim,4,"[""Denim/1191/im_1.png"", ""Denim/1191/im_2.png"", ""Denim/1191/im_3.png"", ""Denim/1191/im_4.png""]",False
1192,Denim,4,"[""Denim/1192/im_1.png"", ""Denim/1192/im_2.png"", ""Denim/1192/im_3.png"", ""Denim/1192/im_4.png""]",False
1193,Cotton,4,"[""Cotton/1193/im_1.png"", ""Cotton/1193/im_2.png"", ""Cotton/1193/im_3.png"", ""Cotton/1193/im_4.png""]",False
1194,Cotton,4,"[""Cotton/1194/im_1.png"", ""Cotton/1194/im_2.png"", ""Cotton/1194/im_3.png"", ""Cotton/1194/im_4.png""]",False
1195,Cotton,4,"[""Cotton/1195/im_1.png"", ""Cotton/1195/im_2.png"", ""Cotton/1195/im_3.png"", ""Cotton/1195/im_4.png""]",False
1196,Cotton,4,"[""Cotton/1196/im_1.png"", ""Cotton/1196/im_2.png"", ""Cotton/1196/im_3.png"", ""Cotton/1196/im_4.png""]",False
1197,Cotton,4,"[""Cotton/1197/im_1.png"", ""Cotton/1197/im_2.png"", ""Cotton/1197/im_3.png"", ""Cotton/1197/im_4.png""]",False
1198,Cotton,4,"[""Cotton/1198/im_1.png"", ""Cotton/1198/im_2.png"", ""Cotton/1198/im_3.png"", ""Cotton/1198/im_4.png""]",False
1199,Cotton,4,"[""Cotton/1199/im_1.png"", ""Cotton/1199/im_2.png"", ""Cotton/1199/im_3.png"", ""Cotton/1199/im_4.png""]",False
12,Denim,4,"[""Denim/12/im_1.png"", ""Denim/12/im_2.png"", ""Denim/12/im_3.png"", ""Denim/12/im_4.png""]",False
120,Cotton,4,"[""Cotton/120/im_1.png"", ""Cotton/120/im_2.png"", ""Cotton/120/im_3.png"", ""Cotton/120/im_4.png""]",False
1200,Cotton,4,"[""Cotton/1200/im_1.png"", ""Cotton/1200/im_2.png"", ""Cotton/1200/im_3.png"", ""Cotton/1200/im_4.png""]",False
1201,Cotton,4,"[""Cotton/1201/im_1.png"", ""Cotton/1201/im_2.png"", ""Cotton/1201/im_3.png"", ""Cotton/1201/im_4.png""]",False
1202,Cotton,4,"[""Cotton/1202/im_1.png"", ""Cotton/1202/im_2.png"", ""Cotton/1202/im_3.png"", ""Cotton/1202/im_4.png""]",False
1203,Nylon,4,"[""Nylon/1203/im_1.png"", ""Nylon/1203/im_2.png"", ""Nylon/1203/im_3.png"", ""Nylon/1203/im_4.png""]",False
1204,Nylon,4,"[""Nylon/1204/im_1.png"", ""Nylon/1204/im_2.png"", ""Nylon/1204/im_3.png"", ""Nylon/1204/im_4.png""]",False
1205,Nylon,4,"[""Nylon/1205/im_1.png"", ""Nylon/1205/im_2.png"", ""Nylon/1205/im_3.png"", ""Nylon/1205/im_4.png""]",False
1206,Nylon,4,"[""Nylon/1206/im_1.png"", ""Nylon/1206/im_2.png"", ""Nylon/1206/im_3.png"", ""Nylon/1206/im_4.png""]",False
1207,Nylon,4,"[""Nylon/1207/im_1.png"", ""Nylon/1207/im_2.png"", ""Nylon/1207/im_3.png"", ""Nylon/1207/im_4.png""]",False
121,Cotton,4,"[""Cotton/121/im_1.png"", ""Cotton/121/im_2.png"", ""Cotton/121/im_3.png"", ""Cotton/121/im_4.png""]",False
1210,Cotton,4,"[""Cotton/1210/im_1.png"", ""Cotton/1210/im_2.png"", ""Cotton/1210/im_3.png"", ""Cotton/1210/im_4.png""]",False
1211,Cotton,4,"[""Cotton/1211/im_1.png"", ""Cotton/1211/im_2.png"", ""Cotton/1211/im_3.png"", ""Cotton/1211/im_4.png""]",False
1212,Cotton,4,"[""Cotton/1212/im_1.png"", ""Cotton/1212/im_2.png"", ""Cotton/1212/im_3.png"", ""Cotton/1212/im_4.png""]",False
1213,Cotton,4,"[""Cotton/1213/im_1.png"", ""Cotton/1213/im_2.png"", ""Cotton/1213/im_3.png"", ""Cotton/1213/im_4.png""]",False
1214,Nylon,4,"[""Nylon/1214/im_1.png"", ""Nylon/1214/im_2.png"", ""Nylon/1214/im_3.png"", ""Nylon/1214/im_4.png""]",False
1215,Nylon,4,"[""Nylon/1215/im_1.png"", ""Nylon/1215/im_2.png"", ""Nylon/1215/im_3.png"", ""Nylon/1215/im_4.png""]",False
1216,Cotton,4,"[""Cotton/1216/im_1.png"", ""Cotton/1216/im_2.png"", ""Cotton/1216/im_3.png"", ""Cotton/1216/im_4.png""]",False
1217,Cotton,4,"[""Cotton/1217/im_1.png"", ""Cotton/1217/im_2.png"", ""Cotton/1217/im_3.png"", ""Cotton/1217/im_4.png""]",False
1218,Cotton,4,"[""Cotton/1218/im_1.png"", ""Cotton/1218/im_2.png"", ""Cotton/1218/im_3.png"", ""Cotton/1218/im_4.png""]",False
1219,Cotton,4,"[""Cotton/1219/im_1.png"", ""Cotton/1219/im_2.png"", ""Cotton/1219/im_3.png"", ""Cotton/1219/im_4.png""]",False
122,Cotton,4,"[""Cotton/122/im_1.png"", ""Cotton/122/im_2.png"", ""Cotton/122/im_3.png"", ""Cotton/122/im_4.png""]",False
1220,Cotton,4,"[""Cotton/1220/im_1.png"", ""Cotton/1220/im_2.png"", ""Cotton/1220/im_3.png"", ""Cotton/1220/im_4.png""]",False
1221,Cotton,4,"[""Cotton/1221/im_1.png"", ""Cotton/1221/im_2.png"", ""Cotton/1221/im_3.png"", ""Cotton/1221/im_4.png""]",False
1222,Cotton,4,"[""Cotton/1222/im_1.png"", ""Cotton/1222/im_2.png"", ""Cotton/1222/im_3.png"", ""Cotton/1222/im_4.png""]",False
1223,Cotton,4,"[""Cotton/1223/im_1.png"", ""Cotton/1223/im_2.png"", ""Cotton/1223/im_3.png"", ""Cotton/1223/im_4.png""]",False
1224,Cotton,4,"[""Cotton/1224/im_1.png"", ""Cotton/1224/im_2.png"", ""Cotton/1224/im_3.png"", ""Cotton/1224/im_4.png""]",False
123,Cotton,4,"[""Cotton/123/im_1.png"", ""Cotton/123/im_2.png"", ""Cotton/123/im_3.png"", ""Cotton/123/im_4.png""]",False
1234,Denim,4,"[""Denim/1234/im_1.png"", ""Denim/1234/im_2.png"", ""Denim/1234/im_3.png"", ""Denim/1234/im_4.png""]",False
1235,Denim,4,"[""Denim/1235/im_1.png"", ""Denim/1235/im_2.png"", ""Denim/1235/im_3.png"", ""Denim/1235/im_4.png""]",False
1236,Cotton,4,"[""Cotton/1236/im_1.png"", ""Cotton/1236/im_2.png"", ""Cotton/1236/im_3.png"", ""Cotton/1236/im_4.png""]",False
1237,Cotton,4,"[""Cotton/1237/im_1.png"", ""Cotton/1237/im_2.png"", ""Cotton/1237/im_3.png"", ""Cotton/1237/im_4.png""]",False
1238,Cotton,4,"[""Cotton/1238/im_1.png"", ""Cotton/1238/im_2.png"", ""Cotton/1238/im_3.png"", ""Cotton/1238/im_4.png""]",False
1239,Cotton,4,"[""Cotton/1239/im_1.png"", ""Cotton/1239/im_2.png"", ""Cotton/1239/im_3.png"", ""Cotton/1239/im_4.png""]",False
124,Cotton,4,"[""Cotton/124/im_1.png"", ""Cotton/124/im_2.png"", ""Cotton/124/im_3.png"", ""Cotton/124/im_4.png""]",False
1240,Cotton,4,"[""Cotton/1240/im_1.png"", ""Cotton/1240/im_2.png"", ""Cotton/1240/im_3.png"", ""Cotton/1240/im_4.png""]",False
1241,Cotton,4,"[""Cotton/1241/im_1.png"", ""Cotton/1241/im_2.png"", ""Cotton/1241/im_3.png"", ""Cotton/1241/im_4.png""]",False
1242,Cotton,4,"[""Cotton/1242/im_1.png"", ""Cotton/1242/im_2.png"", ""Cotton/1242/im_3.png"", ""Cotton/1242/im_4.png""]",False
1243,Cotton,4,"[""Cotton/1243/im_1.png"", ""Cotton/1243/im_2.png"", ""Cotton/1243/im_3.png"", ""Cotton/1243/im_4.png""]",False
1244,Cotton,4,"[""Cotton/1244/im_1.png"", ""Cotton/1244/im_2.png"", ""Cotton/1244/im_3.png"", ""Cotton/1244/im_4.png""]",False
1245,Cotton,4,"[""Cotton/1245/im_1.png"", ""Cotton/1245/im_2.png"", ""Cotton/1245/im_3.png"", ""Cotton/1245/im_4.png""]",False
1246,Denim,4,"[""Denim/1246/im_1.png"", ""Denim/1246/im_2.png"", ""Denim/1246/im_3.png"", ""Denim/1246/im_4.png""]",False
1247,Denim,4,"[""Denim/1247/im_1.png"", ""Denim/1247/im_2.png"", ""Denim/1247/im_3.png"", ""Denim/1247/im_4.png""]",False
1248,Denim,4,"[""Denim/1248/im_1.png"", ""Denim/1248/im_2.png"", ""Denim/1248/im_3.png"", ""Denim/1248/im_4.png""]",False
1249,Denim,4,"[""Denim/1249/im_1.png"", ""Denim/1249/im_2.png"", ""Denim/1249/im_3.png"", ""Denim/1249/im_4.png""]",False
125,Cotton,4,"[""Cotton/125/im_1.png"", ""Cotton/125/im_2.png"", ""Cotton/125/im_3.png"", ""Cotton/125/im_4.png""]",False
1250,Denim,4,"[""Denim/1250/im_1.png"", ""Denim/1250/im_2.png"", ""Denim/1250/im_3.png"", ""Denim/1250/im_4.png""]",False
1251,Denim,4,"[""Denim/1251/im_1.png"", ""Denim/1251/im_2.png"", ""Denim/1251/im_3.png"", ""Denim/1251/im_4.png""]",False
1252,Denim,4,"[""Denim/1252/im_1.png"", ""Denim/1252/im_2.png"", ""Denim/1252/im_3.png"", ""Denim/1252/im_4.png""]",False
1253,Denim,4,"[""Denim/1253/im_1.png"", ""Denim/1253/im_2.png"", ""Denim/1253/im_3.png"", ""Denim/1253/im_4.png""]",False
1254,Denim,4,"[""Denim/1254/im_1.png"", ""Denim/1254/im_2.png"", ""Denim/1254/im_3.png"", ""Denim/1254/im_4.png""]",False
1255,Denim,4,"[""Denim/1255/im_1.png"", ""Denim/1255/im_2.png"", ""Denim/1255/im_3.png"", ""Denim/1255/im_4.png""]",False
1256,Denim,4,"[""Denim/1256/im_1.png"", ""Denim/1256/im_2.png"", ""Denim/1256/im_3.png"", ""Denim/1256/im_4.png""]",False
1259,Denim,4,"[""Denim/1259/im_1.png"", ""Denim/1259/im_2.png"", ""Denim/1259/im_3.png"", ""Denim/1259/im_4.png""]",False
1260,Denim,4,"[""Denim/1260/im_1.png"", ""Denim/1260/im_2.png"", ""Denim/1260/im_3.png"", ""Denim/1260/im_4.png""]",False
1261,Cotton,4,"[""Cotton/1261/im_1.png"", ""Cotton/1261/im_2.png"", ""Cotton/1261/im_3.png"", ""Cotton/1261/im_4.png""]",False
1262,Cotton,4,"[""Cotton/1262/im_1.png"", ""Cotton/1262/im_2.png"", ""Cotton/1262/im_3.png"", ""Cotton/1262/im_4.png""]",False
1263,Polyester,4,"[""Polyester/1263/im_1.png"", ""Polyester/1263/im_2.png"", ""Polyester/1263/im_3.png"", ""Polyester/1263/im_4.png""]",False
1264,Polyester,4,"[""Polyester/1264/im_1.png"", ""Polyester/1264/im_2.png"", ""Polyester/1264/im_3.png"", ""Polyester/1264/im_4.png""]",False
1270,Cotton,4,"[""Cotton/1270/im_1.png"", ""Cotton/1270/im_2.png"", ""Cotton/1270/im_3.png"", ""Cotton/1270/im_4.png""]",False
1271,Cotton,4,"[""Cotton/1271/im_1.png"", ""Cotton/1271/im_2.png"", ""Cotton/1271/im_3.png"", ""Cotton/1271/im_4.png""]",False
1272,Cotton,4,"[""Cotton/1272/im_1.png"", ""Cotton/1272/im_2.png"", ""Cotton/1272/im_3.png"", ""Cotton/1272/im_4.png""]",False
1273,Cotton,4,"[""Cotton/1273/im_1.png"", ""Cotton/1273/im_2.png"", ""Cotton/1273/im_3.png"", ""Cotton/1273/im_4.png""]",False
1274,Cotton,4,"[""Cotton/1274/im_1.png"", ""Cotton/1274/im_2.png"", ""Cotton/1274/im_3.png"", ""Cotton/1274/im_4.png""]",False
1275,Cotton,4,"[""Cotton/1275/im_1.png"", ""Cotton/1275/im_2.png"", ""Cotton/1275/im_3.png"", ""Cotton/1275/im_4.png""]",False
1276,Denim,4,"[""Denim/1276/im_1.png"", ""Denim/1276/im_2.png"", ""Denim/1276/im_3.png"", ""Denim/1276/im_4.png""]",False
1277,Denim,4,"[""Denim/1277/im_1.png"", ""Denim/1277/im_2.png"", ""Denim/1277/im_3.png"", ""Denim/1277/im_4.png""]",False
1278,Denim,4,"[""Denim/1278/im_1.png"", ""Denim/1278/im_2.png"", ""Denim/1278/im_3.png"", ""Denim/1278/im_4.png""]",False
1279,Denim,4,"[""Denim/1279/im_1.png"", ""Denim/1279/im_2.png"", ""Denim/1279/im_3.png"", ""Denim/1279/im_4.png""]",False
128,Silk,4,"[""Silk/128/im_1.png"", ""Silk/128/im_2.png"", ""Silk/128/im_3.png"", ""Silk/128/im_4.png""]",False
1280,Cotton,4,"[""Cotton/1280/im_1.png"", ""Cotton/1280/im_2.png"", ""Cotton/1280/im_3.png"", ""Cotton/1280/im_4.png""]",False
1281,Cotton,4,"[""Cotton/1281/im_1.png"", ""Cotton/1281/im_2.png"", ""Cotton/1281/im_3.png"", ""Cotton/1281/im_4.png""]",False
1282,Cotton,4,"[""Cotton/1282/im_1.png"", ""Cotton/1282/im_2.png"", ""Cotton/1282/im_3.png"", ""Cotton/1282/im_4.png""]",False
1283,Cotton,4,"[""Cotton/1283/im_1.png"", ""Cotton/1283/im_2.png"", ""Cotton/1283/im_3.png"", ""Cotton/1283/im_4.png""]",False
1284,Cotton,4,"[""Cotton/1284/im_1.png"", ""Cotton/1284/im_2.png"", ""Cotton/1284/im_3.png"", ""Cotton/1284/im_4.png""]",False
1285,Cotton,4,"[""Cotton/1285/im_1.png"", ""Cotton/1285/im_2.png"", ""Cotton/1285/im_3.png"", ""Cotton/1285/im_4.png""]",False
1286,Denim,4,"[""Denim/1286/im_1.png"", ""Denim/1286/im_2.png"", ""Denim/1286/im_3.png"", ""Denim/1286/im_4.png""]",False
1287,Denim,4,"[""Denim/1287/im_1.png"", ""Denim/1287/im_2.png"", ""Denim/1287/im_3.png"", ""Denim/1287/im_4.png""]",False
1288,Denim,4,"[""Denim/1288/im_1.png"", ""Denim/1288/im_2.png"", ""Denim/1288/im_3.png"", ""Denim/1288/im_4.png""]",False
1289,Denim,4,"[""Denim/1289/im_1.png"", ""Denim/1289/im_2.png"", ""Denim/1289/im_3.png"", ""Denim/1289/im_4.png""]",False
129,Silk,4,"[""Silk/129/im_1.png"", ""Silk/129/im_2.png"", ""Silk/129/im_3.png"", ""Silk/129/im_4.png""]",False
1290,Cotton,4,"[""Cotton/1290/im_1.png"", ""Cotton/1290/im_2.png"", ""Cotton/1290/im_3.png"", ""Cotton/1290/im_4.png""]",False
1291,Cotton,4,"[""Cotton/1291/im_1.png"", ""Cotton/1291/im_2.png"", ""Cotton/1291/im_3.png"", ""Cotton/1291/im_4.png""]",False
1292,Cotton,4,"[""Cotton/1292/im_1.png"", ""Cotton/1292/im_2.png"", ""Cotton/1292/im_3.png"", ""Cotton/1292/im_4.png""]",False
1293,Cotton,4,"[""Cotton/1293/im_1.png"", ""Cotton/1293/im_2.png"", ""Cotton/1293/im_3.png"", ""Cotton/1293/im_4.png""]",False
1294,Cotton,4,"[""Cotton/1294/im_1.png"", ""Cotton/1294/im_2.png"", ""Cotton/1294/im_3.png"", ""Cotton/1294/im_4.png""]",False
1295,Cotton,4,"[""Cotton/1295/im_1.png"", ""Cotton/1295/im_2.png"", ""Cotton/1295/im_3.png"", ""Cotton/1295/im_4.png""]",False
1296,Cotton,4,"[""Cotton/1296/im_1.png"", ""Cotton/1296/im_2.png"", ""Cotton/1296/im_3.png"", ""Cotton/1296/im_4.png""]",False
1297,Cotton,4,"[""Cotton/1297/im_1.png"", ""Cotton/1297/im_2.png"", ""Cotton/1297/im_3.png"", ""Cotton/1297/im_4.png""]",False
1298,Cotton,4,"[""Cotton/1298/im_1.png"", ""Cotton/1298/im_2.png"", ""Cotton/1298/im_3.png"", ""Cotton/1298/im_4.png""]",False
1299,Cotton,4,"[""Cotton/1299/im_1.png"", ""Cotton/1299/im_2.png"", ""Cotton/1299/im_3.png"", ""Cotton/1299/im_4.png""]",False
130,Silk,4,"[""Silk/130/im_1.png"", ""Silk/130/im_2.png"", ""Silk/130/im_3.png"", ""Silk/130/im_4.png""]",False
1300,Denim,4,"[""Denim/1300/im_1.png"", ""Denim/1300/im_2.png"", ""Denim/1300/im_3.png"", ""Denim/1300/im_4.png""]",False
1301,Denim,4,"[""Denim/1301/im_1.png"", ""Denim/1301/im_2.png"", ""Denim/1301/im_3.png"", ""Denim/1301/im_4.png""]",False
1302,Denim,4,"[""Denim/1302/im_1.png"", ""Denim/1302/im_2.png"", ""Denim/1302/im_3.png"", ""Denim/1302/im_4.png""]",False
1303,Denim,4,"[""Denim/1303/im_1.png"", ""Denim/1303/im_2.png"", ""Denim/1303/im_3.png"", ""Denim/1303/im_4.png""]",False
1304,Denim,4,"[""Denim/1304/im_1.png"", ""Denim/1304/im_2.png"", ""Denim/1304/im_3.png"", ""Denim/1304/im_4.png""]",False
1305,Denim,4,"[""Denim/1305/im_1.png"", ""Denim/1305/im_2.png"", ""Denim/1305/im_3.png"", ""Denim/1305/im_4.png""]",False
1306,Denim,4,"[""Denim/1306/im_1.png"", ""Denim/1306/im_2.png"", ""Denim/1306/im_3.png"", ""Denim/1306/im_4.png""]",False
1307,Denim,4,"[""Denim/1307/im_1.png"", ""Denim/1307/im_2.png"", ""Denim/1307/im_3.png"", ""Denim/1307/im_4.png""]",False
1308,Denim,4,"[""Denim/1308/im_1.png"", ""Denim/1308/im_2.png"", ""Denim/1308/im_3.png"", ""Denim/1308/im_4.png""]",False
1309,Denim,4,"[""Denim/1309/im_1.png"", ""Denim/1309/im_2.png"", ""Denim/1309/im_3.png"", ""Denim/1309/im_4.png""]",False
131,Cotton,4,"[""Cotton/131/im_1.png"", ""Cotton/131/im_2.png"", ""Cotton/131/im_3.png"", ""Cotton/131/im_4.png""]",False
1310,Denim,4,"[""Denim/1310/im_1.png"", ""Denim/1310/im_2.png"", ""Denim/1310/im_3.png"", ""Denim/1310/im_4.png""]",False
1311,Denim,4,"[""Denim/1311/im_1.png"", ""Denim/1311/im_2.png"", ""Denim/1311/im_3.png"", ""Denim/1311/im_4.png""]",False
1313,Denim,4,"[""Denim/1313/im_1.png"", ""Denim/1313/im_2.png"", ""Denim/1313/im_3.png"", ""Denim/1313/im_4.png""]",False
1314,Denim,4,"[""Denim/1314/im_1.png"", ""Denim/1314/im_2.png"", ""Denim/1314/im_3.png"", ""Denim/1314/im_4.png""]",False
1315,Denim,4,"[""Denim/1315/im_1.png"", ""Denim/1315/im_2.png"", ""Denim/1315/im_3.png"", ""Denim/1315/im_4.png""]",False
1316,Denim,4,"[""Denim/1316/im_1.png"", ""Denim/1316/im_2.png"", ""Denim/1316/im_3.png"", ""Denim/1316/im_4.png""]",False
1317,Denim,4,"[""Denim/1317/im_1.png"", ""Denim/1317/im_2.png"", ""Denim/1317/im_3.png"", ""Denim/1317/im_4.png""]",False
1318,Denim,4,"[""Denim/1318/im_1.png"", ""Denim/1318/im_2.png"", ""Denim/1318/im_3.png"", ""Denim/1318/im_4.png""]",False
1319,Denim,4,"[""Denim/1319/im_1.png"", ""Denim/1319/im_2.png"", ""Denim/1319/im_3.png"", ""Denim/1319/im_4.png""]",False
132,Cotton,4,"[""Cotton/132/im_1.png"", ""Cotton/132/im_2.png"", ""Cotton/132/im_3.png"", ""Cotton/132/im_4.png""]",False
1320,Denim,4,"[""Denim/1320/im_1.png"", ""Denim/1320/im_2.png"", ""Denim/1320/im_3.png"", ""Denim/1320/im_4.png""]",False
1321,Denim,4,"[""Denim/1321/im_1.png"", ""Denim/1321/im_2.png"", ""Denim/1321/im_3.png"", ""Denim/1321/im_4.png""]",False
1322,Denim,4,"[""Denim/1322/im_1.png"", ""Denim/1322/im_2.png"", ""Denim/1322/im_3.png"", ""Denim/1322/im_4.png""]",False
1323,Denim,4,"[""Denim/1323/im_1.png"", ""Denim/1323/im_2.png"", ""Denim/1323/im_3.png"", ""Denim/1323/im_4.png""]",False
1324,Denim,4,"[""Denim/1324/im_1.png"", ""Denim/1324/im_2.png"", ""Denim/1324/im_3.png"", ""Denim/1324/im_4.png""]",False
1325,Denim,4,"[""Denim/1325/im_1.png"", ""Denim/1325/im_2.png"", ""Denim/1325/im_3.png"", ""Denim/1325/im_4.png""]",False
1326,Denim,4,"[""Denim/1326/im_1.png"", ""Denim/1326/im_2.png"", ""Denim/1326/im_3.png"", ""Denim/1326/im_4.png""]",False
1327,Denim,4,"[""Denim/1327/im_1.png"", ""Denim/1327/im_2.png"", ""Denim/1327/im_3.png"", ""Denim/1327/im_4.png""]",False
1328,Denim,4,"[""Denim/1328/im_1.png"", ""Denim/1328/im_2.png"", ""Denim/1328/im_3.png"", ""Denim/1328/im_4.png""]",False
1329,Denim,4,"[""Denim/1329/im_1.png"", ""Denim/1329/im_2.png"", ""Denim/1329/im_3.png"", ""Denim/1329/im_4.png""]",False
1330,Denim,4,"[""Denim/1330/im_1.png"", ""Denim/1330/im_2.png"", ""Denim/1330/im_3.png"", ""Denim/1330/im_4.png""]",False
1331,Denim,4,"[""Denim/1331/im_1.png"", ""Denim/1331/im_2.png"", ""Denim/1331/im_3.png"", ""Denim/1331/im_4.png""]",False
1332,Denim,4,"[""Denim/1332/im_1.png"", ""Denim/1332/im_2.png"", ""Denim/1332/im_3.png"", ""Denim/1332/im_4.png""]",False
1333,Denim,4,"[""Denim/1333/im_1.png"", ""Denim/1333/im_2.png"", ""Denim/1333/im_3.png"", ""Denim/1333/im_4.png""]",False
1334,Denim,4,"[""Denim/1334/im_1.png"", ""Denim/1334/im_2.png"", ""Denim/1334/im_3.png"", ""Denim/1334/im_4.png""]",False
1335,Denim,4,"[""Denim/1335/im_1.png"", ""Denim/1335/im_2.png"", ""Denim/1335/im_3.png"", ""Denim/1335/im_4.png""]",False
1336,Denim,4,"[""Denim/1336/im_1.png"", ""Denim/1336/im_2.png"", ""Denim/1336/im_3.png"", ""Denim/1336/im_4.png""]",False
1337,Denim,4,"[""Denim/1337/im_1.png"", ""Denim/1337/im_2.png"", ""Denim/1337/im_3.png"", ""Denim/1337/im_4.png""]",False
1338,Denim,4,"[""Denim/1338/im_1.png"", ""Denim/1338/im_2.png"", ""Denim/1338/im_3.png"", ""Denim/1338/im_4.png""]",False
1339,Denim,4,"[""Denim/1339/im_1.png"", ""Denim/1339/im_2.png"", ""Denim/1339/im_3.png"", ""Denim/1339/im_4.png""]",False
1340,Denim,4,"[""Denim/1340/im_1.png"", ""Denim/1340/im_2.png"", ""Denim/1340/im_3.png"", ""Denim/1340/im_4.png""]",False
1341,Denim,4,"[""Denim/1341/im_1.png"", ""Denim/1341/im_2.png"", ""Denim/1341/im_3.png"", ""Denim/1341/im_4.png""]",False
1342,Denim,4,"[""Denim/1342/im_1.png"", ""Denim/1342/im_2.png"", ""Denim/1342/im_3.png"", ""Denim/1342/im_4.png""]",False
1343,Denim,4,"[""Denim/1343/im_1.png"", ""Denim/1343/im_2.png"", ""Denim/1343/im_3.png"", ""Denim/1343/im_4.png""]",False
1344,Denim,4,"[""Denim/1344/im_1.png"", ""Denim/1344/im_2.png"", ""Denim/1344/im_3.png"", ""Denim/1344/im_4.png""]",False
1345,Denim,4,"[""Denim/1345/im_1.png"", ""Denim/1345/im_2.png"", ""Denim/1345/im_3.png"", ""Denim/1345/im_4.png""]",False
1346,Denim,4,"[""Denim/1346/im_1.png"", ""Denim/1346/im_2.png"", ""Denim/1346/im_3.png"", ""Denim/1346/im_4.png""]",False
1347,Denim,4,"[""Denim/1347/im_1.png"", ""Denim/1347/im_2.png"", ""Denim/1347/im_3.png"", ""Denim/1347/im_4.png""]",False
1348,Denim,4,"[""Denim/1348/im_1.png"", ""Denim/1348/im_2.png"", ""Denim/1348/im_3.png"", ""Denim/1348/im_4.png""]",False
1349,Denim,4,"[""Denim/1349/im_1.png"", ""Denim/1349/im_2.png"", ""Denim/1349/im_3.png"", ""Denim/1349/im_4.png""]",False
1350,Denim,4,"[""Denim/1350/im_1.png"", ""Denim/1350/im_2.png"", ""Denim/1350/im_3.png"", ""Denim/1350/im_4.png""]",False
1351,Denim,4,"[""Denim/1351/im_1.png"", ""Denim/1351/im_2.png"", ""Denim/1351/im_3.png"", ""Denim/1351/im_4.png""]",False
1352,Denim,4,"[""Denim/1352/im_1.png"", ""Denim/1352/im_2.png"", ""Denim/1352/im_3.png"", ""Denim/1352/im_4.png""]",False
1353,Denim,4,"[""Denim/1353/im_1.png"", ""Denim/1353/im_2.png"", ""Denim/1353/im_3.png"", ""Denim/1353/im_4.png""]",False
1354,Denim,4,"[""Denim/1354/im_1.png"", ""Denim/1354/im_2.png"", ""Denim/1354/im_3.png"", ""Denim/1354/im_4.png""]",False
1355,Denim,4,"[""Denim/1355/im_1.png"", ""Denim/1355/im_2.png"", ""Denim/1355/im_3.png"", ""Denim/1355/im_4.png""]",False
136,Viscose,4,"[""Viscose/136/im_1.png"", ""Viscose/136/im_2.png"", ""Viscose/136/im_3.png"", ""Viscose/136/im_4.png""]",False
1360,Cotton,4,"[""Cotton/1360/im_1.png"", ""Cotton/1360/im_2.png"", ""Cotton/1360/im_3.png"", ""Cotton/1360/im_4.png""]",False
1361,Cotton,4,"[""Cotton/1361/im_1.png"", ""Cotton/1361/im_2.png"", ""Cotton/1361/im_3.png"", ""Cotton/1361/im_4.png""]",False
1362,Cotton,4,"[""Cotton/1362/im_1.png"", ""Cotton/1362/im_2.png"", ""Cotton/1362/im_3.png"", ""Cotton/1362/im_4.png""]",False
1363,Cotton,4,"[""Cotton/1363/im_1.png"", ""Cotton/1363/im_2.png"", ""Cotton/1363/im_3.png"", ""Cotton/1363/im_4.png""]",False
1364,Cotton,4,"[""Cotton/1364/im_1.png"", ""Cotton/1364/im_2.png"", ""Cotton/1364/im_3.png"", ""Cotton/1364/im_4.png""]",False
1365,Cotton,4,"[""Cotton/1365/im_1.png"", ""Cotton/1365/im_2.png"", ""Cotton/1365/im_3.png"", ""Cotton/1365/im_4.png""]",False
1366,Cotton,4,"[""Cotton/1366/im_1.png"", ""Cotton/1366/im_2.png"", ""Cotton/1366/im_3.png"", ""Cotton/1366/im_4.png""]",False
137,Viscose,4,"[""Viscose/137/im_1.png"", ""Viscose/137/im_2.png"", ""Viscose/137/im_3.png"", ""Viscose/137/im_4.png""]",False
1373,Cotton,4,"[""Cotton/1373/im_1.png"", ""Cotton/1373/im_2.png"", ""Cotton/1373/im_3.png"", ""Cotton/1373/im_4.png""]",False
1374,Cotton,4,"[""Cotton/1374/im_1.png"", ""Cotton/1374/im_2.png"", ""Cotton/1374/im_3.png"", ""Cotton/1374/im_4.png""]",False
1375,Cotton,4,"[""Cotton/1375/im_1.png"", ""Cotton/1375/im_2.png"", ""Cotton/1375/im_3.png"", ""Cotton/1375/im_4.png""]",False
1376,Cotton,4,"[""Cotton/1376/im_1.png"", ""Cotton/1376/im_2.png"", ""Cotton/1376/im_3.png"", ""Cotton/1376/im_4.png""]",False
1377,Cotton,4,"[""Cotton/1377/im_1.png"", ""Cotton/1377/im_2.png"", ""Cotton/1377/im_3.png"", ""Cotton/1377/im_4.png""]",False
1378,Cotton,4,"[""Cotton/1378/im_1.png"", ""Cotton/1378/im_2.png"", ""Cotton/1378/im_3.png"", ""Cotton/1378/im_4.png""]",False
1379,Cotton,4,"[""Cotton/1379/im_1.png"", ""Cotton/1379/im_2.png"", ""Cotton/1379/im_3.png"", ""Cotton/1379/im_4.png""]",False
138,Cotton,4,"[""Cotton/138/im_1.png"", ""Cotton/138/im_2.png"", ""Cotton/138/im_3.png"", ""Cotton/138/im_4.png""]",False
1380,Cotton,4,"[""Cotton/1380/im_1.png"", ""Cotton/1380/im_2.png"", ""Cotton/1380/im_3.png"", ""Cotton/1380/im_4.png""]",False
1381,Cotton,4,"[""Cotton/1381/im_1.png"", ""Cotton/1381/im_2.png"", ""Cotton/1381/im_3.png"", ""Cotton/1381/im_4.png""]",False
1382,Cotton,4,"[""Cotton/1382/im_1.png"", ""Cotton/1382/im_2.png"", ""Cotton/1382/im_3.png"", ""Cotton/1382/im_4.png""]",False
1383,Cotton,4,"[""Cotton/1383/im_1.png"", ""Cotton/1383/im_2.png"", ""Cotton/1383/im_3.png"", ""Cotton/1383/im_4.png""]",False
1384,Cotton,4,"[""Cotton/1384/im_1.png"", ""Cotton/1384/im_2.png"", ""Cotton/1384/im_3.png"", ""Cotton/1384/im_4.png""]",False
1385,Cotton,4,"[""Cotton/1385/im_1.png"", ""Cotton/1385/im_2.png"", ""Cotton/1385/im_3.png"", ""Cotton/1385/im_4.png""]",False
1386,Cotton,4,"[""Cotton/1386/im_1.png"", ""Cotton/1386/im_2.png"", ""Cotton/1386/im_3.png"", ""Cotton/1386/im_4.png""]",False
139,Cotton,4,"[""Cotton/139/im_1.png"", ""Cotton/139/im_2.png"", ""Cotton/139/im_3.png"", ""Cotton/139/im_4.png""]",False
1390,Cotton,4,"[""Cotton/1390/im_1.png"", ""Cotton/1390/im_2.png"", ""Cotton/1390/im_3.png"", ""Cotton/1390/im_4.png""]",False
1391,Cotton,4,"[""Cotton/1391/im_1.png"", ""Cotton/1391/im_2.png"", ""Cotton/1391/im_3.png"", ""Cotton/1391/im_4.png""]",False
1392,Cotton,4,"[""Cotton/1392/im_1.png"", ""Cotton/1392/im_2.png"", ""Cotton/1392/im_3.png"", ""Cotton/1392/im_4.png""]",False
1393,Cotton,4,"[""Cotton/1393/im_1.png"", ""Cotton/1393/im_2.png"", ""Cotton/1393/im_3.png"", ""Cotton/1393/im_4.png""]",False
1394,Cotton,4,"[""Cotton/1394/im_1.png"", ""Cotton/1394/im_2.png"", ""Cotton/1394/im_3.png"", ""Cotton/1394/im_4.png""]",False
1395,Cotton,4,"[""Cotton/1395/im_1.png"", ""Cotton/1395/im_2.png"", ""Cotton/1395/im_3.png"", ""Cotton/1395/im_4.png""]",False
1396,Nylon,4,"[""Nylon/1396/im_1.png"", ""Nylon/1396/im_2.png"", ""Nylon/1396/im_3.png"", ""Nylon/1396/im_4.png""]",False
1397,Nylon,4,"[""Nylon/1397/im_1.png"", ""Nylon/1397/im_2.png"", ""Nylon/1397/im_3.png"", ""Nylon/1397/im_4.png""]",False
1398,Cotton,4,"[""Cotton/1398/im_1.png"", ""Cotton/1398/im_2.png"", ""Cotton/1398/im_3.png"", ""Cotton/1398/im_4.png""]",False
1399,Cotton,4,"[""Cotton/1399/im_1.png"", ""Cotton/1399/im_2.png"", ""Cotton/1399/im_3.png"", ""Cotton/1399/im_4.png""]",False
140,Nylon,4,"[""Nylon/140/im_1.png"", ""Nylon/140/im_2.png"", ""Nylon/140/im_3.png"", ""Nylon/140/im_4.png""]",False
1400,Cotton,4,"[""Cotton/1400/im_1.png"", ""Cotton/1400/im_2.png"", ""Cotton/1400/im_3.png"", ""Cotton/1400/im_4.png""]",False
1401,Cotton,4,"[""Cotton/1401/im_1.png"", ""Cotton/1401/im_2.png"", ""Cotton/1401/im_3.png"", ""Cotton/1401/im_4.png""]",False
1402,Denim,4,"[""Denim/1402/im_1.png"", ""Denim/1402/im_2.png"", ""Denim/1402/im_3.png"", ""Denim/1402/im_4.png""]",False
1403,Wool,4,"[""Wool/1403/im_1.png"", ""Wool/1403/im_2.png"", ""Wool/1403/im_3.png"", ""Wool/1403/im_4.png""]",False
1404,Wool,4,"[""Wool/1404/im_1.png"", ""Wool/1404/im_2.png"", ""Wool/1404/im_3.png"", ""Wool/1404/im_4.png""]",False
1405,Wool,4,"[""Wool/1405/im_1.png"", ""Wool/1405/im_2.png"", ""Wool/1405/im_3.png"", ""Wool/1405/im_4.png""]",False
1406,Wool,4,"[""Wool/1406/im_1.png"", ""Wool/1406/im_2.png"", ""Wool/1406/im_3.png"", ""Wool/1406/im_4.png""]",False
1407,Wool,4,"[""Wool/1407/im_1.png"", ""Wool/1407/im_2.png"", ""Wool/1407/im_3.png"", ""Wool/1407/im_4.png""]",False
1409,Wool,4,"[""Wool/1409/im_1.png"", ""Wool/1409/im_2.png"", ""Wool/1409/im_3.png"", ""Wool/1409/im_4.png""]",False
141,Nylon,4,"[""Nylon/141/im_1.png"", ""Nylon/141/im_2.png"", ""Nylon/141/im_3.png"", ""Nylon/141/im_4.png""]",False
1410,Wool,4,"[""Wool/1410/im_1.png"", ""Wool/1410/im_2.png"", ""Wool/1410/im_3.png"", ""Wool/1410/im_4.png""]",False
1411,Wool,4,"[""Wool/1411/im_1.png"", ""Wool/1411/im_2.png"", ""Wool/1411/im_3.png"", ""Wool/1411/im_4.png""]",False
1412,Wool,4,"[""Wool/1412/im_1.png"", ""Wool/1412/im_2.png"", ""Wool/1412/im_3.png"", ""Wool/1412/im_4.png""]",False
1413,Wool,4,"[""Wool/1413/im_1.png"", ""Wool/1413/im_2.png"", ""Wool/1413/im_3.png"", ""Wool/1413/im_4.png""]",False
1414,Wool,4,"[""Wool/1414/im_1.png"", ""Wool/1414/im_2.png"", ""Wool/1414/im_3.png"", ""Wool/1414/im_4.png""]",False
1415,Wool,4,"[""Wool/1415/im_1.png"", ""Wool/1415/im_2.png"", ""Wool/1415/im_3.png"", ""Wool/1415/im_4.png""]",False
1418,Wool,4,"[""Wool/1418/im_1.png"", ""Wool/1418/im_2.png"", ""Wool/1418/im_3.png"", ""Wool/1418/im_4.png""]",False
1419,Wool,4,"[""Wool/1419/im_1.png"", ""Wool/1419/im_2.png"", ""Wool/1419/im_3.png"", ""Wool/1419/im_4.png""]",False
142,Terrycloth,4,"[""Terrycloth/142/im_1.png"", ""Terrycloth/142/im_2.png"", ""Terrycloth/142/im_3.png"", ""Terrycloth/142/im_4.png""]",False
1420,Wool,4,"[""Wool/1420/im_1.png"", ""Wool/1420/im_2.png"", ""Wool/1420/im_3.png"", ""Wool/1420/im_4.png""]",False
1421,Wool,4,"[""Wool/1421/im_1.png"", ""Wool/1421/im_2.png"", ""Wool/1421/im_3.png"", ""Wool/1421/im_4.png""]",False
1422,Wool,4,"[""Wool/1422/im_1.png"", ""Wool/1422/im_2.png"", ""Wool/1422/im_3.png"", ""Wool/1422/im_4.png""]",False
1423,Wool,4,"[""Wool/1423/im_1.png"", ""Wool/1423/im_2.png"", ""Wool/1423/im_3.png"", ""Wool/1423/im_4.png""]",False
1424,Wool,4,"[""Wool/1424/im_1.png"", ""Wool/1424/im_2.png"", ""Wool/1424/im_3.png"", ""Wool/1424/im_4.png""]",False
1425,Wool,4,"[""Wool/1425/im_1.png"", ""Wool/1425/im_2.png"", ""Wool/1425/im_3.png"", ""Wool/1425/im_4.png""]",False
1426,Wool,4,"[""Wool/1426/im_1.png"", ""Wool/1426/im_2.png"", ""Wool/1426/im_3.png"", ""Wool/1426/im_4.png""]",False
1427,Wool,4,"[""Wool/1427/im_1.png"", ""Wool/1427/im_2.png"", ""Wool/1427/im_3.png"", ""Wool/1427/im_4.png""]",False
1428,Wool,4,"[""Wool/1428/im_1.png"", ""Wool/1428/im_2.png"", ""Wool/1428/im_3.png"", ""Wool/1428/im_4.png""]",False
1429,Wool,4,"[""Wool/1429/im_1.png"", ""Wool/1429/im_2.png"", ""Wool/1429/im_3.png"", ""Wool/1429/im_4.png""]",False
143,Terrycloth,4,"[""Terrycloth/143/im_1.png"", ""Terrycloth/143/im_2.png"", ""Terrycloth/143/im_3.png"", ""Terrycloth/143/im_4.png""]",False
1430,Wool,4,"[""Wool/1430/im_1.png"", ""Wool/1430/im_2.png"", ""Wool/1430/im_3.png"", ""Wool/1430/im_4.png""]",False
1432,Wool,4,"[""Wool/1432/im_1.png"", ""Wool/1432/im_2.png"", ""Wool/1432/im_3.png"", ""Wool/1432/im_4.png""]",False
1433,Wool,4,"[""Wool/1433/im_1.png"", ""Wool/1433/im_2.png"", ""Wool/1433/im_3.png"", ""Wool/1433/im_4.png""]",False
1434,Wool,4,"[""Wool/1434/im_1.png"", ""Wool/1434/im_2.png"", ""Wool/1434/im_3.png"", ""Wool/1434/im_4.png""]",False
1435,Wool,4,"[""Wool/1435/im_1.png"", ""Wool/1435/im_2.png"", ""Wool/1435/im_3.png"", ""Wool/1435/im_4.png""]",False
1436,Wool,4,"[""Wool/1436/im_1.png"", ""Wool/1436/im_2.png"", ""Wool/1436/im_3.png"", ""Wool/1436/im_4.png""]",False
1437,Wool,4,"[""Wool/1437/im_1.png"", ""Wool/1437/im_2.png"", ""Wool/1437/im_3.png"", ""Wool/1437/im_4.png""]",False
1438,Wool,4,"[""Wool/1438/im_1.png"", ""Wool/1438/im_2.png"", ""Wool/1438/im_3.png"", ""Wool/1438/im_4.png""]",False
1439,Wool,4,"[""Wool/1439/im_1.png"", ""Wool/1439/im_2.png"", ""Wool/1439/im_3.png"", ""Wool/1439/im_4.png""]",False
144,Terrycloth,4,"[""Terrycloth/144/im_1.png"", ""Terrycloth/144/im_2.png"", ""Terrycloth/144/im_3.png"", ""Terrycloth/144/im_4.png""]",False
1440,Wool,4,"[""Wool/1440/im_1.png"", ""Wool/1440/im_2.png"", ""Wool/1440/im_3.png"", ""Wool/1440/im_4.png""]",False
1441,Nylon,4,"[""Nylon/1441/im_1.png"", ""Nylon/1441/im_2.png"", ""Nylon/1441/im_3.png"", ""Nylon/1441/im_4.png""]",False
1442,Nylon,4,"[""Nylon/1442/im_1.png"", ""Nylon/1442/im_2.png"", ""Nylon/1442/im_3.png"", ""Nylon/1442/im_4.png""]",False
1443,Nylon,4,"[""Nylon/1443/im_1.png"", ""Nylon/1443/im_2.png"", ""Nylon/1443/im_3.png"", ""Nylon/1443/im_4.png""]",False
1444,Nylon,4,"[""Nylon/1444/im_1.png"", ""Nylon/1444/im_2.png"", ""Nylon/1444/im_3.png"", ""Nylon/1444/im_4.png""]",False
1445,Nylon,4,"[""Nylon/1445/im_1.png"", ""Nylon/1445/im_2.png"", ""Nylon/1445/im_3.png"", ""Nylon/1445/im_4.png""]",False
1446,Nylon,4,"[""Nylon/1446/im_1.png"", ""Nylon/1446/im_2.png"", ""Nylon/1446/im_3.png"", ""Nylon/1446/im_4.png""]",False
1447,Nylon,4,"[""Nylon/1447/im_1.png"", ""Nylon/1447/im_2.png"", ""Nylon/1447/im_3.png"", ""Nylon/1447/im_4.png""]",False
1448,Nylon,4,"[""Nylon/1448/im_1.png"", ""Nylon/1448/im_2.png"", ""Nylon/1448/im_3.png"", ""Nylon/1448/im_4.png""]",False
1449,Nylon,4,"[""Nylon/1449/im_1.png"", ""Nylon/1449/im_2.png"", ""Nylon/1449/im_3.png"", ""Nylon/1449/im_4.png""]",False
145,Terrycloth,4,"[""Terrycloth/145/im_1.png"", ""Terrycloth/145/im_2.png"", ""Terrycloth/145/im_3.png"", ""Terrycloth/145/im_4.png""]",False
1450,Nylon,4,"[""Nylon/1450/im_1.png"", ""Nylon/1450/im_2.png"", ""Nylon/1450/im_3.png"", ""Nylon/1450/im_4.png""]",False
1451,Cotton,4,"[""Cotton/1451/im_1.png"", ""Cotton/1451/im_2.png"", ""Cotton/1451/im_3.png"", ""Cotton/1451/im_4.png""]",False
1452,Cotton,4,"[""Cotton/1452/im_1.png"", ""Cotton/1452/im_2.png"", ""Cotton/1452/im_3.png"", ""Cotton/1452/im_4.png""]",False
1453,Polyester,4,"[""Polyester/1453/im_1.png"", ""Polyester/1453/im_2.png"", ""Polyester/1453/im_3.png"", ""Polyester/1453/im_4.png""]",False
1454,Polyester,4,"[""Polyester/1454/im_1.png"", ""Polyester/1454/im_2.png"", ""Polyester/1454/im_3.png"", ""Polyester/1454/im_4.png""]",False
1458,Cotton,4,"[""Cotton/1458/im_1.png"", ""Cotton/1458/im_2.png"", ""Cotton/1458/im_3.png"", ""Cotton/1458/im_4.png""]",False
1459,Cotton,4,"[""Cotton/1459/im_1.png"", ""Cotton/1459/im_2.png"", ""Cotton/1459/im_3.png"", ""Cotton/1459/im_4.png""]",False
146,Terrycloth,4,"[""Terrycloth/146/im_1.png"", ""Terrycloth/146/im_2.png"", ""Terrycloth/146/im_3.png"", ""Terrycloth/146/im_4.png""]",False
1460,Cotton,4,"[""Cotton/1460/im_1.png"", ""Cotton/1460/im_2.png"", ""Cotton/1460/im_3.png"", ""Cotton/1460/im_4.png""]",False
1461,Cotton,4,"[""Cotton/1461/im_1.png"", ""Cotton/1461/im_2.png"", ""Cotton/1461/im_3.png"", ""Cotton/1461/im_4.png""]",False
1462,Cotton,4,"[""Cotton/1462/im_1.png"", ""Cotton/1462/im_2.png"", ""Cotton/1462/im_3.png"", ""Cotton/1462/im_4.png""]",False
1467,Cotton,4,"[""Cotton/1467/im_1.png"", ""Cotton/1467/im_2.png"", ""Cotton/1467/im_3.png"", ""Cotton/1467/im_4.png""]",False
1468,Cotton,4,"[""Cotton/1468/im_1.png"", ""Cotton/1468/im_2.png"", ""Cotton/1468/im_3.png"", ""Cotton/1468/im_4.png""]",False
147,Terrycloth,4,"[""Terrycloth/147/im_1.png"", ""Terrycloth/147/im_2.png"", ""Terrycloth/147/im_3.png"", ""Terrycloth/147/im_4.png""]",False
1470,Cotton,4,"[""Cotton/1470/im_1.png"", ""Cotton/1470/im_2.png"", ""Cotton/1470/im_3.png"", ""Cotton/1470/im_4.png""]",False
1471,Cotton,4,"[""Cotton/1471/im_1.png"", ""Cotton/1471/im_2.png"", ""Cotton/1471/im_3.png"", ""Cotton/1471/im_4.png""]",False
1472,Cotton,4,"[""Cotton/1472/im_1.png"", ""Cotton/1472/im_2.png"", ""Cotton/1472/im_3.png"", ""Cotton/1472/im_4.png""]",False
1473,Cotton,4,"[""Cotton/1473/im_1.png"", ""Cotton/1473/im_2.png"", ""Cotton/1473/im_3.png"", ""Cotton/1473/im_4.png""]",False
1474,Cotton,4,"[""Cotton/1474/im_1.png"", ""Cotton/1474/im_2.png"", ""Cotton/1474/im_3.png"", ""Cotton/1474/im_4.png""]",False
1475,Cotton,4,"[""Cotton/1475/im_1.png"", ""Cotton/1475/im_2.png"", ""Cotton/1475/im_3.png"", ""Cotton/1475/im_4.png""]",False
1476,Cotton,4,"[""Cotton/1476/im_1.png"", ""Cotton/1476/im_2.png"", ""Cotton/1476/im_3.png"", ""Cotton/1476/im_4.png""]",False
1477,Cotton,4,"[""Cotton/1477/im_1.png"", ""Cotton/1477/im_2.png"", ""Cotton/1477/im_3.png"", ""Cotton/1477/im_4.png""]",False
1478,Cotton,4,"[""Cotton/1478/im_1.png"", ""Cotton/1478/im_2.png"", ""Cotton/1478/im_3.png"", ""Cotton/1478/im_4.png""]",False
1479,Cotton,4,"[""Cotton/1479/im_1.png"", ""Cotton/1479/im_2.png"", ""Cotton/1479/im_3.png"", ""Cotton/1479/im_4.png""]",False
148,Terrycloth,4,"[""Terrycloth/148/im_1.png"", ""Terrycloth/148/im_2.png"", ""Terrycloth/148/im_3.png"", ""Terrycloth/148/im_4.png""]",False
1480,Cotton,4,"[""Cotton/1480/im_1.png"", ""Cotton/1480/im_2.png"", ""Cotton/1480/im_3.png"", ""Cotton/1480/im_4.png""]",False
1481,Cotton,4,"[""Cotton/1481/im_1.png"", ""Cotton/1481/im_2.png"", ""Cotton/1481/im_3.png"", ""Cotton/1481/im_4.png""]",False
1482,Cotton,4,"[""Cotton/1482/im_1.png"", ""Cotton/1482/im_2.png"", ""Cotton/1482/im_3.png"", ""Cotton/1482/im_4.png""]",False
1483,Cotton,4,"[""Cotton/1483/im_1.png"", ""Cotton/1483/im_2.png"", ""Cotton/1483/im_3.png"", ""Cotton/1483/im_4.png""]",False
1484,Cotton,4,"[""Cotton/1484/im_1.png"", ""Cotton/1484/im_2.png"", ""Cotton/1484/im_3.png"", ""Cotton/1484/im_4.png""]",False
1485,Cotton,4,"[""Cotton/1485/im_1.png"", ""Cotton/1485/im_2.png"", ""Cotton/1485/im_3.png"", ""Cotton/1485/im_4.png""]",False
1486,Cotton,4,"[""Cotton/1486/im_1.png"", ""Cotton/1486/im_2.png"", ""Cotton/1486/im_3.png"", ""Cotton/1486/im_4.png""]",False
1487,Cotton,4,"[""Cotton/1487/im_1.png"", ""Cotton/1487/im_2.png"", ""Cotton/1487/im_3.png"", ""Cotton/1487/im_4.png""]",False
1488,Cotton,4,"[""Cotton/1488/im_1.png"", ""Cotton/1488/im_2.png"", ""Cotton/1488/im_3.png"", ""Cotton/1488/im_4.png""]",False
1489,Cotton,4,"[""Cotton/1489/im_1.png"", ""Cotton/1489/im_2.png"", ""Cotton/1489/im_3.png"", ""Cotton/1489/im_4.png""]",False
149,Terrycloth,4,"[""Terrycloth/149/im_1.png"", ""Terrycloth/149/im_2.png"", ""Terrycloth/149/im_3.png"", ""Terrycloth/149/im_4.png""]",False
1490,Cotton,4,"[""Cotton/1490/im_1.png"", ""Cotton/1490/im_2.png"", ""Cotton/1490/im_3.png"", ""Cotton/1490/im_4.png""]",False
1491,Cotton,4,"[""Cotton/1491/im_1.png"", ""Cotton/1491/im_2.png"", ""Cotton/1491/im_3.png"", ""Cotton/1491/im_4.png""]",False
1492,Cotton,4,"[""Cotton/1492/im_1.png"", ""Cotton/1492/im_2.png"", ""Cotton/1492/im_3.png"", ""Cotton/1492/im_4.png""]",False
1493,Cotton,4,"[""Cotton/1493/im_1.png"", ""Cotton/1493/im_2.png"", ""Cotton/1493/im_3.png"", ""Cotton/1493/im_4.png""]",False
1494,Cotton,4,"[""Cotton/1494/im_1.png"", ""Cotton/1494/im_2.png"", ""Cotton/1494/im_3.png"", ""Cotton/1494/im_4.png""]",False
1495,Cotton,4,"[""Cotton/1495/im_1.png"", ""Cotton/1495/im_2.png"", ""Cotton/1495/im_3.png"", ""Cotton/1495/im_4.png""]",False
1496,Cotton,4,"[""Cotton/1496/im_1.png"", ""Cotton/1496/im_2.png"", ""Cotton/1496/im_3.png"", ""Cotton/1496/im_4.png""]",False
1497,Cotton,4,"[""Cotton/1497/im_1.png"", ""Cotton/1497/im_2.png"", ""Cotton/1497/im_3.png"", ""Cotton/1497/im_4.png""]",False
1498,Cotton,4,"[""Cotton/1498/im_1.png"", ""Cotton/1498/im_2.png"", ""Cotton/1498/im_3.png"", ""Cotton/1498/im_4.png""]",False
1499,Cotton,4,"[""Cotton/1499/im_1.png"", ""Cotton/1499/im_2.png"", ""Cotton/1499/im_3.png"", ""Cotton/1499/im_4.png""]",False
15,Denim,4,"[""Denim/15/im_1.png"", ""Denim/15/im_2.png"", ""Denim/15/im_3.png"", ""Denim/15/im_4.png""]",False
150,Denim,4,"[""Denim/150/im_1.png"", ""Denim/150/im_2.png"", ""Denim/150/im_3.png"", ""Denim/150/im_4.png""]",False
1500,Cotton,4,"[""Cotton/1500/im_1.png"", ""Cotton/1500/im_2.png"", ""Cotton/1500/im_3.png"", ""Cotton/1500/im_4.png""]",False
1501,Cotton,4,"[""Cotton/1501/im_1.png"", ""Cotton/1501/im_2.png"", ""Cotton/1501/im_3.png"", ""Cotton/1501/im_4.png""]",False
1502,Cotton,4,"[""Cotton/1502/im_1.png"", ""Cotton/1502/im_2.png"", ""Cotton/1502/im_3.png"", ""Cotton/1502/im_4.png""]",False
1503,Cotton,4,"[""Cotton/1503/im_1.png"", ""Cotton/1503/im_2.png"", ""Cotton/1503/im_3.png"", ""Cotton/1503/im_4.png""]",False
1504,Cotton,4,"[""Cotton/1504/im_1.png"", ""Cotton/1504/im_2.png"", ""Cotton/1504/im_3.png"", ""Cotton/1504/im_4.png""]",False
1505,Cotton,4,"[""Cotton/1505/im_1.png"", ""Cotton/1505/im_2.png"", ""Cotton/1505/im_3.png"", ""Cotton/1505/im_4.png""]",False
1506,Cotton,4,"[""Cotton/1506/im_1.png"", ""Cotton/1506/im_2.png"", ""Cotton/1506/im_3.png"", ""Cotton/1506/im_4.png""]",False
1507,Cotton,4,"[""Cotton/1507/im_1.png"", ""Cotton/1507/im_2.png"", ""Cotton/1507/im_3.png"", ""Cotton/1507/im_4.png""]",False
1508,Cotton,4,"[""Cotton/1508/im_1.png"", ""Cotton/1508/im_2.png"", ""Cotton/1508/im_3.png"", ""Cotton/1508/im_4.png""]",False
1509,Cotton,4,"[""Cotton/1509/im_1.png"", ""Cotton/1509/im_2.png"", ""Cotton/1509/im_3.png"", ""Cotton/1509/im_4.png""]",False
1510,Cotton,4,"[""Cotton/1510/im_1.png"", ""Cotton/1510/im_2.png"", ""Cotton/1510/im_3.png"", ""Cotton/1510/im_4.png""]",False
1511,Cotton,4,"[""Cotton/1511/im_1.png"", ""Cotton/1511/im_2.png"", ""Cotton/1511/im_3.png"", ""Cotton/1511/im_4.png""]",False
1512,Cotton,4,"[""Cotton/1512/im_1.png"", ""Cotton/1512/im_2.png"", ""Cotton/1512/im_3.png"", ""Cotton/1512/im_4.png""]",False
1513,Cotton,4,"[""Cotton/1513/im_1.png"", ""Cotton/1513/im_2.png"", ""Cotton/1513/im_3.png"", ""Cotton/1513/im_4.png""]",False
1514,Cotton,4,"[""Cotton/1514/im_1.png"", ""Cotton/1514/im_2.png"", ""Cotton/1514/im_3.png"", ""Cotton/1514/im_4.png""]",False
1515,Cotton,4,"[""Cotton/1515/im_1.png"", ""Cotton/1515/im_2.png"", ""Cotton/1515/im_3.png"", ""Cotton/1515/im_4.png""]",False
1516,Cotton,4,"[""Cotton/1516/im_1.png"", ""Cotton/1516/im_2.png"", ""Cotton/1516/im_3.png"", ""Cotton/1516/im_4.png""]",False
1517,Cotton,4,"[""Cotton/1517/im_1.png"", ""Cotton/1517/im_2.png"", ""Cotton/1517/im_3.png"", ""Cotton/1517/im_4.png""]",False
1518,Cotton,4,"[""Cotton/1518/im_1.png"", ""Cotton/1518/im_2.png"", ""Cotton/1518/im_3.png"", ""Cotton/1518/im_4.png""]",False
1519,Cotton,4,"[""Cotton/1519/im_1.png"", ""Cotton/1519/im_2.png"", ""Cotton/1519/im_3.png"", ""Cotton/1519/im_4.png""]",False
152,Denim,4,"[""Denim/152/im_1.png"", ""Denim/152/im_2.png"", ""Denim/152/im_3.png"", ""Denim/152/im_4.png""]",False
1520,Cotton,4,"[""Cotton/1520/im_1.png"", ""Cotton/1520/im_2.png"", ""Cotton/1520/im_3.png"", ""Cotton/1520/im_4.png""]",False
1521,Cotton,4,"[""Cotton/1521/im_1.png"", ""Cotton/1521/im_2.png"", ""Cotton/1521/im_3.png"", ""Cotton/1521/im_4.png""]",False
1522,Cotton,4,"[""Cotton/1522/im_1.png"", ""Cotton/1522/im_2.png"", ""Cotton/1522/im_3.png"", ""Cotton/1522/im_4.png""]",False
1523,Cotton,4,"[""Cotton/1523/im_1.png"", ""Cotton/1523/im_2.png"", ""Cotton/1523/im_3.png"", ""Cotton/1523/im_4.png""]",False
1525,Cotton,4,"[""Cotton/1525/im_1.png"", ""Cotton/1525/im_2.png"", ""Cotton/1525/im_3.png"", ""Cotton/1525/im_4.png""]",False
1527,Cotton,4,"[""Cotton/1527/im_1.png"", ""Cotton/1527/im_2.png"", ""Cotton/1527/im_3.png"", ""Cotton/1527/im_4.png""]",False
153,Cotton,4,"[""Cotton/153/im_1.png"", ""Cotton/153/im_2.png"", ""Cotton/153/im_3.png"", ""Cotton/153/im_4.png""]",False
1538,Cotton,4,"[""Cotton/1538/im_1.png"", ""Cotton/1538/im_2.png"", ""Cotton/1538/im_3.png"", ""Cotton/1538/im_4.png""]",False
1539,Cotton,4,"[""Cotton/1539/im_1.png"", ""Cotton/1539/im_2.png"", ""Cotton/1539/im_3.png"", ""Cotton/1539/im_4.png""]",False
154,Cotton,4,"[""Cotton/154/im_1.png"", ""Cotton/154/im_2.png"", ""Cotton/154/im_3.png"", ""Cotton/154/im_4.png""]",False
155,Viscose,4,"[""Viscose/155/im_1.png"", ""Viscose/155/im_2.png"", ""Viscose/155/im_3.png"", ""Viscose/155/im_4.png""]",False
1552,Cotton,4,"[""Cotton/1552/im_1.png"", ""Cotton/1552/im_2.png"", ""Cotton/1552/im_3.png"", ""Cotton/1552/im_4.png""]",False
1553,Cotton,4,"[""Cotton/1553/im_1.png"", ""Cotton/1553/im_2.png"", ""Cotton/1553/im_3.png"", ""Cotton/1553/im_4.png""]",False
1554,Cotton,4,"[""Cotton/1554/im_1.png"", ""Cotton/1554/im_2.png"", ""Cotton/1554/im_3.png"", ""Cotton/1554/im_4.png""]",False
1555,Cotton,4,"[""Cotton/1555/im_1.png"", ""Cotton/1555/im_2.png"", ""Cotton/1555/im_3.png"", ""Cotton/1555/im_4.png""]",False
1556,Cotton,4,"[""Cotton/1556/im_1.png"", ""Cotton/1556/im_2.png"", ""Cotton/1556/im_3.png"", ""Cotton/1556/im_4.png""]",False
1557,Cotton,4,"[""Cotton/1557/im_1.png"", ""Cotton/1557/im_2.png"", ""Cotton/1557/im_3.png"", ""Cotton/1557/im_4.png""]",False
156,Viscose,4,"[""Viscose/156/im_1.png"", ""Viscose/156/im_2.png"", ""Viscose/156/im_3.png"", ""Viscose/156/im_4.png""]",False
1561,Cotton,4,"[""Cotton/1561/im_1.png"", ""Cotton/1561/im_2.png"", ""Cotton/1561/im_3.png"", ""Cotton/1561/im_4.png""]",False
1562,Cotton,4,"[""Cotton/1562/im_1.png"", ""Cotton/1562/im_2.png"", ""Cotton/1562/im_3.png"", ""Cotton/1562/im_4.png""]",False
1563,Cotton,4,"[""Cotton/1563/im_1.png"", ""Cotton/1563/im_2.png"", ""Cotton/1563/im_3.png"", ""Cotton/1563/im_4.png""]",False
157,Viscose,4,"[""Viscose/157/im_1.png"", ""Viscose/157/im_2.png"", ""Viscose/157/im_3.png"", ""Viscose/157/im_4.png""]",False
1574,Cotton,4,"[""Cotton/1574/im_1.png"", ""Cotton/1574/im_2.png"", ""Cotton/1574/im_3.png"", ""Cotton/1574/im_4.png""]",False
1575,Cotton,4,"[""Cotton/1575/im_1.png"", ""Cotton/1575/im_2.png"", ""Cotton/1575/im_3.png"", ""Cotton/1575/im_4.png""]",False
1576,Polyester,4,"[""Polyester/1576/im_1.png"", ""Polyester/1576/im_2.png"", ""Polyester/1576/im_3.png"", ""Polyester/1576/im_4.png""]",False
1577,Polyester,4,"[""Polyester/1577/im_1.png"", ""Polyester/1577/im_2.png"", ""Polyester/1577/im_3.png"", ""Polyester/1577/im_4.png""]",False
158,Viscose,4,"[""Viscose/158/im_1.png"", ""Viscose/158/im_2.png"", ""Viscose/158/im_3.png"", ""Viscose/158/im_4.png""]",False
1580,Polyester,4,"[""Polyester/1580/im_1.png"", ""Polyester/1580/im_2.png"", ""Polyester/1580/im_3.png"", ""Polyester/1580/im_4.png""]",False
1581,Polyester,4,"[""Polyester/1581/im_1.png"", ""Polyester/1581/im_2.png"", ""Polyester/1581/im_3.png"", ""Polyester/1581/im_4.png""]",False
1582,Polyester,4,"[""Polyester/1582/im_1.png"", ""Polyester/1582/im_2.png"", ""Polyester/1582/im_3.png"", ""Polyester/1582/im_4.png""]",False
1583,Polyester,4,"[""Polyester/1583/im_1.png"", ""Polyester/1583/im_2.png"", ""Polyester/1583/im_3.png"", ""Polyester/1583/im_4.png""]",False
1586,Polyester,4,"[""Polyester/1586/im_1.png"", ""Polyester/1586/im_2.png"", ""Polyester/1586/im_3.png"", ""Polyester/1586/im_4.png""]",False
1587,Polyester,4,"[""Polyester/1587/im_1.png"", ""Polyester/1587/im_2.png"", ""Polyester/1587/im_3.png"", ""Polyester/1587/im_4.png""]",False
1588,Polyester,4,"[""Polyester/1588/im_1.png"", ""Polyester/1588/im_2.png"", ""Polyester/1588/im_3.png"", ""Polyester/1588/im_4.png""]",False
1589,Polyester,4,"[""Polyester/1589/im_1.png"", ""Polyester/1589/im_2.png"", ""Polyester/1589/im_3.png"", ""Polyester/1589/im_4.png""]",False
159,Cotton,4,"[""Cotton/159/im_1.png"", ""Cotton/159/im_2.png"", ""Cotton/159/im_3.png"", ""Cotton/159/im_4.png""]",False
1592,Polyester,4,"[""Polyester/1592/im_1.png"", ""Polyester/1592/im_2.png"", ""Polyester/1592/im_3.png"", ""Polyester/1592/im_4.png""]",False
1593,Polyester,4,"[""Polyester/1593/im_1.png"", ""Polyester/1593/im_2.png"", ""Polyester/1593/im_3.png"", ""Polyester/1593/im_4.png""]",False
1594,Polyester,4,"[""Polyester/1594/im_1.png"", ""Polyester/1594/im_2.png"", ""Polyester/1594/im_3.png"", ""Polyester/1594/im_4.png""]",False
1595,Polyester,4,"[""Polyester/1595/im_1.png"", ""Polyester/1595/im_2.png"", ""Polyester/1595/im_3.png"", ""Polyester/1595/im_4.png""]",False
1596,Polyester,4,"[""Polyester/1596/im_1.png"", ""Polyester/1596/im_2.png"", ""Polyester/1596/im_3.png"", ""Polyester/1596/im_4.png""]",False
1597,Polyester,4,"[""Polyester/1597/im_1.png"", ""Polyester/1597/im_2.png"", ""Polyester/1597/im_3.png"", ""Polyester/1597/im_4.png""]",False
160,Cotton,4,"[""Cotton/160/im_1.png"", ""Cotton/160/im_2.png"", ""Cotton/160/im_3.png"", ""Cotton/160/im_4.png""]",False
1600,Cotton,4,"[""Cotton/1600/im_1.png"", ""Cotton/1600/im_2.png"", ""Cotton/1600/im_3.png"", ""Cotton/1600/im_4.png""]",False
1601,Cotton,4,"[""Cotton/1601/im_1.png"", ""Cotton/1601/im_2.png"", ""Cotton/1601/im_3.png"", ""Cotton/1601/im_4.png""]",False
1605,Polyester,4,"[""Polyester/1605/im_1.png"", ""Polyester/1605/im_2.png"", ""Polyester/1605/im_3.png"", ""Polyester/1605/im_4.png""]",False
1606,Polyester,4,"[""Polyester/1606/im_1.png"", ""Polyester/1606/im_2.png"", ""Polyester/1606/im_3.png"", ""Polyester/1606/im_4.png""]",False
1607,Polyester,4,"[""Polyester/1607/im_1.png"", ""Polyester/1607/im_2.png"", ""Polyester/1607/im_3.png"", ""Polyester/1607/im_4.png""]",False
1608,Polyester,4,"[""Polyester/1608/im_1.png"", ""Polyester/1608/im_2.png"", ""Polyester/1608/im_3.png"", ""Polyester/1608/im_4.png""]",False
1609,Polyester,4,"[""Polyester/1609/im_1.png"", ""Polyester/1609/im_2.png"", ""Polyester/1609/im_3.png"", ""Polyester/1609/im_4.png""]",False
161,Cotton,4,"[""Cotton/161/im_1.png"", ""Cotton/161/im_2.png"", ""Cotton/161/im_3.png"", ""Cotton/161/im_4.png""]",False
1610,Polyester,4,"[""Polyester/1610/im_1.png"", ""Polyester/1610/im_2.png"", ""Polyester/1610/im_3.png"", ""Polyester/1610/im_4.png""]",False
1611,Polyester,4,"[""Polyester/1611/im_1.png"", ""Polyester/1611/im_2.png"", ""Polyester/1611/im_3.png"", ""Polyester/1611/im_4.png""]",False
1612,Polyester,4,"[""Polyester/1612/im_1.png"", ""Polyester/1612/im_2.png"", ""Polyester/1612/im_3.png"", ""Polyester/1612/im_4.png""]",False
1613,Polyester,4,"[""Polyester/1613/im_1.png"", ""Polyester/1613/im_2.png"", ""Polyester/1613/im_3.png"", ""Polyester/1613/im_4.png""]",False
1614,Polyester,4,"[""Polyester/1614/im_1.png"", ""Polyester/1614/im_2.png"", ""Polyester/1614/im_3.png"", ""Polyester/1614/im_4.png""]",False
1615,Polyester,4,"[""Polyester/1615/im_1.png"", ""Polyester/1615/im_2.png"", ""Polyester/1615/im_3.png"", ""Polyester/1615/im_4.png""]",False
1616,Polyester,4,"[""Polyester/1616/im_1.png"", ""Polyester/1616/im_2.png"", ""Polyester/1616/im_3.png"", ""Polyester/1616/im_4.png""]",False
1617,Polyester,4,"[""Polyester/1617/im_1.png"", ""Polyester/1617/im_2.png"", ""Polyester/1617/im_3.png"", ""Polyester/1617/im_4.png""]",False
1618,Polyester,4,"[""Polyester/1618/im_1.png"", ""Polyester/1618/im_2.png"", ""Polyester/1618/im_3.png"", ""Polyester/1618/im_4.png""]",False
1619,Polyester,4,"[""Polyester/1619/im_1.png"", ""Polyester/1619/im_2.png"", ""Polyester/1619/im_3.png"", ""Polyester/1619/im_4.png""]",False
162,Cotton,4,"[""Cotton/162/im_1.png"", ""Cotton/162/im_2.png"", ""Cotton/162/im_3.png"", ""Cotton/162/im_4.png""]",False
1620,Polyester,4,"[""Polyester/1620/im_1.png"", ""Polyester/1620/im_2.png"", ""Polyester/1620/im_3.png"", ""Polyester/1620/im_4.png""]",False
163,Cotton,4,"[""Cotton/163/im_1.png"", ""Cotton/163/im_2.png"", ""Cotton/163/im_3.png"", ""Cotton/163/im_4.png""]",False
164,Cotton,4,"[""Cotton/164/im_1.png"", ""Cotton/164/im_2.png"", ""Cotton/164/im_3.png"", ""Cotton/164/im_4.png""]",False
1645,Polyester,4,"[""Polyester/1645/im_1.png"", ""Polyester/1645/im_2.png"", ""Polyester/1645/im_3.png"", ""Polyester/1645/im_4.png""]",False
1646,Polyester,4,"[""Polyester/1646/im_1.png"", ""Polyester/1646/im_2.png"", ""Polyester/1646/im_3.png"", ""Polyester/1646/im_4.png""]",False
1649,Polyester,4,"[""Polyester/1649/im_1.png"", ""Polyester/1649/im_2.png"", ""Polyester/1649/im_3.png"", ""Polyester/1649/im_4.png""]",False
1650,Polyester,4,"[""Polyester/1650/im_1.png"", ""Polyester/1650/im_2.png"", ""Polyester/1650/im_3.png"", ""Polyester/1650/im_4.png""]",False
1651,Polyester,4,"[""Polyester/1651/im_1.png"", ""Polyester/1651/im_2.png"", ""Polyester/1651/im_3.png"", ""Polyester/1651/im_4.png""]",False
1652,Polyester,4,"[""Polyester/1652/im_1.png"", ""Polyester/1652/im_2.png"", ""Polyester/1652/im_3.png"", ""Polyester/1652/im_4.png""]",False
1653,Polyester,4,"[""Polyester/1653/im_1.png"", ""Polyester/1653/im_2.png"", ""Polyester/1653/im_3.png"", ""Polyester/1653/im_4.png""]",False
1654,Fleece,4,"[""Fleece/1654/im_1.png"", ""Fleece/1654/im_2.png"", ""Fleece/1654/im_3.png"", ""Fleece/1654/im_4.png""]",False
1655,Fleece,4,"[""Fleece/1655/im_1.png"", ""Fleece/1655/im_2.png"", ""Fleece/1655/im_3.png"", ""Fleece/1655/im_4.png""]",False
1656,Fleece,4,"[""Fleece/1656/im_1.png"", ""Fleece/1656/im_2.png"", ""Fleece/1656/im_3.png"", ""Fleece/1656/im_4.png""]",False
1657,Fleece,4,"[""Fleece/1657/im_1.png"", ""Fleece/1657/im_2.png"", ""Fleece/1657/im_3.png"", ""Fleece/1657/im_4.png""]",False
1658,Fleece,4,"[""Fleece/1658/im_1.png"", ""Fleece/1658/im_2.png"", ""Fleece/1658/im_3.png"", ""Fleece/1658/im_4.png""]",False
1659,Fleece,4,"[""Fleece/1659/im_1.png"", ""Fleece/1659/im_2.png"", ""Fleece/1659/im_3.png"", ""Fleece/1659/im_4.png""]",False
1660,Fleece,4,"[""Fleece/1660/im_1.png"", ""Fleece/1660/im_2.png"", ""Fleece/1660/im_3.png"", ""Fleece/1660/im_4.png""]",False
1661,Fleece,4,"[""Fleece/1661/im_1.png"", ""Fleece/1661/im_2.png"", ""Fleece/1661/im_3.png"", ""Fleece/1661/im_4.png""]",False
1662,Fleece,4,"[""Fleece/1662/im_1.png"", ""Fleece/1662/im_2.png"", ""Fleece/1662/im_3.png"", ""Fleece/1662/im_4.png""]",False
1668,Cotton,4,"[""Cotton/1668/im_1.png"", ""Cotton/1668/im_2.png"", ""Cotton/1668/im_3.png"", ""Cotton/1668/im_4.png""]",False
1669,Cotton,4,"[""Cotton/1669/im_1.png"", ""Cotton/1669/im_2.png"", ""Cotton/1669/im_3.png"", ""Cotton/1669/im_4.png""]",False
167,Cotton,4,"[""Cotton/167/im_1.png"", ""Cotton/167/im_2.png"", ""Cotton/167/im_3.png"", ""Cotton/167/im_4.png""]",False
1679,Cotton,4,"[""Cotton/1679/im_1.png"", ""Cotton/1679/im_2.png"", ""Cotton/1679/im_3.png"", ""Cotton/1679/im_4.png""]",False
168,Cotton,4,"[""Cotton/168/im_1.png"", ""Cotton/168/im_2.png"", ""Cotton/168/im_3.png"", ""Cotton/168/im_4.png""]",False
1680,Cotton,4,"[""Cotton/1680/im_1.png"", ""Cotton/1680/im_2.png"", ""Cotton/1680/im_3.png"", ""Cotton/1680/im_4.png""]",False
1681,Polyester,4,"[""Polyester/1681/im_1.png"", ""Polyester/1681/im_2.png"", ""Polyester/1681/im_3.png"", ""Polyester/1681/im_4.png""]",False
1682,Polyester,4,"[""Polyester/1682/im_1.png"", ""Polyester/1682/im_2.png"", ""Polyester/1682/im_3.png"", ""Polyester/1682/im_4.png""]",False
1683,Polyester,4,"[""Polyester/1683/im_1.png"", ""Polyester/1683/im_2.png"", ""Polyester/1683/im_3.png"", ""Polyester/1683/im_4.png""]",False
1684,Polyester,4,"[""Polyester/1684/im_1.png"", ""Polyester/1684/im_2.png"", ""Polyester/1684/im_3.png"", ""Polyester/1684/im_4.png""]",False
1685,Polyester,4,"[""Polyester/1685/im_1.png"", ""Polyester/1685/im_2.png"", ""Polyester/1685/im_3.png"", ""Polyester/1685/im_4.png""]",False
1686,Polyester,4,"[""Polyester/1686/im_1.png"", ""Polyester/1686/im_2.png"", ""Polyester/1686/im_3.png"", ""Polyester/1686/im_4.png""]",False
1687,Polyester,4,"[""Polyester/1687/im_1.png"", ""Polyester/1687/im_2.png"", ""Polyester/1687/im_3.png"", ""Polyester/1687/im_4.png""]",False
1688,Polyester,4,"[""Polyester/1688/im_1.png"", ""Polyester/1688/im_2.png"", ""Polyester/1688/im_3.png"", ""Polyester/1688/im_4.png""]",False
1689,Polyester,4,"[""Polyester/1689/im_1.png"", ""Polyester/1689/im_2.png"", ""Polyester/1689/im_3.png"", ""Polyester/1689/im_4.png""]",False
169,Cotton,4,"[""Cotton/169/im_1.png"", ""Cotton/169/im_2.png"", ""Cotton/169/im_3.png"", ""Cotton/169/im_4.png""]",False
1690,Polyester,4,"[""Polyester/1690/im_1.png"", ""Polyester/1690/im_2.png"", ""Polyester/1690/im_3.png"", ""Polyester/1690/im_4.png""]",False
1691,Polyester,4,"[""Polyester/1691/im_1.png"", ""Polyester/1691/im_2.png"", ""Polyester/1691/im_3.png"", ""Polyester/1691/im_4.png""]",False
1692,Polyester,4,"[""Polyester/1692/im_1.png"", ""Polyester/1692/im_2.png"", ""Polyester/1692/im_3.png"", ""Polyester/1692/im_4.png""]",False
1693,Polyester,4,"[""Polyester/1693/im_1.png"", ""Polyester/1693/im_2.png"", ""Polyester/1693/im_3.png"", ""Polyester/1693/im_4.png""]",False
1694,Polyester,4,"[""Polyester/1694/im_1.png"", ""Polyester/1694/im_2.png"", ""Polyester/1694/im_3.png"", ""Polyester/1694/im_4.png""]",False
1695,Polyester,4,"[""Polyester/1695/im_1.png"", ""Polyester/1695/im_2.png"", ""Polyester/1695/im_3.png"", ""Polyester/1695/im_4.png""]",False
1696,Polyester,4,"[""Polyester/1696/im_1.png"", ""Polyester/1696/im_2.png"", ""Polyester/1696/im_3.png"", ""Polyester/1696/im_4.png""]",False
1699,Polyester,4,"[""Polyester/1699/im_1.png"", ""Polyester/1699/im_2.png"", ""Polyester/1699/im_3.png"", ""Polyester/1699/im_4.png""]",False
170,Cotton,4,"[""Cotton/170/im_1.png"", ""Cotton/170/im_2.png"", ""Cotton/170/im_3.png"", ""Cotton/170/im_4.png""]",False
1700,Polyester,4,"[""Polyester/1700/im_1.png"", ""Polyester/1700/im_2.png"", ""Polyester/1700/im_3.png"", ""Polyester/1700/im_4.png""]",False
1701,Polyester,4,"[""Polyester/1701/im_1.png"", ""Polyester/1701/im_2.png"", ""Polyester/1701/im_3.png"", ""Polyester/1701/im_4.png""]",False
1702,Polyester,4,"[""Polyester/1702/im_1.png"", ""Polyester/1702/im_2.png"", ""Polyester/1702/im_3.png"", ""Polyester/1702/im_4.png""]",False
1703,Polyester,4,"[""Polyester/1703/im_1.png"", ""Polyester/1703/im_2.png"", ""Polyester/1703/im_3.png"", ""Polyester/1703/im_4.png""]",False
1704,Polyester,4,"[""Polyester/1704/im_1.png"", ""Polyester/1704/im_2.png"", ""Polyester/1704/im_3.png"", ""Polyester/1704/im_4.png""]",False
1705,Polyester,4,"[""Polyester/1705/im_1.png"", ""Polyester/1705/im_2.png"", ""Polyester/1705/im_3.png"", ""Polyester/1705/im_4.png""]",False
1707,Polyester,4,"[""Polyester/1707/im_1.png"", ""Polyester/1707/im_2.png"", ""Polyester/1707/im_3.png"", ""Polyester/1707/im_4.png""]",False
1708,Polyester,4,"[""Polyester/1708/im_1.png"", ""Polyester/1708/im_2.png"", ""Polyester/1708/im_3.png"", ""Polyester/1708/im_4.png""]",False
1709,Polyester,4,"[""Polyester/1709/im_1.png"", ""Polyester/1709/im_2.png"", ""Polyester/1709/im_3.png"", ""Polyester/1709/im_4.png""]",False
171,Viscose,4,"[""Viscose/171/im_1.png"", ""Viscose/171/im_2.png"", ""Viscose/171/im_3.png"", ""Viscose/171/im_4.png""]",False
1710,Polyester,4,"[""Polyester/1710/im_1.png"", ""Polyester/1710/im_2.png"", ""Polyester/1710/im_3.png"", ""Polyester/1710/im_4.png""]",False
1711,Polyester,4,"[""Polyester/1711/im_1.png"", ""Polyester/1711/im_2.png"", ""Polyester/1711/im_3.png"", ""Polyester/1711/im_4.png""]",False
1713,Cotton,4,"[""Cotton/1713/im_1.png"", ""Cotton/1713/im_2.png"", ""Cotton/1713/im_3.png"", ""Cotton/1713/im_4.png""]",False
1714,Cotton,4,"[""Cotton/1714/im_1.png"", ""Cotton/1714/im_2.png"", ""Cotton/1714/im_3.png"", ""Cotton/1714/im_4.png""]",False
1715,Cotton,4,"[""Cotton/1715/im_1.png"", ""Cotton/1715/im_2.png"", ""Cotton/1715/im_3.png"", ""Cotton/1715/im_4.png""]",False
1716,Cotton,4,"[""Cotton/1716/im_1.png"", ""Cotton/1716/im_2.png"", ""Cotton/1716/im_3.png"", ""Cotton/1716/im_4.png""]",False
1717,Cotton,4,"[""Cotton/1717/im_1.png"", ""Cotton/1717/im_2.png"", ""Cotton/1717/im_3.png"", ""Cotton/1717/im_4.png""]",False
1718,Cotton,4,"[""Cotton/1718/im_1.png"", ""Cotton/1718/im_2.png"", ""Cotton/1718/im_3.png"", ""Cotton/1718/im_4.png""]",False
1719,Cotton,4,"[""Cotton/1719/im_1.png"", ""Cotton/1719/im_2.png"", ""Cotton/1719/im_3.png"", ""Cotton/1719/im_4.png""]",False
172,Viscose,4,"[""Viscose/172/im_1.png"", ""Viscose/172/im_2.png"", ""Viscose/172/im_3.png"", ""Viscose/172/im_4.png""]",False
1720,Cotton,4,"[""Cotton/1720/im_1.png"", ""Cotton/1720/im_2.png"", ""Cotton/1720/im_3.png"", ""Cotton/1720/im_4.png""]",False
1721,Cotton,4,"[""Cotton/1721/im_1.png"", ""Cotton/1721/im_2.png"", ""Cotton/1721/im_3.png"", ""Cotton/1721/im_4.png""]",False
1722,Cotton,4,"[""Cotton/1722/im_1.png"", ""Cotton/1722/im_2.png"", ""Cotton/1722/im_3.png"", ""Cotton/1722/im_4.png""]",False
1723,Cotton,4,"[""Cotton/1723/im_1.png"", ""Cotton/1723/im_2.png"", ""Cotton/1723/im_3.png"", ""Cotton/1723/im_4.png""]",False
1724,Cotton,4,"[""Cotton/1724/im_1.png"", ""Cotton/1724/im_2.png"", ""Cotton/1724/im_3.png"", ""Cotton/1724/im_4.png""]",False
1725,Cotton,4,"[""Cotton/1725/im_1.png"", ""Cotton/1725/im_2.png"", ""Cotton/1725/im_3.png"", ""Cotton/1725/im_4.png""]",False
1729,Cotton,4,"[""Cotton/1729/im_1.png"", ""Cotton/1729/im_2.png"", ""Cotton/1729/im_3.png"", ""Cotton/1729/im_4.png""]",False
173,Cotton,4,"[""Cotton/173/im_1.png"", ""Cotton/173/im_2.png"", ""Cotton/173/im_3.png"", ""Cotton/173/im_4.png""]",False
1730,Cotton,4,"[""Cotton/1730/im_1.png"", ""Cotton/1730/im_2.png"", ""Cotton/1730/im_3.png"", ""Cotton/1730/im_4.png""]",False
1731,Cotton,4,"[""Cotton/1731/im_1.png"", ""Cotton/1731/im_2.png"", ""Cotton/1731/im_3.png"", ""Cotton/1731/im_4.png""]",False
1732,Cotton,4,"[""Cotton/1732/im_1.png"", ""Cotton/1732/im_2.png"", ""Cotton/1732/im_3.png"", ""Cotton/1732/im_4.png""]",False
1733,Cotton,4,"[""Cotton/1733/im_1.png"", ""Cotton/1733/im_2.png"", ""Cotton/1733/im_3.png"", ""Cotton/1733/im_4.png""]",False
1734,Cotton,4,"[""Cotton/1734/im_1.png"", ""Cotton/1734/im_2.png"", ""Cotton/1734/im_3.png"", ""Cotton/1734/im_4.png""]",False
1735,Cotton,4,"[""Cotton/1735/im_1.png"", ""Cotton/1735/im_2.png"", ""Cotton/1735/im_3.png"", ""Cotton/1735/im_4.png""]",False
1736,Cotton,4,"[""Cotton/1736/im_1.png"", ""Cotton/1736/im_2.png"", ""Cotton/1736/im_3.png"", ""Cotton/1736/im_4.png""]",False
1737,Cotton,4,"[""Cotton/1737/im_1.png"", ""Cotton/1737/im_2.png"", ""Cotton/1737/im_3.png"", ""Cotton/1737/im_4.png""]",False
1738,Cotton,4,"[""Cotton/1738/im_1.png"", ""Cotton/1738/im_2.png"", ""Cotton/1738/im_3.png"", ""Cotton/1738/im_4.png""]",False
1739,Cotton,4,"[""Cotton/1739/im_1.png"", ""Cotton/1739/im_2.png"", ""Cotton/1739/im_3.png"", ""Cotton/1739/im_4.png""]",False
174,Cotton,4,"[""Cotton/174/im_1.png"", ""Cotton/174/im_2.png"", ""Cotton/174/im_3.png"", ""Cotton/174/im_4.png""]",False
1740,Cotton,4,"[""Cotton/1740/im_1.png"", ""Cotton/1740/im_2.png"", ""Cotton/1740/im_3.png"", ""Cotton/1740/im_4.png""]",False
1743,Cotton,4,"[""Cotton/1743/im_1.png"", ""Cotton/1743/im_2.png"", ""Cotton/1743/im_3.png"", ""Cotton/1743/im_4.png""]",False
1744,Cotton,4,"[""Cotton/1744/im_1.png"", ""Cotton/1744/im_2.png"", ""Cotton/1744/im_3.png"", ""Cotton/1744/im_4.png""]",False
1745,Cotton,4,"[""Cotton/1745/im_1.png"", ""Cotton/1745/im_2.png"", ""Cotton/1745/im_3.png"", ""Cotton/1745/im_4.png""]",False
1746,Cotton,4,"[""Cotton/1746/im_1.png"", ""Cotton/1746/im_2.png"", ""Cotton/1746/im_3.png"", ""Cotton/1746/im_4.png""]",False
1747,Cotton,4,"[""Cotton/1747/im_1.png"", ""Cotton/1747/im_2.png"", ""Cotton/1747/im_3.png"", ""Cotton/1747/im_4.png""]",False
1748,Cotton,4,"[""Cotton/1748/im_1.png"", ""Cotton/1748/im_2.png"", ""Cotton/1748/im_3.png"", ""Cotton/1748/im_4.png""]",False
1749,Cotton,4,"[""Cotton/1749/im_1.png"", ""Cotton/1749/im_2.png"", ""Cotton/1749/im_3.png"", ""Cotton/1749/im_4.png""]",False
175,Cotton,4,"[""Cotton/175/im_1.png"", ""Cotton/175/im_2.png"", ""Cotton/175/im_3.png"", ""Cotton/175/im_4.png""]",False
1751,Cotton,4,"[""Cotton/1751/im_1.png"", ""Cotton/1751/im_2.png"", ""Cotton/1751/im_3.png"", ""Cotton/1751/im_4.png""]",False
1752,Cotton,4,"[""Cotton/1752/im_1.png"", ""Cotton/1752/im_2.png"", ""Cotton/1752/im_3.png"", ""Cotton/1752/im_4.png""]",False
1753,Cotton,4,"[""Cotton/1753/im_1.png"", ""Cotton/1753/im_2.png"", ""Cotton/1753/im_3.png"", ""Cotton/1753/im_4.png""]",False
1754,Cotton,4,"[""Cotton/1754/im_1.png"", ""Cotton/1754/im_2.png"", ""Cotton/1754/im_3.png"", ""Cotton/1754/im_4.png""]",False
1755,Cotton,4,"[""Cotton/1755/im_1.png"", ""Cotton/1755/im_2.png"", ""Cotton/1755/im_3.png"", ""Cotton/1755/im_4.png""]",False
1756,Cotton,4,"[""Cotton/1756/im_1.png"", ""Cotton/1756/im_2.png"", ""Cotton/1756/im_3.png"", ""Cotton/1756/im_4.png""]",False
1757,Cotton,4,"[""Cotton/1757/im_1.png"", ""Cotton/1757/im_2.png"", ""Cotton/1757/im_3.png"", ""Cotton/1757/im_4.png""]",False
1758,Cotton,4,"[""Cotton/1758/im_1.png"", ""Cotton/1758/im_2.png"", ""Cotton/1758/im_3.png"", ""Cotton/1758/im_4.png""]",False
1759,Cotton,4,"[""Cotton/1759/im_1.png"", ""Cotton/1759/im_2.png"", ""Cotton/1759/im_3.png"", ""Cotton/1759/im_4.png""]",False
176,Cotton,4,"[""Cotton/176/im_1.png"", ""Cotton/176/im_2.png"", ""Cotton/176/im_3.png"", ""Cotton/176/im_4.png""]",False
1760,Cotton,4,"[""Cotton/1760/im_1.png"", ""Cotton/1760/im_2.png"", ""Cotton/1760/im_3.png"", ""Cotton/1760/im_4.png""]",False
1761,Cotton,4,"[""Cotton/1761/im_1.png"", ""Cotton/1761/im_2.png"", ""Cotton/1761/im_3.png"", ""Cotton/1761/im_4.png""]",False
1766,Cotton,4,"[""Cotton/1766/im_1.png"", ""Cotton/1766/im_2.png"", ""Cotton/1766/im_3.png"", ""Cotton/1766/im_4.png""]",False
1767,Cotton,4,"[""Cotton/1767/im_1.png"", ""Cotton/1767/im_2.png"", ""Cotton/1767/im_3.png"", ""Cotton/1767/im_4.png""]",False
1768,Cotton,4,"[""Cotton/1768/im_1.png"", ""Cotton/1768/im_2.png"", ""Cotton/1768/im_3.png"", ""Cotton/1768/im_4.png""]",False
1769,Cotton,4,"[""Cotton/1769/im_1.png"", ""Cotton/1769/im_2.png"", ""Cotton/1769/im_3.png"", ""Cotton/1769/im_4.png""]",False
177,Cotton,4,"[""Cotton/177/im_1.png"", ""Cotton/177/im_2.png"", ""Cotton/177/im_3.png"", ""Cotton/177/im_4.png""]",False
1770,Nylon,4,"[""Nylon/1770/im_1.png"", ""Nylon/1770/im_2.png"", ""Nylon/1770/im_3.png"", ""Nylon/1770/im_4.png""]",False
1771,Nylon,4,"[""Nylon/1771/im_1.png"", ""Nylon/1771/im_2.png"", ""Nylon/1771/im_3.png"", ""Nylon/1771/im_4.png""]",False
1772,Nylon,4,"[""Nylon/1772/im_1.png"", ""Nylon/1772/im_2.png"", ""Nylon/1772/im_3.png"", ""Nylon/1772/im_4.png""]",False
1773,Nylon,4,"[""Nylon/1773/im_1.png"", ""Nylon/1773/im_2.png"", ""Nylon/1773/im_3.png"", ""Nylon/1773/im_4.png""]",False
1774,Cotton,4,"[""Cotton/1774/im_1.png"", ""Cotton/1774/im_2.png"", ""Cotton/1774/im_3.png"", ""Cotton/1774/im_4.png""]",False
1775,Cotton,4,"[""Cotton/1775/im_1.png"", ""Cotton/1775/im_2.png"", ""Cotton/1775/im_3.png"", ""Cotton/1775/im_4.png""]",False
1778,Nylon,4,"[""Nylon/1778/im_1.png"", ""Nylon/1778/im_2.png"", ""Nylon/1778/im_3.png"", ""Nylon/1778/im_4.png""]",False
1779,Nylon,4,"[""Nylon/1779/im_1.png"", ""Nylon/1779/im_2.png"", ""Nylon/1779/im_3.png"", ""Nylon/1779/im_4.png""]",False
178,Cotton,4,"[""Cotton/178/im_1.png"", ""Cotton/178/im_2.png"", ""Cotton/178/im_3.png"", ""Cotton/178/im_4.png""]",False
1780,Nylon,4,"[""Nylon/1780/im_1.png"", ""Nylon/1780/im_2.png"", ""Nylon/1780/im_3.png"", ""Nylon/1780/im_4.png""]",False
1789,Cotton,4,"[""Cotton/1789/im_1.png"", ""Cotton/1789/im_2.png"", ""Cotton/1789/im_3.png"", ""Cotton/1789/im_4.png""]",False
179,Cotton,4,"[""Cotton/179/im_1.png"", ""Cotton/179/im_2.png"", ""Cotton/179/im_3.png"", ""Cotton/179/im_4.png""]",False
1790,Cotton,4,"[""Cotton/1790/im_1.png"", ""Cotton/1790/im_2.png"", ""Cotton/1790/im_3.png"", ""Cotton/1790/im_4.png""]",False
1795,Cotton,4,"[""Cotton/1795/im_1.png"", ""Cotton/1795/im_2.png"", ""Cotton/1795/im_3.png"", ""Cotton/1795/im_4.png""]",False
1796,Cotton,4,"[""Cotton/1796/im_1.png"", ""Cotton/1796/im_2.png"", ""Cotton/1796/im_3.png"", ""Cotton/1796/im_4.png""]",False
180,Cotton,4,"[""Cotton/180/im_1.png"", ""Cotton/180/im_2.png"", ""Cotton/180/im_3.png"", ""Cotton/180/im_4.png""]",False
1801,Cotton,4,"[""Cotton/1801/im_1.png"", ""Cotton/1801/im_2.png"", ""Cotton/1801/im_3.png"", ""Cotton/1801/im_4.png""]",False
1802,Cotton,4,"[""Cotton/1802/im_1.png"", ""Cotton/1802/im_2.png"", ""Cotton/1802/im_3.png"", ""Cotton/1802/im_4.png""]",False
1803,Nylon,4,"[""Nylon/1803/im_1.png"", ""Nylon/1803/im_2.png"", ""Nylon/1803/im_3.png"", ""Nylon/1803/im_4.png""]",False
1804,Nylon,4,"[""Nylon/1804/im_1.png"", ""Nylon/1804/im_2.png"", ""Nylon/1804/im_3.png"", ""Nylon/1804/im_4.png""]",False
1805,Nylon,4,"[""Nylon/1805/im_1.png"", ""Nylon/1805/im_2.png"", ""Nylon/1805/im_3.png"", ""Nylon/1805/im_4.png""]",False
1806,Cotton,4,"[""Cotton/1806/im_1.png"", ""Cotton/1806/im_2.png"", ""Cotton/1806/im_3.png"", ""Cotton/1806/im_4.png""]",False
1807,Cotton,4,"[""Cotton/1807/im_1.png"", ""Cotton/1807/im_2.png"", ""Cotton/1807/im_3.png"", ""Cotton/1807/im_4.png""]",False
1808,Cotton,4,"[""Cotton/1808/im_1.png"", ""Cotton/1808/im_2.png"", ""Cotton/1808/im_3.png"", ""Cotton/1808/im_4.png""]",False
1809,Cotton,4,"[""Cotton/1809/im_1.png"", ""Cotton/1809/im_2.png"", ""Cotton/1809/im_3.png"", ""Cotton/1809/im_4.png""]",False
181,Cotton,4,"[""Cotton/181/im_1.png"", ""Cotton/181/im_2.png"", ""Cotton/181/im_3.png"", ""Cotton/181/im_4.png""]",False
1814,Nylon,4,"[""Nylon/1814/im_1.png"", ""Nylon/1814/im_2.png"", ""Nylon/1814/im_3.png"", ""Nylon/1814/im_4.png""]",False
1815,Nylon,4,"[""Nylon/1815/im_1.png"", ""Nylon/1815/im_2.png"", ""Nylon/1815/im_3.png"", ""Nylon/1815/im_4.png""]",False
1818,Cotton,4,"[""Cotton/1818/im_1.png"", ""Cotton/1818/im_2.png"", ""Cotton/1818/im_3.png"", ""Cotton/1818/im_4.png""]",False
1819,Cotton,4,"[""Cotton/1819/im_1.png"", ""Cotton/1819/im_2.png"", ""Cotton/1819/im_3.png"", ""Cotton/1819/im_4.png""]",False
1830,Cotton,4,"[""Cotton/1830/im_1.png"", ""Cotton/1830/im_2.png"", ""Cotton/1830/im_3.png"", ""Cotton/1830/im_4.png""]",False
1831,Cotton,4,"[""Cotton/1831/im_1.png"", ""Cotton/1831/im_2.png"", ""Cotton/1831/im_3.png"", ""Cotton/1831/im_4.png""]",False
1832,Cotton,4,"[""Cotton/1832/im_1.png"", ""Cotton/1832/im_2.png"", ""Cotton/1832/im_3.png"", ""Cotton/1832/im_4.png""]",False
1833,Cotton,4,"[""Cotton/1833/im_1.png"", ""Cotton/1833/im_2.png"", ""Cotton/1833/im_3.png"", ""Cotton/1833/im_4.png""]",False
1834,Cotton,4,"[""Cotton/1834/im_1.png"", ""Cotton/1834/im_2.png"", ""Cotton/1834/im_3.png"", ""Cotton/1834/im_4.png""]",False
1835,Cotton,4,"[""Cotton/1835/im_1.png"", ""Cotton/1835/im_2.png"", ""Cotton/1835/im_3.png"", ""Cotton/1835/im_4.png""]",False
1838,Cotton,4,"[""Cotton/1838/im_1.png"", ""Cotton/1838/im_2.png"", ""Cotton/1838/im_3.png"", ""Cotton/1838/im_4.png""]",False
1839,Cotton,4,"[""Cotton/1839/im_1.png"", ""Cotton/1839/im_2.png"", ""Cotton/1839/im_3.png"", ""Cotton/1839/im_4.png""]",False
1840,Cotton,4,"[""Cotton/1840/im_1.png"", ""Cotton/1840/im_2.png"", ""Cotton/1840/im_3.png"", ""Cotton/1840/im_4.png""]",False
1843,Cotton,4,"[""Cotton/1843/im_1.png"", ""Cotton/1843/im_2.png"", ""Cotton/1843/im_3.png"", ""Cotton/1843/im_4.png""]",False
1844,Cotton,4,"[""Cotton/1844/im_1.png"", ""Cotton/1844/im_2.png"", ""Cotton/1844/im_3.png"", ""Cotton/1844/im_4.png""]",False
1847,Cotton,4,"[""Cotton/1847/im_1.png"", ""Cotton/1847/im_2.png"", ""Cotton/1847/im_3.png"", ""Cotton/1847/im_4.png""]",False
1848,Cotton,4,"[""Cotton/1848/im_1.png"", ""Cotton/1848/im_2.png"", ""Cotton/1848/im_3.png"", ""Cotton/1848/im_4.png""]",False
1849,Cotton,4,"[""Cotton/1849/im_1.png"", ""Cotton/1849/im_2.png"", ""Cotton/1849/im_3.png"", ""Cotton/1849/im_4.png""]",False
185,Viscose,4,"[""Viscose/185/im_1.png"", ""Viscose/185/im_2.png"", ""Viscose/185/im_3.png"", ""Viscose/185/im_4.png""]",False
1850,Cotton,4,"[""Cotton/1850/im_1.png"", ""Cotton/1850/im_2.png"", ""Cotton/1850/im_3.png"", ""Cotton/1850/im_4.png""]",False
1851,Cotton,4,"[""Cotton/1851/im_1.png"", ""Cotton/1851/im_2.png"", ""Cotton/1851/im_3.png"", ""Cotton/1851/im_4.png""]",False
1852,Cotton,4,"[""Cotton/1852/im_1.png"", ""Cotton/1852/im_2.png"", ""Cotton/1852/im_3.png"", ""Cotton/1852/im_4.png""]",False
1855,Polyester,4,"[""Polyester/1855/im_1.png"", ""Polyester/1855/im_2.png"", ""Polyester/1855/im_3.png"", ""Polyester/1855/im_4.png""]",False
1856,Polyester,4,"[""Polyester/1856/im_1.png"", ""Polyester/1856/im_2.png"", ""Polyester/1856/im_3.png"", ""Polyester/1856/im_4.png""]",False
1857,Polyester,4,"[""Polyester/1857/im_1.png"", ""Polyester/1857/im_2.png"", ""Polyester/1857/im_3.png"", ""Polyester/1857/im_4.png""]",False
1858,Polyester,4,"[""Polyester/1858/im_1.png"", ""Polyester/1858/im_2.png"", ""Polyester/1858/im_3.png"", ""Polyester/1858/im_4.png""]",False
186,Viscose,4,"[""Viscose/186/im_1.png"", ""Viscose/186/im_2.png"", ""Viscose/186/im_3.png"", ""Viscose/186/im_4.png""]",False
1861,Fleece,4,"[""Fleece/1861/im_1.png"", ""Fleece/1861/im_2.png"", ""Fleece/1861/im_3.png"", ""Fleece/1861/im_4.png""]",False
1862,Fleece,4,"[""Fleece/1862/im_1.png"", ""Fleece/1862/im_2.png"", ""Fleece/1862/im_3.png"", ""Fleece/1862/im_4.png""]",False
1863,Fleece,4,"[""Fleece/1863/im_1.png"", ""Fleece/1863/im_2.png"", ""Fleece/1863/im_3.png"", ""Fleece/1863/im_4.png""]",False
1864,Fleece,4,"[""Fleece/1864/im_1.png"", ""Fleece/1864/im_2.png"", ""Fleece/1864/im_3.png"", ""Fleece/1864/im_4.png""]",False
1865,Polyester,4,"[""Polyester/1865/im_1.png"", ""Polyester/1865/im_2.png"", ""Polyester/1865/im_3.png"", ""Polyester/1865/im_4.png""]",False
1866,Polyester,4,"[""Polyester/1866/im_1.png"", ""Polyester/1866/im_2.png"", ""Polyester/1866/im_3.png"", ""Polyester/1866/im_4.png""]",False
1867,Polyester,4,"[""Polyester/1867/im_1.png"", ""Polyester/1867/im_2.png"", ""Polyester/1867/im_3.png"", ""Polyester/1867/im_4.png""]",False
1868,Polyester,4,"[""Polyester/1868/im_1.png"", ""Polyester/1868/im_2.png"", ""Polyester/1868/im_3.png"", ""Polyester/1868/im_4.png""]",False
1869,Polyester,4,"[""Polyester/1869/im_1.png"", ""Polyester/1869/im_2.png"", ""Polyester/1869/im_3.png"", ""Polyester/1869/im_4.png""]",False
187,Cotton,4,"[""Cotton/187/im_1.png"", ""Cotton/187/im_2.png"", ""Cotton/187/im_3.png"", ""Cotton/187/im_4.png""]",False
1870,Fleece,4,"[""Fleece/1870/im_1.png"", ""Fleece/1870/im_2.png"", ""Fleece/1870/im_3.png"", ""Fleece/1870/im_4.png""]",False
1871,Fleece,4,"[""Fleece/1871/im_1.png"", ""Fleece/1871/im_2.png"", ""Fleece/1871/im_3.png"", ""Fleece/1871/im_4.png""]",False
1872,Fleece,4,"[""Fleece/1872/im_1.png"", ""Fleece/1872/im_2.png"", ""Fleece/1872/im_3.png"", ""Fleece/1872/im_4.png""]",False
1873,Fleece,4,"[""Fleece/1873/im_1.png"", ""Fleece/1873/im_2.png"", ""Fleece/1873/im_3.png"", ""Fleece/1873/im_4.png""]",False
1874,Fleece,4,"[""Fleece/1874/im_1.png"", ""Fleece/1874/im_2.png"", ""Fleece/1874/im_3.png"", ""Fleece/1874/im_4.png""]",False
1875,Fleece,4,"[""Fleece/1875/im_1.png"", ""Fleece/1875/im_2.png"", ""Fleece/1875/im_3.png"", ""Fleece/1875/im_4.png""]",False
1876,Fleece,4,"[""Fleece/1876/im_1.png"", ""Fleece/1876/im_2.png"", ""Fleece/1876/im_3.png"", ""Fleece/1876/im_4.png""]",False
1877,Fleece,4,"[""Fleece/1877/im_1.png"", ""Fleece/1877/im_2.png"", ""Fleece/1877/im_3.png"", ""Fleece/1877/im_4.png""]",False
1878,Fleece,4,"[""Fleece/1878/im_1.png"", ""Fleece/1878/im_2.png"", ""Fleece/1878/im_3.png"", ""Fleece/1878/im_4.png""]",False
1879,Fleece,4,"[""Fleece/1879/im_1.png"", ""Fleece/1879/im_2.png"", ""Fleece/1879/im_3.png"", ""Fleece/1879/im_4.png""]",False
188,Cotton,4,"[""Cotton/188/im_1.png"", ""Cotton/188/im_2.png"", ""Cotton/188/im_3.png"", ""Cotton/188/im_4.png""]",False
1880,Fleece,4,"[""Fleece/1880/im_1.png"", ""Fleece/1880/im_2.png"", ""Fleece/1880/im_3.png"", ""Fleece/1880/im_4.png""]",False
1881,Fleece,4,"[""Fleece/1881/im_1.png"", ""Fleece/1881/im_2.png"", ""Fleece/1881/im_3.png"", ""Fleece/1881/im_4.png""]",False
1883,Fleece,4,"[""Fleece/1883/im_1.png"", ""Fleece/1883/im_2.png"", ""Fleece/1883/im_3.png"", ""Fleece/1883/im_4.png""]",False
1884,Fleece,4,"[""Fleece/1884/im_1.png"", ""Fleece/1884/im_2.png"", ""Fleece/1884/im_3.png"", ""Fleece/1884/im_4.png""]",False
1885,Fleece,4,"[""Fleece/1885/im_1.png"", ""Fleece/1885/im_2.png"", ""Fleece/1885/im_3.png"", ""Fleece/1885/im_4.png""]",False
1886,Cotton,4,"[""Cotton/1886/im_1.png"", ""Cotton/1886/im_2.png"", ""Cotton/1886/im_3.png"", ""Cotton/1886/im_4.png""]",False
1887,Cotton,4,"[""Cotton/1887/im_1.png"", ""Cotton/1887/im_2.png"", ""Cotton/1887/im_3.png"", ""Cotton/1887/im_4.png""]",False
1888,Cotton,4,"[""Cotton/1888/im_1.png"", ""Cotton/1888/im_2.png"", ""Cotton/1888/im_3.png"", ""Cotton/1888/im_4.png""]",False
1889,Cotton,4,"[""Cotton/1889/im_1.png"", ""Cotton/1889/im_2.png"", ""Cotton/1889/im_3.png"", ""Cotton/1889/im_4.png""]",False
189,Viscose,4,"[""Viscose/189/im_1.png"", ""Viscose/189/im_2.png"", ""Viscose/189/im_3.png"", ""Viscose/189/im_4.png""]",False
1896,Nylon,4,"[""Nylon/1896/im_1.png"", ""Nylon/1896/im_2.png"", ""Nylon/1896/im_3.png"", ""Nylon/1896/im_4.png""]",False
1897,Nylon,4,"[""Nylon/1897/im_1.png"", ""Nylon/1897/im_2.png"", ""Nylon/1897/im_3.png"", ""Nylon/1897/im_4.png""]",False
1898,Nylon,4,"[""Nylon/1898/im_1.png"", ""Nylon/1898/im_2.png"", ""Nylon/1898/im_3.png"", ""Nylon/1898/im_4.png""]",False
1899,Nylon,4,"[""Nylon/1899/im_1.png"", ""Nylon/1899/im_2.png"", ""Nylon/1899/im_3.png"", ""Nylon/1899/im_4.png""]",False
19,Cotton,4,"[""Cotton/19/im_1.png"", ""Cotton/19/im_2.png"", ""Cotton/19/im_3.png"", ""Cotton/19/im_4.png""]",False
190,Viscose,4,"[""Viscose/190/im_1.png"", ""Viscose/190/im_2.png"", ""Viscose/190/im_3.png"", ""Viscose/190/im_4.png""]",False
1900,Nylon,4,"[""Nylon/1900/im_1.png"", ""Nylon/1900/im_2.png"", ""Nylon/1900/im_3.png"", ""Nylon/1900/im_4.png""]",False
1901,Nylon,4,"[""Nylon/1901/im_1.png"", ""Nylon/1901/im_2.png"", ""Nylon/1901/im_3.png"", ""Nylon/1901/im_4.png""]",False
1902,Nylon,4,"[""Nylon/1902/im_1.png"", ""Nylon/1902/im_2.png"", ""Nylon/1902/im_3.png"", ""Nylon/1902/im_4.png""]",False
1903,Nylon,4,"[""Nylon/1903/im_1.png"", ""Nylon/1903/im_2.png"", ""Nylon/1903/im_3.png"", ""Nylon/1903/im_4.png""]",False
1904,Nylon,4,"[""Nylon/1904/im_1.png"", ""Nylon/1904/im_2.png"", ""Nylon/1904/im_3.png"", ""Nylon/1904/im_4.png""]",False
1905,Nylon,4,"[""Nylon/1905/im_1.png"", ""Nylon/1905/im_2.png"", ""Nylon/1905/im_3.png"", ""Nylon/1905/im_4.png""]",False
1906,Nylon,4,"[""Nylon/1906/im_1.png"", ""Nylon/1906/im_2.png"", ""Nylon/1906/im_3.png"", ""Nylon/1906/im_4.png""]",False
1907,Nylon,4,"[""Nylon/1907/im_1.png"", ""Nylon/1907/im_2.png"", ""Nylon/1907/im_3.png"", ""Nylon/1907/im_4.png""]",False
1908,Nylon,4,"[""Nylon/1908/im_1.png"", ""Nylon/1908/im_2.png"", ""Nylon/1908/im_3.png"", ""Nylon/1908/im_4.png""]",False
1909,Nylon,4,"[""Nylon/1909/im_1.png"", ""Nylon/1909/im_2.png"", ""Nylon/1909/im_3.png"", ""Nylon/1909/im_4.png""]",False
191,Viscose,4,"[""Viscose/191/im_1.png"", ""Viscose/191/im_2.png"", ""Viscose/191/im_3.png"", ""Viscose/191/im_4.png""]",False
1910,Nylon,4,"[""Nylon/1910/im_1.png"", ""Nylon/1910/im_2.png"", ""Nylon/1910/im_3.png"", ""Nylon/1910/im_4.png""]",False
1911,Nylon,4,"[""Nylon/1911/im_1.png"", ""Nylon/1911/im_2.png"", ""Nylon/1911/im_3.png"", ""Nylon/1911/im_4.png""]",False
1912,Polyester,4,"[""Polyester/1912/im_1.png"", ""Polyester/1912/im_2.png"", ""Polyester/1912/im_3.png"", ""Polyester/1912/im_4.png""]",False
1913,Polyester,4,"[""Polyester/1913/im_1.png"", ""Polyester/1913/im_2.png"", ""Polyester/1913/im_3.png"", ""Polyester/1913/im_4.png""]",False
1914,Polyester,4,"[""Polyester/1914/im_1.png"", ""Polyester/1914/im_2.png"", ""Polyester/1914/im_3.png"", ""Polyester/1914/im_4.png""]",False
1915,Polyester,4,"[""Polyester/1915/im_1.png"", ""Polyester/1915/im_2.png"", ""Polyester/1915/im_3.png"", ""Polyester/1915/im_4.png""]",False
1916,Polyester,4,"[""Polyester/1916/im_1.png"", ""Polyester/1916/im_2.png"", ""Polyester/1916/im_3.png"", ""Polyester/1916/im_4.png""]",False
1917,Polyester,4,"[""Polyester/1917/im_1.png"", ""Polyester/1917/im_2.png"", ""Polyester/1917/im_3.png"", ""Polyester/1917/im_4.png""]",False
1918,Polyester,4,"[""Polyester/1918/im_1.png"", ""Polyester/1918/im_2.png"", ""Polyester/1918/im_3.png"", ""Polyester/1918/im_4.png""]",False
1919,Nylon,4,"[""Nylon/1919/im_1.png"", ""Nylon/1919/im_2.png"", ""Nylon/1919/im_3.png"", ""Nylon/1919/im_4.png""]",False
1920,Nylon,4,"[""Nylon/1920/im_1.png"", ""Nylon/1920/im_2.png"", ""Nylon/1920/im_3.png"", ""Nylon/1920/im_4.png""]",False
194,Cotton,4,"[""Cotton/194/im_1.png"", ""Cotton/194/im_2.png"", ""Cotton/194/im_3.png"", ""Cotton/194/im_4.png""]",False
1940,Cotton,4,"[""Cotton/1940/im_1.png"", ""Cotton/1940/im_2.png"", ""Cotton/1940/im_3.png"", ""Cotton/1940/im_4.png""]",False
1941,Cotton,4,"[""Cotton/1941/im_1.png"", ""Cotton/1941/im_2.png"", ""Cotton/1941/im_3.png"", ""Cotton/1941/im_4.png""]",False
1942,Cotton,4,"[""Cotton/1942/im_1.png"", ""Cotton/1942/im_2.png"", ""Cotton/1942/im_3.png"", ""Cotton/1942/im_4.png""]",False
1943,Cotton,4,"[""Cotton/1943/im_1.png"", ""Cotton/1943/im_2.png"", ""Cotton/1943/im_3.png"", ""Cotton/1943/im_4.png""]",False
1945,Polyester,4,"[""Polyester/1945/im_1.png"", ""Polyester/1945/im_2.png"", ""Polyester/1945/im_3.png"", ""Polyester/1945/im_4.png""]",False
1946,Polyester,4,"[""Polyester/1946/im_1.png"", ""Polyester/1946/im_2.png"", ""Polyester/1946/im_3.png"", ""Polyester/1946/im_4.png""]",False
1947,Polyester,4,"[""Polyester/1947/im_1.png"", ""Polyester/1947/im_2.png"", ""Polyester/1947/im_3.png"", ""Polyester/1947/im_4.png""]",False
1948,Polyester,4,"[""Polyester/1948/im_1.png"", ""Polyester/1948/im_2.png"", ""Polyester/1948/im_3.png"", ""Polyester/1948/im_4.png""]",False
195,Cotton,4,"[""Cotton/195/im_1.png"", ""Cotton/195/im_2.png"", ""Cotton/195/im_3.png"", ""Cotton/195/im_4.png""]",False
1951,Polyester,4,"[""Polyester/1951/im_1.png"", ""Polyester/1951/im_2.png"", ""Polyester/1951/im_3.png"", ""Polyester/1951/im_4.png""]",False
1952,Polyester,4,"[""Polyester/1952/im_1.png"", ""Polyester/1952/im_2.png"", ""Polyester/1952/im_3.png"", ""Polyester/1952/im_4.png""]",False
1957,Cotton,4,"[""Cotton/1957/im_1.png"", ""Cotton/1957/im_2.png"", ""Cotton/1957/im_3.png"", ""Cotton/1957/im_4.png""]",False
1958,Cotton,4,"[""Cotton/1958/im_1.png"", ""Cotton/1958/im_2.png"", ""Cotton/1958/im_3.png"", ""Cotton/1958/im_4.png""]",False
196,Viscose,4,"[""Viscose/196/im_1.png"", ""Viscose/196/im_2.png"", ""Viscose/196/im_3.png"", ""Viscose/196/im_4.png""]",False
197,Viscose,4,"[""Viscose/197/im_1.png"", ""Viscose/197/im_2.png"", ""Viscose/197/im_3.png"", ""Viscose/197/im_4.png""]",False
198,Viscose,4,"[""Viscose/198/im_1.png"", ""Viscose/198/im_2.png"", ""Viscose/198/im_3.png"", ""Viscose/198/im_4.png""]",False
199,Viscose,4,"[""Viscose/199/im_1.png"", ""Viscose/199/im_2.png"", ""Viscose/199/im_3.png"", ""Viscose/199/im_4.png""]",False
2,Cotton,4,"[""Cotton/2/im_1.png"", ""Cotton/2/im_2.png"", ""Cotton/2/im_3.png"", ""Cotton/2/im_4.png""]",False
20,Silk,4,"[""Silk/20/im_1.png"", ""Silk/20/im_2.png"", ""Silk/20/im_3.png"", ""Silk/20/im_4.png""]",False
200,Viscose,4,"[""Viscose/200/im_1.png"", ""Viscose/200/im_2.png"", ""Viscose/200/im_3.png"", ""Viscose/200/im_4.png""]",False
201,Viscose,4,"[""Viscose/201/im_1.png"", ""Viscose/201/im_2.png"", ""Viscose/201/im_3.png"", ""Viscose/201/im_4.png""]",False
204,Cotton,4,"[""Cotton/204/im_1.png"", ""Cotton/204/im_2.png"", ""Cotton/204/im_3.png"", ""Cotton/204/im_4.png""]",False
206,Cotton,4,"[""Cotton/206/im_1.png"", ""Cotton/206/im_2.png"", ""Cotton/206/im_3.png"", ""Cotton/206/im_4.png""]",False
207,Viscose,4,"[""Viscose/207/im_1.png"", ""Viscose/207/im_2.png"", ""Viscose/207/im_3.png"", ""Viscose/207/im_4.png""]",False
208,Viscose,4,"[""Viscose/208/im_1.png"", ""Viscose/208/im_2.png"", ""Viscose/208/im_3.png"", ""Viscose/208/im_4.png""]",False
209,Cotton,4,"[""Cotton/209/im_1.png"", ""Cotton/209/im_2.png"", ""Cotton/209/im_3.png"", ""Cotton/209/im_4.png""]",False
21,Silk,4,"[""Silk/21/im_1.png"", ""Silk/21/im_2.png"", ""Silk/21/im_3.png"", ""Silk/21/im_4.png""]",False
210,Cotton,4,"[""Cotton/210/im_1.png"", ""Cotton/210/im_2.png"", ""Cotton/210/im_3.png"", ""Cotton/210/im_4.png""]",False
211,Cotton,4,"[""Cotton/211/im_1.png"", ""Cotton/211/im_2.png"", ""Cotton/211/im_3.png"", ""Cotton/211/im_4.png""]",False
212,Cotton,4,"[""Cotton/212/im_1.png"", ""Cotton/212/im_2.png"", ""Cotton/212/im_3.png"", ""Cotton/212/im_4.png""]",False
213,Cotton,4,"[""Cotton/213/im_1.png"", ""Cotton/213/im_2.png"", ""Cotton/213/im_3.png"", ""Cotton/213/im_4.png""]",False
214,Cotton,4,"[""Cotton/214/im_1.png"", ""Cotton/214/im_2.png"", ""Cotton/214/im_3.png"", ""Cotton/214/im_4.png""]",False
215,Cotton,4,"[""Cotton/215/im_1.png"", ""Cotton/215/im_2.png"", ""Cotton/215/im_3.png"", ""Cotton/215/im_4.png""]",False
216,Cotton,4,"[""Cotton/216/im_1.png"", ""Cotton/216/im_2.png"", ""Cotton/216/im_3.png"", ""Cotton/216/im_4.png""]",False
217,Cotton,4,"[""Cotton/217/im_1.png"", ""Cotton/217/im_2.png"", ""Cotton/217/im_3.png"", ""Cotton/217/im_4.png""]",False
218,Cotton,4,"[""Cotton/218/im_1.png"", ""Cotton/218/im_2.png"", ""Cotton/218/im_3.png"", ""Cotton/218/im_4.png""]",False
219,Cotton,4,"[""Cotton/219/im_1.png"", ""Cotton/219/im_2.png"", ""Cotton/219/im_3.png"", ""Cotton/219/im_4.png""]",False
22,Wool,4,"[""Wool/22/im_1.png"", ""Wool/22/im_2.png"", ""Wool/22/im_3.png"", ""Wool/22/im_4.png""]",False
220,Cotton,4,"[""Cotton/220/im_1.png"", ""Cotton/220/im_2.png"", ""Cotton/220/im_3.png"", ""Cotton/220/im_4.png""]",False
223,Cotton,4,"[""Cotton/223/im_1.png"", ""Cotton/223/im_2.png"", ""Cotton/223/im_3.png"", ""Cotton/223/im_4.png""]",False
224,Cotton,4,"[""Cotton/224/im_1.png"", ""Cotton/224/im_2.png"", ""Cotton/224/im_3.png"", ""Cotton/224/im_4.png""]",False
225,Denim,4,"[""Denim/225/im_1.png"", ""Denim/225/im_2.png"", ""Denim/225/im_3.png"", ""Denim/225/im_4.png""]",False
226,Denim,4,"[""Denim/226/im_1.png"", ""Denim/226/im_2.png"", ""Denim/226/im_3.png"", ""Denim/226/im_4.png""]",False
227,Cotton,4,"[""Cotton/227/im_1.png"", ""Cotton/227/im_2.png"", ""Cotton/227/im_3.png"", ""Cotton/227/im_4.png""]",False
228,Cotton,4,"[""Cotton/228/im_1.png"", ""Cotton/228/im_2.png"", ""Cotton/228/im_3.png"", ""Cotton/228/im_4.png""]",False
229,Cotton,4,"[""Cotton/229/im_1.png"", ""Cotton/229/im_2.png"", ""Cotton/229/im_3.png"", ""Cotton/229/im_4.png""]",False
23,Wool,4,"[""Wool/23/im_1.png"", ""Wool/23/im_2.png"", ""Wool/23/im_3.png"", ""Wool/23/im_4.png""]",False
230,Cotton,4,"[""Cotton/230/im_1.png"", ""Cotton/230/im_2.png"", ""Cotton/230/im_3.png"", ""Cotton/230/im_4.png""]",False
231,Cotton,4,"[""Cotton/231/im_1.png"", ""Cotton/231/im_2.png"", ""Cotton/231/im_3.png"", ""Cotton/231/im_4.png""]",False
232,Cotton,4,"[""Cotton/232/im_1.png"", ""Cotton/232/im_2.png"", ""Cotton/232/im_3.png"", ""Cotton/232/im_4.png""]",False
233,Cotton,4,"[""Cotton/233/im_1.png"", ""Cotton/233/im_2.png"", ""Cotton/233/im_3.png"", ""Cotton/233/im_4.png""]",False
234,Cotton,4,"[""Cotton/234/im_1.png"", ""Cotton/234/im_2.png"", ""Cotton/234/im_3.png"", ""Cotton/234/im_4.png""]",False
236,Cotton,4,"[""Cotton/236/im_1.png"", ""Cotton/236/im_2.png"", ""Cotton/236/im_3.png"", ""Cotton/236/im_4.png""]",False
237,Cotton,4,"[""Cotton/237/im_1.png"", ""Cotton/237/im_2.png"", ""Cotton/237/im_3.png"", ""Cotton/237/im_4.png""]",False
238,Cotton,4,"[""Cotton/238/im_1.png"", ""Cotton/238/im_2.png"", ""Cotton/238/im_3.png"", ""Cotton/238/im_4.png""]",False
239,Cotton,4,"[""Cotton/239/im_1.png"", ""Cotton/239/im_2.png"", ""Cotton/239/im_3.png"", ""Cotton/239/im_4.png""]",False
24,Cotton,4,"[""Cotton/24/im_1.png"", ""Cotton/24/im_2.png"", ""Cotton/24/im_3.png"", ""Cotton/24/im_4.png""]",False
240,Cotton,4,"[""Cotton/240/im_1.png"", ""Cotton/240/im_2.png"", ""Cotton/240/im_3.png"", ""Cotton/240/im_4.png""]",False
243,Cotton,4,"[""Cotton/243/im_1.png"", ""Cotton/243/im_2.png"", ""Cotton/243/im_3.png"", ""Cotton/243/im_4.png""]",False
244,Cotton,4,"[""Cotton/244/im_1.png"", ""Cotton/244/im_2.png"", ""Cotton/244/im_3.png"", ""Cotton/244/im_4.png""]",False
245,Cotton,4,"[""Cotton/245/im_1.png"", ""Cotton/245/im_2.png"", ""Cotton/245/im_3.png"", ""Cotton/245/im_4.png""]",False
246,Cotton,4,"[""Cotton/246/im_1.png"", ""Cotton/246/im_2.png"", ""Cotton/246/im_3.png"", ""Cotton/246/im_4.png""]",False
247,Cotton,4,"[""Cotton/247/im_1.png"", ""Cotton/247/im_2.png"", ""Cotton/247/im_3.png"", ""Cotton/247/im_4.png""]",False
248,Cotton,4,"[""Cotton/248/im_1.png"", ""Cotton/248/im_2.png"", ""Cotton/248/im_3.png"", ""Cotton/248/im_4.png""]",False
25,Cotton,4,"[""Cotton/25/im_1.png"", ""Cotton/25/im_2.png"", ""Cotton/25/im_3.png"", ""Cotton/25/im_4.png""]",False
250,Cotton,4,"[""Cotton/250/im_1.png"", ""Cotton/250/im_2.png"", ""Cotton/250/im_3.png"", ""Cotton/250/im_4.png""]",False
251,Cotton,4,"[""Cotton/251/im_1.png"", ""Cotton/251/im_2.png"", ""Cotton/251/im_3.png"", ""Cotton/251/im_4.png""]",False
252,Cotton,4,"[""Cotton/252/im_1.png"", ""Cotton/252/im_2.png"", ""Cotton/252/im_3.png"", ""Cotton/252/im_4.png""]",False
253,Cotton,4,"[""Cotton/253/im_1.png"", ""Cotton/253/im_2.png"", ""Cotton/253/im_3.png"", ""Cotton/253/im_4.png""]",False
254,Cotton,4,"[""Cotton/254/im_1.png"", ""Cotton/254/im_2.png"", ""Cotton/254/im_3.png"", ""Cotton/254/im_4.png""]",False
255,Cotton,4,"[""Cotton/255/im_1.png"", ""Cotton/255/im_2.png"", ""Cotton/255/im_3.png"", ""Cotton/255/im_4.png""]",False
256,Polyester,4,"[""Polyester/256/im_1.png"", ""Polyester/256/im_2.png"", ""Polyester/256/im_3.png"", ""Polyester/256/im_4.png""]",False
257,Polyester,4,"[""Polyester/257/im_1.png"", ""Polyester/257/im_2.png"", ""Polyester/257/im_3.png"", ""Polyester/257/im_4.png""]",False
258,Polyester,4,"[""Polyester/258/im_1.png"", ""Polyester/258/im_2.png"", ""Polyester/258/im_3.png"", ""Polyester/258/im_4.png""]",False
259,Terrycloth,4,"[""Terrycloth/259/im_1.png"", ""Terrycloth/259/im_2.png"", ""Terrycloth/259/im_3.png"", ""Terrycloth/259/im_4.png""]",False
26,Viscose,4,"[""Viscose/26/im_1.png"", ""Viscose/26/im_2.png"", ""Viscose/26/im_3.png"", ""Viscose/26/im_4.png""]",False
260,Terrycloth,4,"[""Terrycloth/260/im_1.png"", ""Terrycloth/260/im_2.png"", ""Terrycloth/260/im_3.png"", ""Terrycloth/260/im_4.png""]",False
261,Terrycloth,4,"[""Terrycloth/261/im_1.png"", ""Terrycloth/261/im_2.png"", ""Terrycloth/261/im_3.png"", ""Terrycloth/261/im_4.png""]",False
262,Terrycloth,4,"[""Terrycloth/262/im_1.png"", ""Terrycloth/262/im_2.png"", ""Terrycloth/262/im_3.png"", ""Terrycloth/262/im_4.png""]",False
263,Terrycloth,4,"[""Terrycloth/263/im_1.png"", ""Terrycloth/263/im_2.png"", ""Terrycloth/263/im_3.png"", ""Terrycloth/263/im_4.png""]",False
264,Terrycloth,4,"[""Terrycloth/264/im_1.png"", ""Terrycloth/264/im_2.png"", ""Terrycloth/264/im_3.png"", ""Terrycloth/264/im_4.png""]",False
265,Terrycloth,4,"[""Terrycloth/265/im_1.png"", ""Terrycloth/265/im_2.png"", ""Terrycloth/265/im_3.png"", ""Terrycloth/265/im_4.png""]",False
266,Terrycloth,4,"[""Terrycloth/266/im_1.png"", ""Terrycloth/266/im_2.png"", ""Terrycloth/266/im_3.png"", ""Terrycloth/266/im_4.png""]",False
267,Terrycloth,4,"[""Terrycloth/267/im_1.png"", ""Terrycloth/267/im_2.png"", ""Terrycloth/267/im_3.png"", ""Terrycloth/267/im_4.png""]",False
268,Terrycloth,4,"[""Terrycloth/268/im_1.png"", ""Terrycloth/268/im_2.png"", ""Terrycloth/268/im_3.png"", ""Terrycloth/268/im_4.png""]",False
269,Terrycloth,4,"[""Terrycloth/269/im_1.png"", ""Terrycloth/269/im_2.png"", ""Terrycloth/269/im_3.png"", ""Terrycloth/269/im_4.png""]",False
270,Terrycloth,4,"[""Terrycloth/270/im_1.png"", ""Terrycloth/270/im_2.png"", ""Terrycloth/270/im_3.png"", ""Terrycloth/270/im_4.png""]",False
271,Terrycloth,4,"[""Terrycloth/271/im_1.png"", ""Terrycloth/271/im_2.png"", ""Terrycloth/271/im_3.png"", ""Terrycloth/271/im_4.png""]",False
272,Terrycloth,4,"[""Terrycloth/272/im_1.png"", ""Terrycloth/272/im_2.png"", ""Terrycloth/272/im_3.png"", ""Terrycloth/272/im_4.png""]",False
273,Terrycloth,4,"[""Terrycloth/273/im_1.png"", ""Terrycloth/273/im_2.png"", ""Terrycloth/273/im_3.png"", ""Terrycloth/273/im_4.png""]",False
277,Cotton,4,"[""Cotton/277/im_1.png"", ""Cotton/277/im_2.png"", ""Cotton/277/im_3.png"", ""Cotton/277/im_4.png""]",False
278,Cotton,4,"[""Cotton/278/im_1.png"", ""Cotton/278/im_2.png"", ""Cotton/278/im_3.png"", ""Cotton/278/im_4.png""]",False
279,Viscose,4,"[""Viscose/279/im_1.png"", ""Viscose/279/im_2.png"", ""Viscose/279/im_3.png"", ""Viscose/279/im_4.png""]",False
280,Viscose,4,"[""Viscose/280/im_1.png"", ""Viscose/280/im_2.png"", ""Viscose/280/im_3.png"", ""Viscose/280/im_4.png""]",False
281,Viscose,4,"[""Viscose/281/im_1.png"", ""Viscose/281/im_2.png"", ""Viscose/281/im_3.png"", ""Viscose/281/im_4.png""]",False
284,Polyester,4,"[""Polyester/284/im_1.png"", ""Polyester/284/im_2.png"", ""Polyester/284/im_3.png"", ""Polyester/284/im_4.png""]",False
285,Polyester,4,"[""Polyester/285/im_1.png"", ""Polyester/285/im_2.png"", ""Polyester/285/im_3.png"", ""Polyester/285/im_4.png""]",False
290,Cotton,4,"[""Cotton/290/im_1.png"", ""Cotton/290/im_2.png"", ""Cotton/290/im_3.png"", ""Cotton/290/im_4.png""]",False
291,Cotton,4,"[""Cotton/291/im_1.png"", ""Cotton/291/im_2.png"", ""Cotton/291/im_3.png"", ""Cotton/291/im_4.png""]",False
296,Cotton,4,"[""Cotton/296/im_1.png"", ""Cotton/296/im_2.png"", ""Cotton/296/im_3.png"", ""Cotton/296/im_4.png""]",False
298,Cotton,4,"[""Cotton/298/im_1.png"", ""Cotton/298/im_2.png"", ""Cotton/298/im_3.png"", ""Cotton/298/im_4.png""]",False
299,Cotton,4,"[""Cotton/299/im_1.png"", ""Cotton/299/im_2.png"", ""Cotton/299/im_3.png"", ""Cotton/299/im_4.png""]",False
3,Cotton,4,"[""Cotton/3/im_1.png"", ""Cotton/3/im_2.png"", ""Cotton/3/im_3.png"", ""Cotton/3/im_4.png""]",False
300,Denim,4,"[""Denim/300/im_1.png"", ""Denim/300/im_2.png"", ""Denim/300/im_3.png"", ""Denim/300/im_4.png""]",False
301,Denim,4,"[""Denim/301/im_1.png"", ""Denim/301/im_2.png"", ""Denim/301/im_3.png"", ""Denim/301/im_4.png""]",False
302,Cotton,4,"[""Cotton/302/im_1.png"", ""Cotton/302/im_2.png"", ""Cotton/302/im_3.png"", ""Cotton/302/im_4.png""]",False
303,Cotton,4,"[""Cotton/303/im_1.png"", ""Cotton/303/im_2.png"", ""Cotton/303/im_3.png"", ""Cotton/303/im_4.png""]",False
312,Cotton,4,"[""Cotton/312/im_1.png"", ""Cotton/312/im_2.png"", ""Cotton/312/im_3.png"", ""Cotton/312/im_4.png""]",False
313,Cotton,4,"[""Cotton/313/im_1.png"", ""Cotton/313/im_2.png"", ""Cotton/313/im_3.png"", ""Cotton/313/im_4.png""]",False
318,Cotton,4,"[""Cotton/318/im_1.png"", ""Cotton/318/im_2.png"", ""Cotton/318/im_3.png"", ""Cotton/318/im_4.png""]",False
319,Cotton,4,"[""Cotton/319/im_1.png"", ""Cotton/319/im_2.png"", ""Cotton/319/im_3.png"", ""Cotton/319/im_4.png""]",False
320,Cotton,4,"[""Cotton/320/im_1.png"", ""Cotton/320/im_2.png"", ""Cotton/320/im_3.png"", ""Cotton/320/im_4.png""]",False
321,Cotton,4,"[""Cotton/321/im_1.png"", ""Cotton/321/im_2.png"", ""Cotton/321/im_3.png"", ""Cotton/321/im_4.png""]",False
322,Polyester,4,"[""Polyester/322/im_1.png"", ""Polyester/322/im_2.png"", ""Polyester/322/im_3.png"", ""Polyester/322/im_4.png""]",False
323,Polyester,4,"[""Polyester/323/im_1.png"", ""Polyester/323/im_2.png"", ""Polyester/323/im_3.png"", ""Polyester/323/im_4.png""]",False
324,Cotton,4,"[""Cotton/324/im_1.png"", ""Cotton/324/im_2.png"", ""Cotton/324/im_3.png"", ""Cotton/324/im_4.png""]",False
325,Cotton,4,"[""Cotton/325/im_1.png"", ""Cotton/325/im_2.png"", ""Cotton/325/im_3.png"", ""Cotton/325/im_4.png""]",False
326,Cotton,4,"[""Cotton/326/im_1.png"", ""Cotton/326/im_2.png"", ""Cotton/326/im_3.png"", ""Cotton/326/im_4.png""]",False
327,Cotton,4,"[""Cotton/327/im_1.png"", ""Cotton/327/im_2.png"", ""Cotton/327/im_3.png"", ""Cotton/327/im_4.png""]",False
33,Wool,4,"[""Wool/33/im_1.png"", ""Wool/33/im_2.png"", ""Wool/33/im_3.png"", ""Wool/33/im_4.png""]",False
330,Cotton,4,"[""Cotton/330/im_1.png"", ""Cotton/330/im_2.png"", ""Cotton/330/im_3.png"", ""Cotton/330/im_4.png""]",False
331,Cotton,4,"[""Cotton/331/im_1.png"", ""Cotton/331/im_2.png"", ""Cotton/331/im_3.png"", ""Cotton/331/im_4.png""]",False
336,Wool,4,"[""Wool/336/im_1.png"", ""Wool/336/im_2.png"", ""Wool/336/im_3.png"", ""Wool/336/im_4.png""]",False
337,Wool,4,"[""Wool/337/im_1.png"", ""Wool/337/im_2.png"", ""Wool/337/im_3.png"", ""Wool/337/im_4.png""]",False
338,Wool,4,"[""Wool/338/im_1.png"", ""Wool/338/im_2.png"", ""Wool/338/im_3.png"", ""Wool/338/im_4.png""]",False
34,Wool,4,"[""Wool/34/im_1.png"", ""Wool/34/im_2.png"", ""Wool/34/im_3.png"", ""Wool/34/im_4.png""]",False
341,Cotton,4,"[""Cotton/341/im_1.png"", ""Cotton/341/im_2.png"", ""Cotton/341/im_3.png"", ""Cotton/341/im_4.png""]",False
342,Cotton,4,"[""Cotton/342/im_1.png"", ""Cotton/342/im_2.png"", ""Cotton/342/im_3.png"", ""Cotton/342/im_4.png""]",False
346,Cotton,4,"[""Cotton/346/im_1.png"", ""Cotton/346/im_2.png"", ""Cotton/346/im_3.png"", ""Cotton/346/im_4.png""]",False
347,Cotton,4,"[""Cotton/347/im_1.png"", ""Cotton/347/im_2.png"", ""Cotton/347/im_3.png"", ""Cotton/347/im_4.png""]",False
348,Cotton,4,"[""Cotton/348/im_1.png"", ""Cotton/348/im_2.png"", ""Cotton/348/im_3.png"", ""Cotton/348/im_4.png""]",False
349,Cotton,4,"[""Cotton/349/im_1.png"", ""Cotton/349/im_2.png"", ""Cotton/349/im_3.png"", ""Cotton/349/im_4.png""]",False
35,Wool,4,"[""Wool/35/im_1.png"", ""Wool/35/im_2.png"", ""Wool/35/im_3.png"", ""Wool/35/im_4.png""]",False
355,Wool,4,"[""Wool/355/im_1.png"", ""Wool/355/im_2.png"", ""Wool/355/im_3.png"", ""Wool/355/im_4.png""]",False
356,Wool,4,"[""Wool/356/im_1.png"", ""Wool/356/im_2.png"", ""Wool/356/im_3.png"", ""Wool/356/im_4.png""]",False
357,Wool,4,"[""Wool/357/im_1.png"", ""Wool/357/im_2.png"", ""Wool/357/im_3.png"", ""Wool/357/im_4.png""]",False
358,Wool,4,"[""Wool/358/im_1.png"", ""Wool/358/im_2.png"", ""Wool/358/im_3.png"", ""Wool/358/im_4.png""]",False
359,Wool,4,"[""Wool/359/im_1.png"", ""Wool/359/im_2.png"", ""Wool/359/im_3.png"", ""Wool/359/im_4.png""]",False
36,Polyester,4,"[""Polyester/36/im_1.png"", ""Polyester/36/im_2.png"", ""Polyester/36/im_3.png"", ""Polyester/36/im_4.png""]",False
37,Polyester,4,"[""Polyester/37/im_1.png"", ""Polyester/37/im_2.png"", ""Polyester/37/im_3.png"", ""Polyester/37/im_4.png""]",False
372,Wool,4,"[""Wool/372/im_1.png"", ""Wool/372/im_2.png"", ""Wool/372/im_3.png"", ""Wool/372/im_4.png""]",False
373,Wool,4,"[""Wool/373/im_1.png"", ""Wool/373/im_2.png"", ""Wool/373/im_3.png"", ""Wool/373/im_4.png""]",False
377,Polyester,4,"[""Polyester/377/im_1.png"", ""Polyester/377/im_2.png"", ""Polyester/377/im_3.png"", ""Polyester/377/im_4.png""]",False
378,Polyester,4,"[""Polyester/378/im_1.png"", ""Polyester/378/im_2.png"", ""Polyester/378/im_3.png"", ""Polyester/378/im_4.png""]",False
381,Wool,4,"[""Wool/381/im_1.png"", ""Wool/381/im_2.png"", ""Wool/381/im_3.png"", ""Wool/381/im_4.png""]",False
382,Wool,4,"[""Wool/382/im_1.png"", ""Wool/382/im_2.png"", ""Wool/382/im_3.png"", ""Wool/382/im_4.png""]",False
385,Cotton,4,"[""Cotton/385/im_1.png"", ""Cotton/385/im_2.png"", ""Cotton/385/im_3.png"", ""Cotton/385/im_4.png""]",False
386,Cotton,4,"[""Cotton/386/im_1.png"", ""Cotton/386/im_2.png"", ""Cotton/386/im_3.png"", ""Cotton/386/im_4.png""]",False
387,Cotton,4,"[""Cotton/387/im_1.png"", ""Cotton/387/im_2.png"", ""Cotton/387/im_3.png"", ""Cotton/387/im_4.png""]",False
388,Cotton,4,"[""Cotton/388/im_1.png"", ""Cotton/388/im_2.png"", ""Cotton/388/im_3.png"", ""Cotton/388/im_4.png""]",False
389,Cotton,4,"[""Cotton/389/im_1.png"", ""Cotton/389/im_2.png"", ""Cotton/389/im_3.png"", ""Cotton/389/im_4.png""]",False
390,Cotton,4,"[""Cotton/390/im_1.png"", ""Cotton/390/im_2.png"", ""Cotton/390/im_3.png"", ""Cotton/390/im_4.png""]",False
391,Cotton,4,"[""Cotton/391/im_1.png"", ""Cotton/391/im_2.png"", ""Cotton/391/im_3.png"", ""Cotton/391/im_4.png""]",False
394,Cotton,4,"[""Cotton/394/im_1.png"", ""Cotton/394/im_2.png"", ""Cotton/394/im_3.png"", ""Cotton/394/im_4.png""]",False
395,Cotton,4,"[""Cotton/395/im_1.png"", ""Cotton/395/im_2.png"", ""Cotton/395/im_3.png"", ""Cotton/395/im_4.png""]",False
396,Cotton,4,"[""Cotton/396/im_1.png"", ""Cotton/396/im_2.png"", ""Cotton/396/im_3.png"", ""Cotton/396/im_4.png""]",False
397,Cotton,4,"[""Cotton/397/im_1.png"", ""Cotton/397/im_2.png"", ""Cotton/397/im_3.png"", ""Cotton/397/im_4.png""]",False
398,Cotton,4,"[""Cotton/398/im_1.png"", ""Cotton/398/im_2.png"", ""Cotton/398/im_3.png"", ""Cotton/398/im_4.png""]",False
399,Cotton,4,"[""Cotton/399/im_1.png"", ""Cotton/399/im_2.png"", ""Cotton/399/im_3.png"", ""Cotton/399/im_4.png""]",False
400,Cotton,4,"[""Cotton/400/im_1.png"", ""Cotton/400/im_2.png"", ""Cotton/400/im_3.png"", ""Cotton/400/im_4.png""]",False
401,Polyester,4,"[""Polyester/401/im_1.png"", ""Polyester/401/im_2.png"", ""Polyester/401/im_3.png"", ""Polyester/401/im_4.png""]",False
402,Polyester,4,"[""Polyester/402/im_1.png"", ""Polyester/402/im_2.png"", ""Polyester/402/im_3.png"", ""Polyester/402/im_4.png""]",False
403,Cotton,4,"[""Cotton/403/im_1.png"", ""Cotton/403/im_2.png"", ""Cotton/403/im_3.png"", ""Cotton/403/im_4.png""]",False
404,Cotton,4,"[""Cotton/404/im_1.png"", ""Cotton/404/im_2.png"", ""Cotton/404/im_3.png"", ""Cotton/404/im_4.png""]",False
405,Cotton,4,"[""Cotton/405/im_1.png"", ""Cotton/405/im_2.png"", ""Cotton/405/im_3.png"", ""Cotton/405/im_4.png""]",False
406,Cotton,4,"[""Cotton/406/im_1.png"", ""Cotton/406/im_2.png"", ""Cotton/406/im_3.png"", ""Cotton/406/im_4.png""]",False
407,Cotton,4,"[""Cotton/407/im_1.png"", ""Cotton/407/im_2.png"", ""Cotton/407/im_3.png"", ""Cotton/407/im_4.png""]",False
408,Cotton,4,"[""Cotton/408/im_1.png"", ""Cotton/408/im_2.png"", ""Cotton/408/im_3.png"", ""Cotton/408/im_4.png""]",False
409,Cotton,4,"[""Cotton/409/im_1.png"", ""Cotton/409/im_2.png"", ""Cotton/409/im_3.png"", ""Cotton/409/im_4.png""]",False
413,Cotton,4,"[""Cotton/413/im_1.png"", ""Cotton/413/im_2.png"", ""Cotton/413/im_3.png"", ""Cotton/413/im_4.png""]",False
414,Cotton,4,"[""Cotton/414/im_1.png"", ""Cotton/414/im_2.png"", ""Cotton/414/im_3.png"", ""Cotton/414/im_4.png""]",False
415,Cotton,4,"[""Cotton/415/im_1.png"", ""Cotton/415/im_2.png"", ""Cotton/415/im_3.png"", ""Cotton/415/im_4.png""]",False
417,Cotton,4,"[""Cotton/417/im_1.png"", ""Cotton/417/im_2.png"", ""Cotton/417/im_3.png"", ""Cotton/417/im_4.png""]",False
418,Cotton,4,"[""Cotton/418/im_1.png"", ""Cotton/418/im_2.png"", ""Cotton/418/im_3.png"", ""Cotton/418/im_4.png""]",False
419,Cotton,4,"[""Cotton/419/im_1.png"", ""Cotton/419/im_2.png"", ""Cotton/419/im_3.png"", ""Cotton/419/im_4.png""]",False
42,Viscose,4,"[""Viscose/42/im_1.png"", ""Viscose/42/im_2.png"", ""Viscose/42/im_3.png"", ""Viscose/42/im_4.png""]",False
420,Denim,4,"[""Denim/420/im_1.png"", ""Denim/420/im_2.png"", ""Denim/420/im_3.png"", ""Denim/420/im_4.png""]",False
421,Denim,4,"[""Denim/421/im_1.png"", ""Denim/421/im_2.png"", ""Denim/421/im_3.png"", ""Denim/421/im_4.png""]",False
422,Denim,4,"[""Denim/422/im_1.png"", ""Denim/422/im_2.png"", ""Denim/422/im_3.png"", ""Denim/422/im_4.png""]",False
423,Denim,4,"[""Denim/423/im_1.png"", ""Denim/423/im_2.png"", ""Denim/423/im_3.png"", ""Denim/423/im_4.png""]",False
424,Denim,4,"[""Denim/424/im_1.png"", ""Denim/424/im_2.png"", ""Denim/424/im_3.png"", ""Denim/424/im_4.png""]",False
425,Cotton,4,"[""Cotton/425/im_1.png"", ""Cotton/425/im_2.png"", ""Cotton/425/im_3.png"", ""Cotton/425/im_4.png""]",False
426,Cotton,4,"[""Cotton/426/im_1.png"", ""Cotton/426/im_2.png"", ""Cotton/426/im_3.png"", ""Cotton/426/im_4.png""]",False
427,Cotton,4,"[""Cotton/427/im_1.png"", ""Cotton/427/im_2.png"", ""Cotton/427/im_3.png"", ""Cotton/427/im_4.png""]",False
428,Cotton,4,"[""Cotton/428/im_1.png"", ""Cotton/428/im_2.png"", ""Cotton/428/im_3.png"", ""Cotton/428/im_4.png""]",False
429,Denim,4,"[""Denim/429/im_1.png"", ""Denim/429/im_2.png"", ""Denim/429/im_3.png"", ""Denim/429/im_4.png""]",False
430,Denim,4,"[""Denim/430/im_1.png"", ""Denim/430/im_2.png"", ""Denim/430/im_3.png"", ""Denim/430/im_4.png""]",False
431,Denim,4,"[""Denim/431/im_1.png"", ""Denim/431/im_2.png"", ""Denim/431/im_3.png"", ""Denim/431/im_4.png""]",False
432,Denim,4,"[""Denim/432/im_1.png"", ""Denim/432/im_2.png"", ""Denim/432/im_3.png"", ""Denim/432/im_4.png""]",False
433,Denim,4,"[""Denim/433/im_1.png"", ""Denim/433/im_2.png"", ""Denim/433/im_3.png"", ""Denim/433/im_4.png""]",False
434,Cotton,4,"[""Cotton/434/im_1.png"", ""Cotton/434/im_2.png"", ""Cotton/434/im_3.png"", ""Cotton/434/im_4.png""]",False
435,Cotton,4,"[""Cotton/435/im_1.png"", ""Cotton/435/im_2.png"", ""Cotton/435/im_3.png"", ""Cotton/435/im_4.png""]",False
436,Silk,4,"[""Silk/436/im_1.png"", ""Silk/436/im_2.png"", ""Silk/436/im_3.png"", ""Silk/436/im_4.png""]",False
437,Silk,4,"[""Silk/437/im_1.png"", ""Silk/437/im_2.png"", ""Silk/437/im_3.png"", ""Silk/437/im_4.png""]",False
438,Cotton,4,"[""Cotton/438/im_1.png"", ""Cotton/438/im_2.png"", ""Cotton/438/im_3.png"", ""Cotton/438/im_4.png""]",False
439,Nylon,4,"[""Nylon/439/im_1.png"", ""Nylon/439/im_2.png"", ""Nylon/439/im_3.png"", ""Nylon/439/im_4.png""]",False
440,Cotton,4,"[""Cotton/440/im_1.png"", ""Cotton/440/im_2.png"", ""Cotton/440/im_3.png"", ""Cotton/440/im_4.png""]",False
441,Cotton,4,"[""Cotton/441/im_1.png"", ""Cotton/441/im_2.png"", ""Cotton/441/im_3.png"", ""Cotton/441/im_4.png""]",False
442,Cotton,4,"[""Cotton/442/im_1.png"", ""Cotton/442/im_2.png"", ""Cotton/442/im_3.png"", ""Cotton/442/im_4.png""]",False
443,Cotton,4,"[""Cotton/443/im_1.png"", ""Cotton/443/im_2.png"", ""Cotton/443/im_3.png"", ""Cotton/443/im_4.png""]",False
444,Wool,4,"[""Wool/444/im_1.png"", ""Wool/444/im_2.png"", ""Wool/444/im_3.png"", ""Wool/444/im_4.png""]",False
445,Wool,4,"[""Wool/445/im_1.png"", ""Wool/445/im_2.png"", ""Wool/445/im_3.png"", ""Wool/445/im_4.png""]",False
446,Wool,4,"[""Wool/446/im_1.png"", ""Wool/446/im_2.png"", ""Wool/446/im_3.png"", ""Wool/446/im_4.png""]",False
447,Polyester,4,"[""Polyester/447/im_1.png"", ""Polyester/447/im_2.png"", ""Polyester/447/im_3.png"", ""Polyester/447/im_4.png""]",False
448,Polyester,4,"[""Polyester/448/im_1.png"", ""Polyester/448/im_2.png"", ""Polyester/448/im_3.png"", ""Polyester/448/im_4.png""]",False
449,Polyester,4,"[""Polyester/449/im_1.png"", ""Polyester/449/im_2.png"", ""Polyester/449/im_3.png"", ""Polyester/449/im_4.png""]",False
450,Polyester,4,"[""Polyester/450/im_1.png"", ""Polyester/450/im_2.png"", ""Polyester/450/im_3.png"", ""Polyester/450/im_4.png""]",False
451,Cotton,4,"[""Cotton/451/im_1.png"", ""Cotton/451/im_2.png"", ""Cotton/451/im_3.png"", ""Cotton/451/im_4.png""]",False
452,Cotton,4,"[""Cotton/452/im_1.png"", ""Cotton/452/im_2.png"", ""Cotton/452/im_3.png"", ""Cotton/452/im_4.png""]",False
453,Terrycloth,4,"[""Terrycloth/453/im_1.png"", ""Terrycloth/453/im_2.png"", ""Terrycloth/453/im_3.png"", ""Terrycloth/453/im_4.png""]",False
454,Terrycloth,4,"[""Terrycloth/454/im_1.png"", ""Terrycloth/454/im_2.png"", ""Terrycloth/454/im_3.png"", ""Terrycloth/454/im_4.png""]",False
455,Terrycloth,4,"[""Terrycloth/455/im_1.png"", ""Terrycloth/455/im_2.png"", ""Terrycloth/455/im_3.png"", ""Terrycloth/455/im_4.png""]",False
456,Cotton,4,"[""Cotton/456/im_1.png"", ""Cotton/456/im_2.png"", ""Cotton/456/im_3.png"", ""Cotton/456/im_4.png""]",False
457,Cotton,4,"[""Cotton/457/im_1.png"", ""Cotton/457/im_2.png"", ""Cotton/457/im_3.png"", ""Cotton/457/im_4.png""]",False
458,Polyester,4,"[""Polyester/458/im_1.png"", ""Polyester/458/im_2.png"", ""Polyester/458/im_3.png"", ""Polyester/458/im_4.png""]",False
459,Polyester,4,"[""Polyester/459/im_1.png"", ""Polyester/459/im_2.png"", ""Polyester/459/im_3.png"", ""Polyester/459/im_4.png""]",False
46,Viscose,4,"[""Viscose/46/im_1.png"", ""Viscose/46/im_2.png"", ""Viscose/46/im_3.png"", ""Viscose/46/im_4.png""]",False
460,Nylon,4,"[""Nylon/460/im_1.png"", ""Nylon/460/im_2.png"", ""Nylon/460/im_3.png"", ""Nylon/460/im_4.png""]",False
461,Nylon,4,"[""Nylon/461/im_1.png"", ""Nylon/461/im_2.png"", ""Nylon/461/im_3.png"", ""Nylon/461/im_4.png""]",False
462,Cotton,4,"[""Cotton/462/im_1.png"", ""Cotton/462/im_2.png"", ""Cotton/462/im_3.png"", ""Cotton/462/im_4.png""]",False
463,Cotton,4,"[""Cotton/463/im_1.png"", ""Cotton/463/im_2.png"", ""Cotton/463/im_3.png"", ""Cotton/463/im_4.png""]",False
464,Cotton,4,"[""Cotton/464/im_1.png"", ""Cotton/464/im_2.png"", ""Cotton/464/im_3.png"", ""Cotton/464/im_4.png""]",False
465,Cotton,4,"[""Cotton/465/im_1.png"", ""Cotton/465/im_2.png"", ""Cotton/465/im_3.png"", ""Cotton/465/im_4.png""]",False
466,Cotton,4,"[""Cotton/466/im_1.png"", ""Cotton/466/im_2.png"", ""Cotton/466/im_3.png"", ""Cotton/466/im_4.png""]",False
467,Cotton,4,"[""Cotton/467/im_1.png"", ""Cotton/467/im_2.png"", ""Cotton/467/im_3.png"", ""Cotton/467/im_4.png""]",False
469,Cotton,4,"[""Cotton/469/im_1.png"", ""Cotton/469/im_2.png"", ""Cotton/469/im_3.png"", ""Cotton/469/im_4.png""]",False
47,Viscose,4,"[""Viscose/47/im_1.png"", ""Viscose/47/im_2.png"", ""Viscose/47/im_3.png"", ""Viscose/47/im_4.png""]",False
470,Cotton,4,"[""Cotton/470/im_1.png"", ""Cotton/470/im_2.png"", ""Cotton/470/im_3.png"", ""Cotton/470/im_4.png""]",False
471,Cotton,4,"[""Cotton/471/im_1.png"", ""Cotton/471/im_2.png"", ""Cotton/471/im_3.png"", ""Cotton/471/im_4.png""]",False
474,Cotton,4,"[""Cotton/474/im_1.png"", ""Cotton/474/im_2.png"", ""Cotton/474/im_3.png"", ""Cotton/474/im_4.png""]",False
475,Cotton,4,"[""Cotton/475/im_1.png"", ""Cotton/475/im_2.png"", ""Cotton/475/im_3.png"", ""Cotton/475/im_4.png""]",False
476,Cotton,4,"[""Cotton/476/im_1.png"", ""Cotton/476/im_2.png"", ""Cotton/476/im_3.png"", ""Cotton/476/im_4.png""]",False
477,Cotton,4,"[""Cotton/477/im_1.png"", ""Cotton/477/im_2.png"", ""Cotton/477/im_3.png"", ""Cotton/477/im_4.png""]",False
478,Cotton,4,"[""Cotton/478/im_1.png"", ""Cotton/478/im_2.png"", ""Cotton/478/im_3.png"", ""Cotton/478/im_4.png""]",False
479,Cotton,4,"[""Cotton/479/im_1.png"", ""Cotton/479/im_2.png"", ""Cotton/479/im_3.png"", ""Cotton/479/im_4.png""]",False
48,Viscose,4,"[""Viscose/48/im_1.png"", ""Viscose/48/im_2.png"", ""Viscose/48/im_3.png"", ""Viscose/48/im_4.png""]",False
480,Cotton,4,"[""Cotton/480/im_1.png"", ""Cotton/480/im_2.png"", ""Cotton/480/im_3.png"", ""Cotton/480/im_4.png""]",False
481,Cotton,4,"[""Cotton/481/im_1.png"", ""Cotton/481/im_2.png"", ""Cotton/481/im_3.png"", ""Cotton/481/im_4.png""]",False
482,Nylon,4,"[""Nylon/482/im_1.png"", ""Nylon/482/im_2.png"", ""Nylon/482/im_3.png"", ""Nylon/482/im_4.png""]",False
483,Nylon,4,"[""Nylon/483/im_1.png"", ""Nylon/483/im_2.png"", ""Nylon/483/im_3.png"", ""Nylon/483/im_4.png""]",False
486,Terrycloth,4,"[""Terrycloth/486/im_1.png"", ""Terrycloth/486/im_2.png"", ""Terrycloth/486/im_3.png"", ""Terrycloth/486/im_4.png""]",False
487,Terrycloth,4,"[""Terrycloth/487/im_1.png"", ""Terrycloth/487/im_2.png"", ""Terrycloth/487/im_3.png"", ""Terrycloth/487/im_4.png""]",False
488,Silk,4,"[""Silk/488/im_1.png"", ""Silk/488/im_2.png"", ""Silk/488/im_3.png"", ""Silk/488/im_4.png""]",False
489,Silk,4,"[""Silk/489/im_1.png"", ""Silk/489/im_2.png"", ""Silk/489/im_3.png"", ""Silk/489/im_4.png""]",False
490,Cotton,4,"[""Cotton/490/im_1.png"", ""Cotton/490/im_2.png"", ""Cotton/490/im_3.png"", ""Cotton/490/im_4.png""]",False
491,Cotton,4,"[""Cotton/491/im_1.png"", ""Cotton/491/im_2.png"", ""Cotton/491/im_3.png"", ""Cotton/491/im_4.png""]",False
495,Cotton,4,"[""Cotton/495/im_1.png"", ""Cotton/495/im_2.png"", ""Cotton/495/im_3.png"", ""Cotton/495/im_4.png""]",False
496,Cotton,4,"[""Cotton/496/im_1.png"", ""Cotton/496/im_2.png"", ""Cotton/496/im_3.png"", ""Cotton/496/im_4.png""]",False
5,Terrycloth,4,"[""Terrycloth/5/im_1.png"", ""Terrycloth/5/im_2.png"", ""Terrycloth/5/im_3.png"", ""Terrycloth/5/im_4.png""]",False
50,Cotton,4,"[""Cotton/50/im_1.png"", ""Cotton/50/im_2.png"", ""Cotton/50/im_3.png"", ""Cotton/50/im_4.png""]",False
501,Polyester,4,"[""Polyester/501/im_1.png"", ""Polyester/501/im_2.png"", ""Polyester/501/im_3.png"", ""Polyester/501/im_4.png""]",False
502,Polyester,4,"[""Polyester/502/im_1.png"", ""Polyester/502/im_2.png"", ""Polyester/502/im_3.png"", ""Polyester/502/im_4.png""]",False
503,Wool,4,"[""Wool/503/im_1.png"", ""Wool/503/im_2.png"", ""Wool/503/im_3.png"", ""Wool/503/im_4.png""]",False
504,Wool,4,"[""Wool/504/im_1.png"", ""Wool/504/im_2.png"", ""Wool/504/im_3.png"", ""Wool/504/im_4.png""]",False
507,Cotton,4,"[""Cotton/507/im_1.png"", ""Cotton/507/im_2.png"", ""Cotton/507/im_3.png"", ""Cotton/507/im_4.png""]",False
508,Cotton,4,"[""Cotton/508/im_1.png"", ""Cotton/508/im_2.png"", ""Cotton/508/im_3.png"", ""Cotton/508/im_4.png""]",False
51,Cotton,4,"[""Cotton/51/im_1.png"", ""Cotton/51/im_2.png"", ""Cotton/51/im_3.png"", ""Cotton/51/im_4.png""]",False
511,Polyester,4,"[""Polyester/511/im_1.png"", ""Polyester/511/im_2.png"", ""Polyester/511/im_3.png"", ""Polyester/511/im_4.png""]",False
512,Polyester,4,"[""Polyester/512/im_1.png"", ""Polyester/512/im_2.png"", ""Polyester/512/im_3.png"", ""Polyester/512/im_4.png""]",False
513,Polyester,4,"[""Polyester/513/im_1.png"", ""Polyester/513/im_2.png"", ""Polyester/513/im_3.png"", ""Polyester/513/im_4.png""]",False
514,Polyester,4,"[""Polyester/514/im_1.png"", ""Polyester/514/im_2.png"", ""Polyester/514/im_3.png"", ""Polyester/514/im_4.png""]",False
515,Denim,4,"[""Denim/515/im_1.png"", ""Denim/515/im_2.png"", ""Denim/515/im_3.png"", ""Denim/515/im_4.png""]",False
516,Denim,4,"[""Denim/516/im_1.png"", ""Denim/516/im_2.png"", ""Denim/516/im_3.png"", ""Denim/516/im_4.png""]",False
517,Polyester,4,"[""Polyester/517/im_1.png"", ""Polyester/517/im_2.png"", ""Polyester/517/im_3.png"", ""Polyester/517/im_4.png""]",False
518,Polyester,4,"[""Polyester/518/im_1.png"", ""Polyester/518/im_2.png"", ""Polyester/518/im_3.png"", ""Polyester/518/im_4.png""]",False
519,Polyester,4,"[""Polyester/519/im_1.png"", ""Polyester/519/im_2.png"", ""Polyester/519/im_3.png"", ""Polyester/519/im_4.png""]",False
52,Cotton,4,"[""Cotton/52/im_1.png"", ""Cotton/52/im_2.png"", ""Cotton/52/im_3.png"", ""Cotton/52/im_4.png""]",False
522,Silk,4,"[""Silk/522/im_1.png"", ""Silk/522/im_2.png"", ""Silk/522/im_3.png"", ""Silk/522/im_4.png""]",False
523,Silk,4,"[""Silk/523/im_1.png"", ""Silk/523/im_2.png"", ""Silk/523/im_3.png"", ""Silk/523/im_4.png""]",False
524,Polyester,4,"[""Polyester/524/im_1.png"", ""Polyester/524/im_2.png"", ""Polyester/524/im_3.png"", ""Polyester/524/im_4.png""]",False
525,Polyester,4,"[""Polyester/525/im_1.png"", ""Polyester/525/im_2.png"", ""Polyester/525/im_3.png"", ""Polyester/525/im_4.png""]",False
526,Wool,4,"[""Wool/526/im_1.png"", ""Wool/526/im_2.png"", ""Wool/526/im_3.png"", ""Wool/526/im_4.png""]",False
529,Cotton,4,"[""Cotton/529/im_1.png"", ""Cotton/529/im_2.png"", ""Cotton/529/im_3.png"", ""Cotton/529/im_4.png""]",False
53,Polyester,4,"[""Polyester/53/im_1.png"", ""Polyester/53/im_2.png"", ""Polyester/53/im_3.png"", ""Polyester/53/im_4.png""]",False
530,Cotton,4,"[""Cotton/530/im_1.png"", ""Cotton/530/im_2.png"", ""Cotton/530/im_3.png"", ""Cotton/530/im_4.png""]",False
531,Cotton,4,"[""Cotton/531/im_1.png"", ""Cotton/531/im_2.png"", ""Cotton/531/im_3.png"", ""Cotton/531/im_4.png""]",False
532,Terrycloth,4,"[""Terrycloth/532/im_1.png"", ""Terrycloth/532/im_2.png"", ""Terrycloth/532/im_3.png"", ""Terrycloth/532/im_4.png""]",False
538,Nylon,4,"[""Nylon/538/im_1.png"", ""Nylon/538/im_2.png"", ""Nylon/538/im_3.png"", ""Nylon/538/im_4.png""]",False
54,Viscose,4,"[""Viscose/54/im_1.png"", ""Viscose/54/im_2.png"", ""Viscose/54/im_3.png"", ""Viscose/54/im_4.png""]",False
541,Cotton,4,"[""Cotton/541/im_1.png"", ""Cotton/541/im_2.png"", ""Cotton/541/im_3.png"", ""Cotton/541/im_4.png""]",False
542,Polyester,4,"[""Polyester/542/im_1.png"", ""Polyester/542/im_2.png"", ""Polyester/542/im_3.png"", ""Polyester/542/im_4.png""]",False
543,Polyester,4,"[""Polyester/543/im_1.png"", ""Polyester/543/im_2.png"", ""Polyester/543/im_3.png"", ""Polyester/543/im_4.png""]",False
56,Polyester,4,"[""Polyester/56/im_1.png"", ""Polyester/56/im_2.png"", ""Polyester/56/im_3.png"", ""Polyester/56/im_4.png""]",False
57,Wool,4,"[""Wool/57/im_1.png"", ""Wool/57/im_2.png"", ""Wool/57/im_3.png"", ""Wool/57/im_4.png""]",False
581,Polyester,4,"[""Polyester/581/im_1.png"", ""Polyester/581/im_2.png"", ""Polyester/581/im_3.png"", ""Polyester/581/im_4.png""]",False
582,Polyester,4,"[""Polyester/582/im_1.png"", ""Polyester/582/im_2.png"", ""Polyester/582/im_3.png"", ""Polyester/582/im_4.png""]",False
583,Polyester,4,"[""Polyester/583/im_1.png"", ""Polyester/583/im_2.png"", ""Polyester/583/im_3.png"", ""Polyester/583/im_4.png""]",False
59,Wool,4,"[""Wool/59/im_1.png"", ""Wool/59/im_2.png"", ""Wool/59/im_3.png"", ""Wool/59/im_4.png""]",False
60,Wool,4,"[""Wool/60/im_1.png"", ""Wool/60/im_2.png"", ""Wool/60/im_3.png"", ""Wool/60/im_4.png""]",False
617,Polyester,4,"[""Polyester/617/im_1.png"", ""Polyester/617/im_2.png"", ""Polyester/617/im_3.png"", ""Polyester/617/im_4.png""]",False
618,Polyester,4,"[""Polyester/618/im_1.png"", ""Polyester/618/im_2.png"", ""Polyester/618/im_3.png"", ""Polyester/618/im_4.png""]",False
619,Polyester,4,"[""Polyester/619/im_1.png"", ""Polyester/619/im_2.png"", ""Polyester/619/im_3.png"", ""Polyester/619/im_4.png""]",False
62,Polyester,4,"[""Polyester/62/im_1.png"", ""Polyester/62/im_2.png"", ""Polyester/62/im_3.png"", ""Polyester/62/im_4.png""]",False
620,Polyester,4,"[""Polyester/620/im_1.png"", ""Polyester/620/im_2.png"", ""Polyester/620/im_3.png"", ""Polyester/620/im_4.png""]",False
621,Polyester,4,"[""Polyester/621/im_1.png"", ""Polyester/621/im_2.png"", ""Polyester/621/im_3.png"", ""Polyester/621/im_4.png""]",False
622,Polyester,4,"[""Polyester/622/im_1.png"", ""Polyester/622/im_2.png"", ""Polyester/622/im_3.png"", ""Polyester/622/im_4.png""]",False
623,Polyester,4,"[""Polyester/623/im_1.png"", ""Polyester/623/im_2.png"", ""Polyester/623/im_3.png"", ""Polyester/623/im_4.png""]",False
624,Polyester,4,"[""Polyester/624/im_1.png"", ""Polyester/624/im_2.png"", ""Polyester/624/im_3.png"", ""Polyester/624/im_4.png""]",False
625,Polyester,4,"[""Polyester/625/im_1.png"", ""Polyester/625/im_2.png"", ""Polyester/625/im_3.png"", ""Polyester/625/im_4.png""]",False
626,Polyester,4,"[""Polyester/626/im_1.png"", ""Polyester/626/im_2.png"", ""Polyester/626/im_3.png"", ""Polyester/626/im_4.png""]",False
627,Polyester,4,"[""Polyester/627/im_1.png"", ""Polyester/627/im_2.png"", ""Polyester/627/im_3.png"", ""Polyester/627/im_4.png""]",False
628,Polyester,4,"[""Polyester/628/im_1.png"", ""Polyester/628/im_2.png"", ""Polyester/628/im_3.png"", ""Polyester/628/im_4.png""]",False
629,Polyester,4,"[""Polyester/629/im_1.png"", ""Polyester/629/im_2.png"", ""Polyester/629/im_3.png"", ""Polyester/629/im_4.png""]",False
63,Polyester,4,"[""Polyester/63/im_1.png"", ""Polyester/63/im_2.png"", ""Polyester/63/im_3.png"", ""Polyester/63/im_4.png""]",False
64,Polyester,4,"[""Polyester/64/im_1.png"", ""Polyester/64/im_2.png"", ""Polyester/64/im_3.png"", ""Polyester/64/im_4.png""]",False
653,Polyester,4,"[""Polyester/653/im_1.png"", ""Polyester/653/im_2.png"", ""Polyester/653/im_3.png"", ""Polyester/653/im_4.png""]",False
654,Polyester,4,"[""Polyester/654/im_1.png"", ""Polyester/654/im_2.png"", ""Polyester/654/im_3.png"", ""Polyester/654/im_4.png""]",False
660,Wool,4,"[""Wool/660/im_1.png"", ""Wool/660/im_2.png"", ""Wool/660/im_3.png"", ""Wool/660/im_4.png""]",False
662,Wool,4,"[""Wool/662/im_1.png"", ""Wool/662/im_2.png"", ""Wool/662/im_3.png"", ""Wool/662/im_4.png""]",False
665,Polyester,4,"[""Polyester/665/im_1.png"", ""Polyester/665/im_2.png"", ""Polyester/665/im_3.png"", ""Polyester/665/im_4.png""]",False
666,Polyester,4,"[""Polyester/666/im_1.png"", ""Polyester/666/im_2.png"", ""Polyester/666/im_3.png"", ""Polyester/666/im_4.png""]",False
669,Polyester,4,"[""Polyester/669/im_1.png"", ""Polyester/669/im_2.png"", ""Polyester/669/im_3.png"", ""Polyester/669/im_4.png""]",False
67,Polyester,4,"[""Polyester/67/im_1.png"", ""Polyester/67/im_2.png"", ""Polyester/67/im_3.png"", ""Polyester/67/im_4.png""]",False
670,Polyester,4,"[""Polyester/670/im_1.png"", ""Polyester/670/im_2.png"", ""Polyester/670/im_3.png"", ""Polyester/670/im_4.png""]",False
679,Polyester,4,"[""Polyester/679/im_1.png"", ""Polyester/679/im_2.png"", ""Polyester/679/im_3.png"", ""Polyester/679/im_4.png""]",False
68,Polyester,4,"[""Polyester/68/im_1.png"", ""Polyester/68/im_2.png"", ""Polyester/68/im_3.png"", ""Polyester/68/im_4.png""]",False
680,Polyester,4,"[""Polyester/680/im_1.png"", ""Polyester/680/im_2.png"", ""Polyester/680/im_3.png"", ""Polyester/680/im_4.png""]",False
681,Polyester,4,"[""Polyester/681/im_1.png"", ""Polyester/681/im_2.png"", ""Polyester/681/im_3.png"", ""Polyester/681/im_4.png""]",False
682,Polyester,4,"[""Polyester/682/im_1.png"", ""Polyester/682/im_2.png"", ""Polyester/682/im_3.png"", ""Polyester/682/im_4.png""]",False
685,Polyester,4,"[""Polyester/685/im_1.png"", ""Polyester/685/im_2.png"", ""Polyester/685/im_3.png"", ""Polyester/685/im_4.png""]",False
686,Polyester,4,"[""Polyester/686/im_1.png"", ""Polyester/686/im_2.png"", ""Polyester/686/im_3.png"", ""Polyester/686/im_4.png""]",False
687,Cotton,4,"[""Cotton/687/im_1.png"", ""Cotton/687/im_2.png"", ""Cotton/687/im_3.png"", ""Cotton/687/im_4.png""]",False
688,Cotton,4,"[""Cotton/688/im_1.png"", ""Cotton/688/im_2.png"", ""Cotton/688/im_3.png"", ""Cotton/688/im_4.png""]",False
689,Cotton,4,"[""Cotton/689/im_1.png"", ""Cotton/689/im_2.png"", ""Cotton/689/im_3.png"", ""Cotton/689/im_4.png""]",False
69,Cotton,4,"[""Cotton/69/im_1.png"", ""Cotton/69/im_2.png"", ""Cotton/69/im_3.png"", ""Cotton/69/im_4.png""]",False
690,Cotton,4,"[""Cotton/690/im_1.png"", ""Cotton/690/im_2.png"", ""Cotton/690/im_3.png"", ""Cotton/690/im_4.png""]",False
691,Cotton,4,"[""Cotton/691/im_1.png"", ""Cotton/691/im_2.png"", ""Cotton/691/im_3.png"", ""Cotton/691/im_4.png""]",False
692,Cotton,4,"[""Cotton/692/im_1.png"", ""Cotton/692/im_2.png"", ""Cotton/692/im_3.png"", ""Cotton/692/im_4.png""]",False
693,Cotton,4,"[""Cotton/693/im_1.png"", ""Cotton/693/im_2.png"", ""Cotton/693/im_3.png"", ""Cotton/693/im_4.png""]",False
694,Cotton,4,"[""Cotton/694/im_1.png"", ""Cotton/694/im_2.png"", ""Cotton/694/im_3.png"", ""Cotton/694/im_4.png""]",False
695,Cotton,4,"[""Cotton/695/im_1.png"", ""Cotton/695/im_2.png"", ""Cotton/695/im_3.png"", ""Cotton/695/im_4.png""]",False
696,Cotton,4,"[""Cotton/696/im_1.png"", ""Cotton/696/im_2.png"", ""Cotton/696/im_3.png"", ""Cotton/696/im_4.png""]",False
697,Cotton,4,"[""Cotton/697/im_1.png"", ""Cotton/697/im_2.png"", ""Cotton/697/im_3.png"", ""Cotton/697/im_4.png""]",False
698,Cotton,4,"[""Cotton/698/im_1.png"", ""Cotton/698/im_2.png"", ""Cotton/698/im_3.png"", ""Cotton/698/im_4.png""]",False
699,Cotton,4,"[""Cotton/699/im_1.png"", ""Cotton/699/im_2.png"", ""Cotton/699/im_3.png"", ""Cotton/699/im_4.png""]",False
7,Wool,4,"[""Wool/7/im_1.png"", ""Wool/7/im_2.png"", ""Wool/7/im_3.png"", ""Wool/7/im_4.png""]",False
70,Cotton,4,"[""Cotton/70/im_1.png"", ""Cotton/70/im_2.png"", ""Cotton/70/im_3.png"", ""Cotton/70/im_4.png""]",False
700,Polyester,4,"[""Polyester/700/im_1.png"", ""Polyester/700/im_2.png"", ""Polyester/700/im_3.png"", ""Polyester/700/im_4.png""]",False
701,Polyester,4,"[""Polyester/701/im_1.png"", ""Polyester/701/im_2.png"", ""Polyester/701/im_3.png"", ""Polyester/701/im_4.png""]",False
702,Polyester,4,"[""Polyester/702/im_1.png"", ""Polyester/702/im_2.png"", ""Polyester/702/im_3.png"", ""Polyester/702/im_4.png""]",False
703,Polyester,4,"[""Polyester/703/im_1.png"", ""Polyester/703/im_2.png"", ""Polyester/703/im_3.png"", ""Polyester/703/im_4.png""]",False
704,Polyester,4,"[""Polyester/704/im_1.png"", ""Polyester/704/im_2.png"", ""Polyester/704/im_3.png"", ""Polyester/704/im_4.png""]",False
705,Polyester,4,"[""Polyester/705/im_1.png"", ""Polyester/705/im_2.png"", ""Polyester/705/im_3.png"", ""Polyester/705/im_4.png""]",False
706,Polyester,4,"[""Polyester/706/im_1.png"", ""Polyester/706/im_2.png"", ""Polyester/706/im_3.png"", ""Polyester/706/im_4.png""]",False
707,Polyester,4,"[""Polyester/707/im_1.png"", ""Polyester/707/im_2.png"", ""Polyester/707/im_3.png"", ""Polyester/707/im_4.png""]",False
708,Polyester,4,"[""Polyester/708/im_1.png"", ""Polyester/708/im_2.png"", ""Polyester/708/im_3.png"", ""Polyester/708/im_4.png""]",False
709,Polyester,4,"[""Polyester/709/im_1.png"", ""Polyester/709/im_2.png"", ""Polyester/709/im_3.png"", ""Polyester/709/im_4.png""]",False
71,Cotton,4,"[""Cotton/71/im_1.png"", ""Cotton/71/im_2.png"", ""Cotton/71/im_3.png"", ""Cotton/71/im_4.png""]",False
710,Polyester,4,"[""Polyester/710/im_1.png"", ""Polyester/710/im_2.png"", ""Polyester/710/im_3.png"", ""Polyester/710/im_4.png""]",False
711,Polyester,4,"[""Polyester/711/im_1.png"", ""Polyester/711/im_2.png"", ""Polyester/711/im_3.png"", ""Polyester/711/im_4.png""]",False
712,Polyester,4,"[""Polyester/712/im_1.png"", ""Polyester/712/im_2.png"", ""Polyester/712/im_3.png"", ""Polyester/712/im_4.png""]",False
713,Polyester,4,"[""Polyester/713/im_1.png"", ""Polyester/713/im_2.png"", ""Polyester/713/im_3.png"", ""Polyester/713/im_4.png""]",False
714,Polyester,4,"[""Polyester/714/im_1.png"", ""Polyester/714/im_2.png"", ""Polyester/714/im_3.png"", ""Polyester/714/im_4.png""]",False
715,Polyester,4,"[""Polyester/715/im_1.png"", ""Polyester/715/im_2.png"", ""Polyester/715/im_3.png"", ""Polyester/715/im_4.png""]",False
72,Cotton,4,"[""Cotton/72/im_1.png"", ""Cotton/72/im_2.png"", ""Cotton/72/im_3.png"", ""Cotton/72/im_4.png""]",False
728,Cotton,4,"[""Cotton/728/im_1.png"", ""Cotton/728/im_2.png"", ""Cotton/728/im_3.png"", ""Cotton/728/im_4.png""]",False
729,Cotton,4,"[""Cotton/729/im_1.png"", ""Cotton/729/im_2.png"", ""Cotton/729/im_3.png"", ""Cotton/729/im_4.png""]",False
73,Cotton,4,"[""Cotton/73/im_1.png"", ""Cotton/73/im_2.png"", ""Cotton/73/im_3.png"", ""Cotton/73/im_4.png""]",False
730,Cotton,4,"[""Cotton/730/im_1.png"", ""Cotton/730/im_2.png"", ""Cotton/730/im_3.png"", ""Cotton/730/im_4.png""]",False
731,Cotton,4,"[""Cotton/731/im_1.png"", ""Cotton/731/im_2.png"", ""Cotton/731/im_3.png"", ""Cotton/731/im_4.png""]",False
732,Cotton,4,"[""Cotton/732/im_1.png"", ""Cotton/732/im_2.png"", ""Cotton/732/im_3.png"", ""Cotton/732/im_4.png""]",False
733,Cotton,4,"[""Cotton/733/im_1.png"", ""Cotton/733/im_2.png"", ""Cotton/733/im_3.png"", ""Cotton/733/im_4.png""]",False
734,Cotton,4,"[""Cotton/734/im_1.png"", ""Cotton/734/im_2.png"", ""Cotton/734/im_3.png"", ""Cotton/734/im_4.png""]",False
735,Cotton,4,"[""Cotton/735/im_1.png"", ""Cotton/735/im_2.png"", ""Cotton/735/im_3.png"", ""Cotton/735/im_4.png""]",False
736,Cotton,4,"[""Cotton/736/im_1.png"", ""Cotton/736/im_2.png"", ""Cotton/736/im_3.png"", ""Cotton/736/im_4.png""]",False
737,Cotton,4,"[""Cotton/737/im_1.png"", ""Cotton/737/im_2.png"", ""Cotton/737/im_3.png"", ""Cotton/737/im_4.png""]",False
738,Cotton,4,"[""Cotton/738/im_1.png"", ""Cotton/738/im_2.png"", ""Cotton/738/im_3.png"", ""Cotton/738/im_4.png""]",False
739,Cotton,4,"[""Cotton/739/im_1.png"", ""Cotton/739/im_2.png"", ""Cotton/739/im_3.png"", ""Cotton/739/im_4.png""]",False
74,Cotton,4,"[""Cotton/74/im_1.png"", ""Cotton/74/im_2.png"", ""Cotton/74/im_3.png"", ""Cotton/74/im_4.png""]",False
740,Cotton,4,"[""Cotton/740/im_1.png"", ""Cotton/740/im_2.png"", ""Cotton/740/im_3.png"", ""Cotton/740/im_4.png""]",False
741,Cotton,4,"[""Cotton/741/im_1.png"", ""Cotton/741/im_2.png"", ""Cotton/741/im_3.png"", ""Cotton/741/im_4.png""]",False
742,Cotton,4,"[""Cotton/742/im_1.png"", ""Cotton/742/im_2.png"", ""Cotton/742/im_3.png"", ""Cotton/742/im_4.png""]",False
743,Cotton,4,"[""Cotton/743/im_1.png"", ""Cotton/743/im_2.png"", ""Cotton/743/im_3.png"", ""Cotton/743/im_4.png""]",False
744,Cotton,4,"[""Cotton/744/im_1.png"", ""Cotton/744/im_2.png"", ""Cotton/744/im_3.png"", ""Cotton/744/im_4.png""]",False
745,Cotton,4,"[""Cotton/745/im_1.png"", ""Cotton/745/im_2.png"", ""Cotton/745/im_3.png"", ""Cotton/745/im_4.png""]",False
746,Cotton,4,"[""Cotton/746/im_1.png"", ""Cotton/746/im_2.png"", ""Cotton/746/im_3.png"", ""Cotton/746/im_4.png""]",False
747,Cotton,4,"[""Cotton/747/im_1.png"", ""Cotton/747/im_2.png"", ""Cotton/747/im_3.png"", ""Cotton/747/im_4.png""]",False
748,Cotton,4,"[""Cotton/748/im_1.png"", ""Cotton/748/im_2.png"", ""Cotton/748/im_3.png"", ""Cotton/748/im_4.png""]",False
749,Cotton,4,"[""Cotton/749/im_1.png"", ""Cotton/749/im_2.png"", ""Cotton/749/im_3.png"", ""Cotton/749/im_4.png""]",False
75,Cotton,4,"[""Cotton/75/im_1.png"", ""Cotton/75/im_2.png"", ""Cotton/75/im_3.png"", ""Cotton/75/im_4.png""]",False
750,Cotton,4,"[""Cotton/750/im_1.png"", ""Cotton/750/im_2.png"", ""Cotton/750/im_3.png"", ""Cotton/750/im_4.png""]",False
751,Cotton,4,"[""Cotton/751/im_1.png"", ""Cotton/751/im_2.png"", ""Cotton/751/im_3.png"", ""Cotton/751/im_4.png""]",False
752,Cotton,4,"[""Cotton/752/im_1.png"", ""Cotton/752/im_2.png"", ""Cotton/752/im_3.png"", ""Cotton/752/im_4.png""]",False
753,Polyester,4,"[""Polyester/753/im_1.png"", ""Polyester/753/im_2.png"", ""Polyester/753/im_3.png"", ""Polyester/753/im_4.png""]",False
755,Polyester,4,"[""Polyester/755/im_1.png"", ""Polyester/755/im_2.png"", ""Polyester/755/im_3.png"", ""Polyester/755/im_4.png""]",False
756,Polyester,4,"[""Polyester/756/im_1.png"", ""Polyester/756/im_2.png"", ""Polyester/756/im_3.png"", ""Polyester/756/im_4.png""]",False
757,Polyester,4,"[""Polyester/757/im_1.png"", ""Polyester/757/im_2.png"", ""Polyester/757/im_3.png"", ""Polyester/757/im_4.png""]",False
758,Polyester,4,"[""Polyester/758/im_1.png"", ""Polyester/758/im_2.png"", ""Polyester/758/im_3.png"", ""Polyester/758/im_4.png""]",False
759,Polyester,4,"[""Polyester/759/im_1.png"", ""Polyester/759/im_2.png"", ""Polyester/759/im_3.png"", ""Polyester/759/im_4.png""]",False
76,Cotton,4,"[""Cotton/76/im_1.png"", ""Cotton/76/im_2.png"", ""Cotton/76/im_3.png"", ""Cotton/76/im_4.png""]",False
760,Polyester,4,"[""Polyester/760/im_1.png"", ""Polyester/760/im_2.png"", ""Polyester/760/im_3.png"", ""Polyester/760/im_4.png""]",False
761,Polyester,4,"[""Polyester/761/im_1.png"", ""Polyester/761/im_2.png"", ""Polyester/761/im_3.png"", ""Polyester/761/im_4.png""]",False
762,Polyester,4,"[""Polyester/762/im_1.png"", ""Polyester/762/im_2.png"", ""Polyester/762/im_3.png"", ""Polyester/762/im_4.png""]",False
763,Polyester,4,"[""Polyester/763/im_1.png"", ""Polyester/763/im_2.png"", ""Polyester/763/im_3.png"", ""Polyester/763/im_4.png""]",False
764,Polyester,4,"[""Polyester/764/im_1.png"", ""Polyester/764/im_2.png"", ""Polyester/764/im_3.png"", ""Polyester/764/im_4.png""]",False
765,Polyester,4,"[""Polyester/765/im_1.png"", ""Polyester/765/im_2.png"", ""Polyester/765/im_3.png"", ""Polyester/765/im_4.png""]",False
766,Polyester,4,"[""Polyester/766/im_1.png"", ""Polyester/766/im_2.png"", ""Polyester/766/im_3.png"", ""Polyester/766/im_4.png""]",False
767,Polyester,4,"[""Polyester/767/im_1.png"", ""Polyester/767/im_2.png"", ""Polyester/767/im_3.png"", ""Polyester/767/im_4.png""]",False
768,Polyester,4,"[""Polyester/768/im_1.png"", ""Polyester/768/im_2.png"", ""Polyester/768/im_3.png"", ""Polyester/768/im_4.png""]",False
769,Polyester,4,"[""Polyester/769/im_1.png"", ""Polyester/769/im_2.png"", ""Polyester/769/im_3.png"", ""Polyester/769/im_4.png""]",False
77,Cotton,4,"[""Cotton/77/im_1.png"", ""Cotton/77/im_2.png"", ""Cotton/77/im_3.png"", ""Cotton/77/im_4.png""]",False
774,Silk,4,"[""Silk/774/im_1.png"", ""Silk/774/im_2.png"", ""Silk/774/im_3.png"", ""Silk/774/im_4.png""]",False
775,Silk,4,"[""Silk/775/im_1.png"", ""Silk/775/im_2.png"", ""Silk/775/im_3.png"", ""Silk/775/im_4.png""]",False
776,Silk,4,"[""Silk/776/im_1.png"", ""Silk/776/im_2.png"", ""Silk/776/im_3.png"", ""Silk/776/im_4.png""]",False
777,Silk,4,"[""Silk/777/im_1.png"", ""Silk/777/im_2.png"", ""Silk/777/im_3.png"", ""Silk/777/im_4.png""]",False
778,Silk,4,"[""Silk/778/im_1.png"", ""Silk/778/im_2.png"", ""Silk/778/im_3.png"", ""Silk/778/im_4.png""]",False
779,Silk,4,"[""Silk/779/im_1.png"", ""Silk/779/im_2.png"", ""Silk/779/im_3.png"", ""Silk/779/im_4.png""]",False
78,Cotton,4,"[""Cotton/78/im_1.png"", ""Cotton/78/im_2.png"", ""Cotton/78/im_3.png"", ""Cotton/78/im_4.png""]",False
780,Silk,4,"[""Silk/780/im_1.png"", ""Silk/780/im_2.png"", ""Silk/780/im_3.png"", ""Silk/780/im_4.png""]",False
781,Silk,4,"[""Silk/781/im_1.png"", ""Silk/781/im_2.png"", ""Silk/781/im_3.png"", ""Silk/781/im_4.png""]",False
782,Silk,4,"[""Silk/782/im_1.png"", ""Silk/782/im_2.png"", ""Silk/782/im_3.png"", ""Silk/782/im_4.png""]",False
783,Silk,4,"[""Silk/783/im_1.png"", ""Silk/783/im_2.png"", ""Silk/783/im_3.png"", ""Silk/783/im_4.png""]",False
784,Silk,4,"[""Silk/784/im_1.png"", ""Silk/784/im_2.png"", ""Silk/784/im_3.png"", ""Silk/784/im_4.png""]",False
8,Cotton,4,"[""Cotton/8/im_1.png"", ""Cotton/8/im_2.png"", ""Cotton/8/im_3.png"", ""Cotton/8/im_4.png""]",False
802,Fleece,4,"[""Fleece/802/im_1.png"", ""Fleece/802/im_2.png"", ""Fleece/802/im_3.png"", ""Fleece/802/im_4.png""]",False
803,Fleece,4,"[""Fleece/803/im_1.png"", ""Fleece/803/im_2.png"", ""Fleece/803/im_3.png"", ""Fleece/803/im_4.png""]",False
804,Fleece,4,"[""Fleece/804/im_1.png"", ""Fleece/804/im_2.png"", ""Fleece/804/im_3.png"", ""Fleece/804/im_4.png""]",False
805,Fleece,4,"[""Fleece/805/im_1.png"", ""Fleece/805/im_2.png"", ""Fleece/805/im_3.png"", ""Fleece/805/im_4.png""]",False
806,Fleece,4,"[""Fleece/806/im_1.png"", ""Fleece/806/im_2.png"", ""Fleece/806/im_3.png"", ""Fleece/806/im_4.png""]",False
808,Wool,4,"[""Wool/808/im_1.png"", ""Wool/808/im_2.png"", ""Wool/808/im_3.png"", ""Wool/808/im_4.png""]",False
809,Wool,4,"[""Wool/809/im_1.png"", ""Wool/809/im_2.png"", ""Wool/809/im_3.png"", ""Wool/809/im_4.png""]",False
811,Wool,4,"[""Wool/811/im_1.png"", ""Wool/811/im_2.png"", ""Wool/811/im_3.png"", ""Wool/811/im_4.png""]",False
817,Wool,4,"[""Wool/817/im_1.png"", ""Wool/817/im_2.png"", ""Wool/817/im_3.png"", ""Wool/817/im_4.png""]",False
818,Wool,4,"[""Wool/818/im_1.png"", ""Wool/818/im_2.png"", ""Wool/818/im_3.png"", ""Wool/818/im_4.png""]",False
819,Viscose,4,"[""Viscose/819/im_1.png"", ""Viscose/819/im_2.png"", ""Viscose/819/im_3.png"", ""Viscose/819/im_4.png""]",False
820,Polyester,4,"[""Polyester/820/im_1.png"", ""Polyester/820/im_2.png"", ""Polyester/820/im_3.png"", ""Polyester/820/im_4.png""]",False
821,Polyester,4,"[""Polyester/821/im_1.png"", ""Polyester/821/im_2.png"", ""Polyester/821/im_3.png"", ""Polyester/821/im_4.png""]",False
823,Silk,4,"[""Silk/823/im_1.png"", ""Silk/823/im_2.png"", ""Silk/823/im_3.png"", ""Silk/823/im_4.png""]",False
824,Silk,4,"[""Silk/824/im_1.png"", ""Silk/824/im_2.png"", ""Silk/824/im_3.png"", ""Silk/824/im_4.png""]",False
825,Wool,4,"[""Wool/825/im_1.png"", ""Wool/825/im_2.png"", ""Wool/825/im_3.png"", ""Wool/825/im_4.png""]",False
826,Wool,4,"[""Wool/826/im_1.png"", ""Wool/826/im_2.png"", ""Wool/826/im_3.png"", ""Wool/826/im_4.png""]",False
832,Cotton,4,"[""Cotton/832/im_1.png"", ""Cotton/832/im_2.png"", ""Cotton/832/im_3.png"", ""Cotton/832/im_4.png""]",False
833,Cotton,4,"[""Cotton/833/im_1.png"", ""Cotton/833/im_2.png"", ""Cotton/833/im_3.png"", ""Cotton/833/im_4.png""]",False
834,Cotton,4,"[""Cotton/834/im_1.png"", ""Cotton/834/im_2.png"", ""Cotton/834/im_3.png"", ""Cotton/834/im_4.png""]",False
835,Cotton,4,"[""Cotton/835/im_1.png"", ""Cotton/835/im_2.png"", ""Cotton/835/im_3.png"", ""Cotton/835/im_4.png""]",False
836,Cotton,4,"[""Cotton/836/im_1.png"", ""Cotton/836/im_2.png"", ""Cotton/836/im_3.png"", ""Cotton/836/im_4.png""]",False
837,Cotton,4,"[""Cotton/837/im_1.png"", ""Cotton/837/im_2.png"", ""Cotton/837/im_3.png"", ""Cotton/837/im_4.png""]",False
838,Cotton,4,"[""Cotton/838/im_1.png"", ""Cotton/838/im_2.png"", ""Cotton/838/im_3.png"", ""Cotton/838/im_4.png""]",False
839,Cotton,4,"[""Cotton/839/im_1.png"", ""Cotton/839/im_2.png"", ""Cotton/839/im_3.png"", ""Cotton/839/im_4.png""]",False
840,Cotton,4,"[""Cotton/840/im_1.png"", ""Cotton/840/im_2.png"", ""Cotton/840/im_3.png"", ""Cotton/840/im_4.png""]",False
841,Cotton,4,"[""Cotton/841/im_1.png"", ""Cotton/841/im_2.png"", ""Cotton/841/im_3.png"", ""Cotton/841/im_4.png""]",False
842,Cotton,4,"[""Cotton/842/im_1.png"", ""Cotton/842/im_2.png"", ""Cotton/842/im_3.png"", ""Cotton/842/im_4.png""]",False
843,Cotton,4,"[""Cotton/843/im_1.png"", ""Cotton/843/im_2.png"", ""Cotton/843/im_3.png"", ""Cotton/843/im_4.png""]",False
844,Cotton,4,"[""Cotton/844/im_1.png"", ""Cotton/844/im_2.png"", ""Cotton/844/im_3.png"", ""Cotton/844/im_4.png""]",False
845,Cotton,4,"[""Cotton/845/im_1.png"", ""Cotton/845/im_2.png"", ""Cotton/845/im_3.png"", ""Cotton/845/im_4.png""]",False
846,Cotton,4,"[""Cotton/846/im_1.png"", ""Cotton/846/im_2.png"", ""Cotton/846/im_3.png"", ""Cotton/846/im_4.png""]",False
847,Cotton,4,"[""Cotton/847/im_1.png"", ""Cotton/847/im_2.png"", ""Cotton/847/im_3.png"", ""Cotton/847/im_4.png""]",False
848,Cotton,4,"[""Cotton/848/im_1.png"", ""Cotton/848/im_2.png"", ""Cotton/848/im_3.png"", ""Cotton/848/im_4.png""]",False
849,Cotton,4,"[""Cotton/849/im_1.png"", ""Cotton/849/im_2.png"", ""Cotton/849/im_3.png"", ""Cotton/849/im_4.png""]",False
850,Cotton,4,"[""Cotton/850/im_1.png"", ""Cotton/850/im_2.png"", ""Cotton/850/im_3.png"", ""Cotton/850/im_4.png""]",False
851,Cotton,4,"[""Cotton/851/im_1.png"", ""Cotton/851/im_2.png"", ""Cotton/851/im_3.png"", ""Cotton/851/im_4.png""]",False
86,Cotton,4,"[""Cotton/86/im_1.png"", ""Cotton/86/im_2.png"", ""Cotton/86/im_3.png"", ""Cotton/86/im_4.png""]",False
869,Polyester,4,"[""Polyester/869/im_1.png"", ""Polyester/869/im_2.png"", ""Polyester/869/im_3.png"", ""Polyester/869/im_4.png""]",False
87,Cotton,4,"[""Cotton/87/im_1.png"", ""Cotton/87/im_2.png"", ""Cotton/87/im_3.png"", ""Cotton/87/im_4.png""]",False
870,Polyester,4,"[""Polyester/870/im_1.png"", ""Polyester/870/im_2.png"", ""Polyester/870/im_3.png"", ""Polyester/870/im_4.png""]",False
871,Polyester,4,"[""Polyester/871/im_1.png"", ""Polyester/871/im_2.png"", ""Polyester/871/im_3.png"", ""Polyester/871/im_4.png""]",False
872,Polyester,4,"[""Polyester/872/im_1.png"", ""Polyester/872/im_2.png"", ""Polyester/872/im_3.png"", ""Polyester/872/im_4.png""]",False
88,Polyester,4,"[""Polyester/88/im_1.png"", ""Polyester/88/im_2.png"", ""Polyester/88/im_3.png"", ""Polyester/88/im_4.png""]",False
89,Polyester,4,"[""Polyester/89/im_1.png"", ""Polyester/89/im_2.png"", ""Polyester/89/im_3.png"", ""Polyester/89/im_4.png""]",False
9,Cotton,4,"[""Cotton/9/im_1.png"", ""Cotton/9/im_2.png"", ""Cotton/9/im_3.png"", ""Cotton/9/im_4.png""]",False
90,Viscose,4,"[""Viscose/90/im_1.png"", ""Viscose/90/im_2.png"", ""Viscose/90/im_3.png"", ""Viscose/90/im_4.png""]",False
903,Polyester,4,"[""Polyester/903/im_1.png"", ""Polyester/903/im_2.png"", ""Polyester/903/im_3.png"", ""Polyester/903/im_4.png""]",False
904,Polyester,4,"[""Polyester/904/im_1.png"", ""Polyester/904/im_2.png"", ""Polyester/904/im_3.png"", ""Polyester/904/im_4.png""]",False
905,Polyester,4,"[""Polyester/905/im_1.png"", ""Polyester/905/im_2.png"", ""Polyester/905/im_3.png"", ""Polyester/905/im_4.png""]",False
906,Polyester,4,"[""Polyester/906/im_1.png"", ""Polyester/906/im_2.png"", ""Polyester/906/im_3.png"", ""Polyester/906/im_4.png""]",False
907,Polyester,4,"[""Polyester/907/im_1.png"", ""Polyester/907/im_2.png"", ""Polyester/907/im_3.png"", ""Polyester/907/im_4.png""]",False
908,Polyester,4,"[""Polyester/908/im_1.png"", ""Polyester/908/im_2.png"", ""Polyester/908/im_3.png"", ""Polyester/908/im_4.png""]",False
909,Polyester,4,"[""Polyester/909/im_1.png"", ""Polyester/909/im_2.png"", ""Polyester/909/im_3.png"", ""Polyester/909/im_4.png""]",False
91,Viscose,4,"[""Viscose/91/im_1.png"", ""Viscose/91/im_2.png"", ""Viscose/91/im_3.png"", ""Viscose/91/im_4.png""]",False
910,Polyester,4,"[""Polyester/910/im_1.png"", ""Polyester/910/im_2.png"", ""Polyester/910/im_3.png"", ""Polyester/910/im_4.png""]",False
911,Polyester,4,"[""Polyester/911/im_1.png"", ""Polyester/911/im_2.png"", ""Polyester/911/im_3.png"", ""Polyester/911/im_4.png""]",False
967,Wool,4,"[""Wool/967/im_1.png"", ""Wool/967/im_2.png"", ""Wool/967/im_3.png"", ""Wool/967/im_4.png""]",False
968,Wool,4,"[""Wool/968/im_1.png"", ""Wool/968/im_2.png"", ""Wool/968/im_3.png"", ""Wool/968/im_4.png""]",False
969,Wool,4,"[""Wool/969/im_1.png"", ""Wool/969/im_2.png"", ""Wool/969/im_3.png"", ""Wool/969/im_4.png""]",False
97,Viscose,4,"[""Viscose/97/im_1.png"", ""Viscose/97/im_2.png"", ""Viscose/97/im_3.png"", ""Viscose/97/im_4.png""]",False
970,Wool,4,"[""Wool/970/im_1.png"", ""Wool/970/im_2.png"", ""Wool/970/im_3.png"", ""Wool/970/im_4.png""]",False
971,Wool,4,"[""Wool/971/im_1.png"", ""Wool/971/im_2.png"", ""Wool/971/im_3.png"", ""Wool/971/im_4.png""]",False
972,Wool,4,"[""Wool/972/im_1.png"", ""Wool/972/im_2.png"", ""Wool/972/im_3.png"", ""Wool/972/im_4.png""]",False
973,Wool,4,"[""Wool/973/im_1.png"", ""Wool/973/im_2.png"", ""Wool/973/im_3.png"", ""Wool/973/im_4.png""]",False
979,Wool,4,"[""Wool/979/im_1.png"", ""Wool/979/im_2.png"", ""Wool/979/im_3.png"", ""Wool/979/im_4.png""]",False
98,Viscose,4,"[""Viscose/98/im_1.png"", ""Viscose/98/im_2.png"", ""Viscose/98/im_3.png"", ""Viscose/98/im_4.png""]",False
980,Wool,4,"[""Wool/980/im_1.png"", ""Wool/980/im_2.png"", ""Wool/980/im_3.png"", ""Wool/980/im_4.png""]",False
981,Wool,4,"[""Wool/981/im_1.png"", ""Wool/981/im_2.png"", ""Wool/981/im_3.png"", ""Wool/981/im_4.png""]",False
983,Wool,4,"[""Wool/983/im_1.png"", ""Wool/983/im_2.png"", ""Wool/983/im_3.png"", ""Wool/983/im_4.png""]",False
984,Wool,4,"[""Wool/984/im_1.png"", ""Wool/984/im_2.png"", ""Wool/984/im_3.png"", ""Wool/984/im_4.png""]",False
985,Wool,4,"[""Wool/985/im_1.png"", ""Wool/985/im_2.png"", ""Wool/985/im_3.png"", ""Wool/985/im_4.png""]",False
986,Wool,4,"[""Wool/986/im_1.png"", ""Wool/986/im_2.png"", ""Wool/986/im_3.png"", ""Wool/986/im_4.png""]",False
987,Wool,4,"[""Wool/987/im_1.png"", ""Wool/987/im_2.png"", ""Wool/987/im_3.png"", ""Wool/987/im_4.png""]",False
988,Wool,4,"[""Wool/988/im_1.png"", ""Wool/988/im_2.png"", ""Wool/988/im_3.png"", ""Wool/988/im_4.png""]",False
99,Cotton,4,"[""Cotton/99/im_1.png"", ""Cotton/99/im_2.png"", ""Cotton/99/im_3.png"", ""Cotton/99/im_4.png""]",False
996,Silk,4,"[""Silk/996/im_1.png"", ""Silk/996/im_2.png"", ""Silk/996/im_3.png"", ""Silk/996/im_4.png""]",False
997,Silk,4,"[""Silk/997/im_1.png"", ""Silk/997/im_2.png"", ""Silk/997/im_3.png"", ""Silk/997/im_4.png""]",False
