duplicate_group_id,duplicate_type,class_name,file_path,hash,perceptual_hash,perceptual_distance,paired_file_path,paired_class_name
NEAR-0001,near,Artificial_fur,Artificial_fur/540/im_4.png,3d4e196d8227f946f5cc426d78a4ccc9dfe0f31a42dd9bc0354741fad403c38f,0782327b2c33b579,6,Artificial_fur/540/im_1.png,Artificial_fur
NEAR-0001,near,Artificial_fur,Artificial_fur/540/im_1.png,3687da306bbae2c552912b79e0d15815df4ae42f01bf48beefa20caadaec1431,0780247b3e33b579,6,Artificial_fur/540/im_4.png,Artificial_fur
NEAR-0002,near,Blended,Blended/1096/im_2.png,ee426399d9750287416f4d56a401c4b1eaf37083fc91992c5f6cb3a076740b05,505b4a6b297d04fc,2,Blended/1096/im_1.png,Blended
NEAR-0002,near,Blended,Blended/1096/im_1.png,a06a6521839e08538f647937f21824ba8f3e3d503fe104c2459589788373fea3,505b4a6b297504fe,2,Blended/1096/im_2.png,Blended
NEAR-0003,near,Blended,Blended/117/im_2.png,5aed9f0133454ea5bd3ac5cc6762b64a3b4c0f81673fa3b67c288e9cf42ae0ed,1287072d94cf5cf4,6,Blended/117/im_1.png,Blended
NEAR-0003,near,Blended,Blended/117/im_1.png,cf523485616c47ba33998ed3f800a21e6338eddf62426ce8fdf6670e2d696cb7,1303272d94cf58f6,6,Blended/117/im_2.png,Blended
NEAR-0004,near,Blended,Blended/117/im_3.png,29d00cbb8787c18f69062ce31e021fa3ba611033528d6daa102f9f21649627ec,5216072d9cce5cf4,6,Blended/117/im_2.png,Blended
NEAR-0004,near,Blended,Blended/117/im_2.png,5aed9f0133454ea5bd3ac5cc6762b64a3b4c0f81673fa3b67c288e9cf42ae0ed,1287072d94cf5cf4,6,Blended/117/im_3.png,Blended
NEAR-0005,near,Blended,Blended/117/im_4.png,dee1e51b0efce98b66b94f0553081b85f63c142994ca9b43b8c9813189872ba6,1216072d9cce5ef2,4,Blended/117/im_3.png,Blended
NEAR-0005,near,Blended,Blended/117/im_3.png,29d00cbb8787c18f69062ce31e021fa3ba611033528d6daa102f9f21649627ec,5216072d9cce5cf4,4,Blended/117/im_4.png,Blended
NEAR-0006,near,Blended,Blended/1534/im_2.png,f33684a67b766f28ddcc959e79884cd395218cf1badcc8233fe3ed96dad5519e,043a0d31a1bf7e36,6,Blended/1534/im_1.png,Blended
NEAR-0006,near,Blended,Blended/1534/im_1.png,cca65601cec4c7fb55661e6da4777ddec7764ebea5e1606328637d31d962e666,04bb0d3120ff7e34,6,Blended/1534/im_2.png,Blended
NEAR-0007,near,Blended,Blended/1544/im_4.png,02b6b41c15edde6878832ca3b16d81a0c1276833a2be5765d431479c1d816a76,080e7c3002f3ef7d,6,Blended/1544/im_1.png,Blended
NEAR-0007,near,Blended,Blended/1544/im_1.png,e0a4083eb98607ce1b51744b2e639d640abcbeecb3fc1acdcdfe6c03f7979f57,104e7c3042f3677d,6,Blended/1544/im_4.png,Blended
NEAR-0008,near,Blended,Blended/1599/im_2.png,42ddc05375bee3824f2e41ba143c3cd398de732520a5e49c9c93a0c500e7e628,13bc21723c28aeeb,4,Blended/1599/im_1.png,Blended
NEAR-0008,near,Blended,Blended/1599/im_1.png,849562b2270b1b541eab320623a7e29ba1c27e082353e786763635b1e558a9e1,13b425523c28afeb,4,Blended/1599/im_2.png,Blended
NEAR-0009,near,Blended,Blended/1675/im_4.png,e5882aeb9ad37ebd8d5cc6d9c9b667e40e452a2ee48a922a855f4f80dff24e71,144e593958f14f55,6,Blended/1675/im_1.png,Blended
NEAR-0009,near,Blended,Blended/1675/im_1.png,4bfc7b16ff3cfd138e9c97cd6beaaddd8cbad08cbbcbce640feb3c005e069ee9,15cc193958f16755,6,Blended/1675/im_4.png,Blended
NEAR-0010,near,Blended,Blended/1893/im_2.png,12b11ce1182ba45ba3fe3cfcc303cf36bd50f86d0f03eaa5cbf5476e91e589a6,0fd06b368562b55a,4,Blended/1893/im_1.png,Blended
NEAR-0010,near,Blended,Blended/1893/im_1.png,1a7e8ef46240081ac2833cd4c3e7134477e33b27690b6ebc1f0e3303b7e86e1c,0fd06f34816ab55a,4,Blended/1893/im_2.png,Blended
NEAR-0011,near,Blended,Blended/1893/im_3.png,516f8f30aaa271b3806e811d3b8b01a1345916552b2d1fc39bc01df750dd7049,4fc07f168562b51a,6,Blended/1893/im_2.png,Blended
NEAR-0011,near,Blended,Blended/1893/im_2.png,12b11ce1182ba45ba3fe3cfcc303cf36bd50f86d0f03eaa5cbf5476e91e589a6,0fd06b368562b55a,6,Blended/1893/im_3.png,Blended
NEAR-0012,near,Blended,Blended/1893/im_4.png,ee1bf8c5ffb642412b956d676f2b2dce110e5f35f1af8b56da9ecf709eb37e67,2fd06f148562b55a,6,Blended/1893/im_3.png,Blended
NEAR-0012,near,Blended,Blended/1893/im_3.png,516f8f30aaa271b3806e811d3b8b01a1345916552b2d1fc39bc01df750dd7049,4fc07f168562b51a,6,Blended/1893/im_4.png,Blended
NEAR-0013,near,Blended,Blended/1893/im_4.png,ee1bf8c5ffb642412b956d676f2b2dce110e5f35f1af8b56da9ecf709eb37e67,2fd06f148562b55a,4,Blended/1893/im_1.png,Blended
NEAR-0013,near,Blended,Blended/1893/im_1.png,1a7e8ef46240081ac2833cd4c3e7134477e33b27690b6ebc1f0e3303b7e86e1c,0fd06f34816ab55a,4,Blended/1893/im_4.png,Blended
NEAR-0014,near,Blended,Blended/1893/im_4.png,ee1bf8c5ffb642412b956d676f2b2dce110e5f35f1af8b56da9ecf709eb37e67,2fd06f148562b55a,4,Blended/1893/im_2.png,Blended
NEAR-0014,near,Blended,Blended/1893/im_2.png,12b11ce1182ba45ba3fe3cfcc303cf36bd50f86d0f03eaa5cbf5476e91e589a6,0fd06b368562b55a,4,Blended/1893/im_4.png,Blended
NEAR-0015,near,Blended,Blended/350/im_2.png,217d4044ad7f71ce9fba73b20452895551185ccfdb9ffc1a2ddbe356f51bbd71,11980d1d76f317ac,6,Blended/350/im_1.png,Blended
NEAR-0015,near,Blended,Blended/350/im_1.png,c47195400a0b8fb789c33003edbcfb1c0341064220f4a094a1350bcb034d8aa4,11982d5d66e917ac,6,Blended/350/im_2.png,Blended
NEAR-0016,near,Blended,Blended/472/im_2.png,ae165f3d57e293341180d547a8537e3fae485016525fd47e1cb7a2b29f188496,03c86cf03e50cd7e,6,Blended/472/im_1.png,Blended
NEAR-0016,near,Blended,Blended/472/im_1.png,a0827c3a67cb25c2dd305e030ba10fb6710891e84f61869a78af4e109230331c,02c868713f51cd7e,6,Blended/472/im_2.png,Blended
NEAR-0017,near,Blended,Blended/558/im_4.png,b0ee65e049c5d3211add1afbbaca959d65d543f4089dc1ba13470da63132b4fa,347062f5de98a178,4,Blended/558/im_1.png,Blended
NEAR-0017,near,Blended,Blended/558/im_1.png,130c038df98a7506c224ebff1e1df9e3ba12f8bc127aa320fdefda73a1998408,347272f5da98a170,4,Blended/558/im_4.png,Blended
NEAR-0018,near,Blended,Blended/881/im_2.png,56d0550b0910b92555cf66048817995f2f858ff66eb321b126c88f96c2a8da0f,40c5af2f64c4963e,4,Blended/881/im_1.png,Blended
NEAR-0018,near,Blended,Blended/881/im_1.png,21941e03aab6552369cdcbdd899bed78c52f1f933b1a7e5cdbe1fed65709acb4,418daf2f64c49636,4,Blended/881/im_2.png,Blended
NEAR-0019,near,Blended,Blended/882/im_2.png,6af6062241c8dbb33f8ec01d3c13484642f4f8ec91d0b519b311a720c798ac08,6205b8e30e38efe2,2,Blended/882/im_1.png,Blended
NEAR-0019,near,Blended,Blended/882/im_1.png,7c9574bfea99d254953926aacd19d5146cdcac204bc52d9af13cb6c2a62a9c4c,6207b8e30e18efe2,2,Blended/882/im_2.png,Blended
NEAR-0020,near,Blended,Blended/882/im_4.png,ffe700683ca57882b5cedeccc48ee4c90136d8295a0ce520125ac27267579311,6207b8e30e18e7e6,4,Blended/882/im_2.png,Blended
NEAR-0020,near,Blended,Blended/882/im_2.png,6af6062241c8dbb33f8ec01d3c13484642f4f8ec91d0b519b311a720c798ac08,6205b8e30e38efe2,4,Blended/882/im_4.png,Blended
NEAR-0021,near,Blended,Blended/882/im_4.png,ffe700683ca57882b5cedeccc48ee4c90136d8295a0ce520125ac27267579311,6207b8e30e18e7e6,2,Blended/882/im_1.png,Blended
NEAR-0021,near,Blended,Blended/882/im_1.png,7c9574bfea99d254953926aacd19d5146cdcac204bc52d9af13cb6c2a62a9c4c,6207b8e30e18efe2,2,Blended/882/im_4.png,Blended
NEAR-0022,near,Blended,Blended/92/im_4.png,a4a7a69555492d0b46c93d9b56829016ed9348d6c7f83b81c100aa643b1b1a00,12686c563b8d1b7c,6,Blended/92/im_1.png,Blended
NEAR-0022,near,Blended,Blended/92/im_1.png,10b5c37234732c82e095aa7fabf0601369f0e04dcfe0bab54c19e4cb28db2de9,12682c767a8d9b3c,6,Blended/92/im_4.png,Blended
NEAR-0023,near,Blended,Blended/93/im_2.png,31b8587e77af5ac8f831018d6c15242621323bc9caca6a7f04f25f9683441e26,35edd286183af870,2,Blended/93/im_1.png,Blended
NEAR-0023,near,Blended,Blended/93/im_1.png,3f37d690962653f14a60167d87bcdd2344085f7bb960cb7d3a8cc1715eaefc49,35edd2869832f870,2,Blended/93/im_2.png,Blended
NEAR-0024,near,Blended,Blended/93/im_3.png,e729dde5ed6b4779fc89c7274e753ce430e0ffbbec2d471c03f201adbc3d085a,35edd386183a7870,2,Blended/93/im_2.png,Blended
NEAR-0024,near,Blended,Blended/93/im_2.png,31b8587e77af5ac8f831018d6c15242621323bc9caca6a7f04f25f9683441e26,35edd286183af870,2,Blended/93/im_3.png,Blended
NEAR-0025,near,Blended,Blended/93/im_3.png,e729dde5ed6b4779fc89c7274e753ce430e0ffbbec2d471c03f201adbc3d085a,35edd386183a7870,4,Blended/93/im_1.png,Blended
NEAR-0025,near,Blended,Blended/93/im_1.png,3f37d690962653f14a60167d87bcdd2344085f7bb960cb7d3a8cc1715eaefc49,35edd2869832f870,4,Blended/93/im_3.png,Blended
NEAR-0026,near,Blended,Blended/93/im_4.png,71cdea9e9294acad9b5da032126b3673453b29f47ca9a51356e0dc946e8e03cc,356dd2861876f870,6,Blended/93/im_3.png,Blended
NEAR-0026,near,Blended,Blended/93/im_3.png,e729dde5ed6b4779fc89c7274e753ce430e0ffbbec2d471c03f201adbc3d085a,35edd386183a7870,6,Blended/93/im_4.png,Blended
NEAR-0027,near,Blended,Blended/93/im_4.png,71cdea9e9294acad9b5da032126b3673453b29f47ca9a51356e0dc946e8e03cc,356dd2861876f870,4,Blended/93/im_2.png,Blended
NEAR-0027,near,Blended,Blended/93/im_2.png,31b8587e77af5ac8f831018d6c15242621323bc9caca6a7f04f25f9683441e26,35edd286183af870,4,Blended/93/im_4.png,Blended
NEAR-0028,near,Blended,Blended/93/im_4.png,71cdea9e9294acad9b5da032126b3673453b29f47ca9a51356e0dc946e8e03cc,356dd2861876f870,4,Blended/93/im_1.png,Blended
NEAR-0028,near,Blended,Blended/93/im_1.png,3f37d690962653f14a60167d87bcdd2344085f7bb960cb7d3a8cc1715eaefc49,35edd2869832f870,4,Blended/93/im_4.png,Blended
NEAR-0029,near,Blended,Blended/96/im_2.png,d2eb98a0b27348e8522c7c7b54cffd3cbde67eed6e838620bcec09b5480e529d,22e86aaa565555d5,2,Blended/96/im_1.png,Blended
NEAR-0029,near,Blended,Blended/96/im_1.png,9ec506c972ae02dd841b5ba56bf90817186c9f4735cbddfcf695f60c526856fe,22e86aea56555555,2,Blended/96/im_2.png,Blended
NEAR-0030,near,Blended,Blended/96/im_3.png,746bce10ead589329f3d0b9755023563beff8480897fafcd0fb86bc82faab495,62e86aea5e555550,4,Blended/96/im_1.png,Blended
NEAR-0030,near,Blended,Blended/96/im_1.png,9ec506c972ae02dd841b5ba56bf90817186c9f4735cbddfcf695f60c526856fe,22e86aea56555555,4,Blended/96/im_3.png,Blended
NEAR-0031,near,Blended,Blended/96/im_3.png,746bce10ead589329f3d0b9755023563beff8480897fafcd0fb86bc82faab495,62e86aea5e555550,6,Blended/96/im_2.png,Blended
NEAR-0031,near,Blended,Blended/96/im_2.png,d2eb98a0b27348e8522c7c7b54cffd3cbde67eed6e838620bcec09b5480e529d,22e86aaa565555d5,6,Blended/96/im_3.png,Blended
NEAR-0032,near,Blended,Blended/96/im_4.png,a38987d380acd993296cd1d250029964eeda2a4c1d6b4df2366f4a6c2ac111fc,22686aea5b555555,4,Blended/96/im_1.png,Blended
NEAR-0032,near,Blended,Blended/96/im_1.png,9ec506c972ae02dd841b5ba56bf90817186c9f4735cbddfcf695f60c526856fe,22e86aea56555555,4,Blended/96/im_4.png,Blended
NEAR-0033,near,Blended,Blended/96/im_4.png,a38987d380acd993296cd1d250029964eeda2a4c1d6b4df2366f4a6c2ac111fc,22686aea5b555555,6,Blended/96/im_3.png,Blended
NEAR-0033,near,Blended,Blended/96/im_3.png,746bce10ead589329f3d0b9755023563beff8480897fafcd0fb86bc82faab495,62e86aea5e555550,6,Blended/96/im_4.png,Blended
NEAR-0034,near,Blended,Blended/96/im_4.png,a38987d380acd993296cd1d250029964eeda2a4c1d6b4df2366f4a6c2ac111fc,22686aea5b555555,6,Blended/96/im_2.png,Blended
NEAR-0034,near,Blended,Blended/96/im_2.png,d2eb98a0b27348e8522c7c7b54cffd3cbde67eed6e838620bcec09b5480e529d,22e86aaa565555d5,6,Blended/96/im_4.png,Blended
NEAR-0035,near,Blended,Blended/960/im_3.png,4ba889fd2d9afe3ea61235c4c32baae633f6bcd8c8fd397b8b2948ec18c15699,4b9172e650b82f99,6,Blended/960/im_2.png,Blended
NEAR-0035,near,Blended,Blended/960/im_2.png,28d341d5838b48ba633bb4efaa2ca2e58d48c48e714003a086a55fd86552ca89,0b9372a7d0b82f89,6,Blended/960/im_3.png,Blended
NEAR-0036,near,Blended,Blended/961/im_4.png,22faa2c18d187b0cafeb37487a90608c09cfd7312545559f2807f9f132dd75aa,097819c6a9acd61f,6,Blended/961/im_3.png,Blended
NEAR-0036,near,Blended,Blended/961/im_3.png,f76b127516a6cfce1e7e25e3f75c41136c441a5af14dd91f07fe939c85850fe4,496919c6a9bcd21b,6,Blended/961/im_4.png,Blended
NEAR-0037,near,Chenille,Chenille/862/im_2.png,56dc442f4a2a63a84c4ddfe7482d474f98ce938b0b93e459fc930f75a0f60e8d,1c9c3e1c1c4f0f87,4,Chenille/862/im_1.png,Chenille
NEAR-0037,near,Chenille,Chenille/862/im_1.png,e7e7208656f7d8d3b9d3571a19a8cd71b7e675ddf237b9c1519da326d72be8b5,1c3c3e1c1c4f4787,4,Chenille/862/im_2.png,Chenille
NEAR-0038,near,Chenille,Chenille/862/im_3.png,6768d79d7222bda8c2d4cccd3bdbe25a45cb3421ee9953c41a656f6ef685ca60,5c3c3c3c1e0f0787,6,Chenille/862/im_1.png,Chenille
NEAR-0038,near,Chenille,Chenille/862/im_1.png,e7e7208656f7d8d3b9d3571a19a8cd71b7e675ddf237b9c1519da326d72be8b5,1c3c3e1c1c4f4787,6,Chenille/862/im_3.png,Chenille
NEAR-0039,near,Chenille,Chenille/862/im_4.png,3d9712b593a87cc818b139e5b9f096a72d143a605e2585f663b3dd9b65ef8cb9,1c3c3e3c1c0f4787,2,Chenille/862/im_1.png,Chenille
NEAR-0039,near,Chenille,Chenille/862/im_1.png,e7e7208656f7d8d3b9d3571a19a8cd71b7e675ddf237b9c1519da326d72be8b5,1c3c3e1c1c4f4787,2,Chenille/862/im_4.png,Chenille
NEAR-0040,near,Chenille,Chenille/862/im_4.png,3d9712b593a87cc818b139e5b9f096a72d143a605e2585f663b3dd9b65ef8cb9,1c3c3e3c1c0f4787,6,Chenille/862/im_2.png,Chenille
NEAR-0040,near,Chenille,Chenille/862/im_2.png,56dc442f4a2a63a84c4ddfe7482d474f98ce938b0b93e459fc930f75a0f60e8d,1c9c3e1c1c4f0f87,6,Chenille/862/im_4.png,Chenille
NEAR-0041,near,Chenille,Chenille/862/im_4.png,3d9712b593a87cc818b139e5b9f096a72d143a605e2585f663b3dd9b65ef8cb9,1c3c3e3c1c0f4787,4,Chenille/862/im_3.png,Chenille
NEAR-0041,near,Chenille,Chenille/862/im_3.png,6768d79d7222bda8c2d4cccd3bdbe25a45cb3421ee9953c41a656f6ef685ca60,5c3c3c3c1e0f0787,4,Chenille/862/im_4.png,Chenille
NEAR-0042,near,Cotton,Cotton/10/im_4.png,6b3224a44743d72ccf3373c506dde99e9214fa24a98157eb432a4839c963d706,027bb6b1cab1e059,6,Cotton/10/im_1.png,Cotton
NEAR-0042,near,Cotton,Cotton/10/im_1.png,5b588cb5fe63b99f31a550d880f0e0ca6f9c1ff887537d9324b30d8dddd702a6,0679b6e1c8f1e059,6,Cotton/10/im_4.png,Cotton
NEAR-0043,near,Cotton,Cotton/100/im_2.png,263857c90660bdbe14823cc6b086793a1f7677d4f8771c2d287c4cfaa29ae7a4,072747a5525a387e,2,Cotton/100/im_1.png,Cotton
NEAR-0043,near,Cotton,Cotton/100/im_1.png,acc5f3e14965f1b69c0e5c7bc39e76ab70d508db581e6e138c1fb6f09b0ca240,07274725525a787e,2,Cotton/100/im_2.png,Cotton
NEAR-0044,near,Cotton,Cotton/100/im_3.png,69948fddeab7dd55b4fa04ce39d187b629f98c1ebe183704c44934bc01c729bf,47274125725a3c7e,6,Cotton/100/im_1.png,Cotton
NEAR-0044,near,Cotton,Cotton/100/im_1.png,acc5f3e14965f1b69c0e5c7bc39e76ab70d508db581e6e138c1fb6f09b0ca240,07274725525a787e,6,Cotton/100/im_3.png,Cotton
NEAR-0045,near,Cotton,Cotton/100/im_3.png,69948fddeab7dd55b4fa04ce39d187b629f98c1ebe183704c44934bc01c729bf,47274125725a3c7e,6,Cotton/100/im_2.png,Cotton
NEAR-0045,near,Cotton,Cotton/100/im_2.png,263857c90660bdbe14823cc6b086793a1f7677d4f8771c2d287c4cfaa29ae7a4,072747a5525a387e,6,Cotton/100/im_3.png,Cotton
NEAR-0046,near,Cotton,Cotton/100/im_4.png,961138b1af839f4799eeb7d4c4d8128d2bffcf52f964bf3efd45fe8d0721e657,0727c325525a3c7e,4,Cotton/100/im_1.png,Cotton
NEAR-0046,near,Cotton,Cotton/100/im_1.png,acc5f3e14965f1b69c0e5c7bc39e76ab70d508db581e6e138c1fb6f09b0ca240,07274725525a787e,4,Cotton/100/im_4.png,Cotton
NEAR-0047,near,Cotton,Cotton/100/im_4.png,961138b1af839f4799eeb7d4c4d8128d2bffcf52f964bf3efd45fe8d0721e657,0727c325525a3c7e,4,Cotton/100/im_3.png,Cotton
NEAR-0047,near,Cotton,Cotton/100/im_3.png,69948fddeab7dd55b4fa04ce39d187b629f98c1ebe183704c44934bc01c729bf,47274125725a3c7e,4,Cotton/100/im_4.png,Cotton
NEAR-0048,near,Cotton,Cotton/100/im_4.png,961138b1af839f4799eeb7d4c4d8128d2bffcf52f964bf3efd45fe8d0721e657,0727c325525a3c7e,4,Cotton/100/im_2.png,Cotton
NEAR-0048,near,Cotton,Cotton/100/im_2.png,263857c90660bdbe14823cc6b086793a1f7677d4f8771c2d287c4cfaa29ae7a4,072747a5525a387e,4,Cotton/100/im_4.png,Cotton
NEAR-0049,near,Cotton,Cotton/1125/im_2.png,65ca9750df3c29be0d7f78fc873bd50773de442bc6fd616a4c322ae7397fd72b,0b8d69534262b73b,6,Cotton/1125/im_1.png,Cotton
NEAR-0049,near,Cotton,Cotton/1125/im_1.png,b870e6bc66b95c8aef7fdedaa018d80eff6d209b9d671d553c072075906a0f80,498d6953c2e0b73a,6,Cotton/1125/im_2.png,Cotton
NEAR-0050,near,Cotton,Cotton/1126/im_3.png,70c3067e4d9821d719cc316f49bc2a92c0748e3c29e20c51dd3342c6c0ddd462,43d93c073d6249cb,6,Cotton/1126/im_2.png,Cotton
NEAR-0050,near,Cotton,Cotton/1126/im_2.png,6d0d1d9657e0151708303b0850695dc9e33f5ffd1d7919b6dfaa2828e4cd4ac2,02993c073d634deb,6,Cotton/1126/im_3.png,Cotton
NEAR-0051,near,Cotton,Cotton/1194/im_2.png,8f82c392386db9ca524fcc31002917926c17d67e2b3ba1b6fd00d462c911c616,01fc0704ff07f80f,6,Cotton/1194/im_1.png,Cotton
NEAR-0051,near,Cotton,Cotton/1194/im_1.png,f52c8d275a830216c83e99a2f0443ab49b76b2600ce4629cc42711da2e6327a9,07fc0702ff03f807,6,Cotton/1194/im_2.png,Cotton
NEAR-0052,near,Cotton,Cotton/1194/im_4.png,a0bc70f106640aba8284a3563fb646b302036e9b0ff836d34d137b1b594f599b,037a0713ff03f807,6,Cotton/1194/im_1.png,Cotton
NEAR-0052,near,Cotton,Cotton/1194/im_1.png,f52c8d275a830216c83e99a2f0443ab49b76b2600ce4629cc42711da2e6327a9,07fc0702ff03f807,6,Cotton/1194/im_4.png,Cotton
NEAR-0053,near,Cotton,Cotton/1195/im_4.png,b0b447558501292692a08137722fdbbe816a9f259eabcaee84d42862d17de7d9,193f78e0670260fe,4,Cotton/1195/im_3.png,Cotton
NEAR-0053,near,Cotton,Cotton/1195/im_3.png,48922270e2900dde7dd342fee67f29c8d1ee575594a45af66d28b357c4bd9146,593e70e0670260ff,4,Cotton/1195/im_4.png,Cotton
NEAR-0054,near,Cotton,Cotton/1196/im_2.png,047b533f0786594fcac3a9be23539ef5ceb1678093b2a70bd26faf935d95b154,49f6c9e2c6c1c689,6,Cotton/1196/im_1.png,Cotton
NEAR-0054,near,Cotton,Cotton/1196/im_1.png,26842afe60a9dd7ac52356e54b423f1052f36759430c17ca7a16f10e2428e6f1,09f6cbe2c760c689,6,Cotton/1196/im_2.png,Cotton
NEAR-0055,near,Cotton,Cotton/1196/im_3.png,f1464653698b897ccd9a37b0ed18430738f7bf873bd67ce26dbe9cca615488fb,5d76cbe2c660c609,6,Cotton/1196/im_1.png,Cotton
NEAR-0055,near,Cotton,Cotton/1196/im_1.png,26842afe60a9dd7ac52356e54b423f1052f36759430c17ca7a16f10e2428e6f1,09f6cbe2c760c689,6,Cotton/1196/im_3.png,Cotton
NEAR-0056,near,Cotton,Cotton/1196/im_4.png,deaf5e6bdd0278cf7095cb89c49b05873aae53470e6f2c3f40255f71097fb50b,4976c972c770c689,6,Cotton/1196/im_1.png,Cotton
NEAR-0056,near,Cotton,Cotton/1196/im_1.png,26842afe60a9dd7ac52356e54b423f1052f36759430c17ca7a16f10e2428e6f1,09f6cbe2c760c689,6,Cotton/1196/im_4.png,Cotton
NEAR-0057,near,Cotton,Cotton/1211/im_2.png,f0d049614933984c9a3daf20e7458e514d7df802eb962fae720788a98d0291d3,7f03601f603fe00f,6,Cotton/1211/im_1.png,Cotton
NEAR-0057,near,Cotton,Cotton/1211/im_1.png,0767d337ad2a8306d1eb20d253f73a4f9ecf970d1665ef642eefa3bfea73a34c,7e03e05f407fc00f,6,Cotton/1211/im_2.png,Cotton
NEAR-0058,near,Cotton,Cotton/1211/im_3.png,531cb59b2948ce292169a87de7efd418ed308f1b2cecdd40c8b5f8c17e8dfe11,7f01207f703fe007,6,Cotton/1211/im_2.png,Cotton
NEAR-0058,near,Cotton,Cotton/1211/im_2.png,f0d049614933984c9a3daf20e7458e514d7df802eb962fae720788a98d0291d3,7f03601f603fe00f,6,Cotton/1211/im_3.png,Cotton
NEAR-0059,near,Cotton,Cotton/1211/im_4.png,6b207f751c7e18cc65b3dc61289bab196d59303d3e86f906f5bbe6cf51716761,7f03607fc03fc007,6,Cotton/1211/im_2.png,Cotton
NEAR-0059,near,Cotton,Cotton/1211/im_2.png,f0d049614933984c9a3daf20e7458e514d7df802eb962fae720788a98d0291d3,7f03601f603fe00f,6,Cotton/1211/im_4.png,Cotton
NEAR-0060,near,Cotton,Cotton/1211/im_4.png,6b207f751c7e18cc65b3dc61289bab196d59303d3e86f906f5bbe6cf51716761,7f03607fc03fc007,6,Cotton/1211/im_1.png,Cotton
NEAR-0060,near,Cotton,Cotton/1211/im_1.png,0767d337ad2a8306d1eb20d253f73a4f9ecf970d1665ef642eefa3bfea73a34c,7e03e05f407fc00f,6,Cotton/1211/im_4.png,Cotton
NEAR-0061,near,Cotton,Cotton/1211/im_4.png,6b207f751c7e18cc65b3dc61289bab196d59303d3e86f906f5bbe6cf51716761,7f03607fc03fc007,6,Cotton/1211/im_3.png,Cotton
NEAR-0061,near,Cotton,Cotton/1211/im_3.png,531cb59b2948ce292169a87de7efd418ed308f1b2cecdd40c8b5f8c17e8dfe11,7f01207f703fe007,6,Cotton/1211/im_4.png,Cotton
NEAR-0062,near,Cotton,Cotton/1239/im_4.png,ca69fd3ccd0b21f7e7ec640bfd7f623a78f9915944752c9fbfa846c3d4d5509d,151751ca8a9db43d,6,Cotton/1239/im_1.png,Cotton
NEAR-0062,near,Cotton,Cotton/1239/im_1.png,a25092f535ea2d3ef14cddfac5bcd7ed79a7467f2936d6273b035cef6068cf37,15b7514a82dcb43d,6,Cotton/1239/im_4.png,Cotton
NEAR-0063,near,Cotton,Cotton/1241/im_4.png,928152540e4142958c66b907da4cb55b518d5d6fecec333059fc1e4a90b59d5a,017e6393445f1727,4,Cotton/1241/im_1.png,Cotton
NEAR-0063,near,Cotton,Cotton/1241/im_1.png,e19650323d8aa95afe5fe01715804cfd2eabc5e499f161c30f255e35cced0f0a,017e639704df1627,4,Cotton/1241/im_4.png,Cotton
NEAR-0064,near,Cotton,Cotton/125/im_4.png,8879e529534718bc3d83312f544a209c54f5e51c26da3cfb12ddb0017b0c41e6,0626df99c3736216,4,Cotton/125/im_1.png,Cotton
NEAR-0064,near,Cotton,Cotton/125/im_1.png,8e8784f2af094c0aa51fa64158367e41717b58cae98e22acc01e238875b3ce12,0666db99c363621e,4,Cotton/125/im_4.png,Cotton
NEAR-0065,near,Cotton,Cotton/1274/im_2.png,995ae60d8d3dbf5dd202a91b2be2e343d3e7616471522491bfc796f05bf49e66,19b35e6a6d156622,6,Cotton/1274/im_1.png,Cotton
NEAR-0065,near,Cotton,Cotton/1274/im_1.png,9e126b082422b704ac52561e99a87191bbd708c8bcd003067f284acb235e7ede,19b3d66a4d354626,6,Cotton/1274/im_2.png,Cotton
NEAR-0066,near,Cotton,Cotton/1274/im_4.png,6a1d351c7c92f20a990da28733d04be05a93ff79b4bba241b9264a9ec42bf678,193356aa4f354636,6,Cotton/1274/im_1.png,Cotton
NEAR-0066,near,Cotton,Cotton/1274/im_1.png,9e126b082422b704ac52561e99a87191bbd708c8bcd003067f284acb235e7ede,19b3d66a4d354626,6,Cotton/1274/im_4.png,Cotton
NEAR-0067,near,Cotton,Cotton/1275/im_2.png,de20add49da1ecb516b1b3dfde288de31c0e271549520f8eb2b3f4f80473337b,078018f7477b38ce,4,Cotton/1275/im_1.png,Cotton
NEAR-0067,near,Cotton,Cotton/1275/im_1.png,d4d62227e4d19cfd131d2a4cb3a695803a8fa161ebb75ddc3452fa8b2a07cd82,0f0018ff477a38ce,4,Cotton/1275/im_2.png,Cotton
NEAR-0068,near,Cotton,Cotton/1281/im_2.png,41fbfff0bcf41ae7b842b4ee6b94913ebc1a85c0cc9c4671469e0313432f21c4,4595643d595b8e49,6,Cotton/1281/im_1.png,Cotton
NEAR-0068,near,Cotton,Cotton/1281/im_1.png,73398e6610dc70e11fdc721ef0e246d3e80488fbe7312c3090242e8698648d23,0595653d595b0a6d,6,Cotton/1281/im_2.png,Cotton
NEAR-0069,near,Cotton,Cotton/1281/im_3.png,e25b1bafe05286e4cb5125d1dd29ddf2b47b5f4fdaab7db9d0bef05a004916b5,4595643d195b0ecd,6,Cotton/1281/im_1.png,Cotton
NEAR-0069,near,Cotton,Cotton/1281/im_1.png,73398e6610dc70e11fdc721ef0e246d3e80488fbe7312c3090242e8698648d23,0595653d595b0a6d,6,Cotton/1281/im_3.png,Cotton
NEAR-0070,near,Cotton,Cotton/1281/im_3.png,e25b1bafe05286e4cb5125d1dd29ddf2b47b5f4fdaab7db9d0bef05a004916b5,4595643d195b0ecd,4,Cotton/1281/im_2.png,Cotton
NEAR-0070,near,Cotton,Cotton/1281/im_2.png,41fbfff0bcf41ae7b842b4ee6b94913ebc1a85c0cc9c4671469e0313432f21c4,4595643d595b8e49,4,Cotton/1281/im_3.png,Cotton
NEAR-0071,near,Cotton,Cotton/1281/im_4.png,ad8adf9ca985c4c5685137ae3867498341b89ed517593ea6027927dfe7761b5e,0795653d515b0e8d,6,Cotton/1281/im_3.png,Cotton
NEAR-0071,near,Cotton,Cotton/1281/im_3.png,e25b1bafe05286e4cb5125d1dd29ddf2b47b5f4fdaab7db9d0bef05a004916b5,4595643d195b0ecd,6,Cotton/1281/im_4.png,Cotton
NEAR-0072,near,Cotton,Cotton/1281/im_4.png,ad8adf9ca985c4c5685137ae3867498341b89ed517593ea6027927dfe7761b5e,0795653d515b0e8d,6,Cotton/1281/im_1.png,Cotton
NEAR-0072,near,Cotton,Cotton/1281/im_1.png,73398e6610dc70e11fdc721ef0e246d3e80488fbe7312c3090242e8698648d23,0595653d595b0a6d,6,Cotton/1281/im_4.png,Cotton
NEAR-0073,near,Cotton,Cotton/1285/im_4.png,1ee0a54d89104a5ca606c53381593218e154bdfa8ff44d10a2c5001f5d091216,154a67f2499c72a5,6,Cotton/1285/im_1.png,Cotton
NEAR-0073,near,Cotton,Cotton/1285/im_1.png,f8d6c5253c6dd8b33ac191079edc717a23256b88f6e4f49d32eef2ee0c6bcc1a,15c067f249dc72ac,6,Cotton/1285/im_4.png,Cotton
NEAR-0074,near,Cotton,Cotton/1382/im_2.png,d7d664c1e8f6ccc91a029a5e905003668ef11dbbd6dfb45561f80cf386c9da8a,2585417fd05d72c6,6,Cotton/1382/im_1.png,Cotton
NEAR-0074,near,Cotton,Cotton/1382/im_1.png,c2c83cb26709a5abf86092847f5861062fb1945ee98b6d082a116bb6740df3eb,2585437f705d7226,6,Cotton/1382/im_2.png,Cotton
NEAR-0075,near,Cotton,Cotton/1384/im_2.png,704493e01cb49b349fa728d1ed15cb85ed288a425319980da124bd6cf0cbae13,1f9271e615298d9a,6,Cotton/1384/im_1.png,Cotton
NEAR-0075,near,Cotton,Cotton/1384/im_1.png,b56005c63d1fb84b33b9ebcc9ee76027156169ee80a4ab1736eb0d895f9e2223,3b9271e6152b8798,6,Cotton/1384/im_2.png,Cotton
NEAR-0076,near,Cotton,Cotton/1398/im_2.png,0a55d2324899cb6e38e50c7ca298b9d30e2b7d1f38f625bc6ffba712a1967507,11e5705f615cee88,6,Cotton/1398/im_1.png,Cotton
NEAR-0076,near,Cotton,Cotton/1398/im_1.png,04036ba7b70518b8adfea1ee285042bbe0b5f069ca8f775d07a080cbee972493,19e5f05f415cef00,6,Cotton/1398/im_2.png,Cotton
NEAR-0077,near,Cotton,Cotton/1481/im_2.png,533f95f7e1a7e6325209a898829823595f1671d55507ae39d2968e7f7780567c,07fc19e13894ea33,6,Cotton/1481/im_1.png,Cotton
NEAR-0077,near,Cotton,Cotton/1481/im_1.png,eea37eedd0dcd96c53d03b2b7c46560f18374cfc18974cc300e4e816caeb7488,07fc19c168976a33,6,Cotton/1481/im_2.png,Cotton
NEAR-0078,near,Cotton,Cotton/1482/im_2.png,665ee212158cbf10d117b71ec858cf15499dfcbbd6c0e5f1e82c738b26e9787b,419d356b3163466d,4,Cotton/1482/im_1.png,Cotton
NEAR-0078,near,Cotton,Cotton/1482/im_1.png,5b8b1164a806e5bfae0bb4d32f2c9d383361f2c0b01011a1b290e5e712c668d8,109d35eb3163466d,4,Cotton/1482/im_2.png,Cotton
NEAR-0079,near,Cotton,Cotton/1482/im_3.png,50aeebe351d09001362269c34194c379d66e0beb6de77cc34071781494370f9e,511d356931634e6d,6,Cotton/1482/im_1.png,Cotton
NEAR-0079,near,Cotton,Cotton/1482/im_1.png,5b8b1164a806e5bfae0bb4d32f2c9d383361f2c0b01011a1b290e5e712c668d8,109d35eb3163466d,6,Cotton/1482/im_3.png,Cotton
NEAR-0080,near,Cotton,Cotton/1482/im_3.png,50aeebe351d09001362269c34194c379d66e0beb6de77cc34071781494370f9e,511d356931634e6d,4,Cotton/1482/im_2.png,Cotton
NEAR-0080,near,Cotton,Cotton/1482/im_2.png,665ee212158cbf10d117b71ec858cf15499dfcbbd6c0e5f1e82c738b26e9787b,419d356b3163466d,4,Cotton/1482/im_3.png,Cotton
NEAR-0081,near,Cotton,Cotton/1496/im_2.png,b528f0662d934aa06d7ef7f5ecf8bbb953134763122450865b889ba8f5291745,63f068c3d13f5e10,4,Cotton/1496/im_1.png,Cotton
NEAR-0081,near,Cotton,Cotton/1496/im_1.png,53f62ee1d9b75695ffd7ad3cec08f799710018942a489154fffc1469242fcd95,63f068c3d33f1611,4,Cotton/1496/im_2.png,Cotton
NEAR-0082,near,Cotton,Cotton/1496/im_3.png,ab729eb3af5c2ed65728d1e178fad8f8e85e594fd84c8e6adebe5feedb80be41,63f060c3c13f1f15,6,Cotton/1496/im_1.png,Cotton
NEAR-0082,near,Cotton,Cotton/1496/im_1.png,53f62ee1d9b75695ffd7ad3cec08f799710018942a489154fffc1469242fcd95,63f068c3d33f1611,6,Cotton/1496/im_3.png,Cotton
NEAR-0083,near,Cotton,Cotton/1496/im_3.png,ab729eb3af5c2ed65728d1e178fad8f8e85e594fd84c8e6adebe5feedb80be41,63f060c3c13f1f15,6,Cotton/1496/im_2.png,Cotton
NEAR-0083,near,Cotton,Cotton/1496/im_2.png,b528f0662d934aa06d7ef7f5ecf8bbb953134763122450865b889ba8f5291745,63f068c3d13f5e10,6,Cotton/1496/im_3.png,Cotton
NEAR-0084,near,Cotton,Cotton/1497/im_2.png,51c46af9cc22eaa70a4990e593bd6f15239a3a7b24de4e8cc629ec8fd60d62a0,7fe04ffd50fd0000,4,Cotton/1497/im_1.png,Cotton
NEAR-0084,near,Cotton,Cotton/1497/im_1.png,71732e6702563bf876bf5d4d9b77a565491c817f15cff4358b94ba6a00969a87,3fe14f7d50fd0008,4,Cotton/1497/im_2.png,Cotton
NEAR-0085,near,Cotton,Cotton/1500/im_2.png,7224ff43f46bbf3aa61dba5053787479f9150b489c8bea410dee6c11e817497b,05994eb75b8eb242,6,Cotton/1500/im_1.png,Cotton
NEAR-0085,near,Cotton,Cotton/1500/im_1.png,3bc1d3fb72f751ba9677b74b368b6cfc3b09e0eef0cd515e1f528eddeddb0a15,159d6cb75b8ca242,6,Cotton/1500/im_2.png,Cotton
NEAR-0086,near,Cotton,Cotton/1505/im_2.png,a72f1f528a503190f3605053b41325cf36177c46f0384e00ffb811727bd9433d,14b56d9b4a6c5a1a,2,Cotton/1505/im_1.png,Cotton
NEAR-0086,near,Cotton,Cotton/1505/im_1.png,76a29dddf21ec5783118b371c34db74a0d948ebc3e3eb72324dcab93e42b4c4f,14b52d9b4a6c5a9a,2,Cotton/1505/im_2.png,Cotton
NEAR-0087,near,Cotton,Cotton/1505/im_4.png,7ece3a8311c71a757ec64a2f8fd832e2d1c6fac361bc190d68ddccfd03757631,15352d935a6c4ada,4,Cotton/1505/im_3.png,Cotton
NEAR-0087,near,Cotton,Cotton/1505/im_3.png,a39dc084e2e3971831f0f498a3f7f98cbb8da7598fb3a2459c6b6cfe2d2e6cb1,55352d935a6e4a92,4,Cotton/1505/im_4.png,Cotton
NEAR-0088,near,Cotton,Cotton/1505/im_4.png,7ece3a8311c71a757ec64a2f8fd832e2d1c6fac361bc190d68ddccfd03757631,15352d935a6c4ada,6,Cotton/1505/im_1.png,Cotton
NEAR-0088,near,Cotton,Cotton/1505/im_1.png,76a29dddf21ec5783118b371c34db74a0d948ebc3e3eb72324dcab93e42b4c4f,14b52d9b4a6c5a9a,6,Cotton/1505/im_4.png,Cotton
NEAR-0089,near,Cotton,Cotton/1506/im_2.png,76c776fcca9197f917a88b8777e3156c75455d49399ecf2fb1fa0d24bc5895fc,14ad6b124b5b564d,4,Cotton/1506/im_1.png,Cotton
NEAR-0089,near,Cotton,Cotton/1506/im_1.png,dddf6b43e8c46d3cbfa601162af8ed98ca9c17f44699a2b142d2555e2f31755d,16ad6b1a4b5a544d,4,Cotton/1506/im_2.png,Cotton
NEAR-0090,near,Cotton,Cotton/1510/im_2.png,588b584675fa3cfe1066d8d543ebe437f87e7451b67583eece27240e8dae5c8c,01c864e36a733f0f,6,Cotton/1510/im_1.png,Cotton
NEAR-0090,near,Cotton,Cotton/1510/im_1.png,3bcb838e785eda38b97076f15aa7c2f17073339a611c62016aa3023964067112,05cc60c34a773f0f,6,Cotton/1510/im_2.png,Cotton
NEAR-0091,near,Cotton,Cotton/1512/im_3.png,e645cf45729c965fdc02dd00c7b614cca0cff019b8b70e7e05d76a53481593b5,1d954ba75aa15654,6,Cotton/1512/im_2.png,Cotton
NEAR-0091,near,Cotton,Cotton/1512/im_2.png,791d45511bb87d092aebc6e37bace0c13bc00343156d77f5c2559e6ed2d0326c,05954ba75aad3654,6,Cotton/1512/im_3.png,Cotton
NEAR-0092,near,Cotton,Cotton/1539/im_4.png,72538b14761e56eb3ba425abe3f658e9b0ee9308ba627a33e40a5e7cb187f5b7,2e594ca4b2e678ac,6,Cotton/1539/im_3.png,Cotton
NEAR-0092,near,Cotton,Cotton/1539/im_3.png,cb5fc70b8d0cb74c5afc577a0bcb547f78ef08a3fddb3bd55336a58a1c6c814c,6e5d6ca432c6788c,6,Cotton/1539/im_4.png,Cotton
NEAR-0093,near,Cotton,Cotton/1539/im_4.png,72538b14761e56eb3ba425abe3f658e9b0ee9308ba627a33e40a5e7cb187f5b7,2e594ca4b2e678ac,4,Cotton/1539/im_1.png,Cotton
NEAR-0093,near,Cotton,Cotton/1539/im_1.png,6e8f7d0adb87a5a9b917bafc1e0ca85e80efe2690002a04370c6231bc7d0d08f,3e594ca632e278ac,4,Cotton/1539/im_4.png,Cotton
NEAR-0094,near,Cotton,Cotton/178/im_2.png,a8c6213feb00861b3580a20f8f07bc565ad459ababc74c3d66b74cb4f175bbe6,05b47a5a2d563b49,6,Cotton/178/im_1.png,Cotton
NEAR-0094,near,Cotton,Cotton/178/im_1.png,288a1dae091a446d7f84a04d38ef0f16abbb94abf27631b6de74bec4d854d174,15b67a58ad562349,6,Cotton/178/im_2.png,Cotton
NEAR-0095,near,Cotton,Cotton/180/im_4.png,07a973db5a981afe854d56bbdf7e8246ae47e1eab5cc9d45337b5bf96e176dbe,385c9007ffa846dc,6,Cotton/180/im_1.png,Cotton
NEAR-0095,near,Cotton,Cotton/180/im_1.png,ab3471311d98c0bc65ff2c951b88ca3aaee87f4b560beacbe0d262879135909b,18dc9406ffa846d9,6,Cotton/180/im_4.png,Cotton
NEAR-0096,near,Cotton,Cotton/1801/im_2.png,a43207e23c8aa48584b4ded0696dade72580518ce2599a86b6af65ef5da1b5db,12956b5a0ecc6753,4,Cotton/1801/im_1.png,Cotton
NEAR-0096,near,Cotton,Cotton/1801/im_1.png,eb0b3c02f6f214e2e92a734eb09734c001ddef6291ce7a9d870761a8faeb8589,12b56b5a0ecd4653,4,Cotton/1801/im_2.png,Cotton
NEAR-0097,near,Cotton,Cotton/1801/im_4.png,e63d1c84d15159c60151b67d0a90c9cba2c98f9c71652d0c87c71d975829af99,12356b5a068d7e53,6,Cotton/1801/im_1.png,Cotton
NEAR-0097,near,Cotton,Cotton/1801/im_1.png,eb0b3c02f6f214e2e92a734eb09734c001ddef6291ce7a9d870761a8faeb8589,12b56b5a0ecd4653,6,Cotton/1801/im_4.png,Cotton
NEAR-0098,near,Cotton,Cotton/1807/im_2.png,095a75805889e23613d5ace8eb61dc8ce15124fe7111ed7f7a6915d29be5f767,1c84962bd37b42d9,6,Cotton/1807/im_1.png,Cotton
NEAR-0098,near,Cotton,Cotton/1807/im_1.png,7f1443908a84693be51ce0e7101b08195267fad0a5a8f80243364a360a49b6f8,1ca4b423d37a42db,6,Cotton/1807/im_2.png,Cotton
NEAR-0099,near,Cotton,Cotton/1808/im_2.png,ef338efb0ef2292c4957881b7cb188964064432579054f418569c84b2f439ae6,586f31be66942233,6,Cotton/1808/im_1.png,Cotton
NEAR-0099,near,Cotton,Cotton/1808/im_1.png,1407eb69da144c478a3c3f43ae359955237142ed4a89777df5100fc9f283aa1d,586f31be47942326,6,Cotton/1808/im_2.png,Cotton
NEAR-0100,near,Cotton,Cotton/181/im_2.png,5213646ff86c4fbded461b1aee7f93feb639a68c35c018e18891ac00ccd7a559,32660c899fd14fc9,6,Cotton/181/im_1.png,Cotton
NEAR-0100,near,Cotton,Cotton/181/im_1.png,d93ea7d876141f829c75c7c04f70c24b43b493e0002f105bea3c1f03d5afea11,30660cb997d14f4b,6,Cotton/181/im_2.png,Cotton
NEAR-0101,near,Cotton,Cotton/181/im_4.png,47b9db34f811720a8117a433c39f391a4a15d1582f616a8658a0b6c98eb3d5a4,30660cb99fc74e4a,6,Cotton/181/im_1.png,Cotton
NEAR-0101,near,Cotton,Cotton/181/im_1.png,d93ea7d876141f829c75c7c04f70c24b43b493e0002f105bea3c1f03d5afea11,30660cb997d14f4b,6,Cotton/181/im_4.png,Cotton
NEAR-0102,near,Cotton,Cotton/327/im_3.png,a9179f1be090d6b71a24e815be37a27ce064cddebae8a511ec1a1ce3ffd5047c,5922cb7699e619c4,4,Cotton/327/im_2.png,Cotton
NEAR-0102,near,Cotton,Cotton/327/im_2.png,a3d942629eaaa06e2d2b7a7c1a70964817a71d6b7813189da18579bf72ab4b9c,1d26c97699e619c4,4,Cotton/327/im_3.png,Cotton
NEAR-0103,near,Cotton,Cotton/327/im_4.png,91f95817df086ff3ed2b6fd37e3fbd274ff178ac27e03680eb8d0a89b82efd1f,6106d97609e61be6,6,Cotton/327/im_1.png,Cotton
NEAR-0103,near,Cotton,Cotton/327/im_1.png,ab495b86cbb3269c782a10bba7d41190ec886dba92ebd91b7f618eb1c3f0c5a1,6906d97709e41fe0,6,Cotton/327/im_4.png,Cotton
NEAR-0104,near,Cotton,Cotton/331/im_4.png,740b0c2e58546955341d48d38ee97df3b73a0833abb0c7d72afeab7913b08515,26072f278717c743,6,Cotton/331/im_3.png,Cotton
NEAR-0104,near,Cotton,Cotton/331/im_3.png,69cd5035cda245f0315509db9a3a071cf473268bd932f048c52c60d4d5ce48f3,46176e278707c743,6,Cotton/331/im_4.png,Cotton
NEAR-0105,near,Cotton,Cotton/348/im_2.png,a57cef91cfd661bfd47f8876a8ff1ef09e7fb7115790f123a5a244c0ba0351c8,34a14f3e0cbf886a,6,Cotton/348/im_1.png,Cotton
NEAR-0105,near,Cotton,Cotton/348/im_1.png,ace558cbebb4910f208e688a59c93fe6b26db3327045d2adb09ee8e412f98423,31a14b3a8cbf887a,6,Cotton/348/im_2.png,Cotton
NEAR-0106,near,Cotton,Cotton/391/im_2.png,30605fc90150f26fc381eb616e175d6fa03ced96167565ff6e8cd868103dc174,05c175515a5d1dda,6,Cotton/391/im_1.png,Cotton
NEAR-0106,near,Cotton,Cotton/391/im_1.png,c895b4faf6316d483453512667397809cb697dc51e7b4f3e70ceaad5ba22741e,15c175535a5d5992,6,Cotton/391/im_2.png,Cotton
NEAR-0107,near,Cotton,Cotton/469/im_2.png,c684bf2dc33e043b161a51789fefc6b9535c333323fe8d411e162195f040cf31,019471fc5623fe83,6,Cotton/469/im_1.png,Cotton
NEAR-0107,near,Cotton,Cotton/469/im_1.png,a8020fb73d94edb7f8f158bf17ccffe9908c7cb8f700d4761a1f00508ce42d08,058461fc562bbf83,6,Cotton/469/im_2.png,Cotton
NEAR-0108,near,Cotton,Cotton/51/im_2.png,4766eed61f672b378ec278b4b79106a8ca80753f7eda69c437f795a3e24e2991,252d6593e8e619b2,4,Cotton/51/im_1.png,Cotton
NEAR-0108,near,Cotton,Cotton/51/im_1.png,25f672a73ba49c6a204de197d82e4726634f276176a95ddc170511e3eace63eb,252de593a86619b6,4,Cotton/51/im_2.png,Cotton
NEAR-0109,near,Cotton,Cotton/728/im_2.png,c983319de87bc60cf32bdb1f5ba7ea8346bd61e2725f908919eb6c3848d5d716,4ccc03c674f85e17,6,Cotton/728/im_1.png,Cotton
NEAR-0109,near,Cotton,Cotton/728/im_1.png,0e2d86931028e23815c07c55b91968a5154c3545267c22c81d534c79fd2c9235,4ccc0dc674a85e37,6,Cotton/728/im_2.png,Cotton
NEAR-0110,near,Cotton,Cotton/728/im_3.png,43ab7ac05c2abc11c4432efc8c0e965ae94bade1a0e11a7643af6c5d15e1968d,4ccc03c674e85e37,4,Cotton/728/im_1.png,Cotton
NEAR-0110,near,Cotton,Cotton/728/im_1.png,0e2d86931028e23815c07c55b91968a5154c3545267c22c81d534c79fd2c9235,4ccc0dc674a85e37,4,Cotton/728/im_3.png,Cotton
NEAR-0111,near,Cotton,Cotton/728/im_3.png,43ab7ac05c2abc11c4432efc8c0e965ae94bade1a0e11a7643af6c5d15e1968d,4ccc03c674e85e37,2,Cotton/728/im_2.png,Cotton
NEAR-0111,near,Cotton,Cotton/728/im_2.png,c983319de87bc60cf32bdb1f5ba7ea8346bd61e2725f908919eb6c3848d5d716,4ccc03c674f85e17,2,Cotton/728/im_3.png,Cotton
NEAR-0112,near,Cotton,Cotton/728/im_4.png,9f25f8d84f4152167172f71503dd7c871bde2db7c47c735114bcc1ec97f2864f,4c5e0bc634a85e37,6,Cotton/728/im_1.png,Cotton
NEAR-0112,near,Cotton,Cotton/728/im_1.png,0e2d86931028e23815c07c55b91968a5154c3545267c22c81d534c79fd2c9235,4ccc0dc674a85e37,6,Cotton/728/im_4.png,Cotton
NEAR-0113,near,Cotton,Cotton/728/im_4.png,9f25f8d84f4152167172f71503dd7c871bde2db7c47c735114bcc1ec97f2864f,4c5e0bc634a85e37,6,Cotton/728/im_3.png,Cotton
NEAR-0113,near,Cotton,Cotton/728/im_3.png,43ab7ac05c2abc11c4432efc8c0e965ae94bade1a0e11a7643af6c5d15e1968d,4ccc03c674e85e37,6,Cotton/728/im_4.png,Cotton
NEAR-0114,near,Cotton,Cotton/729/im_2.png,e290231696d7c120f82619c4872bcdeb191642126e1b905c7b227bce30703f93,258556ea05c6fac5,2,Cotton/729/im_1.png,Cotton
NEAR-0114,near,Cotton,Cotton/729/im_1.png,7fee8f855899c494254365fd821672bd319cc2e66b21ec62d05ec2eb625998ba,258556ea05c7eac5,2,Cotton/729/im_2.png,Cotton
NEAR-0115,near,Cotton,Cotton/729/im_3.png,3c154f2f0e7f37c4962704748846259dcd3c97a1cfdfc1334b874b7d1fd5b8f5,350556ea05c6fac5,4,Cotton/729/im_1.png,Cotton
NEAR-0115,near,Cotton,Cotton/729/im_1.png,7fee8f855899c494254365fd821672bd319cc2e66b21ec62d05ec2eb625998ba,258556ea05c7eac5,4,Cotton/729/im_3.png,Cotton
NEAR-0116,near,Cotton,Cotton/729/im_3.png,3c154f2f0e7f37c4962704748846259dcd3c97a1cfdfc1334b874b7d1fd5b8f5,350556ea05c6fac5,2,Cotton/729/im_2.png,Cotton
NEAR-0116,near,Cotton,Cotton/729/im_2.png,e290231696d7c120f82619c4872bcdeb191642126e1b905c7b227bce30703f93,258556ea05c6fac5,2,Cotton/729/im_3.png,Cotton
NEAR-0117,near,Cotton,Cotton/729/im_4.png,02058bb815f3f8bdc5e1b7c8b0e5ebef402a839c34675abccb7121114a4a9923,350556ea15c2fac5,2,Cotton/729/im_3.png,Cotton
NEAR-0117,near,Cotton,Cotton/729/im_3.png,3c154f2f0e7f37c4962704748846259dcd3c97a1cfdfc1334b874b7d1fd5b8f5,350556ea05c6fac5,2,Cotton/729/im_4.png,Cotton
NEAR-0118,near,Cotton,Cotton/729/im_4.png,02058bb815f3f8bdc5e1b7c8b0e5ebef402a839c34675abccb7121114a4a9923,350556ea15c2fac5,6,Cotton/729/im_1.png,Cotton
NEAR-0118,near,Cotton,Cotton/729/im_1.png,7fee8f855899c494254365fd821672bd319cc2e66b21ec62d05ec2eb625998ba,258556ea05c7eac5,6,Cotton/729/im_4.png,Cotton
NEAR-0119,near,Cotton,Cotton/729/im_4.png,02058bb815f3f8bdc5e1b7c8b0e5ebef402a839c34675abccb7121114a4a9923,350556ea15c2fac5,4,Cotton/729/im_2.png,Cotton
NEAR-0119,near,Cotton,Cotton/729/im_2.png,e290231696d7c120f82619c4872bcdeb191642126e1b905c7b227bce30703f93,258556ea05c6fac5,4,Cotton/729/im_4.png,Cotton
NEAR-0120,near,Cotton,Cotton/730/im_2.png,ddcaaceeafc4a1078b2945e88621b2d0e905ef9e28f2c297b0b55d94ba78e51d,1d911d3dc2a3dc49,2,Cotton/730/im_1.png,Cotton
NEAR-0120,near,Cotton,Cotton/730/im_1.png,dc2809262055b630e181275aeb816f5a7588a7fb543941de4845afd7f0189d5b,1d911d3dc0a3dc59,2,Cotton/730/im_2.png,Cotton
NEAR-0121,near,Cotton,Cotton/730/im_3.png,cd73a61918c883c6b245e2953ef9e57e9a0bfeb67eb58bb6c6b1ee45dd2a81d0,5d131d3dc083dc59,4,Cotton/730/im_1.png,Cotton
NEAR-0121,near,Cotton,Cotton/730/im_1.png,dc2809262055b630e181275aeb816f5a7588a7fb543941de4845afd7f0189d5b,1d911d3dc0a3dc59,4,Cotton/730/im_3.png,Cotton
NEAR-0122,near,Cotton,Cotton/730/im_3.png,cd73a61918c883c6b245e2953ef9e57e9a0bfeb67eb58bb6c6b1ee45dd2a81d0,5d131d3dc083dc59,6,Cotton/730/im_2.png,Cotton
NEAR-0122,near,Cotton,Cotton/730/im_2.png,ddcaaceeafc4a1078b2945e88621b2d0e905ef9e28f2c297b0b55d94ba78e51d,1d911d3dc2a3dc49,6,Cotton/730/im_3.png,Cotton
NEAR-0123,near,Cotton,Cotton/730/im_4.png,4579e71ae190348fa8f8809592687d9e565d61b6ced5e32c7850dc277ca839aa,1d131d3dc283dc59,2,Cotton/730/im_3.png,Cotton
NEAR-0123,near,Cotton,Cotton/730/im_3.png,cd73a61918c883c6b245e2953ef9e57e9a0bfeb67eb58bb6c6b1ee45dd2a81d0,5d131d3dc083dc59,2,Cotton/730/im_4.png,Cotton
NEAR-0124,near,Cotton,Cotton/730/im_4.png,4579e71ae190348fa8f8809592687d9e565d61b6ced5e32c7850dc277ca839aa,1d131d3dc283dc59,4,Cotton/730/im_1.png,Cotton
NEAR-0124,near,Cotton,Cotton/730/im_1.png,dc2809262055b630e181275aeb816f5a7588a7fb543941de4845afd7f0189d5b,1d911d3dc0a3dc59,4,Cotton/730/im_4.png,Cotton
NEAR-0125,near,Cotton,Cotton/730/im_4.png,4579e71ae190348fa8f8809592687d9e565d61b6ced5e32c7850dc277ca839aa,1d131d3dc283dc59,4,Cotton/730/im_2.png,Cotton
NEAR-0125,near,Cotton,Cotton/730/im_2.png,ddcaaceeafc4a1078b2945e88621b2d0e905ef9e28f2c297b0b55d94ba78e51d,1d911d3dc2a3dc49,4,Cotton/730/im_4.png,Cotton
NEAR-0126,near,Cotton,Cotton/731/im_2.png,d72ca3793b4d1919d5da133523d63a51314b6751163176471fa927df10e4c603,44c264a55613fd75,4,Cotton/731/im_1.png,Cotton
NEAR-0126,near,Cotton,Cotton/731/im_1.png,8ae8913980c6363c1cc93047505b4b00ab4951f8ab6f8e71e0337c3d6d48eee3,14e264a55612fd75,4,Cotton/731/im_2.png,Cotton
NEAR-0127,near,Cotton,Cotton/731/im_3.png,d45f0703a880399fec24ecc69d25cb5f8fe7580d4fd0620e6e1d41757e558cdf,446260a55613ff75,6,Cotton/731/im_1.png,Cotton
NEAR-0127,near,Cotton,Cotton/731/im_1.png,8ae8913980c6363c1cc93047505b4b00ab4951f8ab6f8e71e0337c3d6d48eee3,14e264a55612fd75,6,Cotton/731/im_3.png,Cotton
NEAR-0128,near,Cotton,Cotton/731/im_3.png,d45f0703a880399fec24ecc69d25cb5f8fe7580d4fd0620e6e1d41757e558cdf,446260a55613ff75,4,Cotton/731/im_2.png,Cotton
NEAR-0128,near,Cotton,Cotton/731/im_2.png,d72ca3793b4d1919d5da133523d63a51314b6751163176471fa927df10e4c603,44c264a55613fd75,4,Cotton/731/im_3.png,Cotton
NEAR-0129,near,Cotton,Cotton/731/im_4.png,08c0b458366bfb1ccbc421657693d7114abf41a8273e4ef5b1bb8957b7676477,04626ca55613fd75,4,Cotton/731/im_1.png,Cotton
NEAR-0129,near,Cotton,Cotton/731/im_1.png,8ae8913980c6363c1cc93047505b4b00ab4951f8ab6f8e71e0337c3d6d48eee3,14e264a55612fd75,4,Cotton/731/im_4.png,Cotton
NEAR-0130,near,Cotton,Cotton/731/im_4.png,08c0b458366bfb1ccbc421657693d7114abf41a8273e4ef5b1bb8957b7676477,04626ca55613fd75,4,Cotton/731/im_2.png,Cotton
NEAR-0130,near,Cotton,Cotton/731/im_2.png,d72ca3793b4d1919d5da133523d63a51314b6751163176471fa927df10e4c603,44c264a55613fd75,4,Cotton/731/im_4.png,Cotton
NEAR-0131,near,Cotton,Cotton/731/im_4.png,08c0b458366bfb1ccbc421657693d7114abf41a8273e4ef5b1bb8957b7676477,04626ca55613fd75,4,Cotton/731/im_3.png,Cotton
NEAR-0131,near,Cotton,Cotton/731/im_3.png,d45f0703a880399fec24ecc69d25cb5f8fe7580d4fd0620e6e1d41757e558cdf,446260a55613ff75,4,Cotton/731/im_4.png,Cotton
NEAR-0132,near,Cotton,Cotton/732/im_2.png,6352909cc17c7df12de18727ebd21caeb256bd4d136957264071aee0256c5679,01688ec7f3cf6129,4,Cotton/732/im_1.png,Cotton
NEAR-0132,near,Cotton,Cotton/732/im_1.png,2c459c5e53b4ae88687068c3fb5ec19977a42f587adf8cbf8e151c1e83123fbe,01688ec3f3cf7429,4,Cotton/732/im_2.png,Cotton
NEAR-0133,near,Cotton,Cotton/732/im_3.png,e47736126776c6eb555124d48706b83441149d010848a240e83290020faa8033,41688ec7f38f6129,6,Cotton/732/im_1.png,Cotton
NEAR-0133,near,Cotton,Cotton/732/im_1.png,2c459c5e53b4ae88687068c3fb5ec19977a42f587adf8cbf8e151c1e83123fbe,01688ec3f3cf7429,6,Cotton/732/im_3.png,Cotton
NEAR-0134,near,Cotton,Cotton/732/im_3.png,e47736126776c6eb555124d48706b83441149d010848a240e83290020faa8033,41688ec7f38f6129,2,Cotton/732/im_2.png,Cotton
NEAR-0134,near,Cotton,Cotton/732/im_2.png,6352909cc17c7df12de18727ebd21caeb256bd4d136957264071aee0256c5679,01688ec7f3cf6129,2,Cotton/732/im_3.png,Cotton
NEAR-0135,near,Cotton,Cotton/732/im_4.png,07a97db26a6438a237f6c22d020360990e62d0d9375b8e9f2367b1c7c4654da7,01688ec3f18f752b,4,Cotton/732/im_1.png,Cotton
NEAR-0135,near,Cotton,Cotton/732/im_1.png,2c459c5e53b4ae88687068c3fb5ec19977a42f587adf8cbf8e151c1e83123fbe,01688ec3f3cf7429,4,Cotton/732/im_4.png,Cotton
NEAR-0136,near,Cotton,Cotton/732/im_4.png,07a97db26a6438a237f6c22d020360990e62d0d9375b8e9f2367b1c7c4654da7,01688ec3f18f752b,6,Cotton/732/im_3.png,Cotton
NEAR-0136,near,Cotton,Cotton/732/im_3.png,e47736126776c6eb555124d48706b83441149d010848a240e83290020faa8033,41688ec7f38f6129,6,Cotton/732/im_4.png,Cotton
NEAR-0137,near,Cotton,Cotton/732/im_4.png,07a97db26a6438a237f6c22d020360990e62d0d9375b8e9f2367b1c7c4654da7,01688ec3f18f752b,6,Cotton/732/im_2.png,Cotton
NEAR-0137,near,Cotton,Cotton/732/im_2.png,6352909cc17c7df12de18727ebd21caeb256bd4d136957264071aee0256c5679,01688ec7f3cf6129,6,Cotton/732/im_4.png,Cotton
NEAR-0138,near,Cotton,Cotton/733/im_2.png,9c2e53211d4c40e59c6e4f14ef2ca1f09011acfccff58f2ad6d6139947ae0bdf,149a3c38902f1fed,0,Cotton/733/im_1.png,Cotton
NEAR-0138,near,Cotton,Cotton/733/im_1.png,e426977ef58b02ce9a7a1a1c10c7010f13f01bb77cbfa5114be61f64e47ba062,149a3c38902f1fed,0,Cotton/733/im_2.png,Cotton
NEAR-0139,near,Cotton,Cotton/733/im_3.png,c3af34dc3db32901732c929db595e59f2c42ea721a7129ea2bc536d26008a993,149a3c38c02f1fed,2,Cotton/733/im_1.png,Cotton
NEAR-0139,near,Cotton,Cotton/733/im_1.png,e426977ef58b02ce9a7a1a1c10c7010f13f01bb77cbfa5114be61f64e47ba062,149a3c38902f1fed,2,Cotton/733/im_3.png,Cotton
NEAR-0140,near,Cotton,Cotton/733/im_3.png,c3af34dc3db32901732c929db595e59f2c42ea721a7129ea2bc536d26008a993,149a3c38c02f1fed,2,Cotton/733/im_2.png,Cotton
NEAR-0140,near,Cotton,Cotton/733/im_2.png,9c2e53211d4c40e59c6e4f14ef2ca1f09011acfccff58f2ad6d6139947ae0bdf,149a3c38902f1fed,2,Cotton/733/im_3.png,Cotton
NEAR-0141,near,Cotton,Cotton/733/im_4.png,9b7d033e44be9e75930687e0adaa5220ce207a34678fcd67609908c2f9d40715,145a3c38c02f1fed,4,Cotton/733/im_1.png,Cotton
NEAR-0141,near,Cotton,Cotton/733/im_1.png,e426977ef58b02ce9a7a1a1c10c7010f13f01bb77cbfa5114be61f64e47ba062,149a3c38902f1fed,4,Cotton/733/im_4.png,Cotton
NEAR-0142,near,Cotton,Cotton/733/im_4.png,9b7d033e44be9e75930687e0adaa5220ce207a34678fcd67609908c2f9d40715,145a3c38c02f1fed,4,Cotton/733/im_2.png,Cotton
NEAR-0142,near,Cotton,Cotton/733/im_2.png,9c2e53211d4c40e59c6e4f14ef2ca1f09011acfccff58f2ad6d6139947ae0bdf,149a3c38902f1fed,4,Cotton/733/im_4.png,Cotton
NEAR-0143,near,Cotton,Cotton/733/im_4.png,9b7d033e44be9e75930687e0adaa5220ce207a34678fcd67609908c2f9d40715,145a3c38c02f1fed,2,Cotton/733/im_3.png,Cotton
NEAR-0143,near,Cotton,Cotton/733/im_3.png,c3af34dc3db32901732c929db595e59f2c42ea721a7129ea2bc536d26008a993,149a3c38c02f1fed,2,Cotton/733/im_4.png,Cotton
NEAR-0144,near,Cotton,Cotton/734/im_2.png,2fca906441b42b3310405c7834bd74cb59ee4877412ff339cb214e336c118293,00bc2b0f5b351dce,2,Cotton/734/im_1.png,Cotton
NEAR-0144,near,Cotton,Cotton/734/im_1.png,4f02b4881251e35395df54682455fe66862b6564b04603d21ee5cf2c048dfc7f,20bc2b0f5b351d4e,2,Cotton/734/im_2.png,Cotton
NEAR-0145,near,Cotton,Cotton/734/im_3.png,1275c4a864368bfa2b04f9ddea52062c7527d6b249cc735ee52f7e488c360ba7,403c3b0f5b251d6e,6,Cotton/734/im_1.png,Cotton
NEAR-0145,near,Cotton,Cotton/734/im_1.png,4f02b4881251e35395df54682455fe66862b6564b04603d21ee5cf2c048dfc7f,20bc2b0f5b351d4e,6,Cotton/734/im_3.png,Cotton
NEAR-0146,near,Cotton,Cotton/734/im_3.png,1275c4a864368bfa2b04f9ddea52062c7527d6b249cc735ee52f7e488c360ba7,403c3b0f5b251d6e,6,Cotton/734/im_2.png,Cotton
NEAR-0146,near,Cotton,Cotton/734/im_2.png,2fca906441b42b3310405c7834bd74cb59ee4877412ff339cb214e336c118293,00bc2b0f5b351dce,6,Cotton/734/im_3.png,Cotton
NEAR-0147,near,Cotton,Cotton/734/im_4.png,7a5e5a67840ecdefaaad9e1baf31e3bea56c90b6325575613d001dd9488ad127,203c2b0f5b351d6e,2,Cotton/734/im_1.png,Cotton
NEAR-0147,near,Cotton,Cotton/734/im_1.png,4f02b4881251e35395df54682455fe66862b6564b04603d21ee5cf2c048dfc7f,20bc2b0f5b351d4e,2,Cotton/734/im_4.png,Cotton
NEAR-0148,near,Cotton,Cotton/734/im_4.png,7a5e5a67840ecdefaaad9e1baf31e3bea56c90b6325575613d001dd9488ad127,203c2b0f5b351d6e,4,Cotton/734/im_3.png,Cotton
NEAR-0148,near,Cotton,Cotton/734/im_3.png,1275c4a864368bfa2b04f9ddea52062c7527d6b249cc735ee52f7e488c360ba7,403c3b0f5b251d6e,4,Cotton/734/im_4.png,Cotton
NEAR-0149,near,Cotton,Cotton/734/im_4.png,7a5e5a67840ecdefaaad9e1baf31e3bea56c90b6325575613d001dd9488ad127,203c2b0f5b351d6e,4,Cotton/734/im_2.png,Cotton
NEAR-0149,near,Cotton,Cotton/734/im_2.png,2fca906441b42b3310405c7834bd74cb59ee4877412ff339cb214e336c118293,00bc2b0f5b351dce,4,Cotton/734/im_4.png,Cotton
NEAR-0150,near,Cotton,Cotton/735/im_2.png,0b3c6f481c1ac37f462f1e6acf83839e2d32f9b79c221d13194d1bcbaa1ae791,215b97a174866db2,2,Cotton/735/im_1.png,Cotton
NEAR-0150,near,Cotton,Cotton/735/im_1.png,d131fa1e2ac0bc998a3b017e8f6bf29b936ea81f4cb0b5c2ea159170cdb343ce,215b97a9748665b2,2,Cotton/735/im_2.png,Cotton
NEAR-0151,near,Cotton,Cotton/735/im_4.png,4ffded775f5ef77666264434b2109e2c3a1f97b1ccc7fa662a6262a1017f0b53,215a97a974066db3,4,Cotton/735/im_1.png,Cotton
NEAR-0151,near,Cotton,Cotton/735/im_1.png,d131fa1e2ac0bc998a3b017e8f6bf29b936ea81f4cb0b5c2ea159170cdb343ce,215b97a9748665b2,4,Cotton/735/im_4.png,Cotton
NEAR-0152,near,Cotton,Cotton/735/im_4.png,4ffded775f5ef77666264434b2109e2c3a1f97b1ccc7fa662a6262a1017f0b53,215a97a974066db3,4,Cotton/735/im_2.png,Cotton
NEAR-0152,near,Cotton,Cotton/735/im_2.png,0b3c6f481c1ac37f462f1e6acf83839e2d32f9b79c221d13194d1bcbaa1ae791,215b97a174866db2,4,Cotton/735/im_4.png,Cotton
NEAR-0153,near,Cotton,Cotton/736/im_2.png,68e9f6a01354621455092bd37a2e289f243f2f50f16d5c05b13ac9186befa9ed,05ca5b66c9da60cd,4,Cotton/736/im_1.png,Cotton
NEAR-0153,near,Cotton,Cotton/736/im_1.png,fec454dde9b92d0149bd2ce58238ee60d2887d6c802e04a7240e4e3f53570cb6,058b5b66c9d264cd,4,Cotton/736/im_2.png,Cotton
NEAR-0154,near,Cotton,Cotton/736/im_3.png,105dc567b5a8e6e75e2820ef3bb254f3802537a1928b2d9f102afe1a6bb1bf40,450b1f66c99a64cd,6,Cotton/736/im_1.png,Cotton
NEAR-0154,near,Cotton,Cotton/736/im_1.png,fec454dde9b92d0149bd2ce58238ee60d2887d6c802e04a7240e4e3f53570cb6,058b5b66c9d264cd,6,Cotton/736/im_3.png,Cotton
NEAR-0155,near,Cotton,Cotton/736/im_4.png,dd226e8d8d13c2581d801f5079bd376522f01754eb5416ebf5419ca3a021c58f,054b5f64c99a64cd,6,Cotton/736/im_2.png,Cotton
NEAR-0155,near,Cotton,Cotton/736/im_2.png,68e9f6a01354621455092bd37a2e289f243f2f50f16d5c05b13ac9186befa9ed,05ca5b66c9da60cd,6,Cotton/736/im_4.png,Cotton
NEAR-0156,near,Cotton,Cotton/736/im_4.png,dd226e8d8d13c2581d801f5079bd376522f01754eb5416ebf5419ca3a021c58f,054b5f64c99a64cd,4,Cotton/736/im_3.png,Cotton
NEAR-0156,near,Cotton,Cotton/736/im_3.png,105dc567b5a8e6e75e2820ef3bb254f3802537a1928b2d9f102afe1a6bb1bf40,450b1f66c99a64cd,4,Cotton/736/im_4.png,Cotton
NEAR-0157,near,Cotton,Cotton/736/im_4.png,dd226e8d8d13c2581d801f5079bd376522f01754eb5416ebf5419ca3a021c58f,054b5f64c99a64cd,6,Cotton/736/im_1.png,Cotton
NEAR-0157,near,Cotton,Cotton/736/im_1.png,fec454dde9b92d0149bd2ce58238ee60d2887d6c802e04a7240e4e3f53570cb6,058b5b66c9d264cd,6,Cotton/736/im_4.png,Cotton
NEAR-0158,near,Cotton,Cotton/737/im_2.png,a5fba308a4cfef9a340c750d2701852ee0da5270f03c15c5aac8360259e4adda,15c87b3d9a22f219,2,Cotton/737/im_1.png,Cotton
NEAR-0158,near,Cotton,Cotton/737/im_1.png,501cd218fa7b72e9b156211dbfb1c276c1826fe5fa9070a93cac106867cf5986,15c87b3d9b22b219,2,Cotton/737/im_2.png,Cotton
NEAR-0159,near,Cotton,Cotton/737/im_3.png,f648b4413e7b3e9653cef3714c4202f51812ff3bd11b3a2ff000b5c55b13be1c,35c86b3d9e02f219,6,Cotton/737/im_1.png,Cotton
NEAR-0159,near,Cotton,Cotton/737/im_1.png,501cd218fa7b72e9b156211dbfb1c276c1826fe5fa9070a93cac106867cf5986,15c87b3d9b22b219,6,Cotton/737/im_3.png,Cotton
NEAR-0160,near,Cotton,Cotton/737/im_3.png,f648b4413e7b3e9653cef3714c4202f51812ff3bd11b3a2ff000b5c55b13be1c,35c86b3d9e02f219,4,Cotton/737/im_2.png,Cotton
NEAR-0160,near,Cotton,Cotton/737/im_2.png,a5fba308a4cfef9a340c750d2701852ee0da5270f03c15c5aac8360259e4adda,15c87b3d9a22f219,4,Cotton/737/im_3.png,Cotton
NEAR-0161,near,Cotton,Cotton/737/im_4.png,64e27ba46815442f6eff4ad8fe86f0ab073029247e3402fa40bca5517685eb1b,35486b3d9b22f219,4,Cotton/737/im_1.png,Cotton
NEAR-0161,near,Cotton,Cotton/737/im_1.png,501cd218fa7b72e9b156211dbfb1c276c1826fe5fa9070a93cac106867cf5986,15c87b3d9b22b219,4,Cotton/737/im_4.png,Cotton
NEAR-0162,near,Cotton,Cotton/737/im_4.png,64e27ba46815442f6eff4ad8fe86f0ab073029247e3402fa40bca5517685eb1b,35486b3d9b22f219,4,Cotton/737/im_2.png,Cotton
NEAR-0162,near,Cotton,Cotton/737/im_2.png,a5fba308a4cfef9a340c750d2701852ee0da5270f03c15c5aac8360259e4adda,15c87b3d9a22f219,4,Cotton/737/im_4.png,Cotton
NEAR-0163,near,Cotton,Cotton/737/im_4.png,64e27ba46815442f6eff4ad8fe86f0ab073029247e3402fa40bca5517685eb1b,35486b3d9b22f219,4,Cotton/737/im_3.png,Cotton
NEAR-0163,near,Cotton,Cotton/737/im_3.png,f648b4413e7b3e9653cef3714c4202f51812ff3bd11b3a2ff000b5c55b13be1c,35c86b3d9e02f219,4,Cotton/737/im_4.png,Cotton
NEAR-0164,near,Cotton,Cotton/738/im_2.png,30ed5c59fad4007e244b8ed9c536f3fe947e7645d9c02b47cd2dcdad0f2aad06,22c67774da0f901e,0,Cotton/738/im_1.png,Cotton
NEAR-0164,near,Cotton,Cotton/738/im_1.png,d6cded8e17428c0d0a4c05836220abdeba083af81aa8d3f1cb945fadf7595ece,22c67774da0f901e,0,Cotton/738/im_2.png,Cotton
NEAR-0165,near,Cotton,Cotton/738/im_3.png,dbb3c4711be1baacfde3557a086d2b01d98088a996a851901e90f0cdcfede21e,62463f76da0f900e,6,Cotton/738/im_1.png,Cotton
NEAR-0165,near,Cotton,Cotton/738/im_1.png,d6cded8e17428c0d0a4c05836220abdeba083af81aa8d3f1cb945fadf7595ece,22c67774da0f901e,6,Cotton/738/im_3.png,Cotton
NEAR-0166,near,Cotton,Cotton/738/im_3.png,dbb3c4711be1baacfde3557a086d2b01d98088a996a851901e90f0cdcfede21e,62463f76da0f900e,6,Cotton/738/im_2.png,Cotton
NEAR-0166,near,Cotton,Cotton/738/im_2.png,30ed5c59fad4007e244b8ed9c536f3fe947e7645d9c02b47cd2dcdad0f2aad06,22c67774da0f901e,6,Cotton/738/im_3.png,Cotton
NEAR-0167,near,Cotton,Cotton/738/im_4.png,c5901fa69c0f7f3ddc85cf86091704cf2b3aca6e69ae666d077f4764def33e2b,22467774da0fb01e,2,Cotton/738/im_1.png,Cotton
NEAR-0167,near,Cotton,Cotton/738/im_1.png,d6cded8e17428c0d0a4c05836220abdeba083af81aa8d3f1cb945fadf7595ece,22c67774da0f901e,2,Cotton/738/im_4.png,Cotton
NEAR-0168,near,Cotton,Cotton/738/im_4.png,c5901fa69c0f7f3ddc85cf86091704cf2b3aca6e69ae666d077f4764def33e2b,22467774da0fb01e,2,Cotton/738/im_2.png,Cotton
NEAR-0168,near,Cotton,Cotton/738/im_2.png,30ed5c59fad4007e244b8ed9c536f3fe947e7645d9c02b47cd2dcdad0f2aad06,22c67774da0f901e,2,Cotton/738/im_4.png,Cotton
NEAR-0169,near,Cotton,Cotton/738/im_4.png,c5901fa69c0f7f3ddc85cf86091704cf2b3aca6e69ae666d077f4764def33e2b,22467774da0fb01e,6,Cotton/738/im_3.png,Cotton
NEAR-0169,near,Cotton,Cotton/738/im_3.png,dbb3c4711be1baacfde3557a086d2b01d98088a996a851901e90f0cdcfede21e,62463f76da0f900e,6,Cotton/738/im_4.png,Cotton
NEAR-0170,near,Cotton,Cotton/739/im_2.png,74c23cb6bfcd98cdd70690932174536a2b74aa87c3539cd529bef59f3af60314,10bb2fda46a834ce,4,Cotton/739/im_1.png,Cotton
NEAR-0170,near,Cotton,Cotton/739/im_1.png,1edcb808ed85811870d6938edcd48afcbb4a1e12e94b04ecd41cfe0c1e3b7a1d,103b2fda4ee834ca,4,Cotton/739/im_2.png,Cotton
NEAR-0171,near,Cotton,Cotton/739/im_3.png,594aef7227314eaeee453f7b44a75e8cf069dd299e48571ea8b210cdbb63db4d,503b2fda46e824e6,6,Cotton/739/im_1.png,Cotton
NEAR-0171,near,Cotton,Cotton/739/im_1.png,1edcb808ed85811870d6938edcd48afcbb4a1e12e94b04ecd41cfe0c1e3b7a1d,103b2fda4ee834ca,6,Cotton/739/im_3.png,Cotton
NEAR-0172,near,Cotton,Cotton/739/im_3.png,594aef7227314eaeee453f7b44a75e8cf069dd299e48571ea8b210cdbb63db4d,503b2fda46e824e6,6,Cotton/739/im_2.png,Cotton
NEAR-0172,near,Cotton,Cotton/739/im_2.png,74c23cb6bfcd98cdd70690932174536a2b74aa87c3539cd529bef59f3af60314,10bb2fda46a834ce,6,Cotton/739/im_3.png,Cotton
NEAR-0173,near,Cotton,Cotton/739/im_4.png,5567108bc7b9cd687ee0ff5ee367fa008d838e5bacfd1c04c2b9d48e4a468fca,103b2fdb46e834ca,6,Cotton/739/im_3.png,Cotton
NEAR-0173,near,Cotton,Cotton/739/im_3.png,594aef7227314eaeee453f7b44a75e8cf069dd299e48571ea8b210cdbb63db4d,503b2fda46e824e6,6,Cotton/739/im_4.png,Cotton
NEAR-0174,near,Cotton,Cotton/739/im_4.png,5567108bc7b9cd687ee0ff5ee367fa008d838e5bacfd1c04c2b9d48e4a468fca,103b2fdb46e834ca,2,Cotton/739/im_1.png,Cotton
NEAR-0174,near,Cotton,Cotton/739/im_1.png,1edcb808ed85811870d6938edcd48afcbb4a1e12e94b04ecd41cfe0c1e3b7a1d,103b2fda4ee834ca,2,Cotton/739/im_4.png,Cotton
NEAR-0175,near,Cotton,Cotton/739/im_4.png,5567108bc7b9cd687ee0ff5ee367fa008d838e5bacfd1c04c2b9d48e4a468fca,103b2fdb46e834ca,4,Cotton/739/im_2.png,Cotton
NEAR-0175,near,Cotton,Cotton/739/im_2.png,74c23cb6bfcd98cdd70690932174536a2b74aa87c3539cd529bef59f3af60314,10bb2fda46a834ce,4,Cotton/739/im_4.png,Cotton
NEAR-0176,near,Cotton,Cotton/740/im_2.png,44a7ee8a4672d03223575857c7006780541dd3972d8698bf0e1c1e80950bf8aa,13e7edc021e9ca1c,2,Cotton/740/im_1.png,Cotton
NEAR-0176,near,Cotton,Cotton/740/im_1.png,5050e735492069f48d498881ba382a0e3869d555c0b9fea500b9b17045ebe67c,1367edc121e9ca1c,2,Cotton/740/im_2.png,Cotton
NEAR-0177,near,Cotton,Cotton/740/im_3.png,9c3c30d4a7249065b05624c4fa23b710cd16c8c76f46f6e9f62b57c90c8bc175,5367cdc021f9ca1c,4,Cotton/740/im_2.png,Cotton
NEAR-0177,near,Cotton,Cotton/740/im_2.png,44a7ee8a4672d03223575857c7006780541dd3972d8698bf0e1c1e80950bf8aa,13e7edc021e9ca1c,4,Cotton/740/im_3.png,Cotton
NEAR-0178,near,Cotton,Cotton/740/im_3.png,9c3c30d4a7249065b05624c4fa23b710cd16c8c76f46f6e9f62b57c90c8bc175,5367cdc021f9ca1c,4,Cotton/740/im_1.png,Cotton
NEAR-0178,near,Cotton,Cotton/740/im_1.png,5050e735492069f48d498881ba382a0e3869d555c0b9fea500b9b17045ebe67c,1367edc121e9ca1c,4,Cotton/740/im_3.png,Cotton
NEAR-0179,near,Cotton,Cotton/740/im_4.png,63dddc1726662020b70f833fe0ed54ecc48c2dbc46f70888c17e4bf952d18f74,1267edd021f9ca1c,4,Cotton/740/im_3.png,Cotton
NEAR-0179,near,Cotton,Cotton/740/im_3.png,9c3c30d4a7249065b05624c4fa23b710cd16c8c76f46f6e9f62b57c90c8bc175,5367cdc021f9ca1c,4,Cotton/740/im_4.png,Cotton
NEAR-0180,near,Cotton,Cotton/740/im_4.png,63dddc1726662020b70f833fe0ed54ecc48c2dbc46f70888c17e4bf952d18f74,1267edd021f9ca1c,4,Cotton/740/im_2.png,Cotton
NEAR-0180,near,Cotton,Cotton/740/im_2.png,44a7ee8a4672d03223575857c7006780541dd3972d8698bf0e1c1e80950bf8aa,13e7edc021e9ca1c,4,Cotton/740/im_4.png,Cotton
NEAR-0181,near,Cotton,Cotton/740/im_4.png,63dddc1726662020b70f833fe0ed54ecc48c2dbc46f70888c17e4bf952d18f74,1267edd021f9ca1c,4,Cotton/740/im_1.png,Cotton
NEAR-0181,near,Cotton,Cotton/740/im_1.png,5050e735492069f48d498881ba382a0e3869d555c0b9fea500b9b17045ebe67c,1367edc121e9ca1c,4,Cotton/740/im_4.png,Cotton
NEAR-0182,near,Cotton,Cotton/741/im_2.png,58129322d3281cc5d5ac623aa96e47e5fa33fd093b7670cd633e0c38b42cacdb,24c759c09b3f2297,2,Cotton/741/im_1.png,Cotton
NEAR-0182,near,Cotton,Cotton/741/im_1.png,b089de991eb9b3a2e0d10d3a169b5a9301b96ddd9ba364389a6aec7d7978be18,24e759c0993f2297,2,Cotton/741/im_2.png,Cotton
NEAR-0183,near,Cotton,Cotton/741/im_3.png,cd0d40be1fae9d27be1fdd8636a6b2ed3f80446055009b1a6c213acc030e9b39,64e759c0983f2297,2,Cotton/741/im_1.png,Cotton
NEAR-0183,near,Cotton,Cotton/741/im_1.png,b089de991eb9b3a2e0d10d3a169b5a9301b96ddd9ba364389a6aec7d7978be18,24e759c0993f2297,2,Cotton/741/im_3.png,Cotton
NEAR-0184,near,Cotton,Cotton/741/im_3.png,cd0d40be1fae9d27be1fdd8636a6b2ed3f80446055009b1a6c213acc030e9b39,64e759c0983f2297,4,Cotton/741/im_2.png,Cotton
NEAR-0184,near,Cotton,Cotton/741/im_2.png,58129322d3281cc5d5ac623aa96e47e5fa33fd093b7670cd633e0c38b42cacdb,24c759c09b3f2297,4,Cotton/741/im_3.png,Cotton
NEAR-0185,near,Cotton,Cotton/741/im_4.png,05eb9e24a12c3507ad1d1e5caeb34e9584b37ed3403c9d1cf2fbdba65f7f760f,246759c4993f2297,4,Cotton/741/im_3.png,Cotton
NEAR-0185,near,Cotton,Cotton/741/im_3.png,cd0d40be1fae9d27be1fdd8636a6b2ed3f80446055009b1a6c213acc030e9b39,64e759c0983f2297,4,Cotton/741/im_4.png,Cotton
NEAR-0186,near,Cotton,Cotton/741/im_4.png,05eb9e24a12c3507ad1d1e5caeb34e9584b37ed3403c9d1cf2fbdba65f7f760f,246759c4993f2297,2,Cotton/741/im_1.png,Cotton
NEAR-0186,near,Cotton,Cotton/741/im_1.png,b089de991eb9b3a2e0d10d3a169b5a9301b96ddd9ba364389a6aec7d7978be18,24e759c0993f2297,2,Cotton/741/im_4.png,Cotton
NEAR-0187,near,Cotton,Cotton/741/im_4.png,05eb9e24a12c3507ad1d1e5caeb34e9584b37ed3403c9d1cf2fbdba65f7f760f,246759c4993f2297,4,Cotton/741/im_2.png,Cotton
NEAR-0187,near,Cotton,Cotton/741/im_2.png,58129322d3281cc5d5ac623aa96e47e5fa33fd093b7670cd633e0c38b42cacdb,24c759c09b3f2297,4,Cotton/741/im_4.png,Cotton
NEAR-0188,near,Cotton,Cotton/742/im_2.png,1437363db7d32ea5f2ead7591a7dbf561b8d7c59cdce84a86bed2041ed8a592a,0c9456523ec9ec37,2,Cotton/742/im_1.png,Cotton
NEAR-0188,near,Cotton,Cotton/742/im_1.png,523a5509897c8f62d2d379f833f01e2a048906e09f471313f827e7b3da3c477d,1c9456523ec9e837,2,Cotton/742/im_2.png,Cotton
NEAR-0189,near,Cotton,Cotton/742/im_3.png,b1f0349e5845a9ceb77ce0e650163160c42c950ec5803fa1da9ad36c38ec5834,5c1456523ec9e837,4,Cotton/742/im_2.png,Cotton
NEAR-0189,near,Cotton,Cotton/742/im_2.png,1437363db7d32ea5f2ead7591a7dbf561b8d7c59cdce84a86bed2041ed8a592a,0c9456523ec9ec37,4,Cotton/742/im_3.png,Cotton
NEAR-0190,near,Cotton,Cotton/742/im_3.png,b1f0349e5845a9ceb77ce0e650163160c42c950ec5803fa1da9ad36c38ec5834,5c1456523ec9e837,2,Cotton/742/im_1.png,Cotton
NEAR-0190,near,Cotton,Cotton/742/im_1.png,523a5509897c8f62d2d379f833f01e2a048906e09f471313f827e7b3da3c477d,1c9456523ec9e837,2,Cotton/742/im_3.png,Cotton
NEAR-0191,near,Cotton,Cotton/742/im_4.png,633fe22e251c5babaf5b07d0d59b2cc7fe12585b86aa82211809a9c4055d7719,1e1456523ec9e837,4,Cotton/742/im_2.png,Cotton
NEAR-0191,near,Cotton,Cotton/742/im_2.png,1437363db7d32ea5f2ead7591a7dbf561b8d7c59cdce84a86bed2041ed8a592a,0c9456523ec9ec37,4,Cotton/742/im_4.png,Cotton
NEAR-0192,near,Cotton,Cotton/742/im_4.png,633fe22e251c5babaf5b07d0d59b2cc7fe12585b86aa82211809a9c4055d7719,1e1456523ec9e837,2,Cotton/742/im_1.png,Cotton
NEAR-0192,near,Cotton,Cotton/742/im_1.png,523a5509897c8f62d2d379f833f01e2a048906e09f471313f827e7b3da3c477d,1c9456523ec9e837,2,Cotton/742/im_4.png,Cotton
NEAR-0193,near,Cotton,Cotton/742/im_4.png,633fe22e251c5babaf5b07d0d59b2cc7fe12585b86aa82211809a9c4055d7719,1e1456523ec9e837,2,Cotton/742/im_3.png,Cotton
NEAR-0193,near,Cotton,Cotton/742/im_3.png,b1f0349e5845a9ceb77ce0e650163160c42c950ec5803fa1da9ad36c38ec5834,5c1456523ec9e837,2,Cotton/742/im_4.png,Cotton
NEAR-0194,near,Cotton,Cotton/743/im_2.png,1f1bb44efaa2c33a8113a15a11d83f49f9c8da2700d4d2c640c13195df75eb63,1088f8363b7b47a5,4,Cotton/743/im_1.png,Cotton
NEAR-0194,near,Cotton,Cotton/743/im_1.png,6d85edbd5a2efa6b2f9bdcd2f5841fcee74ae75a59d3ebe5921ef8180e0df605,12c8f836335b47a5,4,Cotton/743/im_2.png,Cotton
NEAR-0195,near,Cotton,Cotton/743/im_4.png,6a1aba37598404a46e48ecb31b9d9f09ec5b18d3927699bb16fd24217fa6c04d,1248f836337b47a5,6,Cotton/743/im_3.png,Cotton
NEAR-0195,near,Cotton,Cotton/743/im_3.png,57e41df16875fc5189b10272ccf0dbb8d8f4ca496e2124436186213abae30599,50497836327b47a7,6,Cotton/743/im_4.png,Cotton
NEAR-0196,near,Cotton,Cotton/743/im_4.png,6a1aba37598404a46e48ecb31b9d9f09ec5b18d3927699bb16fd24217fa6c04d,1248f836337b47a5,4,Cotton/743/im_2.png,Cotton
NEAR-0196,near,Cotton,Cotton/743/im_2.png,1f1bb44efaa2c33a8113a15a11d83f49f9c8da2700d4d2c640c13195df75eb63,1088f8363b7b47a5,4,Cotton/743/im_4.png,Cotton
NEAR-0197,near,Cotton,Cotton/743/im_4.png,6a1aba37598404a46e48ecb31b9d9f09ec5b18d3927699bb16fd24217fa6c04d,1248f836337b47a5,2,Cotton/743/im_1.png,Cotton
NEAR-0197,near,Cotton,Cotton/743/im_1.png,6d85edbd5a2efa6b2f9bdcd2f5841fcee74ae75a59d3ebe5921ef8180e0df605,12c8f836335b47a5,2,Cotton/743/im_4.png,Cotton
NEAR-0198,near,Cotton,Cotton/744/im_2.png,046df3bb9a85938b498b0d068e40fec34804a346031d003aa5fb2d6e2c084e78,0f9d7d080f950c2f,6,Cotton/744/im_1.png,Cotton
NEAR-0198,near,Cotton,Cotton/744/im_1.png,0df6ed53211559194ec9267fd3b91e92c0fb18f831bee1255a1a9c02abfe9ba3,0f5dfd480d95042f,6,Cotton/744/im_2.png,Cotton
NEAR-0199,near,Cotton,Cotton/744/im_3.png,828c6130cc72ddd8fc897a593823cbe054ad89574e43e9a986d4ebbc96aa1a67,4f5d7d080f95042f,4,Cotton/744/im_1.png,Cotton
NEAR-0199,near,Cotton,Cotton/744/im_1.png,0df6ed53211559194ec9267fd3b91e92c0fb18f831bee1255a1a9c02abfe9ba3,0f5dfd480d95042f,4,Cotton/744/im_3.png,Cotton
NEAR-0200,near,Cotton,Cotton/744/im_3.png,828c6130cc72ddd8fc897a593823cbe054ad89574e43e9a986d4ebbc96aa1a67,4f5d7d080f95042f,4,Cotton/744/im_2.png,Cotton
NEAR-0200,near,Cotton,Cotton/744/im_2.png,046df3bb9a85938b498b0d068e40fec34804a346031d003aa5fb2d6e2c084e78,0f9d7d080f950c2f,4,Cotton/744/im_3.png,Cotton
NEAR-0201,near,Cotton,Cotton/744/im_4.png,9992eeb54aa14ce75a73bbd2d69968eb0d93ae57f6d17adce995bc8374bc8f1c,0f5d7d4807b5042f,4,Cotton/744/im_1.png,Cotton
NEAR-0201,near,Cotton,Cotton/744/im_1.png,0df6ed53211559194ec9267fd3b91e92c0fb18f831bee1255a1a9c02abfe9ba3,0f5dfd480d95042f,4,Cotton/744/im_4.png,Cotton
NEAR-0202,near,Cotton,Cotton/744/im_4.png,9992eeb54aa14ce75a73bbd2d69968eb0d93ae57f6d17adce995bc8374bc8f1c,0f5d7d4807b5042f,4,Cotton/744/im_3.png,Cotton
NEAR-0202,near,Cotton,Cotton/744/im_3.png,828c6130cc72ddd8fc897a593823cbe054ad89574e43e9a986d4ebbc96aa1a67,4f5d7d080f95042f,4,Cotton/744/im_4.png,Cotton
NEAR-0203,near,Cotton,Cotton/744/im_4.png,9992eeb54aa14ce75a73bbd2d69968eb0d93ae57f6d17adce995bc8374bc8f1c,0f5d7d4807b5042f,6,Cotton/744/im_2.png,Cotton
NEAR-0203,near,Cotton,Cotton/744/im_2.png,046df3bb9a85938b498b0d068e40fec34804a346031d003aa5fb2d6e2c084e78,0f9d7d080f950c2f,6,Cotton/744/im_4.png,Cotton
NEAR-0204,near,Cotton,Cotton/745/im_2.png,d3044f1f728c842c4da14a04d3568bff098815e51fbaaf5eb0e474ee8be319bb,2a17cb652dc4388f,0,Cotton/745/im_1.png,Cotton
NEAR-0204,near,Cotton,Cotton/745/im_1.png,b2ff0f2e64e178e6b8e147538b817bfa8b90ea5bdf1c4695999c65d24fc2b711,2a17cb652dc4388f,0,Cotton/745/im_2.png,Cotton
NEAR-0205,near,Cotton,Cotton/745/im_3.png,0dbfb0a0caf955837349434269b0dc46820382040d4f35afa5738358c5558d54,6a17cb642dc4388f,2,Cotton/745/im_1.png,Cotton
NEAR-0205,near,Cotton,Cotton/745/im_1.png,b2ff0f2e64e178e6b8e147538b817bfa8b90ea5bdf1c4695999c65d24fc2b711,2a17cb652dc4388f,2,Cotton/745/im_3.png,Cotton
NEAR-0206,near,Cotton,Cotton/745/im_3.png,0dbfb0a0caf955837349434269b0dc46820382040d4f35afa5738358c5558d54,6a17cb642dc4388f,2,Cotton/745/im_2.png,Cotton
NEAR-0206,near,Cotton,Cotton/745/im_2.png,d3044f1f728c842c4da14a04d3568bff098815e51fbaaf5eb0e474ee8be319bb,2a17cb652dc4388f,2,Cotton/745/im_3.png,Cotton
NEAR-0207,near,Cotton,Cotton/745/im_4.png,279f719ce91797008a421071b9aff1675ad8900353ce0260dbc00241bba551a8,2a15db642dc638ce,6,Cotton/745/im_1.png,Cotton
NEAR-0207,near,Cotton,Cotton/745/im_1.png,b2ff0f2e64e178e6b8e147538b817bfa8b90ea5bdf1c4695999c65d24fc2b711,2a17cb652dc4388f,6,Cotton/745/im_4.png,Cotton
NEAR-0208,near,Cotton,Cotton/745/im_4.png,279f719ce91797008a421071b9aff1675ad8900353ce0260dbc00241bba551a8,2a15db642dc638ce,6,Cotton/745/im_2.png,Cotton
NEAR-0208,near,Cotton,Cotton/745/im_2.png,d3044f1f728c842c4da14a04d3568bff098815e51fbaaf5eb0e474ee8be319bb,2a17cb652dc4388f,6,Cotton/745/im_4.png,Cotton
NEAR-0209,near,Cotton,Cotton/745/im_4.png,279f719ce91797008a421071b9aff1675ad8900353ce0260dbc00241bba551a8,2a15db642dc638ce,6,Cotton/745/im_3.png,Cotton
NEAR-0209,near,Cotton,Cotton/745/im_3.png,0dbfb0a0caf955837349434269b0dc46820382040d4f35afa5738358c5558d54,6a17cb642dc4388f,6,Cotton/745/im_4.png,Cotton
NEAR-0210,near,Cotton,Cotton/746/im_2.png,b741b4799f2ca5293a883f5fb0539f93f369d91f25f06d06e60a3770658a80da,0db232cd6634d363,4,Cotton/746/im_1.png,Cotton
NEAR-0210,near,Cotton,Cotton/746/im_1.png,d0463e9d791c61fea67c8f8875c5f42941d9182c8b01fce6a65f05daf2070f65,0d3230cf6734d363,4,Cotton/746/im_2.png,Cotton
NEAR-0211,near,Cotton,Cotton/746/im_3.png,76b5ea386e4a2662697633fa5745d89b4d037b7c33d3422c9dffc0d24673874e,4d3230cf6634d363,4,Cotton/746/im_2.png,Cotton
NEAR-0211,near,Cotton,Cotton/746/im_2.png,b741b4799f2ca5293a883f5fb0539f93f369d91f25f06d06e60a3770658a80da,0db232cd6634d363,4,Cotton/746/im_3.png,Cotton
NEAR-0212,near,Cotton,Cotton/746/im_3.png,76b5ea386e4a2662697633fa5745d89b4d037b7c33d3422c9dffc0d24673874e,4d3230cf6634d363,2,Cotton/746/im_1.png,Cotton
NEAR-0212,near,Cotton,Cotton/746/im_1.png,d0463e9d791c61fea67c8f8875c5f42941d9182c8b01fce6a65f05daf2070f65,0d3230cf6734d363,2,Cotton/746/im_3.png,Cotton
NEAR-0213,near,Cotton,Cotton/746/im_4.png,d689f04b389067444187b1baacd240d563a20d780067eb93a4fa1c9c906feb98,0d7230cf6634d363,4,Cotton/746/im_2.png,Cotton
NEAR-0213,near,Cotton,Cotton/746/im_2.png,b741b4799f2ca5293a883f5fb0539f93f369d91f25f06d06e60a3770658a80da,0db232cd6634d363,4,Cotton/746/im_4.png,Cotton
NEAR-0214,near,Cotton,Cotton/746/im_4.png,d689f04b389067444187b1baacd240d563a20d780067eb93a4fa1c9c906feb98,0d7230cf6634d363,2,Cotton/746/im_3.png,Cotton
NEAR-0214,near,Cotton,Cotton/746/im_3.png,76b5ea386e4a2662697633fa5745d89b4d037b7c33d3422c9dffc0d24673874e,4d3230cf6634d363,2,Cotton/746/im_4.png,Cotton
NEAR-0215,near,Cotton,Cotton/746/im_4.png,d689f04b389067444187b1baacd240d563a20d780067eb93a4fa1c9c906feb98,0d7230cf6634d363,2,Cotton/746/im_1.png,Cotton
NEAR-0215,near,Cotton,Cotton/746/im_1.png,d0463e9d791c61fea67c8f8875c5f42941d9182c8b01fce6a65f05daf2070f65,0d3230cf6734d363,2,Cotton/746/im_4.png,Cotton
NEAR-0216,near,Cotton,Cotton/747/im_2.png,360b8ba87aa50d6050283a2d1b3c99a05bf87d4554330f19373e71d25990d67a,20993d4746687ad7,2,Cotton/747/im_1.png,Cotton
NEAR-0216,near,Cotton,Cotton/747/im_1.png,71f018ace6de65ed7fe6d3652f30b2387392fbf709df180ede2ebb3c26413f86,2019bd4746687ad7,2,Cotton/747/im_2.png,Cotton
NEAR-0217,near,Cotton,Cotton/747/im_3.png,f391e3c46bec43f783dd68c23662146c3847e3dee24014e545f8b35fd885feca,60193d0746e87ad7,4,Cotton/747/im_2.png,Cotton
NEAR-0217,near,Cotton,Cotton/747/im_2.png,360b8ba87aa50d6050283a2d1b3c99a05bf87d4554330f19373e71d25990d67a,20993d4746687ad7,4,Cotton/747/im_3.png,Cotton
NEAR-0218,near,Cotton,Cotton/747/im_3.png,f391e3c46bec43f783dd68c23662146c3847e3dee24014e545f8b35fd885feca,60193d0746e87ad7,4,Cotton/747/im_1.png,Cotton
NEAR-0218,near,Cotton,Cotton/747/im_1.png,71f018ace6de65ed7fe6d3652f30b2387392fbf709df180ede2ebb3c26413f86,2019bd4746687ad7,4,Cotton/747/im_3.png,Cotton
NEAR-0219,near,Cotton,Cotton/747/im_4.png,fce43b1604cf17d4dea7c274357f955aa181b1373632900745ad00f3ceb02703,2019bd4746687ad7,2,Cotton/747/im_2.png,Cotton
NEAR-0219,near,Cotton,Cotton/747/im_2.png,360b8ba87aa50d6050283a2d1b3c99a05bf87d4554330f19373e71d25990d67a,20993d4746687ad7,2,Cotton/747/im_4.png,Cotton
NEAR-0220,near,Cotton,Cotton/747/im_4.png,fce43b1604cf17d4dea7c274357f955aa181b1373632900745ad00f3ceb02703,2019bd4746687ad7,4,Cotton/747/im_3.png,Cotton
NEAR-0220,near,Cotton,Cotton/747/im_3.png,f391e3c46bec43f783dd68c23662146c3847e3dee24014e545f8b35fd885feca,60193d0746e87ad7,4,Cotton/747/im_4.png,Cotton
NEAR-0221,near,Cotton,Cotton/747/im_4.png,fce43b1604cf17d4dea7c274357f955aa181b1373632900745ad00f3ceb02703,2019bd4746687ad7,0,Cotton/747/im_1.png,Cotton
NEAR-0221,near,Cotton,Cotton/747/im_1.png,71f018ace6de65ed7fe6d3652f30b2387392fbf709df180ede2ebb3c26413f86,2019bd4746687ad7,0,Cotton/747/im_4.png,Cotton
NEAR-0222,near,Cotton,Cotton/748/im_2.png,f01d1cf2c543b429876ac635dd47b7f6b2dfee3a881efa523af028bc2da51ed4,12974f853b39c44b,2,Cotton/748/im_1.png,Cotton
NEAR-0222,near,Cotton,Cotton/748/im_1.png,7ff6e9c833b854007fcef2a1850b9c501e83d98b55cc626e3615415314e6f6ef,12964fa53b39c44b,2,Cotton/748/im_2.png,Cotton
NEAR-0223,near,Cotton,Cotton/748/im_3.png,1372b9e24e832d2bcb729b679da5c7ca11a0c4bfcfe269cfdcce43c48d8dd220,50174f853b3d846b,6,Cotton/748/im_2.png,Cotton
NEAR-0223,near,Cotton,Cotton/748/im_2.png,f01d1cf2c543b429876ac635dd47b7f6b2dfee3a881efa523af028bc2da51ed4,12974f853b39c44b,6,Cotton/748/im_3.png,Cotton
NEAR-0224,near,Cotton,Cotton/748/im_4.png,f959f86d924f1f81e0a1a893ffaaea8ba2b54a0f8d7c24bbdbb9ff9d54717187,52164fa53b3d844b,4,Cotton/748/im_1.png,Cotton
NEAR-0224,near,Cotton,Cotton/748/im_1.png,7ff6e9c833b854007fcef2a1850b9c501e83d98b55cc626e3615415314e6f6ef,12964fa53b39c44b,4,Cotton/748/im_4.png,Cotton
NEAR-0225,near,Cotton,Cotton/748/im_4.png,f959f86d924f1f81e0a1a893ffaaea8ba2b54a0f8d7c24bbdbb9ff9d54717187,52164fa53b3d844b,4,Cotton/748/im_3.png,Cotton
NEAR-0225,near,Cotton,Cotton/748/im_3.png,1372b9e24e832d2bcb729b679da5c7ca11a0c4bfcfe269cfdcce43c48d8dd220,50174f853b3d846b,4,Cotton/748/im_4.png,Cotton
NEAR-0226,near,Cotton,Cotton/748/im_4.png,f959f86d924f1f81e0a1a893ffaaea8ba2b54a0f8d7c24bbdbb9ff9d54717187,52164fa53b3d844b,6,Cotton/748/im_2.png,Cotton
NEAR-0226,near,Cotton,Cotton/748/im_2.png,f01d1cf2c543b429876ac635dd47b7f6b2dfee3a881efa523af028bc2da51ed4,12974f853b39c44b,6,Cotton/748/im_4.png,Cotton
NEAR-0227,near,Cotton,Cotton/749/im_2.png,f41af3275911d35ef024ef2fb5cc6349dbee6c68ac855a5aa43a8616df97f840,18d26754c9742e9b,4,Cotton/749/im_1.png,Cotton
NEAR-0227,near,Cotton,Cotton/749/im_1.png,7bf76cf1fdb90a718a2d83e79a438c866825b664980fea2daf92d2de6f516584,18d22554c9746ebb,4,Cotton/749/im_2.png,Cotton
NEAR-0228,near,Cotton,Cotton/750/im_2.png,3e9a942fa25b7626c60812557beddc25dab3cb2c5f20f4fd232533d56156df49,189367de9a216966,4,Cotton/750/im_1.png,Cotton
NEAR-0228,near,Cotton,Cotton/750/im_1.png,4c7549c96d4c90df63adf990cbb3cdd0f1287ea8b3836dc01b3e95535e1ce463,18b767dc9a216926,4,Cotton/750/im_2.png,Cotton
NEAR-0229,near,Cotton,Cotton/750/im_4.png,a983c8e37a82d741ca418183c04f161db45ed60d8ee877ee6420a0e6c7ad3333,187e67899a617946,6,Cotton/750/im_3.png,Cotton
NEAR-0229,near,Cotton,Cotton/750/im_3.png,507fc0a2b810feacdbd628259650264ff60e95abc3ed05b6a07cd4866fee5aca,587a67889e617926,6,Cotton/750/im_4.png,Cotton
NEAR-0230,near,Cotton,Cotton/751/im_2.png,03f5c87df92ad42759f73b719ed4ed358bc94df8405c96b5c47f6adc11ff2c06,00cb3f4f5b2923d4,6,Cotton/751/im_1.png,Cotton
NEAR-0230,near,Cotton,Cotton/751/im_1.png,6ad90ff08b133791ae783c18052b8eadfe6523d76a73d28813d3618fb9be8fcb,01833e4f5b2ba3d4,6,Cotton/751/im_2.png,Cotton
NEAR-0231,near,Cotton,Cotton/751/im_4.png,44a6a4f1d01e832fa666dcf9980471e81530612f404ef2495a88b6c3fb27a87e,04035f4f2b2ba9b5,6,Cotton/751/im_3.png,Cotton
NEAR-0231,near,Cotton,Cotton/751/im_3.png,2f9d279ee71b666d85755ed1f964fad6a282d250c94ae33e36b798d88b4c7896,440b174f2b2badb4,6,Cotton/751/im_4.png,Cotton
NEAR-0232,near,Cotton,Cotton/752/im_2.png,97629daf51d96dcc9b507845cd6b6c158c2bec9b9e2ee0a814e693cde15d3504,4b95623134b2f19e,4,Cotton/752/im_1.png,Cotton
NEAR-0232,near,Cotton,Cotton/752/im_1.png,9a4fd4f105c1786b62bf7c06fd30c7365094c049b9aabdbb00c9768a65257427,1b95622134b2f1de,4,Cotton/752/im_2.png,Cotton
NEAR-0233,near,Cotton,Cotton/752/im_3.png,45506bad1208724f8e929239b12475c81e55789ebc6359959d4919ca2bb08103,5b15623134b2f91d,6,Cotton/752/im_2.png,Cotton
NEAR-0233,near,Cotton,Cotton/752/im_2.png,97629daf51d96dcc9b507845cd6b6c158c2bec9b9e2ee0a814e693cde15d3504,4b95623134b2f19e,6,Cotton/752/im_3.png,Cotton
NEAR-0234,near,Cotton,Cotton/752/im_4.png,0ccfc1d016e6d45c5ba29e2013db7bac222ebe9f338b5588d8e9447fd4fd6c0c,5b15622135b2f15e,4,Cotton/752/im_1.png,Cotton
NEAR-0234,near,Cotton,Cotton/752/im_1.png,9a4fd4f105c1786b62bf7c06fd30c7365094c049b9aabdbb00c9768a65257427,1b95622134b2f1de,4,Cotton/752/im_4.png,Cotton
NEAR-0235,near,Cotton,Cotton/752/im_4.png,0ccfc1d016e6d45c5ba29e2013db7bac222ebe9f338b5588d8e9447fd4fd6c0c,5b15622135b2f15e,6,Cotton/752/im_2.png,Cotton
NEAR-0235,near,Cotton,Cotton/752/im_2.png,97629daf51d96dcc9b507845cd6b6c158c2bec9b9e2ee0a814e693cde15d3504,4b95623134b2f19e,6,Cotton/752/im_4.png,Cotton
NEAR-0236,near,Cotton,Cotton/752/im_4.png,0ccfc1d016e6d45c5ba29e2013db7bac222ebe9f338b5588d8e9447fd4fd6c0c,5b15622135b2f15e,6,Cotton/752/im_3.png,Cotton
NEAR-0236,near,Cotton,Cotton/752/im_3.png,45506bad1208724f8e929239b12475c81e55789ebc6359959d4919ca2bb08103,5b15623134b2f91d,6,Cotton/752/im_4.png,Cotton
NEAR-0237,near,Cotton,Cotton/834/im_4.png,c6eadc67a685c75788c99717f9f5e0014d8358a07e59d59e28378873f90b1a67,0853628d039e6df7,2,Cotton/834/im_1.png,Cotton
NEAR-0237,near,Cotton,Cotton/834/im_1.png,ee2e7286e9c6537021df389e5a6b0288311552d43f5dcb987cefa847e00142b2,0853628d139e6db7,2,Cotton/834/im_4.png,Cotton
NEAR-0238,near,Cotton,Cotton/847/im_2.png,70d9f071137243d3c2d43cd0b439604af099a08918be0a297214718f65620231,46e331975363112f,6,Cotton/847/im_1.png,Cotton
NEAR-0238,near,Cotton,Cotton/847/im_1.png,fdf749425d01b30e67d84d4074bc071422e19f41b4f44a10dc27979c65abf4a1,46e131337363512f,6,Cotton/847/im_2.png,Cotton
NEAR-0239,near,Cotton,Cotton/99/im_2.png,a6d745731e9b15608bac28ef670c9c6052795056f70fda9ad3a36ca727b258af,0da83c6643975b87,4,Cotton/99/im_1.png,Cotton
NEAR-0239,near,Cotton,Cotton/99/im_1.png,4893449a3f75a04e6af0e5692b96e73d4d18f21616cbb036cde7e3d5fc35a0e5,0da9bc6643974b85,4,Cotton/99/im_2.png,Cotton
NEAR-0240,near,Cotton,Cotton/99/im_3.png,766239f40ebef593d32dccce8d7f3aeac32a1bc4e3f1ec9a0ec59470a81d3bcb,4d683c66c3974b85,6,Cotton/99/im_1.png,Cotton
NEAR-0240,near,Cotton,Cotton/99/im_1.png,4893449a3f75a04e6af0e5692b96e73d4d18f21616cbb036cde7e3d5fc35a0e5,0da9bc6643974b85,6,Cotton/99/im_3.png,Cotton
NEAR-0241,near,Cotton,Cotton/99/im_3.png,766239f40ebef593d32dccce8d7f3aeac32a1bc4e3f1ec9a0ec59470a81d3bcb,4d683c66c3974b85,6,Cotton/99/im_2.png,Cotton
NEAR-0241,near,Cotton,Cotton/99/im_2.png,a6d745731e9b15608bac28ef670c9c6052795056f70fda9ad3a36ca727b258af,0da83c6643975b87,6,Cotton/99/im_3.png,Cotton
NEAR-0242,near,Cotton,Cotton/99/im_4.png,14b899c30ad8ce45b8970c7c19014fefb0091037907d0876fcb7cd390bc55117,0c69bc664b175b85,6,Cotton/99/im_1.png,Cotton
NEAR-0242,near,Cotton,Cotton/99/im_1.png,4893449a3f75a04e6af0e5692b96e73d4d18f21616cbb036cde7e3d5fc35a0e5,0da9bc6643974b85,6,Cotton/99/im_4.png,Cotton
NEAR-0243,near,Denim,Denim/1056/im_2.png,081746e71a7ba69e440b8a20e40f9c134f8a3cd485473980be8abb2b9c03bc87,08bf0c6ec731b433,6,Denim/1056/im_1.png,Denim
NEAR-0243,near,Denim,Denim/1056/im_1.png,59b40a892cf328b92243aa2af5cbc52113ec2d7c8b65c203b532966967698432,18bf086f47319437,6,Denim/1056/im_2.png,Denim
NEAR-0244,near,Denim,Denim/1057/im_2.png,0ded7603ddbb35ae9879d7d765da1eed01c4df2d27354983c8e6e0b304d45dbe,0f94720ba19de53a,6,Denim/1057/im_1.png,Denim
NEAR-0244,near,Denim,Denim/1057/im_1.png,8d5202e8845e221f6d547082dbdefb22714a067463e3728cc0f4fff1800601b6,1f94724b01dde52a,6,Denim/1057/im_2.png,Denim
NEAR-0245,near,Denim,Denim/1082/im_2.png,3ffbaeb3cb13dc694bc8d07ad0b1271a350546b0d6c8f4f8d5681c2d06cccdcd,12d56b99c8cda332,6,Denim/1082/im_1.png,Denim
NEAR-0245,near,Denim,Denim/1082/im_1.png,3ad4f7907cbd564d944f8182c9199ae68d9cca5f3f5a1a9442d99937444737bf,12d5691948cda776,6,Denim/1082/im_2.png,Denim
NEAR-0246,near,Denim,Denim/1082/im_4.png,cc0f1401975c0a3ffc61112f15b99096dd6454131cb8ebdffba8f52ad850854c,165529b86ec703e6,6,Denim/1082/im_3.png,Denim
NEAR-0246,near,Denim,Denim/1082/im_3.png,0886344c32ce25f33bb63512fd7e3d4167464fb8c018c4e470132be16e7721c5,5e5428986ec703f6,6,Denim/1082/im_4.png,Denim
NEAR-0247,near,Denim,Denim/1277/im_2.png,94fac7bc1aa44d2541c1029a7b5d14807809711d182a86691003349a21be8155,1597683bbec8d406,6,Denim/1277/im_1.png,Denim
NEAR-0247,near,Denim,Denim/1277/im_1.png,c3c88c035cd3d816fda22ace6662631e6f5a1f55a6a64d44bf14c85c17d60c1d,15b7783abeca4406,6,Denim/1277/im_2.png,Denim
NEAR-0248,near,Denim,Denim/1277/im_3.png,42ff0331a52aba3d042c8233685f0b844059153634b58dfdda511bedc1589f95,5537603bbec85606,6,Denim/1277/im_2.png,Denim
NEAR-0248,near,Denim,Denim/1277/im_2.png,94fac7bc1aa44d2541c1029a7b5d14807809711d182a86691003349a21be8155,1597683bbec8d406,6,Denim/1277/im_3.png,Denim
NEAR-0249,near,Denim,Denim/1289/im_2.png,38a8f6fe98b74360aaae218d37ac6f9652912b01177a61d5b2e1ce7c24c6a305,00bb144a4ff7a0be,6,Denim/1289/im_1.png,Denim
NEAR-0249,near,Denim,Denim/1289/im_1.png,2aece1e3c49a4f243d0398f4287321ef2f4753859746832f967dadf4e91062f4,32bb144a4ff5a0aa,6,Denim/1289/im_2.png,Denim
NEAR-0250,near,Denim,Denim/1304/im_2.png,428487fb1572976f1aa09d00b198ca066ad6b67ac5391c3dd454fe2b38f4fd61,01d3530856b6f7f0,6,Denim/1304/im_1.png,Denim
NEAR-0250,near,Denim,Denim/1304/im_1.png,f593fce8ef6c58ae177a7196a0869f447540daa6158c1b83a1722975608082de,11d3530854bf77e0,6,Denim/1304/im_2.png,Denim
NEAR-0251,near,Denim,Denim/1305/im_4.png,83899958acc7df84e0f827b11eeadee143aff9dce30659e6a609b4c93fd7257a,1b3c78054b62afaa,6,Denim/1305/im_1.png,Denim
NEAR-0251,near,Denim,Denim/1305/im_1.png,818086e47d93c4dc5a2c38e123de556f2a11e604e522dc210c03c05b593112e3,1f3c7a254b42af28,6,Denim/1305/im_4.png,Denim
NEAR-0252,near,Denim,Denim/1310/im_2.png,bac33562047007211f20a510be1b37a82e81cef23cbd60433f0ed83b481bdfd4,13817cde6f738260,4,Denim/1310/im_1.png,Denim
NEAR-0252,near,Denim,Denim/1310/im_1.png,3ac7a2904e3e1a6d3343679d87f50aa326ece30dcd15edc884008e9c19f1b2a2,13917c4e6f73a260,4,Denim/1310/im_2.png,Denim
NEAR-0253,near,Denim,Denim/1317/im_2.png,c7938d51b40cd7c99dc84650ba7cd9197d2af03f6647ca53cbddc33223a9e07c,158d304f516c7aba,6,Denim/1317/im_1.png,Denim
NEAR-0253,near,Denim,Denim/1317/im_1.png,4e1180eb060c7fbacad1b98c0fb44387162a9f5476f3180c6967338823130094,15af704f516c32aa,6,Denim/1317/im_2.png,Denim
NEAR-0254,near,Denim,Denim/1329/im_2.png,b3603d13a5a32dd84093c85c2fe8e4569f7af69b3bff1161f96da73a2d5acbc7,06a676d801d672f6,6,Denim/1329/im_1.png,Denim
NEAR-0254,near,Denim,Denim/1329/im_1.png,3ecb87902dc7618b93663ba641a4ed5ec129199bd1279eab03a1b40528a781f3,06e477d805d67266,6,Denim/1329/im_2.png,Denim
NEAR-0255,near,Denim,Denim/1330/im_2.png,ea22b38a58a6e7406fbc28571cf8950f2efa6c1f2346388c7566f489d7b064bc,0784334fba6c99e8,6,Denim/1330/im_1.png,Denim
NEAR-0255,near,Denim,Denim/1330/im_1.png,f149ebe732739df5229e273cb52d31bead5d6d81a134dd3ac875478ed0d6439f,07a4324f7e6c9968,6,Denim/1330/im_2.png,Denim
NEAR-0256,near,Denim,Denim/1335/im_2.png,92cbda5f2157d28307a7275d7f4eb5fa7e2115a2134ab4dd57b0d87aa1631553,1b1b2754a5275617,6,Denim/1335/im_1.png,Denim
NEAR-0256,near,Denim,Denim/1335/im_1.png,7cfe6ab1645c9c2513eddccb6b150b16cc9f33d506ac1067ee74b5cbfd8ce8f3,1b1b074ce5077617,6,Denim/1335/im_2.png,Denim
NEAR-0257,near,Denim,Denim/1345/im_3.png,53affddf7a0590b0cbe12f094eb574c5a11843a77f185efd5764e77669c99398,50652c131ff90d3d,6,Denim/1345/im_2.png,Denim
NEAR-0257,near,Denim,Denim/1345/im_2.png,3246e804d629be4c301fd895b43825f4ea23b94d044a367f6cbe95f9fa723ccc,10752c171ff92d19,6,Denim/1345/im_3.png,Denim
NEAR-0258,near,Denim,Denim/1345/im_4.png,bc0c5a5c4f0bba3e2c5308b1b78e9068f249ee212210f5e742cdbd06eea3f924,506528179df92d1d,6,Denim/1345/im_3.png,Denim
NEAR-0258,near,Denim,Denim/1345/im_3.png,53affddf7a0590b0cbe12f094eb574c5a11843a77f185efd5764e77669c99398,50652c131ff90d3d,6,Denim/1345/im_4.png,Denim
NEAR-0259,near,Denim,Denim/1345/im_4.png,bc0c5a5c4f0bba3e2c5308b1b78e9068f249ee212210f5e742cdbd06eea3f924,506528179df92d1d,6,Denim/1345/im_2.png,Denim
NEAR-0259,near,Denim,Denim/1345/im_2.png,3246e804d629be4c301fd895b43825f4ea23b94d044a367f6cbe95f9fa723ccc,10752c171ff92d19,6,Denim/1345/im_4.png,Denim
NEAR-0260,near,Denim,Denim/1347/im_4.png,c65d2ef7bf18978238cc8ee96becea6e6545c83c51751efdc8779707ce7d2b85,12744a1ee7f36b80,6,Denim/1347/im_1.png,Denim
NEAR-0260,near,Denim,Denim/1347/im_1.png,c59bb010a33e029d95c4890d791d55054d66ec2d8c812ddd17d8bd075d7b31e3,12b44a5e67f17b80,6,Denim/1347/im_4.png,Denim
NEAR-0261,near,Denim,Denim/1348/im_2.png,7863844485d051e8e38a63ca8a44d4cd00f16e658d6157784dbe608068e97110,078b612557547b9a,6,Denim/1348/im_1.png,Denim
NEAR-0261,near,Denim,Denim/1348/im_1.png,8e6b2e344a75d1e538cedfbc91ba46c988575f7e4b4867e58a13672259903003,078f416d57547b88,6,Denim/1348/im_2.png,Denim
NEAR-0262,near,Denim,Denim/1354/im_4.png,ec6f65f5111584e8fc2c5aea99fa4eadd148145cb5baf2e4709a681a4689cecf,0d5963b6c83595d8,6,Denim/1354/im_2.png,Denim
NEAR-0262,near,Denim,Denim/1354/im_2.png,20eb14092877eecb5c88175bc0fadabef7488f5ffc1f43dadc650ae91bb675b4,0dd963aec835b588,6,Denim/1354/im_4.png,Denim
NEAR-0263,near,Denim,Denim/226/im_2.png,0b569218745e4922c3725190b1832d06e5e9b2b172e09f7a50ff1c3a5648c3e5,02833e5e724f6978,6,Denim/226/im_1.png,Denim
NEAR-0263,near,Denim,Denim/226/im_1.png,fe92bcee4ce520ea5fa15c5b381f4cbd15924d8d0833976b41336e8801204947,02a33e5e724f283b,6,Denim/226/im_2.png,Denim
NEAR-0264,near,Denim,Denim/301/im_4.png,bff48c30ed2b1c4cb627402a96bffd37e70adba5aa4a7fe98313d4f8c08f10b6,0453043f7eb6e147,6,Denim/301/im_1.png,Denim
NEAR-0264,near,Denim,Denim/301/im_1.png,48311a00928700d1d9cd5dd6e344c771a1d0c14a906ff4b0414d9a08d94270a4,04c2043f7cf6e14f,6,Denim/301/im_4.png,Denim
NEAR-0265,near,Denim,Denim/420/im_2.png,5d3e26612838081f6cdc1aa8dd00fc3e53ac7103b566896180ccc172d9ddf43a,00e217b62f6d15bc,6,Denim/420/im_1.png,Denim
NEAR-0265,near,Denim,Denim/420/im_1.png,479eea862264f70c6df344cc3440f744252c2261cdbf29010aa07905b34482e3,05a217b62f2f15b8,6,Denim/420/im_2.png,Denim
NEAR-0266,near,Linen,Linen/18/im_1.png,9e47aac2f709ece6b698bfafeb2350a9bd2028329098c3955d627949b148555a,04ea6b634d6078f9,0,Linen/17/im_1.png,Linen
NEAR-0266,near,Linen,Linen/17/im_1.png,2cbaafb7740d3580c5a13dca435a8b1852a93b2bee7a95efb036b9b1dfab9442,04ea6b634d6078f9,0,Linen/18/im_1.png,Linen
NEAR-0267,near,Linen,Linen/18/im_2.png,63c14dab3bbe7722ec513a9e891fa873f975b111d2573524dd0662cff35a19e0,06886b87530f78dd,0,Linen/17/im_2.png,Linen
NEAR-0267,near,Linen,Linen/17/im_2.png,be15f204437cef5056b6532da282df4f60324585c8bec63b239d70f5a77e109c,06886b87530f78dd,0,Linen/18/im_2.png,Linen
NEAR-0268,near,Linen,Linen/18/im_3.png,8fe28c5a80f7838dfacf902bdc6909ff2991b00cf0b16dfdb3181c45a2451dd2,421829f7612a7cbb,0,Linen/17/im_3.png,Linen
NEAR-0268,near,Linen,Linen/17/im_3.png,a342bcaaae6cdc4d6833edbd7cdfebd6a865ea1ab4020efe55a640e974d82fc1,421829f7612a7cbb,0,Linen/18/im_3.png,Linen
NEAR-0269,near,Linen,Linen/18/im_4.png,6d2ffe4e6ab11bcaa992c4e113bc437dadae6bf9416ca027532019122294e51a,002b69774664fcb3,2,Linen/17/im_4.png,Linen
NEAR-0269,near,Linen,Linen/17/im_4.png,084d4586778ad664985e939b3779bb4c274e55ca9ea4f503897c418da21c812c,002b69774666f4b3,2,Linen/18/im_4.png,Linen
NEAR-0270,near,Nylon,Nylon/1803/im_2.png,11b39735234ebf115374a835dffcfeb212a74a018a509654a79d49460c59479c,0b8e43015fc81f3f,6,Nylon/1803/im_1.png,Nylon
NEAR-0270,near,Nylon,Nylon/1803/im_1.png,cf22e9a197cff5bc866d4e01695bf3ff97a771b5437ff111fd66547bbf7bccf3,3a8a43405fc81f3f,6,Nylon/1803/im_2.png,Nylon
NEAR-0271,near,Nylon,Nylon/1804/im_2.png,368e0387d7d4a73f90b45b4f3d96eb5d5885cf0e267356e85d0541bc33778058,11c1216cd6b6f52d,6,Nylon/1804/im_1.png,Nylon
NEAR-0271,near,Nylon,Nylon/1804/im_1.png,aa1598d80a2c26a588871123720e4d89c6214dd61658799bab979217f3382b03,1185296dd2b6f50d,6,Nylon/1804/im_2.png,Nylon
NEAR-0272,near,Polyester,Polyester/1453/im_2.png,9970ae3ff3da736192439135e9ec2f37688b5f5b8500a79c62804dff31092ffe,1c9979664a172d2b,4,Polyester/1453/im_1.png,Polyester
NEAR-0272,near,Polyester,Polyester/1453/im_1.png,c00962b82054e02d3e30f0ac9fee9e3710a7731431e7001a18ff35c1e1d73f20,189979664b962d2b,4,Polyester/1453/im_2.png,Polyester
NEAR-0273,near,Polyester,Polyester/1453/im_3.png,d2c3c80818c8eecfba1f5a8d69d0747b8ca069c4a1bacd2893bfbbf7946b0fc6,5c9939664a162d2f,6,Polyester/1453/im_1.png,Polyester
NEAR-0273,near,Polyester,Polyester/1453/im_1.png,c00962b82054e02d3e30f0ac9fee9e3710a7731431e7001a18ff35c1e1d73f20,189979664b962d2b,6,Polyester/1453/im_3.png,Polyester
NEAR-0274,near,Polyester,Polyester/1453/im_3.png,d2c3c80818c8eecfba1f5a8d69d0747b8ca069c4a1bacd2893bfbbf7946b0fc6,5c9939664a162d2f,4,Polyester/1453/im_2.png,Polyester
NEAR-0274,near,Polyester,Polyester/1453/im_2.png,9970ae3ff3da736192439135e9ec2f37688b5f5b8500a79c62804dff31092ffe,1c9979664a172d2b,4,Polyester/1453/im_3.png,Polyester
NEAR-0275,near,Polyester,Polyester/1453/im_4.png,5a508c3ce929dc968e42d822f1210a2aea536ebb7d1dd93b2920cd2dcd363d00,145979664a962d2f,6,Polyester/1453/im_1.png,Polyester
NEAR-0275,near,Polyester,Polyester/1453/im_1.png,c00962b82054e02d3e30f0ac9fee9e3710a7731431e7001a18ff35c1e1d73f20,189979664b962d2b,6,Polyester/1453/im_4.png,Polyester
NEAR-0276,near,Polyester,Polyester/1453/im_4.png,5a508c3ce929dc968e42d822f1210a2aea536ebb7d1dd93b2920cd2dcd363d00,145979664a962d2f,6,Polyester/1453/im_2.png,Polyester
NEAR-0276,near,Polyester,Polyester/1453/im_2.png,9970ae3ff3da736192439135e9ec2f37688b5f5b8500a79c62804dff31092ffe,1c9979664a172d2b,6,Polyester/1453/im_4.png,Polyester
NEAR-0277,near,Polyester,Polyester/1453/im_4.png,5a508c3ce929dc968e42d822f1210a2aea536ebb7d1dd93b2920cd2dcd363d00,145979664a962d2f,6,Polyester/1453/im_3.png,Polyester
NEAR-0277,near,Polyester,Polyester/1453/im_3.png,d2c3c80818c8eecfba1f5a8d69d0747b8ca069c4a1bacd2893bfbbf7946b0fc6,5c9939664a162d2f,6,Polyester/1453/im_4.png,Polyester
NEAR-0278,near,Polyester,Polyester/1454/im_2.png,853af3c2208e5ba699f95540610a1c55208e71655b61f68a50081f934f845ac9,62d418d33f3075a3,4,Polyester/1454/im_1.png,Polyester
NEAR-0278,near,Polyester,Polyester/1454/im_1.png,a8e7abc05f05965c0c6eaa76ead096837b0161cf8f5a37f91219facf0537f23b,625418d73f3071a7,4,Polyester/1454/im_2.png,Polyester
NEAR-0279,near,Polyester,Polyester/1454/im_3.png,d6c64b3ccf0d40389fc92a0ee323b1e5f099c75ba4b373e4c687029766564899,62541cd71f397123,6,Polyester/1454/im_1.png,Polyester
NEAR-0279,near,Polyester,Polyester/1454/im_1.png,a8e7abc05f05965c0c6eaa76ead096837b0161cf8f5a37f91219facf0537f23b,625418d73f3071a7,6,Polyester/1454/im_3.png,Polyester
NEAR-0280,near,Polyester,Polyester/1454/im_4.png,b1b6bc4e89758457a4e6ea8983ece95d256c55e93c178277f0dd7c575d6d0951,62541cc71f397127,6,Polyester/1454/im_1.png,Polyester
NEAR-0280,near,Polyester,Polyester/1454/im_1.png,a8e7abc05f05965c0c6eaa76ead096837b0161cf8f5a37f91219facf0537f23b,625418d73f3071a7,6,Polyester/1454/im_4.png,Polyester
NEAR-0281,near,Polyester,Polyester/1454/im_4.png,b1b6bc4e89758457a4e6ea8983ece95d256c55e93c178277f0dd7c575d6d0951,62541cc71f397127,2,Polyester/1454/im_3.png,Polyester
NEAR-0281,near,Polyester,Polyester/1454/im_3.png,d6c64b3ccf0d40389fc92a0ee323b1e5f099c75ba4b373e4c687029766564899,62541cd71f397123,2,Polyester/1454/im_4.png,Polyester
NEAR-0282,near,Polyester,Polyester/1646/im_2.png,f0087d13296dbd96c01f98d17f3f015e94ae356cd544bc1eb3694159d901376f,00db7c3b604a5af3,6,Polyester/1646/im_1.png,Polyester
NEAR-0282,near,Polyester,Polyester/1646/im_1.png,dbc6c93ffbdacfc36febd2fd2e5504d6940f7e55449bb4aee6adb9c41934114f,02de7caa604a5af3,6,Polyester/1646/im_2.png,Polyester
NEAR-0283,near,Polyester,Polyester/581/im_2.png,2c3ea20b650c6fca5490de9bf5ad5765ac0f3a270639e580e4ec6bcaaef45ab1,4ea7117c117bce84,6,Polyester/581/im_1.png,Polyester
NEAR-0283,near,Polyester,Polyester/581/im_1.png,caae2ccb1d2bcd86a6882fcb6ec6cc41a5866612c95227038fcd92bb545bd954,4ea7017c1977cd84,6,Polyester/581/im_2.png,Polyester
NEAR-0284,near,Polyester,Polyester/581/im_3.png,e9cdbd5f692fa65e81075b0cc3e624939849582cbe8892220fa0b2771b0be0b3,4e27117c117fcd84,4,Polyester/581/im_2.png,Polyester
NEAR-0284,near,Polyester,Polyester/581/im_2.png,2c3ea20b650c6fca5490de9bf5ad5765ac0f3a270639e580e4ec6bcaaef45ab1,4ea7117c117bce84,4,Polyester/581/im_3.png,Polyester
NEAR-0285,near,Polyester,Polyester/581/im_3.png,e9cdbd5f692fa65e81075b0cc3e624939849582cbe8892220fa0b2771b0be0b3,4e27117c117fcd84,4,Polyester/581/im_1.png,Polyester
NEAR-0285,near,Polyester,Polyester/581/im_1.png,caae2ccb1d2bcd86a6882fcb6ec6cc41a5866612c95227038fcd92bb545bd954,4ea7017c1977cd84,4,Polyester/581/im_3.png,Polyester
NEAR-0286,near,Polyester,Polyester/581/im_4.png,3d05a39e8825d6fa0455153949a33c0b62c769d7c85479a53c2874e2a74ab3a0,4e23117c017fde94,6,Polyester/581/im_2.png,Polyester
NEAR-0286,near,Polyester,Polyester/581/im_2.png,2c3ea20b650c6fca5490de9bf5ad5765ac0f3a270639e580e4ec6bcaaef45ab1,4ea7117c117bce84,6,Polyester/581/im_4.png,Polyester
NEAR-0287,near,Polyester,Polyester/581/im_4.png,3d05a39e8825d6fa0455153949a33c0b62c769d7c85479a53c2874e2a74ab3a0,4e23117c017fde94,6,Polyester/581/im_3.png,Polyester
NEAR-0287,near,Polyester,Polyester/581/im_3.png,e9cdbd5f692fa65e81075b0cc3e624939849582cbe8892220fa0b2771b0be0b3,4e27117c117fcd84,6,Polyester/581/im_4.png,Polyester
NEAR-0288,near,Polyester,Polyester/583/im_3.png,0b0c86fd7225df4a1612187accc4184d624f65a603bd1837575012ac45ac4bf8,4107fa1e54278adb,6,Polyester/583/im_2.png,Polyester
NEAR-0288,near,Polyester,Polyester/583/im_2.png,e4e491cff7b33d49b70b2b4c354c6d4b6d1976525fd3e7e90564f2e05db427a6,4107e63e5c258adb,6,Polyester/583/im_3.png,Polyester
NEAR-0289,near,Polyester,Polyester/617/im_2.png,5c8295e8d2022fc2e8b504ab30f1d62167f9a09affab5d48c342082eea71e530,00ff40fb55a857a8,0,Polyester/617/im_1.png,Polyester
NEAR-0289,near,Polyester,Polyester/617/im_1.png,dd808badf53367a0b1ec0d6a279be9fc32111166919b66198c0e0739cb9236ff,00ff40fb55a857a8,0,Polyester/617/im_2.png,Polyester
NEAR-0290,near,Polyester,Polyester/617/im_3.png,0c04c22073d9cba609cf96d324de82e46a843191d7ddda67990caa198f87d9e6,407f00ff55a857a8,4,Polyester/617/im_1.png,Polyester
NEAR-0290,near,Polyester,Polyester/617/im_1.png,dd808badf53367a0b1ec0d6a279be9fc32111166919b66198c0e0739cb9236ff,00ff40fb55a857a8,4,Polyester/617/im_3.png,Polyester
NEAR-0291,near,Polyester,Polyester/617/im_3.png,0c04c22073d9cba609cf96d324de82e46a843191d7ddda67990caa198f87d9e6,407f00ff55a857a8,4,Polyester/617/im_2.png,Polyester
NEAR-0291,near,Polyester,Polyester/617/im_2.png,5c8295e8d2022fc2e8b504ab30f1d62167f9a09affab5d48c342082eea71e530,00ff40fb55a857a8,4,Polyester/617/im_3.png,Polyester
NEAR-0292,near,Polyester,Polyester/617/im_4.png,1d13175e6e437c9365b395d7c2eb5b1056f1a1d6844946ecaed4dab19fdcc17b,007f40ff55a857a8,2,Polyester/617/im_1.png,Polyester
NEAR-0292,near,Polyester,Polyester/617/im_1.png,dd808badf53367a0b1ec0d6a279be9fc32111166919b66198c0e0739cb9236ff,00ff40fb55a857a8,2,Polyester/617/im_4.png,Polyester
NEAR-0293,near,Polyester,Polyester/617/im_4.png,1d13175e6e437c9365b395d7c2eb5b1056f1a1d6844946ecaed4dab19fdcc17b,007f40ff55a857a8,2,Polyester/617/im_2.png,Polyester
NEAR-0293,near,Polyester,Polyester/617/im_2.png,5c8295e8d2022fc2e8b504ab30f1d62167f9a09affab5d48c342082eea71e530,00ff40fb55a857a8,2,Polyester/617/im_4.png,Polyester
NEAR-0294,near,Polyester,Polyester/617/im_4.png,1d13175e6e437c9365b395d7c2eb5b1056f1a1d6844946ecaed4dab19fdcc17b,007f40ff55a857a8,2,Polyester/617/im_3.png,Polyester
NEAR-0294,near,Polyester,Polyester/617/im_3.png,0c04c22073d9cba609cf96d324de82e46a843191d7ddda67990caa198f87d9e6,407f00ff55a857a8,2,Polyester/617/im_4.png,Polyester
NEAR-0295,near,Polyester,Polyester/623/im_2.png,e3347a522d4204f4618e7a319f31e711b1108c2808dcca23e0222c96e53636f2,003676e2460e7efc,4,Polyester/623/im_1.png,Polyester
NEAR-0295,near,Polyester,Polyester/623/im_1.png,3ad03f8130deb942871147cfa31e69bccbb75506f0f1860da2738871fdd05016,103676e6460e7c7c,4,Polyester/623/im_2.png,Polyester
NEAR-0296,near,Polyester,Polyester/623/im_3.png,4f11c6a786ce7780900cf68149e52dd33e65d2432521ace9809ff5b922b47e90,503276e2060e7efc,6,Polyester/623/im_1.png,Polyester
NEAR-0296,near,Polyester,Polyester/623/im_1.png,3ad03f8130deb942871147cfa31e69bccbb75506f0f1860da2738871fdd05016,103676e6460e7c7c,6,Polyester/623/im_3.png,Polyester
NEAR-0297,near,Polyester,Polyester/623/im_3.png,4f11c6a786ce7780900cf68149e52dd33e65d2432521ace9809ff5b922b47e90,503276e2060e7efc,4,Polyester/623/im_2.png,Polyester
NEAR-0297,near,Polyester,Polyester/623/im_2.png,e3347a522d4204f4618e7a319f31e711b1108c2808dcca23e0222c96e53636f2,003676e2460e7efc,4,Polyester/623/im_3.png,Polyester
NEAR-0298,near,Polyester,Polyester/623/im_4.png,94d9e29ea684b8c6d1d0335a87c5be6cca482ca3e043a60da70f26b8852e875d,003676e2460ffc7c,4,Polyester/623/im_1.png,Polyester
NEAR-0298,near,Polyester,Polyester/623/im_1.png,3ad03f8130deb942871147cfa31e69bccbb75506f0f1860da2738871fdd05016,103676e6460e7c7c,4,Polyester/623/im_4.png,Polyester
NEAR-0299,near,Polyester,Polyester/623/im_4.png,94d9e29ea684b8c6d1d0335a87c5be6cca482ca3e043a60da70f26b8852e875d,003676e2460ffc7c,4,Polyester/623/im_2.png,Polyester
NEAR-0299,near,Polyester,Polyester/623/im_2.png,e3347a522d4204f4618e7a319f31e711b1108c2808dcca23e0222c96e53636f2,003676e2460e7efc,4,Polyester/623/im_4.png,Polyester
NEAR-0300,near,Polyester,Polyester/624/im_2.png,27ad2a0e8b692147f7083bb2f9346ecfbc98c82b6aba3a672bed76299310283b,041c1c3c3cfc7cf8,2,Polyester/624/im_1.png,Polyester
NEAR-0300,near,Polyester,Polyester/624/im_1.png,a64fe69fb7ebf2a77234ed0f5991e5ec382f3727fc2d7883db945fabb6a316b3,141c1c3c3c7c7cf8,2,Polyester/624/im_2.png,Polyester
NEAR-0301,near,Polyester,Polyester/624/im_3.png,c60245e138b357ee5fb48376c392afc19662aab5631d2a046e77e5c9b9a89a4d,540c3c3c3c7c78f8,4,Polyester/624/im_1.png,Polyester
NEAR-0301,near,Polyester,Polyester/624/im_1.png,a64fe69fb7ebf2a77234ed0f5991e5ec382f3727fc2d7883db945fabb6a316b3,141c1c3c3c7c7cf8,4,Polyester/624/im_3.png,Polyester
NEAR-0302,near,Polyester,Polyester/624/im_3.png,c60245e138b357ee5fb48376c392afc19662aab5631d2a046e77e5c9b9a89a4d,540c3c3c3c7c78f8,6,Polyester/624/im_2.png,Polyester
NEAR-0302,near,Polyester,Polyester/624/im_2.png,27ad2a0e8b692147f7083bb2f9346ecfbc98c82b6aba3a672bed76299310283b,041c1c3c3cfc7cf8,6,Polyester/624/im_3.png,Polyester
NEAR-0303,near,Polyester,Polyester/624/im_4.png,f671cf8ed7d7ca6fa34382f822fb2d947177f6311c61eee9b4da8e90c5d0e953,041c3c3c3c7cf8f8,4,Polyester/624/im_1.png,Polyester
NEAR-0303,near,Polyester,Polyester/624/im_1.png,a64fe69fb7ebf2a77234ed0f5991e5ec382f3727fc2d7883db945fabb6a316b3,141c1c3c3c7c7cf8,4,Polyester/624/im_4.png,Polyester
NEAR-0304,near,Polyester,Polyester/624/im_4.png,f671cf8ed7d7ca6fa34382f822fb2d947177f6311c61eee9b4da8e90c5d0e953,041c3c3c3c7cf8f8,4,Polyester/624/im_2.png,Polyester
NEAR-0304,near,Polyester,Polyester/624/im_2.png,27ad2a0e8b692147f7083bb2f9346ecfbc98c82b6aba3a672bed76299310283b,041c1c3c3cfc7cf8,4,Polyester/624/im_4.png,Polyester
NEAR-0305,near,Polyester,Polyester/624/im_4.png,f671cf8ed7d7ca6fa34382f822fb2d947177f6311c61eee9b4da8e90c5d0e953,041c3c3c3c7cf8f8,4,Polyester/624/im_3.png,Polyester
NEAR-0305,near,Polyester,Polyester/624/im_3.png,c60245e138b357ee5fb48376c392afc19662aab5631d2a046e77e5c9b9a89a4d,540c3c3c3c7c78f8,4,Polyester/624/im_4.png,Polyester
NEAR-0306,near,Polyester,Polyester/628/im_2.png,687513031628af1ade2abdb039cec531b63af1f8bd71ccc79f6bd91929f03bbd,0b54ab542cdb349b,4,Polyester/628/im_1.png,Polyester
NEAR-0306,near,Polyester,Polyester/628/im_1.png,79a84d4d855cbf9f9028fa7f5e630d73af6b3952fedb64a2d3df3c8866f9f867,2b54ab5428cb34bb,4,Polyester/628/im_2.png,Polyester
NEAR-0307,near,Polyester,Polyester/628/im_4.png,b527f5b867ec941f67d47fa946248b93f8c49ff078589212c5ab30cefd4a66e2,0b54ab54a4db24bb,6,Polyester/628/im_1.png,Polyester
NEAR-0307,near,Polyester,Polyester/628/im_1.png,79a84d4d855cbf9f9028fa7f5e630d73af6b3952fedb64a2d3df3c8866f9f867,2b54ab5428cb34bb,6,Polyester/628/im_4.png,Polyester
NEAR-0308,near,Polyester,Polyester/628/im_4.png,b527f5b867ec941f67d47fa946248b93f8c49ff078589212c5ab30cefd4a66e2,0b54ab54a4db24bb,4,Polyester/628/im_2.png,Polyester
NEAR-0308,near,Polyester,Polyester/628/im_2.png,687513031628af1ade2abdb039cec531b63af1f8bd71ccc79f6bd91929f03bbd,0b54ab542cdb349b,4,Polyester/628/im_4.png,Polyester
NEAR-0309,near,Polyester,Polyester/714/im_2.png,a328c5eb0f804251f1cac39effcc6571eb752cc32f9c10b370d00bb822993871,0acd178b3328fa5a,6,Polyester/714/im_1.png,Polyester
NEAR-0309,near,Polyester,Polyester/714/im_1.png,53df78dabaffa8fff9154d1547c47858d0bcd6a386ba7863bf5ffee057871156,2aad17893728fa4a,6,Polyester/714/im_2.png,Polyester
NEAR-0310,near,Polyester,Polyester/714/im_3.png,d351f95f154d30393b69b2adf9b76d50da5494827dcbd067a53e4d9692dc28bf,626d17893328fa5a,6,Polyester/714/im_2.png,Polyester
NEAR-0310,near,Polyester,Polyester/714/im_2.png,a328c5eb0f804251f1cac39effcc6571eb752cc32f9c10b370d00bb822993871,0acd178b3328fa5a,6,Polyester/714/im_3.png,Polyester
NEAR-0311,near,Polyester,Polyester/714/im_3.png,d351f95f154d30393b69b2adf9b76d50da5494827dcbd067a53e4d9692dc28bf,626d17893328fa5a,6,Polyester/714/im_1.png,Polyester
NEAR-0311,near,Polyester,Polyester/714/im_1.png,53df78dabaffa8fff9154d1547c47858d0bcd6a386ba7863bf5ffee057871156,2aad17893728fa4a,6,Polyester/714/im_3.png,Polyester
NEAR-0312,near,Polyester,Polyester/714/im_4.png,ae3be68c6b14a1db9b8a13f3826ee4728bcfac8999026ffef65e6458ed6742c6,0a6e17893728fa5a,6,Polyester/714/im_2.png,Polyester
NEAR-0312,near,Polyester,Polyester/714/im_2.png,a328c5eb0f804251f1cac39effcc6571eb752cc32f9c10b370d00bb822993871,0acd178b3328fa5a,6,Polyester/714/im_4.png,Polyester
NEAR-0313,near,Polyester,Polyester/714/im_4.png,ae3be68c6b14a1db9b8a13f3826ee4728bcfac8999026ffef65e6458ed6742c6,0a6e17893728fa5a,6,Polyester/714/im_1.png,Polyester
NEAR-0313,near,Polyester,Polyester/714/im_1.png,53df78dabaffa8fff9154d1547c47858d0bcd6a386ba7863bf5ffee057871156,2aad17893728fa4a,6,Polyester/714/im_4.png,Polyester
NEAR-0314,near,Polyester,Polyester/714/im_4.png,ae3be68c6b14a1db9b8a13f3826ee4728bcfac8999026ffef65e6458ed6742c6,0a6e17893728fa5a,6,Polyester/714/im_3.png,Polyester
NEAR-0314,near,Polyester,Polyester/714/im_3.png,d351f95f154d30393b69b2adf9b76d50da5494827dcbd067a53e4d9692dc28bf,626d17893328fa5a,6,Polyester/714/im_4.png,Polyester
NEAR-0315,near,Polyester,Polyester/715/im_3.png,e44e7165c253ec68a7d7ddd597e6bf8dd56f3da15942417cbb97e09f85a53a66,66963b6d2da71406,4,Polyester/715/im_1.png,Polyester
NEAR-0315,near,Polyester,Polyester/715/im_1.png,9f4778ee28715b81a4738a865b49d3c78af238765fa67c97dec249ffe3778e91,26967b6d2da65406,4,Polyester/715/im_3.png,Polyester
NEAR-0316,near,Polyester,Polyester/715/im_4.png,45bb6ac51ea3e259579a10a458833774717bbbe65e8c3ee5cdf81b90bc3f84f4,2416736d2da75646,6,Polyester/715/im_1.png,Polyester
NEAR-0316,near,Polyester,Polyester/715/im_1.png,9f4778ee28715b81a4738a865b49d3c78af238765fa67c97dec249ffe3778e91,26967b6d2da65406,6,Polyester/715/im_4.png,Polyester
NEAR-0317,near,Silk,Silk/130/im_2.png,0bdf785e187659a46203e8367dccc7f0e06886188f71228db6d711e5c87f06e6,016c1da3f51c6b2b,4,Silk/130/im_1.png,Silk
NEAR-0317,near,Silk,Silk/130/im_1.png,b75d81d37ca3e835b38c79d529204f13741e20df6877d9f8d93b3e530953d30c,092c1db3f51c6b23,4,Silk/130/im_2.png,Silk
NEAR-0318,near,Silk,Silk/130/im_4.png,819f8260d2cdebc5a16579c3c8bd649f318151d7b0c9318e654a6eef5915ea84,010e4db3f59c6b23,4,Silk/130/im_3.png,Silk
NEAR-0318,near,Silk,Silk/130/im_3.png,320c1bc7ec9ed7d7c5d645fc83352d6bbc57e6fed423248aa8d3dab9a5cd79dc,410f4db1f51c6b23,4,Silk/130/im_4.png,Silk
NEAR-0319,near,Silk,Silk/130/im_4.png,819f8260d2cdebc5a16579c3c8bd649f318151d7b0c9318e654a6eef5915ea84,010e4db3f59c6b23,6,Silk/130/im_1.png,Silk
NEAR-0319,near,Silk,Silk/130/im_1.png,b75d81d37ca3e835b38c79d529204f13741e20df6877d9f8d93b3e530953d30c,092c1db3f51c6b23,6,Silk/130/im_4.png,Silk
NEAR-0320,near,Unclassified,Unclassified/286/im_4.png,86c061be903505e34df99131cc3ec1e1060ef6fe75192710c8e395ef4bbcbd93,141f8d8fc36370b1,6,Unclassified/286/im_2.png,Unclassified
NEAR-0320,near,Unclassified,Unclassified/286/im_2.png,e500721a5158cf429501508f6e95cb0e3ef9d0ef0e0242a5e608fa38c265e3eb,17179d8fc26370b0,6,Unclassified/286/im_4.png,Unclassified
NEAR-0321,near,Unclassified,Unclassified/360/im_2.png,2ee43bf10265d5ea3dc47b95f12cb273e645ed1d8bc32eb776ec096a4821966b,18d95f3658d96438,6,Unclassified/360/im_1.png,Unclassified
NEAR-0321,near,Unclassified,Unclassified/360/im_1.png,68c00888fee1f01543d0e1c1032d17d38d11f66411cc98b87e68fd979fd1d0b8,18d91bb6d0d9643c,6,Unclassified/360/im_2.png,Unclassified
NEAR-0322,near,Unclassified,Unclassified/360/im_4.png,1164976ab7ced8860fd3cc4582ebdbdbae93486dd909d031cdaa2869b32c3a6e,58790f36dac96438,4,Unclassified/360/im_3.png,Unclassified
NEAR-0322,near,Unclassified,Unclassified/360/im_3.png,cd6973b0318f3608f5b8d4be65531489b9f167b0b5970cf8f83d4bc6d17960f9,5c7b0f36cac92438,4,Unclassified/360/im_4.png,Unclassified
NEAR-0323,near,Unclassified,Unclassified/361/im_4.png,66592cbd069615cb67096a69ffc4d0a26e57260726ad37bd01461a7486105ba4,345dc66ca6311f16,6,Unclassified/361/im_2.png,Unclassified
NEAR-0323,near,Unclassified,Unclassified/361/im_2.png,1f96128c4f4ff3be36f436e6f078e53b97e35dbdb7fd58a3ba1aba9b49a1b9a0,74ddc62ca6311d86,6,Unclassified/361/im_4.png,Unclassified
NEAR-0324,near,Unclassified,Unclassified/44/im_4.png,378401889390755998ad13a534e856ac653600d4b3d0e7864f18577a9d87942f,147acc9f242f6863,6,Unclassified/44/im_2.png,Unclassified
NEAR-0324,near,Unclassified,Unclassified/44/im_2.png,9681af3634b520802d061c79cf5c930434eacc45cb89ad5c71bbde69c8944349,156ac49fa02f7863,6,Unclassified/44/im_4.png,Unclassified
NEAR-0325,near,Unclassified,Unclassified/615/im_2.png,e54d843abf4b30f3fc15d148a7eda41dadbf1b173351f8fdf9b40e86e9bc3bdd,24954bab56b4a5aa,4,Unclassified/615/im_1.png,Unclassified
NEAR-0325,near,Unclassified,Unclassified/615/im_1.png,42f1c8ca89a0cdf454e662c49bb717db6cf1acfd40c94cbceff905f762bf3264,25b54ba956a4a5aa,4,Unclassified/615/im_2.png,Unclassified
NEAR-0326,near,Unclassified,Unclassified/615/im_3.png,b56ef792ee01c6d30d35c20b954ebc9bf97b9add78446c56c3cdceae7630f6be,2d154bab562ca5aa,6,Unclassified/615/im_1.png,Unclassified
NEAR-0326,near,Unclassified,Unclassified/615/im_1.png,42f1c8ca89a0cdf454e662c49bb717db6cf1acfd40c94cbceff905f762bf3264,25b54ba956a4a5aa,6,Unclassified/615/im_3.png,Unclassified
NEAR-0327,near,Unclassified,Unclassified/615/im_3.png,b56ef792ee01c6d30d35c20b954ebc9bf97b9add78446c56c3cdceae7630f6be,2d154bab562ca5aa,6,Unclassified/615/im_2.png,Unclassified
NEAR-0327,near,Unclassified,Unclassified/615/im_2.png,e54d843abf4b30f3fc15d148a7eda41dadbf1b173351f8fdf9b40e86e9bc3bdd,24954bab56b4a5aa,6,Unclassified/615/im_3.png,Unclassified
NEAR-0328,near,Unclassified,Unclassified/615/im_4.png,8a6aa76b62944ec3d164b737821beced5abc604d380d17e8209b4c9fe9ea7812,2d554ba95634a5aa,6,Unclassified/615/im_1.png,Unclassified
NEAR-0328,near,Unclassified,Unclassified/615/im_1.png,42f1c8ca89a0cdf454e662c49bb717db6cf1acfd40c94cbceff905f762bf3264,25b54ba956a4a5aa,6,Unclassified/615/im_4.png,Unclassified
NEAR-0329,near,Unclassified,Unclassified/615/im_4.png,8a6aa76b62944ec3d164b737821beced5abc604d380d17e8209b4c9fe9ea7812,2d554ba95634a5aa,6,Unclassified/615/im_2.png,Unclassified
NEAR-0329,near,Unclassified,Unclassified/615/im_2.png,e54d843abf4b30f3fc15d148a7eda41dadbf1b173351f8fdf9b40e86e9bc3bdd,24954bab56b4a5aa,6,Unclassified/615/im_4.png,Unclassified
NEAR-0330,near,Unclassified,Unclassified/615/im_4.png,8a6aa76b62944ec3d164b737821beced5abc604d380d17e8209b4c9fe9ea7812,2d554ba95634a5aa,4,Unclassified/615/im_3.png,Unclassified
NEAR-0330,near,Unclassified,Unclassified/615/im_3.png,b56ef792ee01c6d30d35c20b954ebc9bf97b9add78446c56c3cdceae7630f6be,2d154bab562ca5aa,4,Unclassified/615/im_4.png,Unclassified
NEAR-0331,near,Unclassified,Unclassified/658/im_4.png,82fb3ed1f51d824c47a9b94beed8f93dd8e89ec3cc38659ee41b6758f4686ffa,4d31608e252c37fd,6,Unclassified/658/im_1.png,Unclassified
NEAR-0331,near,Unclassified,Unclassified/658/im_1.png,dbd173c436a9a243de3c4a45268c9e07d31c9e4e31d240e692e7ca0c3d23629a,0db5608e253437f9,6,Unclassified/658/im_4.png,Unclassified
NEAR-0332,near,Unclassified,Unclassified/659/im_3.png,d316f10f8be5c067475950ee02c602934250a720d0d410f316ddb3db568f2aa4,7c0700f07ffb00f8,6,Unclassified/659/im_2.png,Unclassified
NEAR-0332,near,Unclassified,Unclassified/659/im_2.png,64864594b9547c6ae0f1d4f2949e3223058271b9b4d25325d649705f7f85002a,788580f0fffa00f8,6,Unclassified/659/im_3.png,Unclassified
NEAR-0333,near,Unclassified,Unclassified/718/im_3.png,4155c3c7442786651eb2c31ec03a569ef6a4a0005f30799759d34435bcf07511,403d3732e1c1cd1f,4,Unclassified/718/im_1.png,Unclassified
NEAR-0333,near,Unclassified,Unclassified/718/im_1.png,43f9cc822a1182fc628bc6eafb03251a7e25ead0e826d0e926a8d188afb1cd79,002d3732e1c9cf1f,4,Unclassified/718/im_3.png,Unclassified
NEAR-0334,near,Unclassified,Unclassified/718/im_4.png,21010a39f6ba50c547647260dab0eee2b69cedf2df50fdfdc1e8c541d33e44cf,402d37f2c1c8cd1f,6,Unclassified/718/im_1.png,Unclassified
NEAR-0334,near,Unclassified,Unclassified/718/im_1.png,43f9cc822a1182fc628bc6eafb03251a7e25ead0e826d0e926a8d188afb1cd79,002d3732e1c9cf1f,6,Unclassified/718/im_4.png,Unclassified
NEAR-0335,near,Unclassified,Unclassified/718/im_4.png,21010a39f6ba50c547647260dab0eee2b69cedf2df50fdfdc1e8c541d33e44cf,402d37f2c1c8cd1f,6,Unclassified/718/im_3.png,Unclassified
NEAR-0335,near,Unclassified,Unclassified/718/im_3.png,4155c3c7442786651eb2c31ec03a569ef6a4a0005f30799759d34435bcf07511,403d3732e1c1cd1f,6,Unclassified/718/im_4.png,Unclassified
NEAR-0336,near,Unclassified,Unclassified/895/im_2.png,14139bbe0351d3cfb77ada317959883d8c41fc83a2243d72e629ac219c4c2c1f,6ab807432971f8ad,6,Unclassified/895/im_1.png,Unclassified
NEAR-0336,near,Unclassified,Unclassified/895/im_1.png,fef9b55809a4cd2f04e8bd7ba8cd051ddb37b4198837b8da01ec30aa1e66347e,6aad07432851f8bd,6,Unclassified/895/im_2.png,Unclassified
NEAR-0337,near,Unclassified,Unclassified/896/im_2.png,c6fd1c99a5f5fd8a87cfd1a1b9c2ab2bd70679db5bb0699ebff9b240e14c1309,149bf167741f406c,2,Unclassified/896/im_1.png,Unclassified
NEAR-0337,near,Unclassified,Unclassified/896/im_1.png,f48f1fdfde87a6f0f2fcd1f85548f7f073feb93c884267d947d568bfab86dde8,149bf167741d486c,2,Unclassified/896/im_2.png,Unclassified
NEAR-0338,near,Unclassified,Unclassified/896/im_3.png,b30f2525c10232ce2048c9d2bb44e8ff9162f98f935fb8f53915233e24a7244b,1699f163721d486e,6,Unclassified/896/im_1.png,Unclassified
NEAR-0338,near,Unclassified,Unclassified/896/im_1.png,f48f1fdfde87a6f0f2fcd1f85548f7f073feb93c884267d947d568bfab86dde8,149bf167741d486c,6,Unclassified/896/im_3.png,Unclassified
NEAR-0339,near,Unclassified,Unclassified/896/im_4.png,b0077d883243890febc06ae9743375f7210e07b0306d9a3499d6dddacc4fd225,169b7163f21d486c,6,Unclassified/896/im_1.png,Unclassified
NEAR-0339,near,Unclassified,Unclassified/896/im_1.png,f48f1fdfde87a6f0f2fcd1f85548f7f073feb93c884267d947d568bfab86dde8,149bf167741d486c,6,Unclassified/896/im_4.png,Unclassified
NEAR-0340,near,Unclassified,Unclassified/896/im_4.png,b0077d883243890febc06ae9743375f7210e07b0306d9a3499d6dddacc4fd225,169b7163f21d486c,4,Unclassified/896/im_3.png,Unclassified
NEAR-0340,near,Unclassified,Unclassified/896/im_3.png,b30f2525c10232ce2048c9d2bb44e8ff9162f98f935fb8f53915233e24a7244b,1699f163721d486e,4,Unclassified/896/im_4.png,Unclassified
NEAR-0341,near,Unclassified,Unclassified/897/im_2.png,1775428c7c69969ad54c68418712be683ae3eebad19c5a04652a178c0d3de750,29dc77910f949856,4,Unclassified/897/im_1.png,Unclassified
NEAR-0341,near,Unclassified,Unclassified/897/im_1.png,c3097c407da5276404af5c81c3c45692340f27be69616fc51028576d6fb3213a,29dc37910fb48956,4,Unclassified/897/im_2.png,Unclassified
NEAR-0342,near,Unclassified,Unclassified/898/im_2.png,dc8f91c9836ee6ca32d06ff4b8d6db96c734467eb2cf38cf9537add29646ff21,21833c093cf6b2fc,6,Unclassified/898/im_1.png,Unclassified
NEAR-0342,near,Unclassified,Unclassified/898/im_1.png,261d10a573622ba0a468ac585fa526ee2ee6aeda5f78ac0c04768ee6f8b9e63c,21933c037cd6b2f4,6,Unclassified/898/im_2.png,Unclassified
NEAR-0343,near,Unclassified,Unclassified/898/im_4.png,f7493e3e92fa94d962edd69a34f02895453beb5cc15c7ed2557ce71eca6bc607,21197c017cd6b3e6,6,Unclassified/898/im_3.png,Unclassified
NEAR-0343,near,Unclassified,Unclassified/898/im_3.png,c2acf34e43fb4b3e4259a65ff12d3d00bc9d88c8df63da403ce375515d5a037b,61113c013cf6b3f6,6,Unclassified/898/im_4.png,Unclassified
NEAR-0344,near,Unclassified,Unclassified/899/im_2.png,8ec192307f4bdcbc4a577f00d7850352f4b8b904bb25f6528ca1570cac406063,1a9666dc94213b3e,4,Unclassified/899/im_1.png,Unclassified
NEAR-0344,near,Unclassified,Unclassified/899/im_1.png,cb05817ab9ec6f65fdb6090f872734def97f293129461ed5546614589d699021,1a8664dc94213b7f,4,Unclassified/899/im_2.png,Unclassified
NEAR-0345,near,Unclassified,Unclassified/899/im_3.png,030a5bc220b53cc5d80696a4fbc7089764401087568aa376d9e3bed7b8bd1353,5a9766dc94213336,4,Unclassified/899/im_2.png,Unclassified
NEAR-0345,near,Unclassified,Unclassified/899/im_2.png,8ec192307f4bdcbc4a577f00d7850352f4b8b904bb25f6528ca1570cac406063,1a9666dc94213b3e,4,Unclassified/899/im_3.png,Unclassified
NEAR-0346,near,Unclassified,Unclassified/899/im_4.png,10b2f5a5bf81530da6aa3f1d1eda0d533d8de6b5f9174b5da7e197015e4f357b,1ae364dc94213b7c,6,Unclassified/899/im_1.png,Unclassified
NEAR-0346,near,Unclassified,Unclassified/899/im_1.png,cb05817ab9ec6f65fdb6090f872734def97f293129461ed5546614589d699021,1a8664dc94213b7f,6,Unclassified/899/im_4.png,Unclassified
NEAR-0347,near,Unclassified,Unclassified/900/im_2.png,cb04409365ffb1182664cd5b58fe9c5a1c79aed2a7836341deab72073e0cf9bd,025e9de88979ea83,6,Unclassified/900/im_1.png,Unclassified
NEAR-0347,near,Unclassified,Unclassified/900/im_1.png,a6e2764014e3345e32c091c7185dc902d13102b8d41add6a66db5d17df533891,026abde88979eb81,6,Unclassified/900/im_2.png,Unclassified
NEAR-0348,near,Unclassified,Unclassified/901/im_3.png,f5ac5e1f1f9d4bf5fca24e5da9afa30b249cc953185b8ad8e4a8603904cbf771,47674a754ae0b31a,6,Unclassified/901/im_2.png,Unclassified
NEAR-0348,near,Unclassified,Unclassified/901/im_2.png,68e0e6c219cbdda0fe79f9ae8eca6635eb97c93b6f2229154c846cba9bb7cc51,07c74e354ae0b35a,6,Unclassified/901/im_3.png,Unclassified
NEAR-0349,near,Unclassified,Unclassified/901/im_4.png,e389034c19b5f0b606045363f617868bae3c73bf04098b17b157d4d0864a8179,07774a754aa0b35a,6,Unclassified/901/im_2.png,Unclassified
NEAR-0349,near,Unclassified,Unclassified/901/im_2.png,68e0e6c219cbdda0fe79f9ae8eca6635eb97c93b6f2229154c846cba9bb7cc51,07c74e354ae0b35a,6,Unclassified/901/im_4.png,Unclassified
NEAR-0350,near,Unclassified,Unclassified/901/im_4.png,e389034c19b5f0b606045363f617868bae3c73bf04098b17b157d4d0864a8179,07774a754aa0b35a,6,Unclassified/901/im_1.png,Unclassified
NEAR-0350,near,Unclassified,Unclassified/901/im_1.png,99aa0f86080d7efa788ab897a910906cfc1a14ae36c7a190989119674b8c0c04,07e34a754aa4b15e,6,Unclassified/901/im_4.png,Unclassified
NEAR-0351,near,Unclassified,Unclassified/901/im_4.png,e389034c19b5f0b606045363f617868bae3c73bf04098b17b157d4d0864a8179,07774a754aa0b35a,4,Unclassified/901/im_3.png,Unclassified
NEAR-0351,near,Unclassified,Unclassified/901/im_3.png,f5ac5e1f1f9d4bf5fca24e5da9afa30b249cc953185b8ad8e4a8603904cbf771,47674a754ae0b31a,4,Unclassified/901/im_4.png,Unclassified
NEAR-0352,near,Unclassified,Unclassified/902/im_2.png,722dc7e315e9c2d494f53d888464d32d5567ceb365f3dbbb960de968d1b40f0c,085675693b847e95,6,Unclassified/902/im_1.png,Unclassified
NEAR-0352,near,Unclassified,Unclassified/902/im_1.png,75600eb3822de79816fbb6fd4beb4cc689f1142fb15072e81a93e83ad81d82fb,0c5e75693b857095,6,Unclassified/902/im_2.png,Unclassified
NEAR-0353,near,Unclassified,Unclassified/902/im_3.png,4f302338ec8b6286931f4936b933ad05ef6b112b2cf3c68abf5ec80a40a4bfdd,485e75693b857815,6,Unclassified/902/im_2.png,Unclassified
NEAR-0353,near,Unclassified,Unclassified/902/im_2.png,722dc7e315e9c2d494f53d888464d32d5567ceb365f3dbbb960de968d1b40f0c,085675693b847e95,6,Unclassified/902/im_3.png,Unclassified
NEAR-0354,near,Unclassified,Unclassified/902/im_3.png,4f302338ec8b6286931f4936b933ad05ef6b112b2cf3c68abf5ec80a40a4bfdd,485e75693b857815,4,Unclassified/902/im_1.png,Unclassified
NEAR-0354,near,Unclassified,Unclassified/902/im_1.png,75600eb3822de79816fbb6fd4beb4cc689f1142fb15072e81a93e83ad81d82fb,0c5e75693b857095,4,Unclassified/902/im_3.png,Unclassified
NEAR-0355,near,Unclassified,Unclassified/902/im_4.png,e7b6b5c0f12407ab30979c47136c8b133ecb1655a4b4f6fa9e9cf02368d6c2b5,085e756933877895,4,Unclassified/902/im_3.png,Unclassified
NEAR-0355,near,Unclassified,Unclassified/902/im_3.png,4f302338ec8b6286931f4936b933ad05ef6b112b2cf3c68abf5ec80a40a4bfdd,485e75693b857815,4,Unclassified/902/im_4.png,Unclassified
NEAR-0356,near,Unclassified,Unclassified/902/im_4.png,e7b6b5c0f12407ab30979c47136c8b133ecb1655a4b4f6fa9e9cf02368d6c2b5,085e756933877895,6,Unclassified/902/im_2.png,Unclassified
NEAR-0356,near,Unclassified,Unclassified/902/im_2.png,722dc7e315e9c2d494f53d888464d32d5567ceb365f3dbbb960de968d1b40f0c,085675693b847e95,6,Unclassified/902/im_4.png,Unclassified
NEAR-0357,near,Unclassified,Unclassified/902/im_4.png,e7b6b5c0f12407ab30979c47136c8b133ecb1655a4b4f6fa9e9cf02368d6c2b5,085e756933877895,4,Unclassified/902/im_1.png,Unclassified
NEAR-0357,near,Unclassified,Unclassified/902/im_1.png,75600eb3822de79816fbb6fd4beb4cc689f1142fb15072e81a93e83ad81d82fb,0c5e75693b857095,4,Unclassified/902/im_4.png,Unclassified
NEAR-0358,near,Viscose,Viscose/46/im_2.png,78d8b6720a3ae240bbdf034fc90e2f6119736d0c5402fdfbea66ee9b4a90768e,0dc26a2329dc73d9,4,Viscose/46/im_1.png,Viscose
NEAR-0358,near,Viscose,Viscose/46/im_1.png,da7edaeafa9243a760e6eb57937fa1f485e75ce6c0ab96109f36fe60fd3d6ecb,1d826a2321dc73f9,4,Viscose/46/im_2.png,Viscose
NEAR-0359,near,Viscose,Viscose/46/im_3.png,e9fc6b87a5f42884d1b30b7c141ddc1e86f8bcdc18801bd703e9d2b1e9b56b8a,4d066a2b21dc73f8,6,Viscose/46/im_1.png,Viscose
NEAR-0359,near,Viscose,Viscose/46/im_1.png,da7edaeafa9243a760e6eb57937fa1f485e75ce6c0ab96109f36fe60fd3d6ecb,1d826a2321dc73f9,6,Viscose/46/im_3.png,Viscose
NEAR-0360,near,Viscose,Viscose/46/im_4.png,89be5aa03852b28e1ebaec1404324d3bb71d51f1f103be4583389d687507afdd,0d466aab21dc73e8,4,Viscose/46/im_3.png,Viscose
NEAR-0360,near,Viscose,Viscose/46/im_3.png,e9fc6b87a5f42884d1b30b7c141ddc1e86f8bcdc18801bd703e9d2b1e9b56b8a,4d066a2b21dc73f8,4,Viscose/46/im_4.png,Viscose
NEAR-0361,near,Viscose,Viscose/47/im_2.png,5c1c3cdc1cbb87787267338718dc6b4fb68335179843d14281464f82e7cdc725,143e32f00383dfdc,6,Viscose/47/im_1.png,Viscose
NEAR-0361,near,Viscose,Viscose/47/im_1.png,167f7308756fea390972f85052ba9afc2cc1fa0e6189657658dddff9692ae688,153a36720383dddc,6,Viscose/47/im_2.png,Viscose
NEAR-0362,near,Viscose,Viscose/47/im_3.png,7a944344395d66c997145beb455f31fc0cc839a380ee83615ffb17b0a2cca726,443e36e00383dfdc,4,Viscose/47/im_2.png,Viscose
NEAR-0362,near,Viscose,Viscose/47/im_2.png,5c1c3cdc1cbb87787267338718dc6b4fb68335179843d14281464f82e7cdc725,143e32f00383dfdc,4,Viscose/47/im_3.png,Viscose
NEAR-0363,near,Viscose,Viscose/47/im_4.png,99b67735c0ab63bf0c15f2fe7cf7381055a78230880339b9b9411896e185644d,053a37f00383dddc,6,Viscose/47/im_3.png,Viscose
NEAR-0363,near,Viscose,Viscose/47/im_3.png,7a944344395d66c997145beb455f31fc0cc839a380ee83615ffb17b0a2cca726,443e36e00383dfdc,6,Viscose/47/im_4.png,Viscose
NEAR-0364,near,Viscose,Viscose/47/im_4.png,99b67735c0ab63bf0c15f2fe7cf7381055a78230880339b9b9411896e185644d,053a37f00383dddc,4,Viscose/47/im_1.png,Viscose
NEAR-0364,near,Viscose,Viscose/47/im_1.png,167f7308756fea390972f85052ba9afc2cc1fa0e6189657658dddff9692ae688,153a36720383dddc,4,Viscose/47/im_4.png,Viscose
NEAR-0365,near,Viscose,Viscose/47/im_4.png,99b67735c0ab63bf0c15f2fe7cf7381055a78230880339b9b9411896e185644d,053a37f00383dddc,6,Viscose/47/im_2.png,Viscose
NEAR-0365,near,Viscose,Viscose/47/im_2.png,5c1c3cdc1cbb87787267338718dc6b4fb68335179843d14281464f82e7cdc725,143e32f00383dfdc,6,Viscose/47/im_4.png,Viscose
NEAR-0366,near,Viscose,Viscose/48/im_2.png,fac4540158bbcafc0a3b7deb399f54cf02d61069b7bd9715486541c96c2df5f1,4555551632aaaece,4,Viscose/48/im_1.png,Viscose
NEAR-0366,near,Viscose,Viscose/48/im_1.png,807f6a9d0eb8549357e22a8a9633fd63d1972a0f4788f25b821ac88e59860c61,5555555432aaaec6,4,Viscose/48/im_2.png,Viscose
NEAR-0367,near,Viscose,Viscose/48/im_3.png,e32797f9b4b3272cb3b689f86597573bb56caa912b3228030c5eb63445fc2533,4575551632aaaec6,2,Viscose/48/im_2.png,Viscose
NEAR-0367,near,Viscose,Viscose/48/im_2.png,fac4540158bbcafc0a3b7deb399f54cf02d61069b7bd9715486541c96c2df5f1,4555551632aaaece,2,Viscose/48/im_3.png,Viscose
NEAR-0368,near,Viscose,Viscose/48/im_3.png,e32797f9b4b3272cb3b689f86597573bb56caa912b3228030c5eb63445fc2533,4575551632aaaec6,4,Viscose/48/im_1.png,Viscose
NEAR-0368,near,Viscose,Viscose/48/im_1.png,807f6a9d0eb8549357e22a8a9633fd63d1972a0f4788f25b821ac88e59860c61,5555555432aaaec6,4,Viscose/48/im_3.png,Viscose
NEAR-0369,near,Viscose,Viscose/48/im_4.png,6ef70ec7ba9b84f3b632ae4f7de98c3911e20e2ac8348738bf2a7b161a1e980e,05555574b2aaaec6,6,Viscose/48/im_2.png,Viscose
NEAR-0369,near,Viscose,Viscose/48/im_2.png,fac4540158bbcafc0a3b7deb399f54cf02d61069b7bd9715486541c96c2df5f1,4555551632aaaece,6,Viscose/48/im_4.png,Viscose
NEAR-0370,near,Viscose,Viscose/48/im_4.png,6ef70ec7ba9b84f3b632ae4f7de98c3911e20e2ac8348738bf2a7b161a1e980e,05555574b2aaaec6,6,Viscose/48/im_3.png,Viscose
NEAR-0370,near,Viscose,Viscose/48/im_3.png,e32797f9b4b3272cb3b689f86597573bb56caa912b3228030c5eb63445fc2533,4575551632aaaec6,6,Viscose/48/im_4.png,Viscose
NEAR-0371,near,Viscose,Viscose/48/im_4.png,6ef70ec7ba9b84f3b632ae4f7de98c3911e20e2ac8348738bf2a7b161a1e980e,05555574b2aaaec6,4,Viscose/48/im_1.png,Viscose
NEAR-0371,near,Viscose,Viscose/48/im_1.png,807f6a9d0eb8549357e22a8a9633fd63d1972a0f4788f25b821ac88e59860c61,5555555432aaaec6,4,Viscose/48/im_4.png,Viscose
NEAR-0372,near,Viscose,Viscose/97/im_2.png,596d3ce4ab4eb829f4c748f0ac7a4598e3b2b98be075a25a741fe75980b902a0,509ef01cf038ebf0,6,Viscose/97/im_1.png,Viscose
NEAR-0372,near,Viscose,Viscose/97/im_1.png,235eeaa0ff63e80c07fe537caae57f17eabbb269d6226f003f9746f40a45379d,601ee01cf038fff0,6,Viscose/97/im_2.png,Viscose
NEAR-0373,near,Viscose,Viscose/97/im_3.png,48b847fda102bf0973e5e545a7c0d212c8be4ae90dacd6c11f71bb9d3c0ffb6d,701ee01cf118eff0,6,Viscose/97/im_2.png,Viscose
NEAR-0373,near,Viscose,Viscose/97/im_2.png,596d3ce4ab4eb829f4c748f0ac7a4598e3b2b98be075a25a741fe75980b902a0,509ef01cf038ebf0,6,Viscose/97/im_3.png,Viscose
NEAR-0374,near,Viscose,Viscose/97/im_3.png,48b847fda102bf0973e5e545a7c0d212c8be4ae90dacd6c11f71bb9d3c0ffb6d,701ee01cf118eff0,4,Viscose/97/im_1.png,Viscose
NEAR-0374,near,Viscose,Viscose/97/im_1.png,235eeaa0ff63e80c07fe537caae57f17eabbb269d6226f003f9746f40a45379d,601ee01cf038fff0,4,Viscose/97/im_3.png,Viscose
NEAR-0375,near,Viscose,Viscose/97/im_4.png,8dddc187d567e43a782d2e8b94ab27ac44bd76f8b05ef09d3766f4905caa0525,601ee01ef118eff0,4,Viscose/97/im_1.png,Viscose
NEAR-0375,near,Viscose,Viscose/97/im_1.png,235eeaa0ff63e80c07fe537caae57f17eabbb269d6226f003f9746f40a45379d,601ee01cf038fff0,4,Viscose/97/im_4.png,Viscose
NEAR-0376,near,Viscose,Viscose/97/im_4.png,8dddc187d567e43a782d2e8b94ab27ac44bd76f8b05ef09d3766f4905caa0525,601ee01ef118eff0,2,Viscose/97/im_3.png,Viscose
NEAR-0376,near,Viscose,Viscose/97/im_3.png,48b847fda102bf0973e5e545a7c0d212c8be4ae90dacd6c11f71bb9d3c0ffb6d,701ee01cf118eff0,2,Viscose/97/im_4.png,Viscose
NEAR-0377,near,Viscose,Viscose/98/im_2.png,7df0e7cdc9fe708c8914d504efca1cf346ffd2f81419df16c94fab7782a34e91,0cb633cdcc663433,4,Viscose/98/im_1.png,Viscose
NEAR-0377,near,Viscose,Viscose/98/im_1.png,12229b5ff736471cd8b9a43ba953dff58579cd54c1592dc8b58024f03253c10c,0c3733c9cc763433,4,Viscose/98/im_2.png,Viscose
NEAR-0378,near,Viscose,Viscose/98/im_3.png,d3cc176307a5d82a51738e110786869ceed151a73cd44cae1d4415f18948e269,4c3233cdcc763433,4,Viscose/98/im_1.png,Viscose
NEAR-0378,near,Viscose,Viscose/98/im_1.png,12229b5ff736471cd8b9a43ba953dff58579cd54c1592dc8b58024f03253c10c,0c3733c9cc763433,4,Viscose/98/im_3.png,Viscose
NEAR-0379,near,Viscose,Viscose/98/im_3.png,d3cc176307a5d82a51738e110786869ceed151a73cd44cae1d4415f18948e269,4c3233cdcc763433,4,Viscose/98/im_2.png,Viscose
NEAR-0379,near,Viscose,Viscose/98/im_2.png,7df0e7cdc9fe708c8914d504efca1cf346ffd2f81419df16c94fab7782a34e91,0cb633cdcc663433,4,Viscose/98/im_3.png,Viscose
NEAR-0380,near,Viscose,Viscose/98/im_4.png,ba51ac517e865e0f90571d2de527f3f6d6a3cc96e485b27b73ba266ff8c8d304,0c7233c9cc667473,6,Viscose/98/im_1.png,Viscose
NEAR-0380,near,Viscose,Viscose/98/im_1.png,12229b5ff736471cd8b9a43ba953dff58579cd54c1592dc8b58024f03253c10c,0c3733c9cc763433,6,Viscose/98/im_4.png,Viscose
NEAR-0381,near,Viscose,Viscose/98/im_4.png,ba51ac517e865e0f90571d2de527f3f6d6a3cc96e485b27b73ba266ff8c8d304,0c7233c9cc667473,6,Viscose/98/im_2.png,Viscose
NEAR-0381,near,Viscose,Viscose/98/im_2.png,7df0e7cdc9fe708c8914d504efca1cf346ffd2f81419df16c94fab7782a34e91,0cb633cdcc663433,6,Viscose/98/im_4.png,Viscose
NEAR-0382,near,Viscose,Viscose/98/im_4.png,ba51ac517e865e0f90571d2de527f3f6d6a3cc96e485b27b73ba266ff8c8d304,0c7233c9cc667473,6,Viscose/98/im_3.png,Viscose
NEAR-0382,near,Viscose,Viscose/98/im_3.png,d3cc176307a5d82a51738e110786869ceed151a73cd44cae1d4415f18948e269,4c3233cdcc763433,6,Viscose/98/im_4.png,Viscose
NEAR-0383,near,Wool,Wool/1433/im_4.png,7456d30a2646bd41c58f1135fce3da9fc28e018cb20625721ce788f922a6c364,001e3c7af7e06327,4,Wool/1433/im_1.png,Wool
NEAR-0383,near,Wool,Wool/1433/im_1.png,9b3dd4817183a24c71c772e6c523600854d8921deb3f2cb9310f0df75425c6f0,041f387a77e06327,4,Wool/1433/im_4.png,Wool
NEAR-0384,near,Wool,Wool/1434/im_2.png,972876c59642fd6a3af42302050470a175e666bc1fddf5de427f1f0bd0044a91,03c47f8169b44fa5,6,Wool/1434/im_1.png,Wool
NEAR-0384,near,Wool,Wool/1434/im_1.png,e4ee0c0cdf157c115c4c864fdd21e6a331d1a4a07479f86cb200d0c53f5a2c29,03c579816dbc4fa1,6,Wool/1434/im_2.png,Wool
