sample_id,original_folder,original_tag_text,material_components,percentages,garment_type,composition_evidence,source_path,mapped_class,status,review_reasons,image_count,views,exact_duplicate_groups,near_duplicate_groups
182,Acrylic,"Other
Acrylic 100",Acrylic,"{""Acrylic"": 100.0}",Other,manufacturer-style tag.txt,Backend/datasets/ibug_fabrics/Acrylic/182,,REJECTED,UNSUPPORTED_MATERIAL,4,im_1; im_2; im_3; im_4,,
183,Acrylic,"Other
Acrylic 100
",Acrylic,"{""Acrylic"": 100.0}",Other,manufacturer-style tag.txt,Backend/datasets/ibug_fabrics/Acrylic/183,,REJECTED,UNSUPPORTED_MATERIAL,4,im_1; im_2; im_3; im_4,,
184,Acrylic,"Other
Acrylic 100",Acrylic,"{""Acrylic"": 100.0}",Other,manufacturer-style tag.txt,Backend/datasets/ibug_fabrics/Acrylic/184,,REJECTED,UNSUPPORTED_MATERIAL,4,im_1; im_2; im_3; im_4,,
328,Acrylic,"Other
Acrylic 98 Elastane 2
",Acrylic; Elastane,"{""Acrylic"": 98.0, ""Elastane"": 2.0}",Other,manufacturer-style tag.txt,Backend/datasets/ibug_fabrics/Acrylic/328,,REVIEW,MIXED_COMPOSITION_REVIEW,4,im_1; im_2; im_3; im_4,,
329,Acrylic,"Other
Acrylic 98 Elastane 2
",Acrylic; Elastane,"{""Acrylic"": 98.0, ""Elastane"": 2.0}",Other,manufacturer-style tag.txt,Backend/datasets/ibug_fabrics/Acrylic/329,,REVIEW,MIXED_COMPOSITION_REVIEW,4,im_1; im_2; im_3; im_4,,
383,Acrylic,"Other
Acrylic 100
",Acrylic,"{""Acrylic"": 100.0}",Other,manufacturer-style tag.txt,Backend/datasets/ibug_fabrics/Acrylic/383,,REJECTED,UNSUPPORTED_MATERIAL,4,im_1; im_2; im_3; im_4,,
384,Acrylic,"Other
Acrylic 100
",Acrylic,"{""Acrylic"": 100.0}",Other,manufacturer-style tag.txt,Backend/datasets/ibug_fabrics/Acrylic/384,,REJECTED,UNSUPPORTED_MATERIAL,4,im_1; im_2; im_3; im_4,,
505,Acrylic,"Blouse
Acrylic 100  ",Acrylic,"{""Acrylic"": 100.0}",Blouse,manufacturer-style tag.txt,Backend/datasets/ibug_fabrics/Acrylic/505,,REJECTED,UNSUPPORTED_MATERIAL,4,im_1; im_2; im_3; im_4,,
506,Acrylic,"Blouse
Acrylic 100 ",Acrylic,"{""Acrylic"": 100.0}",Blouse,manufacturer-style tag.txt,Backend/datasets/ibug_fabrics/Acrylic/506,,REJECTED,UNSUPPORTED_MATERIAL,4,im_1; im_2; im_3; im_4,,
65,Acrylic,"Blouse
Acrylic 100",Acrylic,"{""Acrylic"": 100.0}",Blouse,manufacturer-style tag.txt,Backend/datasets/ibug_fabrics/Acrylic/65,,REJECTED,UNSUPPORTED_MATERIAL,4,im_1; im_2; im_3; im_4,,
66,Acrylic,"Blouse
Acrylic 100",Acrylic,"{""Acrylic"": 100.0}",Blouse,manufacturer-style tag.txt,Backend/datasets/ibug_fabrics/Acrylic/66,,REJECTED,UNSUPPORTED_MATERIAL,4,im_1; im_2; im_3; im_4,,
822,Acrylic,"Fabric
Acrylic 100",Acrylic,"{""Acrylic"": 100.0}",Fabric,manufacturer-style tag.txt,Backend/datasets/ibug_fabrics/Acrylic/822,,REJECTED,UNSUPPORTED_MATERIAL,4,im_1; im_2; im_3; im_4,,
540,Artificial_fur,"Fabric
Polyester 100 Artificial fur   
",Polyester,"{""Polyester"": 100.0}",Fabric,manufacturer-style tag.txt,Backend/datasets/ibug_fabrics/Artificial_fur/540,Polyester,ACCEPTED,,4,im_1; im_2; im_3; im_4,,
539,Artificial_leather,"Fabric
PVC 100 Artificial Leather 
",,{},Fabric,missing/unparseable,Backend/datasets/ibug_fabrics/Artificial_leather/539,,REVIEW,UNPARSEABLE_OR_MISSING_COMPOSITION,4,im_1; im_2; im_3; im_4,,
812,Artificial_leather,"Fabric
PVC 100",,{},Fabric,missing/unparseable,Backend/datasets/ibug_fabrics/Artificial_leather/812,,REVIEW,UNPARSEABLE_OR_MISSING_COMPOSITION,4,im_1; im_2; im_3; im_4,,
813,Artificial_leather,"Fabric
PVC 100
",,{},Fabric,missing/unparseable,Backend/datasets/ibug_fabrics/Artificial_leather/813,,REVIEW,UNPARSEABLE_OR_MISSING_COMPOSITION,4,im_1; im_2; im_3; im_4,,
1034,Blended,"Fabric
Polyester 58 Acrylic  42  
",Acrylic; Polyester,"{""Polyester"": 58.0, ""Acrylic"": 42.0}",Fabric,manufacturer-style tag.txt,Backend/datasets/ibug_fabrics/Blended/1034,,REVIEW,MIXED_COMPOSITION_REVIEW,4,im_1; im_2; im_3; im_4,,
1035,Blended,"Fabric
Polyester 58 Acrylic 42  
",Acrylic; Polyester,"{""Polyester"": 58.0, ""Acrylic"": 42.0}",Fabric,manufacturer-style tag.txt,Backend/datasets/ibug_fabrics/Blended/1035,,REVIEW,MIXED_COMPOSITION_REVIEW,4,im_1; im_2; im_3; im_4,,
1036,Blended,"Fabric
Polyester 58 Acrylic 42  
",Acrylic; Polyester,"{""Polyester"": 58.0, ""Acrylic"": 42.0}",Fabric,manufacturer-style tag.txt,Backend/datasets/ibug_fabrics/Blended/1036,,REVIEW,MIXED_COMPOSITION_REVIEW,4,im_1; im_2; im_3; im_4,,
1037,Blended,"Fabric
Polyester 58 Acrylic 42  
",Acrylic; Polyester,"{""Polyester"": 58.0, ""Acrylic"": 42.0}",Fabric,manufacturer-style tag.txt,Backend/datasets/ibug_fabrics/Blended/1037,,REVIEW,MIXED_COMPOSITION_REVIEW,4,im_1; im_2; im_3; im_4,,
1038,Blended,"Fabric
Polyester 58 Acrylic 42  
",Acrylic; Polyester,"{""Polyester"": 58.0, ""Acrylic"": 42.0}",Fabric,manufacturer-style tag.txt,Backend/datasets/ibug_fabrics/Blended/1038,,REVIEW,MIXED_COMPOSITION_REVIEW,4,im_1; im_2; im_3; im_4,,
1039,Blended,"Fabric
Polyester 58 Acrylic 42  
",Acrylic; Polyester,"{""Polyester"": 58.0, ""Acrylic"": 42.0}",Fabric,manufacturer-style tag.txt,Backend/datasets/ibug_fabrics/Blended/1039,,REVIEW,MIXED_COMPOSITION_REVIEW,4,im_1; im_2; im_3; im_4,,
107,Blended,"Skirt
Polyester 50 Viscose 50
",Polyester; Viscose,"{""Polyester"": 50.0, ""Viscose"": 50.0}",Skirt,manufacturer-style tag.txt,Backend/datasets/ibug_fabrics/Blended/107,,REVIEW,MIXED_COMPOSITION_REVIEW,5,im_1; im_2; im_2 (copy); im_3; im_4,,
108,Blended,"Skirt
Polyester 50 Viscose 50
",Polyester; Viscose,"{""Polyester"": 50.0, ""Viscose"": 50.0}",Skirt,manufacturer-style tag.txt,Backend/datasets/ibug_fabrics/Blended/108,,REVIEW,MIXED_COMPOSITION_REVIEW,4,im_1; im_2; im_3; im_4,,
1088,Blended,"Blouse
Cotton 90 Polyester 10
",Cotton; Polyester,"{""Cotton"": 90.0, ""Polyester"": 10.0}",Blouse,manufacturer-style tag.txt,Backend/datasets/ibug_fabrics/Blended/1088,,REVIEW,MIXED_COMPOSITION_REVIEW,4,im_1; im_2; im_3; im_4,,
1089,Blended,"Blouse
Cotton 90 Polyester 10
",Cotton; Polyester,"{""Cotton"": 90.0, ""Polyester"": 10.0}",Blouse,manufacturer-style tag.txt,Backend/datasets/ibug_fabrics/Blended/1089,,REVIEW,MIXED_COMPOSITION_REVIEW,4,im_1; im_2; im_3; im_4,,
1090,Blended,"Blouse
Cotton 90 Polyester 10
",Cotton; Polyester,"{""Cotton"": 90.0, ""Polyester"": 10.0}",Blouse,manufacturer-style tag.txt,Backend/datasets/ibug_fabrics/Blended/1090,,REVIEW,MIXED_COMPOSITION_REVIEW,4,im_1; im_2; im_3; im_4,,
1091,Blended,"Blouse
Cotton 90 Polyester 10
",Cotton; Polyester,"{""Cotton"": 90.0, ""Polyester"": 10.0}",Blouse,manufacturer-style tag.txt,Backend/datasets/ibug_fabrics/Blended/1091,,REVIEW,MIXED_COMPOSITION_REVIEW,4,im_1; im_2; im_3; im_4,,
1092,Blended,"Blouse
Cotton 90 Polyester 10
",Cotton; Polyester,"{""Cotton"": 90.0, ""Polyester"": 10.0}",Blouse,manufacturer-style tag.txt,Backend/datasets/ibug_fabrics/Blended/1092,,REVIEW,MIXED_COMPOSITION_REVIEW,4,im_1; im_2; im_3; im_4,,
1093,Blended,"Blouse
Cotton 90 Polyester 10
",Cotton; Polyester,"{""Cotton"": 90.0, ""Polyester"": 10.0}",Blouse,manufacturer-style tag.txt,Backend/datasets/ibug_fabrics/Blended/1093,,REVIEW,MIXED_COMPOSITION_REVIEW,4,im_1; im_2; im_3; im_4,,
1094,Blended,"Blouse
Cotton 90 Polyester 10
",Cotton; Polyester,"{""Cotton"": 90.0, ""Polyester"": 10.0}",Blouse,manufacturer-style tag.txt,Backend/datasets/ibug_fabrics/Blended/1094,,REVIEW,MIXED_COMPOSITION_REVIEW,4,im_1; im_2; im_3; im_4,,
1095,Blended,"Blouse
Cotton 90 Polyester 10
",Cotton; Polyester,"{""Cotton"": 90.0, ""Polyester"": 10.0}",Blouse,manufacturer-style tag.txt,Backend/datasets/ibug_fabrics/Blended/1095,,REVIEW,MIXED_COMPOSITION_REVIEW,4,im_1; im_2; im_3; im_4,,
1096,Blended,"Blouse
Cotton 84 Polyester 16
",Cotton; Polyester,"{""Cotton"": 84.0, ""Polyester"": 16.0}",Blouse,manufacturer-style tag.txt,Backend/datasets/ibug_fabrics/Blended/1096,,REVIEW,MIXED_COMPOSITION_REVIEW,4,im_1; im_2; im_3; im_4,,
1097,Blended,"Blouse
Cotton 84 Polyester 16
",Cotton; Polyester,"{""Cotton"": 84.0, ""Polyester"": 16.0}",Blouse,manufacturer-style tag.txt,Backend/datasets/ibug_fabrics/Blended/1097,,REVIEW,MIXED_COMPOSITION_REVIEW,4,im_1; im_2; im_3; im_4,,
1098,Blended,"Blouse
Cotton 84 Polyester 16
",Cotton; Polyester,"{""Cotton"": 84.0, ""Polyester"": 16.0}",Blouse,manufacturer-style tag.txt,Backend/datasets/ibug_fabrics/Blended/1098,,REVIEW,MIXED_COMPOSITION_REVIEW,4,im_1; im_2; im_3; im_4,,
1102,Blended,"Blouse
Cotton 60 Polyester 40
",Cotton; Polyester,"{""Cotton"": 60.0, ""Polyester"": 40.0}",Blouse,manufacturer-style tag.txt,Backend/datasets/ibug_fabrics/Blended/1102,,REVIEW,MIXED_COMPOSITION_REVIEW,4,im_1; im_2; im_3; im_4,,
1103,Blended,"Blouse
Cotton 60 Polyester 40
",Cotton; Polyester,"{""Cotton"": 60.0, ""Polyester"": 40.0}",Blouse,manufacturer-style tag.txt,Backend/datasets/ibug_fabrics/Blended/1103,,REVIEW,MIXED_COMPOSITION_REVIEW,4,im_1; im_2; im_3; im_4,,
1104,Blended,"Blouse
Cotton 60 Polyester 40
",Cotton; Polyester,"{""Cotton"": 60.0, ""Polyester"": 40.0}",Blouse,manufacturer-style tag.txt,Backend/datasets/ibug_fabrics/Blended/1104,,REVIEW,MIXED_COMPOSITION_REVIEW,4,im_1; im_2; im_3; im_4,,
1105,Blended,"Blouse
Cotton 90 Polyester 10
",Cotton; Polyester,"{""Cotton"": 90.0, ""Polyester"": 10.0}",Blouse,manufacturer-style tag.txt,Backend/datasets/ibug_fabrics/Blended/1105,,REVIEW,MIXED_COMPOSITION_REVIEW,4,im_1; im_2; im_3; im_4,,
1106,Blended,"Blouse
Cotton 90 Polyester 10
",Cotton; Polyester,"{""Cotton"": 90.0, ""Polyester"": 10.0}",Blouse,manufacturer-style tag.txt,Backend/datasets/ibug_fabrics/Blended/1106,,REVIEW,MIXED_COMPOSITION_REVIEW,4,im_1; im_2; im_3; im_4,,
1111,Blended,"Blouse
Cotton 86 Polyester 14
",Cotton; Polyester,"{""Cotton"": 86.0, ""Polyester"": 14.0}",Blouse,manufacturer-style tag.txt,Backend/datasets/ibug_fabrics/Blended/1111,,REVIEW,MIXED_COMPOSITION_REVIEW,4,im_1; im_2; im_3; im_4,,
1112,Blended,"Blouse
Cotton 86 Polyester 14
",Cotton; Polyester,"{""Cotton"": 86.0, ""Polyester"": 14.0}",Blouse,manufacturer-style tag.txt,Backend/datasets/ibug_fabrics/Blended/1112,,REVIEW,MIXED_COMPOSITION_REVIEW,4,im_1; im_2; im_3; im_4,,
1113,Blended,"Blouse
Cotton 86 Polyester 14
",Cotton; Polyester,"{""Cotton"": 86.0, ""Polyester"": 14.0}",Blouse,manufacturer-style tag.txt,Backend/datasets/ibug_fabrics/Blended/1113,,REVIEW,MIXED_COMPOSITION_REVIEW,4,im_1; im_2; im_3; im_4,,
1114,Blended,"Blouse
Cotton 86 Polyester 14
",Cotton; Polyester,"{""Cotton"": 86.0, ""Polyester"": 14.0}",Blouse,manufacturer-style tag.txt,Backend/datasets/ibug_fabrics/Blended/1114,,REVIEW,MIXED_COMPOSITION_REVIEW,4,im_1; im_2; im_3; im_4,,
1115,Blended,"Blouse
Cotton 85 Polyester 15
",Cotton; Polyester,"{""Cotton"": 85.0, ""Polyester"": 15.0}",Blouse,manufacturer-style tag.txt,Backend/datasets/ibug_fabrics/Blended/1115,,REVIEW,MIXED_COMPOSITION_REVIEW,4,im_1; im_2; im_3; im_4,,
1116,Blended,"Blouse
Cotton 85 Polyester 15
",Cotton; Polyester,"{""Cotton"": 85.0, ""Polyester"": 15.0}",Blouse,manufacturer-style tag.txt,Backend/datasets/ibug_fabrics/Blended/1116,,REVIEW,MIXED_COMPOSITION_REVIEW,4,im_1; im_2; im_3; im_4,,
1130,Blended,"Blouse
Cotton 90 Polyester 10
",Cotton; Polyester,"{""Cotton"": 90.0, ""Polyester"": 10.0}",Blouse,manufacturer-style tag.txt,Backend/datasets/ibug_fabrics/Blended/1130,,REVIEW,MIXED_COMPOSITION_REVIEW,4,im_1; im_2; im_3; im_4,,
1131,Blended,"Blouse
Cotton 90 Polyester 10
",Cotton; Polyester,"{""Cotton"": 90.0, ""Polyester"": 10.0}",Blouse,manufacturer-style tag.txt,Backend/datasets/ibug_fabrics/Blended/1131,,REVIEW,MIXED_COMPOSITION_REVIEW,4,im_1; im_2; im_3; im_4,,
1132,Blended,"Blouse
Cotton 90 Polyester 10
",Cotton; Polyester,"{""Cotton"": 90.0, ""Polyester"": 10.0}",Blouse,manufacturer-style tag.txt,Backend/datasets/ibug_fabrics/Blended/1132,,REVIEW,MIXED_COMPOSITION_REVIEW,4,im_1; im_2; im_3; im_4,,
1133,Blended,"Blouse
Cotton 90 Polyester 10
",Cotton; Polyester,"{""Cotton"": 90.0, ""Polyester"": 10.0}",Blouse,manufacturer-style tag.txt,Backend/datasets/ibug_fabrics/Blended/1133,,REVIEW,MIXED_COMPOSITION_REVIEW,4,im_1; im_2; im_3; im_4,,
115,Blended,"T-shirt
Cotton 88 Elastane 12
",Cotton; Elastane,"{""Cotton"": 88.0, ""Elastane"": 12.0}",T-shirt,manufacturer-style tag.txt,Backend/datasets/ibug_fabrics/Blended/115,,REVIEW,MIXED_COMPOSITION_REVIEW,4,im_1; im_2; im_3; im_4,,
116,Blended,"T-shirt
Cotton 88 Elastane 12
",Cotton; Elastane,"{""Cotton"": 88.0, ""Elastane"": 12.0}",T-shirt,manufacturer-style tag.txt,Backend/datasets/ibug_fabrics/Blended/116,,REVIEW,MIXED_COMPOSITION_REVIEW,4,im_1; im_2; im_3; im_4,,
117,Blended,"T-shirt
Cotton 88 Elastane 12
",Cotton; Elastane,"{""Cotton"": 88.0, ""Elastane"": 12.0}",T-shirt,manufacturer-style tag.txt,Backend/datasets/ibug_fabrics/Blended/117,,REVIEW,MIXED_COMPOSITION_REVIEW,4,im_1; im_2; im_3; im_4,,
1173,Blended,"T-shirt
Cotton 60 Acrylic 40  
",Acrylic; Cotton,"{""Cotton"": 60.0, ""Acrylic"": 40.0}",T-shirt,manufacturer-style tag.txt,Backend/datasets/ibug_fabrics/Blended/1173,,REVIEW,MIXED_COMPOSITION_REVIEW,4,im_1; im_2; im_3; im_4,,
1174,Blended,"Blouse
Cotton 60 Acrylic 40  
",Acrylic; Cotton,"{""Cotton"": 60.0, ""Acrylic"": 40.0}",Blouse,manufacturer-style tag.txt,Backend/datasets/ibug_fabrics/Blended/1174,,REVIEW,MIXED_COMPOSITION_REVIEW,4,im_1; im_2; im_3; im_4,,
1175,Blended,"Blouse
Cotton 60 Acrylic 40  
",Acrylic; Cotton,"{""Cotton"": 60.0, ""Acrylic"": 40.0}",Blouse,manufacturer-style tag.txt,Backend/datasets/ibug_fabrics/Blended/1175,,REVIEW,MIXED_COMPOSITION_REVIEW,4,im_1; im_2; im_3; im_4,,
1176,Blended,"Blouse
Cotton 60 Acrylic 40  
",Acrylic; Cotton,"{""Cotton"": 60.0, ""Acrylic"": 40.0}",Blouse,manufacturer-style tag.txt,Backend/datasets/ibug_fabrics/Blended/1176,,REVIEW,MIXED_COMPOSITION_REVIEW,4,im_1; im_2; im_3; im_4,,
1177,Blended,"Blouse
Cotton 60 Acrylic 40  
",Acrylic; Cotton,"{""Cotton"": 60.0, ""Acrylic"": 40.0}",Blouse,manufacturer-style tag.txt,Backend/datasets/ibug_fabrics/Blended/1177,,REVIEW,MIXED_COMPOSITION_REVIEW,4,im_1; im_2; im_3; im_4,,
1178,Blended,"Blouse
Cotton 60 Acrylic 40  
",Acrylic; Cotton,"{""Cotton"": 60.0, ""Acrylic"": 40.0}",Blouse,manufacturer-style tag.txt,Backend/datasets/ibug_fabrics/Blended/1178,,REVIEW,MIXED_COMPOSITION_REVIEW,4,im_1; im_2; im_3; im_4,,
1186,Blended,"T-shirt
Cotton 65 Polyester 35
",Cotton; Polyester,"{""Cotton"": 65.0, ""Polyester"": 35.0}",T-shirt,manufacturer-style tag.txt,Backend/datasets/ibug_fabrics/Blended/1186,,REVIEW,MIXED_COMPOSITION_REVIEW,4,im_1; im_2; im_3; im_4,,
1187,Blended,"T-shirt
Cotton 65 Polyester 35
",Cotton; Polyester,"{""Cotton"": 65.0, ""Polyester"": 35.0}",T-shirt,manufacturer-style tag.txt,Backend/datasets/ibug_fabrics/Blended/1187,,REVIEW,MIXED_COMPOSITION_REVIEW,4,im_1; im_2; im_3; im_4,,
1189,Blended,"Pants
Cotton 98 Elastane 2
",Cotton; Elastane,"{""Cotton"": 98.0, ""Elastane"": 2.0}",Pants,manufacturer-style tag.txt,Backend/datasets/ibug_fabrics/Blended/1189,,REVIEW,MIXED_COMPOSITION_REVIEW,4,im_1; im_2; im_3; im_4,,
1208,Blended,"Shorts
Cotton 75 Polyester 25
",Cotton; Polyester,"{""Cotton"": 75.0, ""Polyester"": 25.0}",Shorts,manufacturer-style tag.txt,Backend/datasets/ibug_fabrics/Blended/1208,,REVIEW,MIXED_COMPOSITION_REVIEW,4,im_1; im_2; im_3; im_4,,
1209,Blended,"Shorts
Cotton 75 Polyester 25
",Cotton; Polyester,"{""Cotton"": 75.0, ""Polyester"": 25.0}",Shorts,manufacturer-style tag.txt,Backend/datasets/ibug_fabrics/Blended/1209,,REVIEW,MIXED_COMPOSITION_REVIEW,4,im_1; im_2; im_3; im_4,,
1257,Blended,"Jacket
Cotton 55 Acrylic 34 Polyester 10 Elastane 1 
",Acrylic; Cotton; Elastane; Polyester,"{""Cotton"": 55.0, ""Acrylic"": 34.0, ""Polyester"": 10.0, ""Elastane"": 1.0}",Jacket,manufacturer-style tag.txt,Backend/datasets/ibug_fabrics/Blended/1257,,REVIEW,MIXED_COMPOSITION_REVIEW,4,im_1; im_2; im_3; im_4,,
1258,Blended,"Jacket
Cotton 55 Acrylic 34 Polyester 10 Elastane 1 

",Acrylic; Cotton; Elastane; Polyester,"{""Cotton"": 55.0, ""Acrylic"": 34.0, ""Polyester"": 10.0, ""Elastane"": 1.0}",Jacket,manufacturer-style tag.txt,Backend/datasets/ibug_fabrics/Blended/1258,,REVIEW,MIXED_COMPOSITION_REVIEW,4,im_1; im_2; im_3; im_4,,
126,Blended,"Shorts
Naylon 90 Elastane 10  
",Elastane,"{""Elastane"": 10.0}",Shorts,manufacturer-style tag.txt,Backend/datasets/ibug_fabrics/Blended/126,,REJECTED,UNSUPPORTED_MATERIAL,4,im_1; im_2; im_3; im_4,,
1265,Blended,"Blouse
Cotton 60 Polyester 40
",Cotton; Polyester,"{""Cotton"": 60.0, ""Polyester"": 40.0}",Blouse,manufacturer-style tag.txt,Backend/datasets/ibug_fabrics/Blended/1265,,REVIEW,MIXED_COMPOSITION_REVIEW,4,im_1; im_2; im_3; im_4,,
1266,Blended,"Blouse
Cotton 60 Polyester 40
",Cotton; Polyester,"{""Cotton"": 60.0, ""Polyester"": 40.0}",Blouse,manufacturer-style tag.txt,Backend/datasets/ibug_fabrics/Blended/1266,,REVIEW,MIXED_COMPOSITION_REVIEW,4,im_1; im_2; im_3; im_4,,
1267,Blended,"Blouse
Cotton 60 Polyester 40
",Cotton; Polyester,"{""Cotton"": 60.0, ""Polyester"": 40.0}",Blouse,manufacturer-style tag.txt,Backend/datasets/ibug_fabrics/Blended/1267,,REVIEW,MIXED_COMPOSITION_REVIEW,4,im_1; im_2; im_3; im_4,,
1268,Blended,"Blouse
Polyester 50 Cotton 38 Viscose 12
",Cotton; Polyester; Viscose,"{""Polyester"": 50.0, ""Cotton"": 38.0, ""Viscose"": 12.0}",Blouse,manufacturer-style tag.txt,Backend/datasets/ibug_fabrics/Blended/1268,,REVIEW,MIXED_COMPOSITION_REVIEW,4,im_1; im_2; im_3; im_4,,
1269,Blended,"Blouse
Polyester 50 Cotton 38 Viscose 12
",Cotton; Polyester; Viscose,"{""Polyester"": 50.0, ""Cotton"": 38.0, ""Viscose"": 12.0}",Blouse,manufacturer-style tag.txt,Backend/datasets/ibug_fabrics/Blended/1269,,REVIEW,MIXED_COMPOSITION_REVIEW,4,im_1; im_2; im_3; im_4,,
127,Blended,"Shorts
Naylon 90 Elastane 10
",Elastane,"{""Elastane"": 10.0}",Shorts,manufacturer-style tag.txt,Backend/datasets/ibug_fabrics/Blended/127,,REJECTED,UNSUPPORTED_MATERIAL,4,im_1; im_2; im_3; im_4,,
13,Blended,"Other
Wool 45 Elastane 10 Acrylic 30 Cashmere 15
",Acrylic; Cashmere; Elastane; Wool,"{""Wool"": 45.0, ""Elastane"": 10.0, ""Acrylic"": 30.0, ""Cashmere"": 15.0}",Other,manufacturer-style tag.txt,Backend/datasets/ibug_fabrics/Blended/13,,REVIEW,MIXED_COMPOSITION_REVIEW,4,im_1; im_2; im_3; im_4,,
133,Blended,"Blouse
Rayon 80 Naylon 18 Elastane 2 
",Elastane; Rayon,"{""Rayon"": 80.0, ""Elastane"": 2.0}",Blouse,manufacturer-style tag.txt,Backend/datasets/ibug_fabrics/Blended/133,,REVIEW,MIXED_COMPOSITION_REVIEW,4,im_1; im_2; im_3; im_4,,
134,Blended,"Shirt
Rayon 80 Naylon 18 Elastane 2
",Elastane; Rayon,"{""Rayon"": 80.0, ""Elastane"": 2.0}",Shirt,manufacturer-style tag.txt,Backend/datasets/ibug_fabrics/Blended/134,,REVIEW,MIXED_COMPOSITION_REVIEW,4,im_1; im_2; im_3; im_4,,
135,Blended,"Shirt
Rayon 80 Naylon 18 Elastane 2
",Elastane; Rayon,"{""Rayon"": 80.0, ""Elastane"": 2.0}",Shirt,manufacturer-style tag.txt,Backend/datasets/ibug_fabrics/Blended/135,,REVIEW,MIXED_COMPOSITION_REVIEW,4,im_1; im_2; im_3; im_4,,
1367,Blended,"Pants
Linen 52 Cotton 48 
",Cotton; Linen,"{""Linen"": 52.0, ""Cotton"": 48.0}",Pants,manufacturer-style tag.txt,Backend/datasets/ibug_fabrics/Blended/1367,,REVIEW,MIXED_COMPOSITION_REVIEW,4,im_1; im_2; im_3; im_4,,
1368,Blended,"Pants
Linen 52 Cotton 48 
",Cotton; Linen,"{""Linen"": 52.0, ""Cotton"": 48.0}",Pants,manufacturer-style tag.txt,Backend/datasets/ibug_fabrics/Blended/1368,,REVIEW,MIXED_COMPOSITION_REVIEW,4,im_1; im_2; im_3; im_4,,
1369,Blended,"Pants
Linen 52 Cotton 48 
",Cotton; Linen,"{""Linen"": 52.0, ""Cotton"": 48.0}",Pants,manufacturer-style tag.txt,Backend/datasets/ibug_fabrics/Blended/1369,,REVIEW,MIXED_COMPOSITION_REVIEW,4,im_1; im_2; im_3; im_4,Blended/1369; Blended/1370,Blended/1369; Blended/1370
1370,Blended,"Pants
Linen 52 Cotton 48
",Cotton; Linen,"{""Linen"": 52.0, ""Cotton"": 48.0}",Pants,manufacturer-style tag.txt,Backend/datasets/ibug_fabrics/Blended/1370,,REVIEW,MIXED_COMPOSITION_REVIEW,4,im_1; im_2; im_3; im_4,Blended/1369; Blended/1370,Blended/1369; Blended/1370
14,Blended,"Other
Cotton 45 Viscose 55
",Cotton; Viscose,"{""Cotton"": 45.0, ""Viscose"": 55.0}",Other,manufacturer-style tag.txt,Backend/datasets/ibug_fabrics/Blended/14,,REVIEW,MIXED_COMPOSITION_REVIEW,4,im_1; im_2; im_3; im_4,,
1416,Blended,"Blouse
Wool 60 Acrylic 40 knitwear      
",Acrylic; Wool,"{""Wool"": 60.0, ""Acrylic"": 40.0}",Blouse,manufacturer-style tag.txt,Backend/datasets/ibug_fabrics/Blended/1416,,REVIEW,MIXED_COMPOSITION_REVIEW,4,im_1; im_2; im_3; im_4,,
1417,Blended,"Blouse
Wool 60 Acrylic 40 knitwear   
",Acrylic; Wool,"{""Wool"": 60.0, ""Acrylic"": 40.0}",Blouse,manufacturer-style tag.txt,Backend/datasets/ibug_fabrics/Blended/1417,,REVIEW,MIXED_COMPOSITION_REVIEW,4,im_1; im_2; im_3; im_4,,
1455,Blended,"Blouse
Cotton 80 Polyester 20 Sweatshirt
",Cotton; Polyester,"{""Cotton"": 80.0, ""Polyester"": 20.0}",Blouse,manufacturer-style tag.txt,Backend/datasets/ibug_fabrics/Blended/1455,,REVIEW,MIXED_COMPOSITION_REVIEW,4,im_1; im_2; im_3; im_4,,
1456,Blended,"Blouse
Cotton 80 Polyester 20 Sweatshirt
",Cotton; Polyester,"{""Cotton"": 80.0, ""Polyester"": 20.0}",Blouse,manufacturer-style tag.txt,Backend/datasets/ibug_fabrics/Blended/1456,,REVIEW,MIXED_COMPOSITION_REVIEW,4,im_1; im_2; im_3; im_4,,
1457,Blended,"Blouse
Cotton 80 Polyester 20 Sweatshirt
",Cotton; Polyester,"{""Cotton"": 80.0, ""Polyester"": 20.0}",Blouse,manufacturer-style tag.txt,Backend/datasets/ibug_fabrics/Blended/1457,,REVIEW,MIXED_COMPOSITION_REVIEW,4,im_1; im_2; im_3; im_4,,
1465,Blended,"Pants
Cotton 55 Polyester 45 Sweatpants   
",Cotton; Polyester,"{""Cotton"": 55.0, ""Polyester"": 45.0}",Pants,manufacturer-style tag.txt,Backend/datasets/ibug_fabrics/Blended/1465,,REVIEW,MIXED_COMPOSITION_REVIEW,4,im_1; im_2; im_3; im_4,,
1466,Blended,"Pants
Cotton 55 Polyester 45 Sweatpants",Cotton; Polyester,"{""Cotton"": 55.0, ""Polyester"": 45.0}",Pants,manufacturer-style tag.txt,Backend/datasets/ibug_fabrics/Blended/1466,,REVIEW,MIXED_COMPOSITION_REVIEW,4,im_1; im_2; im_3; im_4,,
1529,Blended,"Blouse
Cotton 80 Polyester 20 Sweatshirt",Cotton; Polyester,"{""Cotton"": 80.0, ""Polyester"": 20.0}",Blouse,manufacturer-style tag.txt,Backend/datasets/ibug_fabrics/Blended/1529,,REVIEW,MIXED_COMPOSITION_REVIEW,4,im_1; im_2; im_3; im_4,,
1530,Blended,"Blouse
Cotton 80 Polyester 20 Sweatshirt",Cotton; Polyester,"{""Cotton"": 80.0, ""Polyester"": 20.0}",Blouse,manufacturer-style tag.txt,Backend/datasets/ibug_fabrics/Blended/1530,,REVIEW,MIXED_COMPOSITION_REVIEW,4,im_1; im_2; im_3; im_4,,
1531,Blended,"Blouse
Cotton 80 Polyester 20 Sweatshirt 
",Cotton; Polyester,"{""Cotton"": 80.0, ""Polyester"": 20.0}",Blouse,manufacturer-style tag.txt,Backend/datasets/ibug_fabrics/Blended/1531,,REVIEW,MIXED_COMPOSITION_REVIEW,4,im_1; im_2; im_3; im_4,,
1534,Blended,"Blouse
Cotton 75 Polyester 25 Sweatshirt   
",Cotton; Polyester,"{""Cotton"": 75.0, ""Polyester"": 25.0}",Blouse,manufacturer-style tag.txt,Backend/datasets/ibug_fabrics/Blended/1534,,REVIEW,MIXED_COMPOSITION_REVIEW,4,im_1; im_2; im_3; im_4,,
1535,Blended,"Blouse
Cotton 75 Polyester 25 Sweatshirt   
",Cotton; Polyester,"{""Cotton"": 75.0, ""Polyester"": 25.0}",Blouse,manufacturer-style tag.txt,Backend/datasets/ibug_fabrics/Blended/1535,,REVIEW,MIXED_COMPOSITION_REVIEW,4,im_1; im_2; im_3; im_4,,
1536,Blended,"Blouse
Cotton 75 Polyester 25 Sweatshirt   
",Cotton; Polyester,"{""Cotton"": 75.0, ""Polyester"": 25.0}",Blouse,manufacturer-style tag.txt,Backend/datasets/ibug_fabrics/Blended/1536,,REVIEW,MIXED_COMPOSITION_REVIEW,4,im_1; im_2; im_3; im_4,,
1537,Blended,"Blouse
Cotton 100 Sweatshirt  
",Cotton,"{""Cotton"": 100.0}",Blouse,manufacturer-style tag.txt,Backend/datasets/ibug_fabrics/Blended/1537,Cotton,ACCEPTED,,4,im_1; im_2; im_3; im_4,,
1540,Blended,"Blouse
Cotton 70 Polyester 30 Sweatshirt   
",Cotton; Polyester,"{""Cotton"": 70.0, ""Polyester"": 30.0}",Blouse,manufacturer-style tag.txt,Backend/datasets/ibug_fabrics/Blended/1540,,REVIEW,MIXED_COMPOSITION_REVIEW,4,im_1; im_2; im_3; im_4,,
1541,Blended,"Blouse
Cotton 70 Polyester 30 Sweatshirt
",Cotton; Polyester,"{""Cotton"": 70.0, ""Polyester"": 30.0}",Blouse,manufacturer-style tag.txt,Backend/datasets/ibug_fabrics/Blended/1541,,REVIEW,MIXED_COMPOSITION_REVIEW,4,im_1; im_2; im_3; im_4,,
1542,Blended,"Blouse
Cotton 70 Polyester 30 Sweatshirt  
",Cotton; Polyester,"{""Cotton"": 70.0, ""Polyester"": 30.0}",Blouse,manufacturer-style tag.txt,Backend/datasets/ibug_fabrics/Blended/1542,,REVIEW,MIXED_COMPOSITION_REVIEW,4,im_1; im_2; im_3; im_4,,
1543,Blended,"Blouse
Cotton 70 Polyester 30 Sweatshirt
",Cotton; Polyester,"{""Cotton"": 70.0, ""Polyester"": 30.0}",Blouse,manufacturer-style tag.txt,Backend/datasets/ibug_fabrics/Blended/1543,,REVIEW,MIXED_COMPOSITION_REVIEW,4,im_1; im_2; im_3; im_4,,
1544,Blended,"Blouse
Cotton 55 Polyester 45 Sweatshirt   
",Cotton; Polyester,"{""Cotton"": 55.0, ""Polyester"": 45.0}",Blouse,manufacturer-style tag.txt,Backend/datasets/ibug_fabrics/Blended/1544,,REVIEW,MIXED_COMPOSITION_REVIEW,4,im_1; im_2; im_3; im_4,,
1545,Blended,"Blouse
Cotton 55 Polyester 45 Sweatshirt   
",Cotton; Polyester,"{""Cotton"": 55.0, ""Polyester"": 45.0}",Blouse,manufacturer-style tag.txt,Backend/datasets/ibug_fabrics/Blended/1545,,REVIEW,MIXED_COMPOSITION_REVIEW,4,im_1; im_2; im_3; im_4,,
1546,Blended,"Blouse
Cotton 55 Polyester 45 Sweatshirt   
",Cotton; Polyester,"{""Cotton"": 55.0, ""Polyester"": 45.0}",Blouse,manufacturer-style tag.txt,Backend/datasets/ibug_fabrics/Blended/1546,,REVIEW,MIXED_COMPOSITION_REVIEW,4,im_1; im_2; im_3; im_4,,
1547,Blended,"Blouse
Cotton 80 Polyester 20 Sweatshirt   
",Cotton; Polyester,"{""Cotton"": 80.0, ""Polyester"": 20.0}",Blouse,manufacturer-style tag.txt,Backend/datasets/ibug_fabrics/Blended/1547,,REVIEW,MIXED_COMPOSITION_REVIEW,4,im_1; im_2; im_3; im_4,,
1548,Blended,"Blouse
Cotton 80 Polyester 20 Sweatshirt   
",Cotton; Polyester,"{""Cotton"": 80.0, ""Polyester"": 20.0}",Blouse,manufacturer-style tag.txt,Backend/datasets/ibug_fabrics/Blended/1548,,REVIEW,MIXED_COMPOSITION_REVIEW,4,im_1; im_2; im_3; im_4,,
1549,Blended,"Blouse
Cotton 80 Polyester 20 Sweatshirt   
",Cotton; Polyester,"{""Cotton"": 80.0, ""Polyester"": 20.0}",Blouse,manufacturer-style tag.txt,Backend/datasets/ibug_fabrics/Blended/1549,,REVIEW,MIXED_COMPOSITION_REVIEW,4,im_1; im_2; im_3; im_4,,
1550,Blended,"Blouse
Cotton 80 Polyester 20 Sweatshirt  
",Cotton; Polyester,"{""Cotton"": 80.0, ""Polyester"": 20.0}",Blouse,manufacturer-style tag.txt,Backend/datasets/ibug_fabrics/Blended/1550,,REVIEW,MIXED_COMPOSITION_REVIEW,4,im_1; im_2; im_3; im_4,,
1558,Blended,"Blouse
Cotton 80 Polyester 20 Sweatshirt 
",Cotton; Polyester,"{""Cotton"": 80.0, ""Polyester"": 20.0}",Blouse,manufacturer-style tag.txt,Backend/datasets/ibug_fabrics/Blended/1558,,REVIEW,MIXED_COMPOSITION_REVIEW,4,im_1; im_2; im_3; im_4,,
1559,Blended,"Blouse
Cotton 80 Polyester 20 Sweatshirt   
",Cotton; Polyester,"{""Cotton"": 80.0, ""Polyester"": 20.0}",Blouse,manufacturer-style tag.txt,Backend/datasets/ibug_fabrics/Blended/1559,,REVIEW,MIXED_COMPOSITION_REVIEW,4,im_1; im_2; im_3; im_4,,
1560,Blended,"Blouse
Cotton 80 Polyester 20 Sweatshirt
",Cotton; Polyester,"{""Cotton"": 80.0, ""Polyester"": 20.0}",Blouse,manufacturer-style tag.txt,Backend/datasets/ibug_fabrics/Blended/1560,,REVIEW,MIXED_COMPOSITION_REVIEW,4,im_1; im_2; im_3; im_4,,
1565,Blended,"Pants
Polyester 88 Elastane 12
",Elastane; Polyester,"{""Polyester"": 88.0, ""Elastane"": 12.0}",Pants,manufacturer-style tag.txt,Backend/datasets/ibug_fabrics/Blended/1565,,REVIEW,MIXED_COMPOSITION_REVIEW,4,im_1; im_2; im_3; im_4,,
1566,Blended,"Pants
Polyester 88 Elastane 12
",Elastane; Polyester,"{""Polyester"": 88.0, ""Elastane"": 12.0}",Pants,manufacturer-style tag.txt,Backend/datasets/ibug_fabrics/Blended/1566,,REVIEW,MIXED_COMPOSITION_REVIEW,4,im_1; im_2; im_3; im_4,,
1567,Blended,"Pants
Polyester 88 Elastane 12
",Elastane; Polyester,"{""Polyester"": 88.0, ""Elastane"": 12.0}",Pants,manufacturer-style tag.txt,Backend/datasets/ibug_fabrics/Blended/1567,,REVIEW,MIXED_COMPOSITION_REVIEW,4,im_1; im_2; im_3; im_4,,
1568,Blended,"Pants
Polyester 88 Elastane 12
",Elastane; Polyester,"{""Polyester"": 88.0, ""Elastane"": 12.0}",Pants,manufacturer-style tag.txt,Backend/datasets/ibug_fabrics/Blended/1568,,REVIEW,MIXED_COMPOSITION_REVIEW,4,im_1; im_2; im_3; im_4,,
1569,Blended,"Pants
Polyester 88 Elastane 12
",Elastane; Polyester,"{""Polyester"": 88.0, ""Elastane"": 12.0}",Pants,manufacturer-style tag.txt,Backend/datasets/ibug_fabrics/Blended/1569,,REVIEW,MIXED_COMPOSITION_REVIEW,4,im_1; im_2; im_3; im_4,,
1570,Blended,"Pants
Polyester 88 Elastane 12
",Elastane; Polyester,"{""Polyester"": 88.0, ""Elastane"": 12.0}",Pants,manufacturer-style tag.txt,Backend/datasets/ibug_fabrics/Blended/1570,,REVIEW,MIXED_COMPOSITION_REVIEW,4,im_1; im_2; im_3; im_4,,
1571,Blended,"Pants
Polyester 88 Elastane 12
",Elastane; Polyester,"{""Polyester"": 88.0, ""Elastane"": 12.0}",Pants,manufacturer-style tag.txt,Backend/datasets/ibug_fabrics/Blended/1571,,REVIEW,MIXED_COMPOSITION_REVIEW,4,im_1; im_2; im_3; im_4,,
1572,Blended,"T-shirt
Polyester 88 Elastane 12
",Elastane; Polyester,"{""Polyester"": 88.0, ""Elastane"": 12.0}",T-shirt,manufacturer-style tag.txt,Backend/datasets/ibug_fabrics/Blended/1572,,REVIEW,MIXED_COMPOSITION_REVIEW,4,im_1; im_2; im_3; im_4,,
1573,Blended,"T-shirt
Polyester 88 Elastane 12
",Elastane; Polyester,"{""Polyester"": 88.0, ""Elastane"": 12.0}",T-shirt,manufacturer-style tag.txt,Backend/datasets/ibug_fabrics/Blended/1573,,REVIEW,MIXED_COMPOSITION_REVIEW,4,im_1; im_2; im_3; im_4,,
1578,Blended,"T-shirt
Polyester 46 Repreve 54
",Polyester,"{""Polyester"": 46.0}",T-shirt,manufacturer-style tag.txt,Backend/datasets/ibug_fabrics/Blended/1578,Polyester,ACCEPTED,,4,im_1; im_2; im_3; im_4,,
1579,Blended,"T-shirt
Polyester 46Repreve 54
",Polyester,"{""Polyester"": 46.0}",T-shirt,manufacturer-style tag.txt,Backend/datasets/ibug_fabrics/Blended/1579,Polyester,ACCEPTED,,4,im_1; im_2; im_3; im_4,,
1584,Blended,"T-shirt
Polyester 46 Repreve 54",Polyester,"{""Polyester"": 46.0}",T-shirt,manufacturer-style tag.txt,Backend/datasets/ibug_fabrics/Blended/1584,Polyester,ACCEPTED,,4,im_1; im_2; im_3; im_4,,
1585,Blended,"T-shirt
Polyester 46 Repreve 54
",Polyester,"{""Polyester"": 46.0}",T-shirt,manufacturer-style tag.txt,Backend/datasets/ibug_fabrics/Blended/1585,Polyester,ACCEPTED,,4,im_1; im_2; im_3; im_4,,
1590,Blended,"T-shirt
Polyester 88 Elastane 12
",Elastane; Polyester,"{""Polyester"": 88.0, ""Elastane"": 12.0}",T-shirt,manufacturer-style tag.txt,Backend/datasets/ibug_fabrics/Blended/1590,,REVIEW,MIXED_COMPOSITION_REVIEW,4,im_1; im_2; im_3; im_4,,
1591,Blended,"T-shirt
Polyester 88 Elastane 12
",Elastane; Polyester,"{""Polyester"": 88.0, ""Elastane"": 12.0}",T-shirt,manufacturer-style tag.txt,Backend/datasets/ibug_fabrics/Blended/1591,,REVIEW,MIXED_COMPOSITION_REVIEW,4,im_1; im_2; im_3; im_4,,
1598,Blended,"Pants
Cotton 80 Polyester 20
",Cotton; Polyester,"{""Cotton"": 80.0, ""Polyester"": 20.0}",Pants,manufacturer-style tag.txt,Backend/datasets/ibug_fabrics/Blended/1598,,REVIEW,MIXED_COMPOSITION_REVIEW,4,im_1; im_2; im_3; im_4,,
1599,Blended,"Pants
Cotton 80 Polyester 20
",Cotton; Polyester,"{""Cotton"": 80.0, ""Polyester"": 20.0}",Pants,manufacturer-style tag.txt,Backend/datasets/ibug_fabrics/Blended/1599,,REVIEW,MIXED_COMPOSITION_REVIEW,4,im_1; im_2; im_3; im_4,,
1602,Blended,"Pants
Cotton 80 Polyester 20
",Cotton; Polyester,"{""Cotton"": 80.0, ""Polyester"": 20.0}",Pants,manufacturer-style tag.txt,Backend/datasets/ibug_fabrics/Blended/1602,,REVIEW,MIXED_COMPOSITION_REVIEW,4,im_1; im_2; im_3; im_4,Blended/1602; Blended/1603,Blended/1602; Blended/1603
1603,Blended,"Pants
Cotton 80 Polyester 20
",Cotton; Polyester,"{""Cotton"": 80.0, ""Polyester"": 20.0}",Pants,manufacturer-style tag.txt,Backend/datasets/ibug_fabrics/Blended/1603,,REVIEW,MIXED_COMPOSITION_REVIEW,4,im_1; im_2; im_3; im_4,Blended/1602; Blended/1603,Blended/1602; Blended/1603
1604,Blended,"Pants
Cotton 80 Polyester 20
",Cotton; Polyester,"{""Cotton"": 80.0, ""Polyester"": 20.0}",Pants,manufacturer-style tag.txt,Backend/datasets/ibug_fabrics/Blended/1604,,REVIEW,MIXED_COMPOSITION_REVIEW,4,im_1; im_2; im_3; im_4,,
1621,Blended,"T-shirt
Cotton 80 Polyester 20 ?
",Cotton; Polyester,"{""Cotton"": 80.0, ""Polyester"": 20.0}",T-shirt,manufacturer-style tag.txt,Backend/datasets/ibug_fabrics/Blended/1621,,REVIEW,MIXED_COMPOSITION_REVIEW,4,im_1; im_2; im_3; im_4,,
1622,Blended,"T-shirt
Cotton 80 Polyester 20 ? 
",Cotton; Polyester,"{""Cotton"": 80.0, ""Polyester"": 20.0}",T-shirt,manufacturer-style tag.txt,Backend/datasets/ibug_fabrics/Blended/1622,,REVIEW,MIXED_COMPOSITION_REVIEW,4,im_1; im_2; im_3; im_4,,
1623,Blended,"T-shirt
Cotton 80 Polyester 20 ? 
",Cotton; Polyester,"{""Cotton"": 80.0, ""Polyester"": 20.0}",T-shirt,manufacturer-style tag.txt,Backend/datasets/ibug_fabrics/Blended/1623,,REVIEW,MIXED_COMPOSITION_REVIEW,4,im_1; im_2; im_3; im_4,,
1624,Blended,"T-shirt
Cotton 80 Polyester 20 ? 
",Cotton; Polyester,"{""Cotton"": 80.0, ""Polyester"": 20.0}",T-shirt,manufacturer-style tag.txt,Backend/datasets/ibug_fabrics/Blended/1624,,REVIEW,MIXED_COMPOSITION_REVIEW,4,im_1; im_2; im_3; im_4,,
1625,Blended,"T-shirt
Cotton 80 Polyester 20 ? 
",Cotton; Polyester,"{""Cotton"": 80.0, ""Polyester"": 20.0}",T-shirt,manufacturer-style tag.txt,Backend/datasets/ibug_fabrics/Blended/1625,,REVIEW,MIXED_COMPOSITION_REVIEW,4,im_1; im_2; im_3; im_4,,
1626,Blended,"T-shirt
Cotton 80 Polyester 20 ? 
",Cotton; Polyester,"{""Cotton"": 80.0, ""Polyester"": 20.0}",T-shirt,manufacturer-style tag.txt,Backend/datasets/ibug_fabrics/Blended/1626,,REVIEW,MIXED_COMPOSITION_REVIEW,4,im_1; im_2; im_3; im_4,,
1627,Blended,"T-shirt
Cotton 80 Polyester 20 ? 
",Cotton; Polyester,"{""Cotton"": 80.0, ""Polyester"": 20.0}",T-shirt,manufacturer-style tag.txt,Backend/datasets/ibug_fabrics/Blended/1627,,REVIEW,MIXED_COMPOSITION_REVIEW,4,im_1; im_2; im_3; im_4,,
1628,Blended,"T-shirt
Cotton 80 Polyester 20 ? 
",Cotton; Polyester,"{""Cotton"": 80.0, ""Polyester"": 20.0}",T-shirt,manufacturer-style tag.txt,Backend/datasets/ibug_fabrics/Blended/1628,,REVIEW,MIXED_COMPOSITION_REVIEW,4,im_1; im_2; im_3; im_4,,
1629,Blended,"T-shirt
Cotton 80 Polyester 20 ? 
",Cotton; Polyester,"{""Cotton"": 80.0, ""Polyester"": 20.0}",T-shirt,manufacturer-style tag.txt,Backend/datasets/ibug_fabrics/Blended/1629,,REVIEW,MIXED_COMPOSITION_REVIEW,4,im_1; im_2; im_3; im_4,,
1630,Blended,"T-shirt
Cotton 80 Polyester 20 ? 
",Cotton; Polyester,"{""Cotton"": 80.0, ""Polyester"": 20.0}",T-shirt,manufacturer-style tag.txt,Backend/datasets/ibug_fabrics/Blended/1630,,REVIEW,MIXED_COMPOSITION_REVIEW,4,im_1; im_2; im_3; im_4,,
1631,Blended,"T-shirt
Cotton 80 Polyester 20 ? 
",Cotton; Polyester,"{""Cotton"": 80.0, ""Polyester"": 20.0}",T-shirt,manufacturer-style tag.txt,Backend/datasets/ibug_fabrics/Blended/1631,,REVIEW,MIXED_COMPOSITION_REVIEW,4,im_1; im_2; im_3; im_4,,
1632,Blended,"T-shirt
Cotton 80 Polyester 20 ? 
",Cotton; Polyester,"{""Cotton"": 80.0, ""Polyester"": 20.0}",T-shirt,manufacturer-style tag.txt,Backend/datasets/ibug_fabrics/Blended/1632,,REVIEW,MIXED_COMPOSITION_REVIEW,4,im_1; im_2; im_3; im_4,,
1633,Blended,"T-shirt
Cotton 80 Polyester 20 ? 
",Cotton; Polyester,"{""Cotton"": 80.0, ""Polyester"": 20.0}",T-shirt,manufacturer-style tag.txt,Backend/datasets/ibug_fabrics/Blended/1633,,REVIEW,MIXED_COMPOSITION_REVIEW,4,im_1; im_2; im_3; im_4,,
1634,Blended,"T-shirt
Cotton 80 Polyester 20 ? 
",Cotton; Polyester,"{""Cotton"": 80.0, ""Polyester"": 20.0}",T-shirt,manufacturer-style tag.txt,Backend/datasets/ibug_fabrics/Blended/1634,,REVIEW,MIXED_COMPOSITION_REVIEW,4,im_1; im_2; im_3; im_4,,
1635,Blended,"T-shirt
Cotton 80 Polyester 20 ? 
",Cotton; Polyester,"{""Cotton"": 80.0, ""Polyester"": 20.0}",T-shirt,manufacturer-style tag.txt,Backend/datasets/ibug_fabrics/Blended/1635,,REVIEW,MIXED_COMPOSITION_REVIEW,4,im_1; im_2; im_3; im_4,,
1636,Blended,"T-shirt
Cotton 80 Polyester 20 ? 
",Cotton; Polyester,"{""Cotton"": 80.0, ""Polyester"": 20.0}",T-shirt,manufacturer-style tag.txt,Backend/datasets/ibug_fabrics/Blended/1636,,REVIEW,MIXED_COMPOSITION_REVIEW,4,im_1; im_2; im_3; im_4,,
1637,Blended,"T-shirt
Cotton 80 Polyester 20 ? 
",Cotton; Polyester,"{""Cotton"": 80.0, ""Polyester"": 20.0}",T-shirt,manufacturer-style tag.txt,Backend/datasets/ibug_fabrics/Blended/1637,,REVIEW,MIXED_COMPOSITION_REVIEW,4,im_1; im_2; im_3; im_4,,
1638,Blended,"T-shirt
Cotton 80 Polyester 20 ? 
",Cotton; Polyester,"{""Cotton"": 80.0, ""Polyester"": 20.0}",T-shirt,manufacturer-style tag.txt,Backend/datasets/ibug_fabrics/Blended/1638,,REVIEW,MIXED_COMPOSITION_REVIEW,4,im_1; im_2; im_3; im_4,,
1639,Blended,"T-shirt
Polyester 83 Elastane 17
",Elastane; Polyester,"{""Polyester"": 83.0, ""Elastane"": 17.0}",T-shirt,manufacturer-style tag.txt,Backend/datasets/ibug_fabrics/Blended/1639,,REVIEW,MIXED_COMPOSITION_REVIEW,4,im_1; im_2; im_3; im_4,,
1640,Blended,"T-shirt
Polyester 83 Elastane 17
",Elastane; Polyester,"{""Polyester"": 83.0, ""Elastane"": 17.0}",T-shirt,manufacturer-style tag.txt,Backend/datasets/ibug_fabrics/Blended/1640,,REVIEW,MIXED_COMPOSITION_REVIEW,4,im_1; im_2; im_3; im_4,,
1641,Blended,"T-shirt
Polyester 83 Elastane 17
",Elastane; Polyester,"{""Polyester"": 83.0, ""Elastane"": 17.0}",T-shirt,manufacturer-style tag.txt,Backend/datasets/ibug_fabrics/Blended/1641,,REVIEW,MIXED_COMPOSITION_REVIEW,4,im_1; im_2; im_3; im_4,,
1642,Blended,"T-shirt
Polyester 83 Elastane 17
",Elastane; Polyester,"{""Polyester"": 83.0, ""Elastane"": 17.0}",T-shirt,manufacturer-style tag.txt,Backend/datasets/ibug_fabrics/Blended/1642,,REVIEW,MIXED_COMPOSITION_REVIEW,4,im_1; im_2; im_3; im_4,,
1643,Blended,"T-shirt
Polyester 83 Elastane 17
",Elastane; Polyester,"{""Polyester"": 83.0, ""Elastane"": 17.0}",T-shirt,manufacturer-style tag.txt,Backend/datasets/ibug_fabrics/Blended/1643,,REVIEW,MIXED_COMPOSITION_REVIEW,4,im_1; im_2; im_3; im_4,,
1644,Blended,"T-shirt
Polyester 83 Elastane 17
",Elastane; Polyester,"{""Polyester"": 83.0, ""Elastane"": 17.0}",T-shirt,manufacturer-style tag.txt,Backend/datasets/ibug_fabrics/Blended/1644,,REVIEW,MIXED_COMPOSITION_REVIEW,4,im_1; im_2; im_3; im_4,,
1647,Blended,"T-shirt
Polyester 88 Elastane 12
",Elastane; Polyester,"{""Polyester"": 88.0, ""Elastane"": 12.0}",T-shirt,manufacturer-style tag.txt,Backend/datasets/ibug_fabrics/Blended/1647,,REVIEW,MIXED_COMPOSITION_REVIEW,4,im_1; im_2; im_3; im_4,,
1648,Blended,"T-shirt
Polyester 88 Elastane 12
",Elastane; Polyester,"{""Polyester"": 88.0, ""Elastane"": 12.0}",T-shirt,manufacturer-style tag.txt,Backend/datasets/ibug_fabrics/Blended/1648,,REVIEW,MIXED_COMPOSITION_REVIEW,4,im_1; im_2; im_3; im_4,,
165,Blended,"Pants
Cotton 73 Nylon 23",Cotton; Nylon,"{""Cotton"": 73.0, ""Nylon"": 23.0}",Pants,manufacturer-style tag.txt,Backend/datasets/ibug_fabrics/Blended/165,,REVIEW,MIXED_COMPOSITION_REVIEW,4,im_1; im_2; im_3; im_4,,
166,Blended,"Pants
Cotton 73 Nylon 23",Cotton; Nylon,"{""Cotton"": 73.0, ""Nylon"": 23.0}",Pants,manufacturer-style tag.txt,Backend/datasets/ibug_fabrics/Blended/166,,REVIEW,MIXED_COMPOSITION_REVIEW,4,im_1; im_2; im_3; im_4,,
1663,Blended,"Jacket
Cotton 74 Polyester 26
",Cotton; Polyester,"{""Cotton"": 74.0, ""Polyester"": 26.0}",Jacket,manufacturer-style tag.txt,Backend/datasets/ibug_fabrics/Blended/1663,,REVIEW,MIXED_COMPOSITION_REVIEW,4,im_1; im_2; im_3; im_4,,
1664,Blended,"Jacket
Cotton 74 Polyester 26
",Cotton; Polyester,"{""Cotton"": 74.0, ""Polyester"": 26.0}",Jacket,manufacturer-style tag.txt,Backend/datasets/ibug_fabrics/Blended/1664,,REVIEW,MIXED_COMPOSITION_REVIEW,4,im_1; im_2; im_3; im_4,,
1665,Blended,"Jacket
Cotton 74 Polyester 26
",Cotton; Polyester,"{""Cotton"": 74.0, ""Polyester"": 26.0}",Jacket,manufacturer-style tag.txt,Backend/datasets/ibug_fabrics/Blended/1665,,REVIEW,MIXED_COMPOSITION_REVIEW,4,im_1; im_2; im_3; im_4,,
1666,Blended,"Jacket
Cotton 74 Polyester 26
",Cotton; Polyester,"{""Cotton"": 74.0, ""Polyester"": 26.0}",Jacket,manufacturer-style tag.txt,Backend/datasets/ibug_fabrics/Blended/1666,,REVIEW,MIXED_COMPOSITION_REVIEW,4,im_1; im_2; im_3; im_4,,
1667,Blended,"Jacket
Cotton 74 Polyester 26
",Cotton; Polyester,"{""Cotton"": 74.0, ""Polyester"": 26.0}",Jacket,manufacturer-style tag.txt,Backend/datasets/ibug_fabrics/Blended/1667,,REVIEW,MIXED_COMPOSITION_REVIEW,4,im_1; im_2; im_3; im_4,,
1672,Blended,"Jacket
Cotton 74 Polyester 26
",Cotton; Polyester,"{""Cotton"": 74.0, ""Polyester"": 26.0}",Jacket,manufacturer-style tag.txt,Backend/datasets/ibug_fabrics/Blended/1672,,REVIEW,MIXED_COMPOSITION_REVIEW,4,im_1; im_2; im_3; im_4,,
1673,Blended,"Jacket
Cotton 74 Polyester 26
",Cotton; Polyester,"{""Cotton"": 74.0, ""Polyester"": 26.0}",Jacket,manufacturer-style tag.txt,Backend/datasets/ibug_fabrics/Blended/1673,,REVIEW,MIXED_COMPOSITION_REVIEW,4,im_1; im_2; im_3; im_4,,
1674,Blended,"Jacket
Cotton 74 Polyester 26
",Cotton; Polyester,"{""Cotton"": 74.0, ""Polyester"": 26.0}",Jacket,manufacturer-style tag.txt,Backend/datasets/ibug_fabrics/Blended/1674,,REVIEW,MIXED_COMPOSITION_REVIEW,4,im_1; im_2; im_3; im_4,,
1675,Blended,"Jacket
Cotton 80 Polyester 20
",Cotton; Polyester,"{""Cotton"": 80.0, ""Polyester"": 20.0}",Jacket,manufacturer-style tag.txt,Backend/datasets/ibug_fabrics/Blended/1675,,REVIEW,MIXED_COMPOSITION_REVIEW,4,im_1; im_2; im_3; im_4,,
1676,Blended,"Jacket
Cotton 80 Polyester 20
",Cotton; Polyester,"{""Cotton"": 80.0, ""Polyester"": 20.0}",Jacket,manufacturer-style tag.txt,Backend/datasets/ibug_fabrics/Blended/1676,,REVIEW,MIXED_COMPOSITION_REVIEW,4,im_1; im_2; im_3; im_4,,
1677,Blended,"Jacket
Cotton 80 Polyester 20
",Cotton; Polyester,"{""Cotton"": 80.0, ""Polyester"": 20.0}",Jacket,manufacturer-style tag.txt,Backend/datasets/ibug_fabrics/Blended/1677,,REVIEW,MIXED_COMPOSITION_REVIEW,4,im_1; im_2; im_3; im_4,,
1678,Blended,"Jacket
Cotton 80 Polyester 20
",Cotton; Polyester,"{""Cotton"": 80.0, ""Polyester"": 20.0}",Jacket,manufacturer-style tag.txt,Backend/datasets/ibug_fabrics/Blended/1678,,REVIEW,MIXED_COMPOSITION_REVIEW,4,im_1; im_2; im_3; im_4,,
1697,Blended,"Shorts
Polyester 87 Elastane 13
",Elastane; Polyester,"{""Polyester"": 87.0, ""Elastane"": 13.0}",Shorts,manufacturer-style tag.txt,Backend/datasets/ibug_fabrics/Blended/1697,,REVIEW,MIXED_COMPOSITION_REVIEW,4,im_1; im_2; im_3; im_4,,
1698,Blended,"Shorts
Polyester 87 Elastane 13
",Elastane; Polyester,"{""Polyester"": 87.0, ""Elastane"": 13.0}",Shorts,manufacturer-style tag.txt,Backend/datasets/ibug_fabrics/Blended/1698,,REVIEW,MIXED_COMPOSITION_REVIEW,4,im_1; im_2; im_3; im_4,,
1726,Blended,"Pants
Cotton 55 Polyester 31 Nylon 14
",Cotton; Nylon; Polyester,"{""Cotton"": 55.0, ""Polyester"": 31.0, ""Nylon"": 14.0}",Pants,manufacturer-style tag.txt,Backend/datasets/ibug_fabrics/Blended/1726,,REVIEW,MIXED_COMPOSITION_REVIEW,4,im_1; im_2; im_3; im_4,,
1727,Blended,"Pants
Cotton 55 Polyester 31 Nylon 14",Cotton; Nylon; Polyester,"{""Cotton"": 55.0, ""Polyester"": 31.0, ""Nylon"": 14.0}",Pants,manufacturer-style tag.txt,Backend/datasets/ibug_fabrics/Blended/1727,,REVIEW,MIXED_COMPOSITION_REVIEW,4,im_1; im_2; im_3; im_4,,
1728,Blended,"Pants
Cotton 55 Polyester 31 Nylon 14
",Cotton; Nylon; Polyester,"{""Cotton"": 55.0, ""Polyester"": 31.0, ""Nylon"": 14.0}",Pants,manufacturer-style tag.txt,Backend/datasets/ibug_fabrics/Blended/1728,,REVIEW,MIXED_COMPOSITION_REVIEW,4,im_1; im_2; im_3; im_4,,
1741,Blended,"Pants
Cotton 70 Nylon 30
",Cotton; Nylon,"{""Cotton"": 70.0, ""Nylon"": 30.0}",Pants,manufacturer-style tag.txt,Backend/datasets/ibug_fabrics/Blended/1741,,REVIEW,MIXED_COMPOSITION_REVIEW,4,im_1; im_2; im_3; im_4,,
1742,Blended,"Pants
Cotton 70 Nylon 30
",Cotton; Nylon,"{""Cotton"": 70.0, ""Nylon"": 30.0}",Pants,manufacturer-style tag.txt,Backend/datasets/ibug_fabrics/Blended/1742,,REVIEW,MIXED_COMPOSITION_REVIEW,4,im_1; im_2; im_3; im_4,,
1776,Blended,"Shirt
Cotton 85 Wool 15
",Cotton; Wool,"{""Cotton"": 85.0, ""Wool"": 15.0}",Shirt,manufacturer-style tag.txt,Backend/datasets/ibug_fabrics/Blended/1776,,REVIEW,MIXED_COMPOSITION_REVIEW,4,im_1; im_2; im_3; im_4,,
1777,Blended,"Shirt
Cotton 85 Wool 15
",Cotton; Wool,"{""Cotton"": 85.0, ""Wool"": 15.0}",Shirt,manufacturer-style tag.txt,Backend/datasets/ibug_fabrics/Blended/1777,,REVIEW,MIXED_COMPOSITION_REVIEW,4,im_1; im_2; im_3; im_4,,
1781,Blended,"Shirt
Polyester 45 Modal 55
",Polyester,"{""Polyester"": 45.0}",Shirt,manufacturer-style tag.txt,Backend/datasets/ibug_fabrics/Blended/1781,Polyester,ACCEPTED,,4,im_1; im_2; im_3; im_4,,
1782,Blended,"Shirt
Polyester 45 Modal 55
",Polyester,"{""Polyester"": 45.0}",Shirt,manufacturer-style tag.txt,Backend/datasets/ibug_fabrics/Blended/1782,Polyester,ACCEPTED,,4,im_1; im_2; im_3; im_4,,
1783,Blended,"Shirt
Polyester 45 Modal 55",Polyester,"{""Polyester"": 45.0}",Shirt,manufacturer-style tag.txt,Backend/datasets/ibug_fabrics/Blended/1783,Polyester,ACCEPTED,,4,im_1; im_2; im_3; im_4,,
1784,Blended,"Shirt
Cotton 85 Wool 15
",Cotton; Wool,"{""Cotton"": 85.0, ""Wool"": 15.0}",Shirt,manufacturer-style tag.txt,Backend/datasets/ibug_fabrics/Blended/1784,,REVIEW,MIXED_COMPOSITION_REVIEW,4,im_1; im_2; im_3; im_4,,
1785,Blended,"Shirt
Cotton 85 Wool 15
",Cotton; Wool,"{""Cotton"": 85.0, ""Wool"": 15.0}",Shirt,manufacturer-style tag.txt,Backend/datasets/ibug_fabrics/Blended/1785,,REVIEW,MIXED_COMPOSITION_REVIEW,4,im_1; im_2; im_3; im_4,,
1786,Blended,"Shirt
Cotton 51 Viscose 49
",Cotton; Viscose,"{""Cotton"": 51.0, ""Viscose"": 49.0}",Shirt,manufacturer-style tag.txt,Backend/datasets/ibug_fabrics/Blended/1786,,REVIEW,MIXED_COMPOSITION_REVIEW,4,im_1; im_2; im_3; im_4,,
1787,Blended,"Shirt
Cotton 51 Viscose 49
",Cotton; Viscose,"{""Cotton"": 51.0, ""Viscose"": 49.0}",Shirt,manufacturer-style tag.txt,Backend/datasets/ibug_fabrics/Blended/1787,,REVIEW,MIXED_COMPOSITION_REVIEW,4,im_1; im_2; im_3; im_4,Blended/1787; Blended/1788,Blended/1787; Blended/1788
1788,Blended,"Shirt
Cotton 51 Viscose 49
",Cotton; Viscose,"{""Cotton"": 51.0, ""Viscose"": 49.0}",Shirt,manufacturer-style tag.txt,Backend/datasets/ibug_fabrics/Blended/1788,,REVIEW,MIXED_COMPOSITION_REVIEW,4,im_1; im_2; im_3; im_4,Blended/1787; Blended/1788,Blended/1787; Blended/1788
1810,Blended,"Shirt
Polyester 40 Modal 60
",Polyester,"{""Polyester"": 40.0}",Shirt,manufacturer-style tag.txt,Backend/datasets/ibug_fabrics/Blended/1810,Polyester,ACCEPTED,,4,im_1; im_2; im_3; im_4,,
1811,Blended,"Shirt
Polyester 40 Modal 60
",Polyester,"{""Polyester"": 40.0}",Shirt,manufacturer-style tag.txt,Backend/datasets/ibug_fabrics/Blended/1811,Polyester,ACCEPTED,,4,im_1; im_2; im_3; im_4,,
1812,Blended,"Shirt
Polyester 45 Modal 55
",Polyester,"{""Polyester"": 45.0}",Shirt,manufacturer-style tag.txt,Backend/datasets/ibug_fabrics/Blended/1812,Polyester,ACCEPTED,,4,im_1; im_2; im_3; im_4,,
1813,Blended,"Shirt
Polyester 45 Modal 55
",Polyester,"{""Polyester"": 45.0}",Shirt,manufacturer-style tag.txt,Backend/datasets/ibug_fabrics/Blended/1813,Polyester,ACCEPTED,,4,im_1; im_2; im_3; im_4,,
1820,Blended,"Blouse
Cotton 80 Polyester 20",Cotton; Polyester,"{""Cotton"": 80.0, ""Polyester"": 20.0}",Blouse,manufacturer-style tag.txt,Backend/datasets/ibug_fabrics/Blended/1820,,REVIEW,MIXED_COMPOSITION_REVIEW,4,im_1; im_2; im_3; im_4,,
1821,Blended,"Blouse
Cotton 80 Polyester 20
",Cotton; Polyester,"{""Cotton"": 80.0, ""Polyester"": 20.0}",Blouse,manufacturer-style tag.txt,Backend/datasets/ibug_fabrics/Blended/1821,,REVIEW,MIXED_COMPOSITION_REVIEW,4,im_1; im_2; im_3; im_4,,
1822,Blended,"Jacket
Cotton 70 Wool 30
",Cotton; Wool,"{""Cotton"": 70.0, ""Wool"": 30.0}",Jacket,manufacturer-style tag.txt,Backend/datasets/ibug_fabrics/Blended/1822,,REVIEW,MIXED_COMPOSITION_REVIEW,4,im_1; im_2; im_3; im_4,,
1823,Blended,"Jacket
Cotton 70 Wool 30
",Cotton; Wool,"{""Cotton"": 70.0, ""Wool"": 30.0}",Jacket,manufacturer-style tag.txt,Backend/datasets/ibug_fabrics/Blended/1823,,REVIEW,MIXED_COMPOSITION_REVIEW,4,im_1; im_2; im_3; im_4,,
1824,Blended,"Jacket
Cotton 70 Wool 30
",Cotton; Wool,"{""Cotton"": 70.0, ""Wool"": 30.0}",Jacket,manufacturer-style tag.txt,Backend/datasets/ibug_fabrics/Blended/1824,,REVIEW,MIXED_COMPOSITION_REVIEW,4,im_1; im_2; im_3; im_4,,
1825,Blended,"Jacket
Cotton 70 Wool 30
",Cotton; Wool,"{""Cotton"": 70.0, ""Wool"": 30.0}",Jacket,manufacturer-style tag.txt,Backend/datasets/ibug_fabrics/Blended/1825,,REVIEW,MIXED_COMPOSITION_REVIEW,4,im_1; im_2; im_3; im_4,,
1826,Blended,"Jacket
Cotton 70 Wool 30
",Cotton; Wool,"{""Cotton"": 70.0, ""Wool"": 30.0}",Jacket,manufacturer-style tag.txt,Backend/datasets/ibug_fabrics/Blended/1826,,REVIEW,MIXED_COMPOSITION_REVIEW,4,im_1; im_2; im_3; im_4,,
1827,Blended,"Blouse
Cotton 70 Wool 30
",Cotton; Wool,"{""Cotton"": 70.0, ""Wool"": 30.0}",Blouse,manufacturer-style tag.txt,Backend/datasets/ibug_fabrics/Blended/1827,,REVIEW,MIXED_COMPOSITION_REVIEW,4,im_1; im_2; im_3; im_4,,
1828,Blended,"Blouse
Cotton 70 Wool 30
",Cotton; Wool,"{""Cotton"": 70.0, ""Wool"": 30.0}",Blouse,manufacturer-style tag.txt,Backend/datasets/ibug_fabrics/Blended/1828,,REVIEW,MIXED_COMPOSITION_REVIEW,4,im_1; im_2; im_3; im_4,,
1829,Blended,"Blouse
Cotton 70 Wool 30
",Cotton; Wool,"{""Cotton"": 70.0, ""Wool"": 30.0}",Blouse,manufacturer-style tag.txt,Backend/datasets/ibug_fabrics/Blended/1829,,REVIEW,MIXED_COMPOSITION_REVIEW,4,im_1; im_2; im_3; im_4,,
1836,Blended,"Blouse
Cotton 80 Polyester 20
",Cotton; Polyester,"{""Cotton"": 80.0, ""Polyester"": 20.0}",Blouse,manufacturer-style tag.txt,Backend/datasets/ibug_fabrics/Blended/1836,,REVIEW,MIXED_COMPOSITION_REVIEW,4,im_1; im_2; im_3; im_4,,
1837,Blended,"Blouse
Cotton 80 Polyester 20
",Cotton; Polyester,"{""Cotton"": 80.0, ""Polyester"": 20.0}",Blouse,manufacturer-style tag.txt,Backend/datasets/ibug_fabrics/Blended/1837,,REVIEW,MIXED_COMPOSITION_REVIEW,4,im_1; im_2; im_3; im_4,,
1841,Blended,"Blouse
Cotton 80 Polyester 20
",Cotton; Polyester,"{""Cotton"": 80.0, ""Polyester"": 20.0}",Blouse,manufacturer-style tag.txt,Backend/datasets/ibug_fabrics/Blended/1841,,REVIEW,MIXED_COMPOSITION_REVIEW,4,im_1; im_2; im_3; im_4,,
1842,Blended,"Blouse
Cotton 80 Polyester 20
",Cotton; Polyester,"{""Cotton"": 80.0, ""Polyester"": 20.0}",Blouse,manufacturer-style tag.txt,Backend/datasets/ibug_fabrics/Blended/1842,,REVIEW,MIXED_COMPOSITION_REVIEW,4,im_1; im_2; im_3; im_4,,
1845,Blended,"Blouse
Cotton 80 Polyester 20
",Cotton; Polyester,"{""Cotton"": 80.0, ""Polyester"": 20.0}",Blouse,manufacturer-style tag.txt,Backend/datasets/ibug_fabrics/Blended/1845,,REVIEW,MIXED_COMPOSITION_REVIEW,4,im_1; im_2; im_3; im_4,,
1846,Blended,"Blouse
Cotton 80 Polyester 20
",Cotton; Polyester,"{""Cotton"": 80.0, ""Polyester"": 20.0}",Blouse,manufacturer-style tag.txt,Backend/datasets/ibug_fabrics/Blended/1846,,REVIEW,MIXED_COMPOSITION_REVIEW,4,im_1; im_2; im_3; im_4,,
1853,Blended,"Blouse
Cotton 80 Polyester 20
",Cotton; Polyester,"{""Cotton"": 80.0, ""Polyester"": 20.0}",Blouse,manufacturer-style tag.txt,Backend/datasets/ibug_fabrics/Blended/1853,,REVIEW,MIXED_COMPOSITION_REVIEW,4,im_1; im_2; im_3; im_4,,
1854,Blended,"Blouse
Cotton 80 Polyester 20
",Cotton; Polyester,"{""Cotton"": 80.0, ""Polyester"": 20.0}",Blouse,manufacturer-style tag.txt,Backend/datasets/ibug_fabrics/Blended/1854,,REVIEW,MIXED_COMPOSITION_REVIEW,4,im_1; im_2; im_3; im_4,,
1859,Blended,"Blouse
Polyester 88 Elastane 12
",Elastane; Polyester,"{""Polyester"": 88.0, ""Elastane"": 12.0}",Blouse,manufacturer-style tag.txt,Backend/datasets/ibug_fabrics/Blended/1859,,REVIEW,MIXED_COMPOSITION_REVIEW,4,im_1; im_2; im_3; im_4,,
1860,Blended,"Blouse
Polyester 88 Elastane 12
",Elastane; Polyester,"{""Polyester"": 88.0, ""Elastane"": 12.0}",Blouse,manufacturer-style tag.txt,Backend/datasets/ibug_fabrics/Blended/1860,,REVIEW,MIXED_COMPOSITION_REVIEW,4,im_1; im_2; im_3; im_4,,
1890,Blended,"Blouse
Cotton 80 Polyester 20
",Cotton; Polyester,"{""Cotton"": 80.0, ""Polyester"": 20.0}",Blouse,manufacturer-style tag.txt,Backend/datasets/ibug_fabrics/Blended/1890,,REVIEW,MIXED_COMPOSITION_REVIEW,4,im_1; im_2; im_3; im_4,,
1891,Blended,"Blouse
Cotton 80 Polyester 20
",Cotton; Polyester,"{""Cotton"": 80.0, ""Polyester"": 20.0}",Blouse,manufacturer-style tag.txt,Backend/datasets/ibug_fabrics/Blended/1891,,REVIEW,MIXED_COMPOSITION_REVIEW,4,im_1; im_2; im_3; im_4,,
1892,Blended,"Blouse
Cotton 80 Polyester 20
",Cotton; Polyester,"{""Cotton"": 80.0, ""Polyester"": 20.0}",Blouse,manufacturer-style tag.txt,Backend/datasets/ibug_fabrics/Blended/1892,,REVIEW,MIXED_COMPOSITION_REVIEW,4,im_1; im_2; im_3; im_4,,
1893,Blended,"Blouse
Cotton 80 Polyester 20
",Cotton; Polyester,"{""Cotton"": 80.0, ""Polyester"": 20.0}",Blouse,manufacturer-style tag.txt,Backend/datasets/ibug_fabrics/Blended/1893,,REVIEW,MIXED_COMPOSITION_REVIEW,4,im_1; im_2; im_3; im_4,,
1894,Blended,"Blouse
Cotton 80 Polyester 20
",Cotton; Polyester,"{""Cotton"": 80.0, ""Polyester"": 20.0}",Blouse,manufacturer-style tag.txt,Backend/datasets/ibug_fabrics/Blended/1894,,REVIEW,MIXED_COMPOSITION_REVIEW,4,im_1; im_2; im_3; im_4,,
1895,Blended,"Blouse
Cotton 80 Polyester 20
",Cotton; Polyester,"{""Cotton"": 80.0, ""Polyester"": 20.0}",Blouse,manufacturer-style tag.txt,Backend/datasets/ibug_fabrics/Blended/1895,,REVIEW,MIXED_COMPOSITION_REVIEW,4,im_1; im_2; im_3; im_4,,
192,Blended,"Underwear
Polyester 90 Elastane 10
",Elastane; Polyester,"{""Polyester"": 90.0, ""Elastane"": 10.0}",Underwear,manufacturer-style tag.txt,Backend/datasets/ibug_fabrics/Blended/192,,REVIEW,MIXED_COMPOSITION_REVIEW,4,im_1; im_2; im_3; im_4,,
1921,Blended,"Blouse
Cotton 80 Polyester 20?
",Cotton; Polyester,"{""Cotton"": 80.0, ""Polyester"": 20.0}",Blouse,manufacturer-style tag.txt,Backend/datasets/ibug_fabrics/Blended/1921,,REVIEW,MIXED_COMPOSITION_REVIEW,4,im_1; im_2; im_3; im_4,,
1922,Blended,"Blouse
Cotton 80 Polyester 20?
",Cotton; Polyester,"{""Cotton"": 80.0, ""Polyester"": 20.0}",Blouse,manufacturer-style tag.txt,Backend/datasets/ibug_fabrics/Blended/1922,,REVIEW,MIXED_COMPOSITION_REVIEW,4,im_1; im_2; im_3; im_4,,
1923,Blended,"Blouse
Cotton 80 Polyester 20?
",Cotton; Polyester,"{""Cotton"": 80.0, ""Polyester"": 20.0}",Blouse,manufacturer-style tag.txt,Backend/datasets/ibug_fabrics/Blended/1923,,REVIEW,MIXED_COMPOSITION_REVIEW,4,im_1; im_2; im_3; im_4,,
1924,Blended,"Blouse
Cotton 80 Polyester 20?
",Cotton; Polyester,"{""Cotton"": 80.0, ""Polyester"": 20.0}",Blouse,manufacturer-style tag.txt,Backend/datasets/ibug_fabrics/Blended/1924,,REVIEW,MIXED_COMPOSITION_REVIEW,4,im_1; im_2; im_3; im_4,,
1925,Blended,"Blouse
Cotton 80 Polyester 20?
",Cotton; Polyester,"{""Cotton"": 80.0, ""Polyester"": 20.0}",Blouse,manufacturer-style tag.txt,Backend/datasets/ibug_fabrics/Blended/1925,,REVIEW,MIXED_COMPOSITION_REVIEW,4,im_1; im_2; im_3; im_4,,
1926,Blended,"Blouse
Cotton 80 Polyester 20?
",Cotton; Polyester,"{""Cotton"": 80.0, ""Polyester"": 20.0}",Blouse,manufacturer-style tag.txt,Backend/datasets/ibug_fabrics/Blended/1926,,REVIEW,MIXED_COMPOSITION_REVIEW,4,im_1; im_2; im_3; im_4,,
1927,Blended,"Blouse
Cotton 80 Polyester 20?
",Cotton; Polyester,"{""Cotton"": 80.0, ""Polyester"": 20.0}",Blouse,manufacturer-style tag.txt,Backend/datasets/ibug_fabrics/Blended/1927,,REVIEW,MIXED_COMPOSITION_REVIEW,4,im_1; im_2; im_3; im_4,,
1928,Blended,"Blouse
Cotton 80 Polyester 20?
",Cotton; Polyester,"{""Cotton"": 80.0, ""Polyester"": 20.0}",Blouse,manufacturer-style tag.txt,Backend/datasets/ibug_fabrics/Blended/1928,,REVIEW,MIXED_COMPOSITION_REVIEW,4,im_1; im_2; im_3; im_4,,
1929,Blended,"Blouse
Cotton 80 Polyester 20?
",Cotton; Polyester,"{""Cotton"": 80.0, ""Polyester"": 20.0}",Blouse,manufacturer-style tag.txt,Backend/datasets/ibug_fabrics/Blended/1929,,REVIEW,MIXED_COMPOSITION_REVIEW,4,im_1; im_2; im_3; im_4,,
193,Blended,"Underwear
Polyester 90 Elastane 10
",Elastane; Polyester,"{""Polyester"": 90.0, ""Elastane"": 10.0}",Underwear,manufacturer-style tag.txt,Backend/datasets/ibug_fabrics/Blended/193,,REVIEW,MIXED_COMPOSITION_REVIEW,4,im_1; im_2; im_3; im_4,,
1930,Blended,"Blouse
Cotton 80 Polyester 20?
",Cotton; Polyester,"{""Cotton"": 80.0, ""Polyester"": 20.0}",Blouse,manufacturer-style tag.txt,Backend/datasets/ibug_fabrics/Blended/1930,,REVIEW,MIXED_COMPOSITION_REVIEW,4,im_1; im_2; im_3; im_4,,
1949,Blended,"Shirt
Viscose 60 Polyester 40 
",Polyester; Viscose,"{""Viscose"": 60.0, ""Polyester"": 40.0}",Shirt,manufacturer-style tag.txt,Backend/datasets/ibug_fabrics/Blended/1949,,REVIEW,MIXED_COMPOSITION_REVIEW,4,im_1; im_2; im_3; im_4,,
1950,Blended,"Shirt
Viscose 60 Polyester 40
",Polyester; Viscose,"{""Viscose"": 60.0, ""Polyester"": 40.0}",Shirt,manufacturer-style tag.txt,Backend/datasets/ibug_fabrics/Blended/1950,,REVIEW,MIXED_COMPOSITION_REVIEW,4,im_1; im_2; im_3; im_4,,
1953,Blended,"Shirt
Modal 75 Polyester 25
",Polyester,"{""Polyester"": 25.0}",Shirt,manufacturer-style tag.txt,Backend/datasets/ibug_fabrics/Blended/1953,Polyester,ACCEPTED,,4,im_1; im_2; im_3; im_4,,
1954,Blended,"Shirt
Modal 75 Polyester 25  
",Polyester,"{""Polyester"": 25.0}",Shirt,manufacturer-style tag.txt,Backend/datasets/ibug_fabrics/Blended/1954,Polyester,ACCEPTED,,4,im_1; im_2; im_3; im_4,,
1955,Blended,"Shirt
Modal 75 Polyester 25 
",Polyester,"{""Polyester"": 25.0}",Shirt,manufacturer-style tag.txt,Backend/datasets/ibug_fabrics/Blended/1955,Polyester,ACCEPTED,,4,im_1; im_2; im_3; im_4,,
1956,Blended,"Shirt
Modal 75 Polyester 25 
",Polyester,"{""Polyester"": 25.0}",Shirt,manufacturer-style tag.txt,Backend/datasets/ibug_fabrics/Blended/1956,Polyester,ACCEPTED,,4,im_1; im_2; im_3; im_4,,
202,Blended,"Blouse
Cotton 90 Polyester 10
",Cotton; Polyester,"{""Cotton"": 90.0, ""Polyester"": 10.0}",Blouse,manufacturer-style tag.txt,Backend/datasets/ibug_fabrics/Blended/202,,REVIEW,MIXED_COMPOSITION_REVIEW,4,im_1; im_2; im_3; im_4,,
203,Blended,"Blouse
Cotton 90 Polyester 10
",Cotton; Polyester,"{""Cotton"": 90.0, ""Polyester"": 10.0}",Blouse,manufacturer-style tag.txt,Backend/datasets/ibug_fabrics/Blended/203,,REVIEW,MIXED_COMPOSITION_REVIEW,4,im_1; im_2; im_3; im_4,,
221,Blended,"Blouse
Cotton 65 Nylon 35
",Cotton; Nylon,"{""Cotton"": 65.0, ""Nylon"": 35.0}",Blouse,manufacturer-style tag.txt,Backend/datasets/ibug_fabrics/Blended/221,,REVIEW,MIXED_COMPOSITION_REVIEW,4,im_1; im_2; im_3; im_4,,
222,Blended,"Blouse
Cotton 65 Nylon 35",Cotton; Nylon,"{""Cotton"": 65.0, ""Nylon"": 35.0}",Blouse,manufacturer-style tag.txt,Backend/datasets/ibug_fabrics/Blended/222,,REVIEW,MIXED_COMPOSITION_REVIEW,4,im_1; im_2; im_3; im_4,,
241,Blended,"Dress
Linen 55 Viscose 45 ",Linen; Viscose,"{""Linen"": 55.0, ""Viscose"": 45.0}",Dress,manufacturer-style tag.txt,Backend/datasets/ibug_fabrics/Blended/241,,REVIEW,MIXED_COMPOSITION_REVIEW,4,im_1; im_2; im_3; im_4,,
242,Blended,"Dress
Linen 55 Viscose 45
",Linen; Viscose,"{""Linen"": 55.0, ""Viscose"": 45.0}",Dress,manufacturer-style tag.txt,Backend/datasets/ibug_fabrics/Blended/242,,REVIEW,MIXED_COMPOSITION_REVIEW,4,im_1; im_2; im_3; im_4,,
274,Blended,"Blouse
Acrylic 75 Polyester 20 Elastane 5
",Acrylic; Elastane; Polyester,"{""Acrylic"": 75.0, ""Polyester"": 20.0, ""Elastane"": 5.0}",Blouse,manufacturer-style tag.txt,Backend/datasets/ibug_fabrics/Blended/274,,REVIEW,MIXED_COMPOSITION_REVIEW,4,im_1; im_2; im_3; im_4,,
275,Blended,"Blouse
Acrylic 75 Polyester 20 Elastane 5
",Acrylic; Elastane; Polyester,"{""Acrylic"": 75.0, ""Polyester"": 20.0, ""Elastane"": 5.0}",Blouse,manufacturer-style tag.txt,Backend/datasets/ibug_fabrics/Blended/275,,REVIEW,MIXED_COMPOSITION_REVIEW,4,im_1; im_2; im_3; im_4,,
276,Blended,"Blouse
Acrylic 75 Polyester 20Elastane 5",Acrylic; Polyester,"{""Acrylic"": 75.0, ""Polyester"": 20.0}",Blouse,manufacturer-style tag.txt,Backend/datasets/ibug_fabrics/Blended/276,,REVIEW,MIXED_COMPOSITION_REVIEW,4,im_1; im_2; im_3; im_4,,
288,Blended,"Blouse
Acrylic 75 Polyester 20 Elastane 5  
",Acrylic; Elastane; Polyester,"{""Acrylic"": 75.0, ""Polyester"": 20.0, ""Elastane"": 5.0}",Blouse,manufacturer-style tag.txt,Backend/datasets/ibug_fabrics/Blended/288,,REVIEW,MIXED_COMPOSITION_REVIEW,4,im_1; im_2; im_3; im_4,,
289,Blended,"Blouse
Acrylic 75 Polyester 20 Elastane 5
",Acrylic; Elastane; Polyester,"{""Acrylic"": 75.0, ""Polyester"": 20.0, ""Elastane"": 5.0}",Blouse,manufacturer-style tag.txt,Backend/datasets/ibug_fabrics/Blended/289,,REVIEW,MIXED_COMPOSITION_REVIEW,4,im_1; im_2; im_3; im_4,,
292,Blended,"Blouse
Polyester 40 Elastane 40 Cotton 20
",Cotton; Elastane; Polyester,"{""Polyester"": 40.0, ""Elastane"": 40.0, ""Cotton"": 20.0}",Blouse,manufacturer-style tag.txt,Backend/datasets/ibug_fabrics/Blended/292,,REVIEW,MIXED_COMPOSITION_REVIEW,4,im_1; im_2; im_3; im_4,,
293,Blended,"Blouse
Polyester 40 Elastane 40 Cotton 20
",Cotton; Elastane; Polyester,"{""Polyester"": 40.0, ""Elastane"": 40.0, ""Cotton"": 20.0}",Blouse,manufacturer-style tag.txt,Backend/datasets/ibug_fabrics/Blended/293,,REVIEW,MIXED_COMPOSITION_REVIEW,4,im_1; im_2; im_3; im_4,,
297,Blended,"Blouse
Cotton 100
",Cotton,"{""Cotton"": 100.0}",Blouse,manufacturer-style tag.txt,Backend/datasets/ibug_fabrics/Blended/297,Cotton,ACCEPTED,,4,im_1; im_2; im_3; im_4,,
304,Blended,"Blouse
Cotton 80 Elastane 20
",Cotton; Elastane,"{""Cotton"": 80.0, ""Elastane"": 20.0}",Blouse,manufacturer-style tag.txt,Backend/datasets/ibug_fabrics/Blended/304,,REVIEW,MIXED_COMPOSITION_REVIEW,4,im_1; im_2; im_3; im_4,,
305,Blended,"Blouse
Cotton 80 Elastane 20
",Cotton; Elastane,"{""Cotton"": 80.0, ""Elastane"": 20.0}",Blouse,manufacturer-style tag.txt,Backend/datasets/ibug_fabrics/Blended/305,,REVIEW,MIXED_COMPOSITION_REVIEW,4,im_1; im_2; im_3; im_4,,
306,Blended,"Blouse
Cotton 80 Polyester 20
",Cotton; Polyester,"{""Cotton"": 80.0, ""Polyester"": 20.0}",Blouse,manufacturer-style tag.txt,Backend/datasets/ibug_fabrics/Blended/306,,REVIEW,MIXED_COMPOSITION_REVIEW,4,im_1; im_2; im_3; im_4,,
307,Blended,"Blouse
Cotton 80 Polyester 20
",Cotton; Polyester,"{""Cotton"": 80.0, ""Polyester"": 20.0}",Blouse,manufacturer-style tag.txt,Backend/datasets/ibug_fabrics/Blended/307,,REVIEW,MIXED_COMPOSITION_REVIEW,4,im_1; im_2; im_3; im_4,,
308,Blended,"Blouse
Cotton 40 Silk 30 Wool 10 Lycra 10 Acrylic 10
",Acrylic; Cotton; Silk; Wool,"{""Cotton"": 40.0, ""Silk"": 30.0, ""Wool"": 10.0, ""Acrylic"": 10.0}",Blouse,manufacturer-style tag.txt,Backend/datasets/ibug_fabrics/Blended/308,,REVIEW,MIXED_COMPOSITION_REVIEW,4,im_1; im_2; im_3; im_4,,
309,Blended,"Blouse
Cotton 40 Silk 30 Wool 10 Lycra 10 Acrylic 10
",Acrylic; Cotton; Silk; Wool,"{""Cotton"": 40.0, ""Silk"": 30.0, ""Wool"": 10.0, ""Acrylic"": 10.0}",Blouse,manufacturer-style tag.txt,Backend/datasets/ibug_fabrics/Blended/309,,REVIEW,MIXED_COMPOSITION_REVIEW,4,im_1; im_2; im_3; im_4,,
310,Blended,"Blouse
Cotton 65 Synthetic 35  
",Cotton,"{""Cotton"": 65.0}",Blouse,manufacturer-style tag.txt,Backend/datasets/ibug_fabrics/Blended/310,Cotton,ACCEPTED,,4,im_1; im_2; im_3; im_4,,
311,Blended,"Blouse
Cotton 65 Synthetic 35  
",Cotton,"{""Cotton"": 65.0}",Blouse,manufacturer-style tag.txt,Backend/datasets/ibug_fabrics/Blended/311,Cotton,ACCEPTED,,4,im_1; im_2; im_3; im_4,,
314,Blended,"Jacket
Cotton 70 Polyester 30
",Cotton; Polyester,"{""Cotton"": 70.0, ""Polyester"": 30.0}",Jacket,manufacturer-style tag.txt,Backend/datasets/ibug_fabrics/Blended/314,,REVIEW,MIXED_COMPOSITION_REVIEW,4,im_1; im_2; im_3; im_4,,
315,Blended,"Jacket
Cotton 70 Polyester 30
",Cotton; Polyester,"{""Cotton"": 70.0, ""Polyester"": 30.0}",Jacket,manufacturer-style tag.txt,Backend/datasets/ibug_fabrics/Blended/315,,REVIEW,MIXED_COMPOSITION_REVIEW,4,im_1; im_2; im_3; im_4,,
316,Blended,"Shirt
Cotton 65 Viscose 30 Elastane 5
",Cotton; Elastane; Viscose,"{""Cotton"": 65.0, ""Viscose"": 30.0, ""Elastane"": 5.0}",Shirt,manufacturer-style tag.txt,Backend/datasets/ibug_fabrics/Blended/316,,REVIEW,MIXED_COMPOSITION_REVIEW,4,im_1; im_2; im_3; im_4,,
317,Blended,"Shirt
Cotton 65 Viscose 30 Elastane 5
",Cotton; Elastane; Viscose,"{""Cotton"": 65.0, ""Viscose"": 30.0, ""Elastane"": 5.0}",Shirt,manufacturer-style tag.txt,Backend/datasets/ibug_fabrics/Blended/317,,REVIEW,MIXED_COMPOSITION_REVIEW,4,im_1; im_2; im_3; im_4,,
332,Blended,"Shirt
Nylon 70 Cotton 30
",Cotton; Nylon,"{""Nylon"": 70.0, ""Cotton"": 30.0}",Shirt,manufacturer-style tag.txt,Backend/datasets/ibug_fabrics/Blended/332,,REVIEW,MIXED_COMPOSITION_REVIEW,4,im_1; im_2; im_3; im_4,,
333,Blended,"Other
Nylon 70 Cotton 30
",Cotton; Nylon,"{""Nylon"": 70.0, ""Cotton"": 30.0}",Other,manufacturer-style tag.txt,Backend/datasets/ibug_fabrics/Blended/333,,REVIEW,MIXED_COMPOSITION_REVIEW,4,im_1; im_2; im_3; im_4,,
339,Blended,"Shirt
Polyester 65 Cotton 35
",Cotton; Polyester,"{""Polyester"": 65.0, ""Cotton"": 35.0}",Shirt,manufacturer-style tag.txt,Backend/datasets/ibug_fabrics/Blended/339,,REVIEW,MIXED_COMPOSITION_REVIEW,4,im_1; im_2; im_3; im_4,,
340,Blended,"Shirt
Polyester 65 Cotton 35
",Cotton; Polyester,"{""Polyester"": 65.0, ""Cotton"": 35.0}",Shirt,manufacturer-style tag.txt,Backend/datasets/ibug_fabrics/Blended/340,,REVIEW,MIXED_COMPOSITION_REVIEW,4,im_1; im_2; im_3; im_4,,
350,Blended,"Shirt
Polyester 65 Cotton 35
",Cotton; Polyester,"{""Polyester"": 65.0, ""Cotton"": 35.0}",Shirt,manufacturer-style tag.txt,Backend/datasets/ibug_fabrics/Blended/350,,REVIEW,MIXED_COMPOSITION_REVIEW,4,im_1; im_2; im_3; im_4,,
351,Blended,"Shirt
Polyester 65 Cotton 35
",Cotton; Polyester,"{""Polyester"": 65.0, ""Cotton"": 35.0}",Shirt,manufacturer-style tag.txt,Backend/datasets/ibug_fabrics/Blended/351,,REVIEW,MIXED_COMPOSITION_REVIEW,4,im_1; im_2; im_3; im_4,,
352,Blended,"Shirt
Polyester 65 Cotton 35
",Cotton; Polyester,"{""Polyester"": 65.0, ""Cotton"": 35.0}",Shirt,manufacturer-style tag.txt,Backend/datasets/ibug_fabrics/Blended/352,,REVIEW,MIXED_COMPOSITION_REVIEW,4,im_1; im_2; im_3; im_4,,
353,Blended,"Blouse
Wool 50 Acrylic 50  
",Acrylic; Wool,"{""Wool"": 50.0, ""Acrylic"": 50.0}",Blouse,manufacturer-style tag.txt,Backend/datasets/ibug_fabrics/Blended/353,,REVIEW,MIXED_COMPOSITION_REVIEW,4,im_1; im_2; im_3; im_4,,
354,Blended,"Blouse
Wool 50 Acrylic 50  
",Acrylic; Wool,"{""Wool"": 50.0, ""Acrylic"": 50.0}",Blouse,manufacturer-style tag.txt,Backend/datasets/ibug_fabrics/Blended/354,,REVIEW,MIXED_COMPOSITION_REVIEW,4,im_1; im_2; im_3; im_4,,
362,Blended,"Blouse
Cotton 50 Acrylic 50  
",Acrylic; Cotton,"{""Cotton"": 50.0, ""Acrylic"": 50.0}",Blouse,manufacturer-style tag.txt,Backend/datasets/ibug_fabrics/Blended/362,,REVIEW,MIXED_COMPOSITION_REVIEW,4,im_1; im_2; im_3; im_4,,
363,Blended,"Blouse
Cotton 50 Acrylic 50  
",Acrylic; Cotton,"{""Cotton"": 50.0, ""Acrylic"": 50.0}",Blouse,manufacturer-style tag.txt,Backend/datasets/ibug_fabrics/Blended/363,,REVIEW,MIXED_COMPOSITION_REVIEW,4,im_1; im_2; im_3; im_4,,
364,Blended,"Blouse
Wool 50 Acrylic 50  
",Acrylic; Wool,"{""Wool"": 50.0, ""Acrylic"": 50.0}",Blouse,manufacturer-style tag.txt,Backend/datasets/ibug_fabrics/Blended/364,,REVIEW,MIXED_COMPOSITION_REVIEW,4,im_1; im_2; im_3; im_4,,
365,Blended,"Blouse
Wool 50 Acrylic 50  
",Acrylic; Wool,"{""Wool"": 50.0, ""Acrylic"": 50.0}",Blouse,manufacturer-style tag.txt,Backend/datasets/ibug_fabrics/Blended/365,,REVIEW,MIXED_COMPOSITION_REVIEW,4,im_1; im_2; im_3; im_4,,
366,Blended,"Blouse
Wool 50 Dralon 50  
",Wool,"{""Wool"": 50.0}",Blouse,manufacturer-style tag.txt,Backend/datasets/ibug_fabrics/Blended/366,Wool,ACCEPTED,,4,im_1; im_2; im_3; im_4,,
367,Blended,"Blouse
Wool 50 Dralon 50  
",Wool,"{""Wool"": 50.0}",Blouse,manufacturer-style tag.txt,Backend/datasets/ibug_fabrics/Blended/367,Wool,ACCEPTED,,4,im_1; im_2; im_3; im_4,,
368,Blended,"Blouse
Wool 50 Acrylic 50  
",Acrylic; Wool,"{""Wool"": 50.0, ""Acrylic"": 50.0}",Blouse,manufacturer-style tag.txt,Backend/datasets/ibug_fabrics/Blended/368,,REVIEW,MIXED_COMPOSITION_REVIEW,4,im_1; im_2; im_3; im_4,,
369,Blended,"Blouse
Wool 50 Acrylic 50  
",Acrylic; Wool,"{""Wool"": 50.0, ""Acrylic"": 50.0}",Blouse,manufacturer-style tag.txt,Backend/datasets/ibug_fabrics/Blended/369,,REVIEW,MIXED_COMPOSITION_REVIEW,4,im_1; im_2; im_3; im_4,,
370,Blended,"Blouse
Wool 50 Polyamide 50  
",Polyamide; Wool,"{""Wool"": 50.0, ""Polyamide"": 50.0}",Blouse,manufacturer-style tag.txt,Backend/datasets/ibug_fabrics/Blended/370,,REVIEW,MIXED_COMPOSITION_REVIEW,4,im_1; im_2; im_3; im_4,,
371,Blended,"Blouse
Wool 50 Polyamide 50  
",Polyamide; Wool,"{""Wool"": 50.0, ""Polyamide"": 50.0}",Blouse,manufacturer-style tag.txt,Backend/datasets/ibug_fabrics/Blended/371,,REVIEW,MIXED_COMPOSITION_REVIEW,4,im_1; im_2; im_3; im_4,,
392,Blended,"T-shirt
Cotton 60 Polyester 100
",Cotton; Polyester,"{""Cotton"": 60.0, ""Polyester"": 100.0}",T-shirt,manufacturer-style tag.txt,Backend/datasets/ibug_fabrics/Blended/392,,REVIEW,MIXED_COMPOSITION_REVIEW,4,im_1; im_2; im_3; im_4,,
393,Blended,"T-shirt
Cotton 60 Polyester 100
",Cotton; Polyester,"{""Cotton"": 60.0, ""Polyester"": 100.0}",T-shirt,manufacturer-style tag.txt,Backend/datasets/ibug_fabrics/Blended/393,,REVIEW,MIXED_COMPOSITION_REVIEW,4,im_1; im_2; im_3; im_4,,
410,Blended,"Blouse
Polyester 75 Viscose 25
",Polyester; Viscose,"{""Polyester"": 75.0, ""Viscose"": 25.0}",Blouse,manufacturer-style tag.txt,Backend/datasets/ibug_fabrics/Blended/410,,REVIEW,MIXED_COMPOSITION_REVIEW,4,im_1; im_2; im_3; im_4,,
411,Blended,"Blouse
Polyester 75 Viscose 25
",Polyester; Viscose,"{""Polyester"": 75.0, ""Viscose"": 25.0}",Blouse,manufacturer-style tag.txt,Backend/datasets/ibug_fabrics/Blended/411,,REVIEW,MIXED_COMPOSITION_REVIEW,4,im_1; im_2; im_3; im_4,,
412,Blended,"Blouse
Polyester 75 Viscose 25
",Polyester; Viscose,"{""Polyester"": 75.0, ""Viscose"": 25.0}",Blouse,manufacturer-style tag.txt,Backend/datasets/ibug_fabrics/Blended/412,,REVIEW,MIXED_COMPOSITION_REVIEW,4,im_1; im_2; im_3; im_4,,
472,Blended,"Blouse
Cotton 80 Polyester 20
",Cotton; Polyester,"{""Cotton"": 80.0, ""Polyester"": 20.0}",Blouse,manufacturer-style tag.txt,Backend/datasets/ibug_fabrics/Blended/472,,REVIEW,MIXED_COMPOSITION_REVIEW,4,im_1; im_2; im_3; im_4,,
473,Blended,"Blouse
Cotton 80 Polyester 20
",Cotton; Polyester,"{""Cotton"": 80.0, ""Polyester"": 20.0}",Blouse,manufacturer-style tag.txt,Backend/datasets/ibug_fabrics/Blended/473,,REVIEW,MIXED_COMPOSITION_REVIEW,4,im_1; im_2; im_3; im_4,,
497,Blended,"Other
Acrylic 63 Polyester 30 Wool 7
",Acrylic; Polyester; Wool,"{""Acrylic"": 63.0, ""Polyester"": 30.0, ""Wool"": 7.0}",Other,manufacturer-style tag.txt,Backend/datasets/ibug_fabrics/Blended/497,,REVIEW,MIXED_COMPOSITION_REVIEW,4,im_1; im_2; im_3; im_4,,
498,Blended,"Other
Acrylic 63 Polyester 30 Wool 7
",Acrylic; Polyester; Wool,"{""Acrylic"": 63.0, ""Polyester"": 30.0, ""Wool"": 7.0}",Other,manufacturer-style tag.txt,Backend/datasets/ibug_fabrics/Blended/498,,REVIEW,MIXED_COMPOSITION_REVIEW,4,im_1; im_2; im_3; im_4,,
499,Blended,"Jacket
Polyester 55 Nylon 45",Nylon; Polyester,"{""Polyester"": 55.0, ""Nylon"": 45.0}",Jacket,manufacturer-style tag.txt,Backend/datasets/ibug_fabrics/Blended/499,,REVIEW,MIXED_COMPOSITION_REVIEW,4,im_1; im_2; im_3; im_4,,
500,Blended,"Jacket
Polyester 55 Nylon 45",Nylon; Polyester,"{""Polyester"": 55.0, ""Nylon"": 45.0}",Jacket,manufacturer-style tag.txt,Backend/datasets/ibug_fabrics/Blended/500,,REVIEW,MIXED_COMPOSITION_REVIEW,4,im_1; im_2; im_3; im_4,,
509,Blended,"Fabric
Viscose 50 Acetate 50",Viscose,"{""Viscose"": 50.0}",Fabric,manufacturer-style tag.txt,Backend/datasets/ibug_fabrics/Blended/509,,REJECTED,UNSUPPORTED_MATERIAL,4,im_1; im_2; im_3; im_4,,
510,Blended,"Fabric
Acetate 60 Viscose 40",Viscose,"{""Viscose"": 40.0}",Fabric,manufacturer-style tag.txt,Backend/datasets/ibug_fabrics/Blended/510,,REJECTED,UNSUPPORTED_MATERIAL,4,im_1; im_2; im_3; im_4,,
520,Blended,"Fabric
Polyamide 75 Elastane 25 Laicra",Elastane; Polyamide,"{""Polyamide"": 75.0, ""Elastane"": 25.0}",Fabric,manufacturer-style tag.txt,Backend/datasets/ibug_fabrics/Blended/520,,REVIEW,MIXED_COMPOSITION_REVIEW,4,im_1; im_2; im_3; im_4,,
521,Blended,"Fabric
Polyester 50 Polyamide 50 Taffeta",Polyamide; Polyester,"{""Polyester"": 50.0, ""Polyamide"": 50.0}",Fabric,manufacturer-style tag.txt,Backend/datasets/ibug_fabrics/Blended/521,,REVIEW,MIXED_COMPOSITION_REVIEW,4,im_1; im_2; im_3; im_4,,
533,Blended,"Fabric
Polyester 50 Acrylic 50 Awning 
",Acrylic; Polyester,"{""Polyester"": 50.0, ""Acrylic"": 50.0}",Fabric,manufacturer-style tag.txt,Backend/datasets/ibug_fabrics/Blended/533,,REVIEW,MIXED_COMPOSITION_REVIEW,4,im_1; im_2; im_3; im_4,,
534,Blended,"Fabric
Cotton 80 Silk 20 Knitwear 
",Cotton; Silk,"{""Cotton"": 80.0, ""Silk"": 20.0}",Fabric,manufacturer-style tag.txt,Backend/datasets/ibug_fabrics/Blended/534,,REVIEW,MIXED_COMPOSITION_REVIEW,4,im_1; im_2; im_3; im_4,,
535,Blended,"Fabric
Cotton 50 Acrylic 50 Knitwear 
",Acrylic; Cotton,"{""Cotton"": 50.0, ""Acrylic"": 50.0}",Fabric,manufacturer-style tag.txt,Backend/datasets/ibug_fabrics/Blended/535,,REVIEW,MIXED_COMPOSITION_REVIEW,4,im_1; im_2; im_3; im_4,,
536,Blended,"Fabric
Wool 50 Acrylic 50 Knitwear 
",Acrylic; Wool,"{""Wool"": 50.0, ""Acrylic"": 50.0}",Fabric,manufacturer-style tag.txt,Backend/datasets/ibug_fabrics/Blended/536,,REVIEW,MIXED_COMPOSITION_REVIEW,4,im_1; im_2; im_3; im_4,,
544,Blended,"Fabric
Cotton 50 Polyester 50
",Cotton; Polyester,"{""Cotton"": 50.0, ""Polyester"": 50.0}",Fabric,manufacturer-style tag.txt,Backend/datasets/ibug_fabrics/Blended/544,,REVIEW,MIXED_COMPOSITION_REVIEW,4,im_1; im_2; im_3; im_4,,
545,Blended,"Fabric
Cotton 50 Polyester 50?   
",Cotton; Polyester,"{""Cotton"": 50.0, ""Polyester"": 50.0}",Fabric,manufacturer-style tag.txt,Backend/datasets/ibug_fabrics/Blended/545,,REVIEW,MIXED_COMPOSITION_REVIEW,4,im_1; im_2; im_3; im_4,,
546,Blended,"Fabric
Cotton 50Polyester 50?   
",Cotton,"{""Cotton"": 50.0}",Fabric,manufacturer-style tag.txt,Backend/datasets/ibug_fabrics/Blended/546,Cotton,ACCEPTED,,4,im_1; im_2; im_3; im_4,,
547,Blended,"Fabric
Cotton 50 Polyester 50?   
",Cotton; Polyester,"{""Cotton"": 50.0, ""Polyester"": 50.0}",Fabric,manufacturer-style tag.txt,Backend/datasets/ibug_fabrics/Blended/547,,REVIEW,MIXED_COMPOSITION_REVIEW,4,im_1; im_2; im_3; im_4,,
548,Blended,"Fabric
Cotton 50 Polyester 50?   
",Cotton; Polyester,"{""Cotton"": 50.0, ""Polyester"": 50.0}",Fabric,manufacturer-style tag.txt,Backend/datasets/ibug_fabrics/Blended/548,,REVIEW,MIXED_COMPOSITION_REVIEW,4,im_1; im_2; im_3; im_4,,
549,Blended,"Fabric
Cotton 50 Polyester 50?   
",Cotton; Polyester,"{""Cotton"": 50.0, ""Polyester"": 50.0}",Fabric,manufacturer-style tag.txt,Backend/datasets/ibug_fabrics/Blended/549,,REVIEW,MIXED_COMPOSITION_REVIEW,4,im_1; im_2; im_3; im_4,,
55,Blended,"Fabric
Cotton 65 Polyester 35
",Cotton; Polyester,"{""Cotton"": 65.0, ""Polyester"": 35.0}",Fabric,manufacturer-style tag.txt,Backend/datasets/ibug_fabrics/Blended/55,,REVIEW,MIXED_COMPOSITION_REVIEW,4,im_1; im_2; im_3; im_4,,
550,Blended,"Fabric
Cotton 50 Polyester 50?   
",Cotton; Polyester,"{""Cotton"": 50.0, ""Polyester"": 50.0}",Fabric,manufacturer-style tag.txt,Backend/datasets/ibug_fabrics/Blended/550,,REVIEW,MIXED_COMPOSITION_REVIEW,4,im_1; im_2; im_3; im_4,,
551,Blended,"Fabric
Cotton 50 Polyester 50?   
",Cotton; Polyester,"{""Cotton"": 50.0, ""Polyester"": 50.0}",Fabric,manufacturer-style tag.txt,Backend/datasets/ibug_fabrics/Blended/551,,REVIEW,MIXED_COMPOSITION_REVIEW,4,im_1; im_2; im_3; im_4,,
552,Blended,"Fabric
Cotton 50 Polyester 50?   
",Cotton; Polyester,"{""Cotton"": 50.0, ""Polyester"": 50.0}",Fabric,manufacturer-style tag.txt,Backend/datasets/ibug_fabrics/Blended/552,,REVIEW,MIXED_COMPOSITION_REVIEW,4,im_1; im_2; im_3; im_4,,
553,Blended,"Fabric
Cotton 50 Polyester 50?   
",Cotton; Polyester,"{""Cotton"": 50.0, ""Polyester"": 50.0}",Fabric,manufacturer-style tag.txt,Backend/datasets/ibug_fabrics/Blended/553,,REVIEW,MIXED_COMPOSITION_REVIEW,4,im_1; im_2; im_3; im_4,,
554,Blended,"Fabric
Cotton 50 Polyester 50?   
",Cotton; Polyester,"{""Cotton"": 50.0, ""Polyester"": 50.0}",Fabric,manufacturer-style tag.txt,Backend/datasets/ibug_fabrics/Blended/554,,REVIEW,MIXED_COMPOSITION_REVIEW,4,im_1; im_2; im_3; im_4,,
555,Blended,"Fabric
Cotton 50 Polyester 50?   
",Cotton; Polyester,"{""Cotton"": 50.0, ""Polyester"": 50.0}",Fabric,manufacturer-style tag.txt,Backend/datasets/ibug_fabrics/Blended/555,,REVIEW,MIXED_COMPOSITION_REVIEW,4,im_1; im_2; im_3; im_4,,
556,Blended,"Fabric
Cotton 50 Polyester 50?   
",Cotton; Polyester,"{""Cotton"": 50.0, ""Polyester"": 50.0}",Fabric,manufacturer-style tag.txt,Backend/datasets/ibug_fabrics/Blended/556,,REVIEW,MIXED_COMPOSITION_REVIEW,4,im_1; im_2; im_3; im_4,,
557,Blended,"Fabric
Cotton 50 Polyester 50?   
",Cotton; Polyester,"{""Cotton"": 50.0, ""Polyester"": 50.0}",Fabric,manufacturer-style tag.txt,Backend/datasets/ibug_fabrics/Blended/557,,REVIEW,MIXED_COMPOSITION_REVIEW,4,im_1; im_2; im_3; im_4,,
558,Blended,"Fabric
Cotton 50 Polyester 50?   
",Cotton; Polyester,"{""Cotton"": 50.0, ""Polyester"": 50.0}",Fabric,manufacturer-style tag.txt,Backend/datasets/ibug_fabrics/Blended/558,,REVIEW,MIXED_COMPOSITION_REVIEW,4,im_1; im_2; im_3; im_4,,
559,Blended,"T-shirt
Cotton 50 Polyester 50?   
",Cotton; Polyester,"{""Cotton"": 50.0, ""Polyester"": 50.0}",T-shirt,manufacturer-style tag.txt,Backend/datasets/ibug_fabrics/Blended/559,,REVIEW,MIXED_COMPOSITION_REVIEW,4,im_1; im_2; im_3; im_4,,
575,Blended,"Fabric
Cotton 26 Polyester 27 Viscose 31 LI 16  
",Cotton; Polyester; Viscose,"{""Cotton"": 26.0, ""Polyester"": 27.0, ""Viscose"": 31.0}",Fabric,manufacturer-style tag.txt,Backend/datasets/ibug_fabrics/Blended/575,,REVIEW,MIXED_COMPOSITION_REVIEW,4,im_1; im_2; im_3; im_4,,
576,Blended,"Fabric
Cotton 26 Polyester 27 Viscose 31 LI 16  
",Cotton; Polyester; Viscose,"{""Cotton"": 26.0, ""Polyester"": 27.0, ""Viscose"": 31.0}",Fabric,manufacturer-style tag.txt,Backend/datasets/ibug_fabrics/Blended/576,,REVIEW,MIXED_COMPOSITION_REVIEW,4,im_1; im_2; im_3; im_4,,
577,Blended,"Fabric
Cotton 26 Polyester 27 Viscose 31 LI 16  
",Cotton; Polyester; Viscose,"{""Cotton"": 26.0, ""Polyester"": 27.0, ""Viscose"": 31.0}",Fabric,manufacturer-style tag.txt,Backend/datasets/ibug_fabrics/Blended/577,,REVIEW,MIXED_COMPOSITION_REVIEW,4,im_1; im_2; im_3; im_4,,
578,Blended,"Fabric
Cotton 26 Polyester 27 Viscose 31 LI 16  
",Cotton; Polyester; Viscose,"{""Cotton"": 26.0, ""Polyester"": 27.0, ""Viscose"": 31.0}",Fabric,manufacturer-style tag.txt,Backend/datasets/ibug_fabrics/Blended/578,,REVIEW,MIXED_COMPOSITION_REVIEW,4,im_1; im_2; im_3; im_4,,
579,Blended,"Fabric
Cotton 26 Polyester 27 Viscose 31 LI 16  
",Cotton; Polyester; Viscose,"{""Cotton"": 26.0, ""Polyester"": 27.0, ""Viscose"": 31.0}",Fabric,manufacturer-style tag.txt,Backend/datasets/ibug_fabrics/Blended/579,,REVIEW,MIXED_COMPOSITION_REVIEW,4,im_1; im_2; im_3; im_4,,
58,Blended,"Fabric
Polyester 50 Viscose 50
",Polyester; Viscose,"{""Polyester"": 50.0, ""Viscose"": 50.0}",Fabric,manufacturer-style tag.txt,Backend/datasets/ibug_fabrics/Blended/58,,REVIEW,MIXED_COMPOSITION_REVIEW,4,im_1; im_2; im_3; im_4,,
580,Blended,"Fabric
Cotton 26 Polyester 27 Viscose 31 LI 16  
",Cotton; Polyester; Viscose,"{""Cotton"": 26.0, ""Polyester"": 27.0, ""Viscose"": 31.0}",Fabric,manufacturer-style tag.txt,Backend/datasets/ibug_fabrics/Blended/580,,REVIEW,MIXED_COMPOSITION_REVIEW,4,im_1; im_2; im_3; im_4,,
584,Blended,"Fabric
Polyester 56 Viscose 44
",Polyester; Viscose,"{""Polyester"": 56.0, ""Viscose"": 44.0}",Fabric,manufacturer-style tag.txt,Backend/datasets/ibug_fabrics/Blended/584,,REVIEW,MIXED_COMPOSITION_REVIEW,4,im_1; im_2; im_3; im_4,,
585,Blended,"Fabric
Polyester 56 Viscose 44
",Polyester; Viscose,"{""Polyester"": 56.0, ""Viscose"": 44.0}",Fabric,manufacturer-style tag.txt,Backend/datasets/ibug_fabrics/Blended/585,,REVIEW,MIXED_COMPOSITION_REVIEW,4,im_1; im_2; im_3; im_4,,
586,Blended,"Fabric
Polyester 56 Viscose 44
",Polyester; Viscose,"{""Polyester"": 56.0, ""Viscose"": 44.0}",Fabric,manufacturer-style tag.txt,Backend/datasets/ibug_fabrics/Blended/586,,REVIEW,MIXED_COMPOSITION_REVIEW,4,im_1; im_2; im_3; im_4,,
587,Blended,"Fabric
Polyester 56 Viscose 44
",Polyester; Viscose,"{""Polyester"": 56.0, ""Viscose"": 44.0}",Fabric,manufacturer-style tag.txt,Backend/datasets/ibug_fabrics/Blended/587,,REVIEW,MIXED_COMPOSITION_REVIEW,4,im_1; im_2; im_3; im_4,,
588,Blended,"Fabric
Polyester 56 Viscose 44
",Polyester; Viscose,"{""Polyester"": 56.0, ""Viscose"": 44.0}",Fabric,manufacturer-style tag.txt,Backend/datasets/ibug_fabrics/Blended/588,,REVIEW,MIXED_COMPOSITION_REVIEW,4,im_1; im_2; im_3; im_4,,
589,Blended,"Fabric
Polyester 56 Viscose 44
",Polyester; Viscose,"{""Polyester"": 56.0, ""Viscose"": 44.0}",Fabric,manufacturer-style tag.txt,Backend/datasets/ibug_fabrics/Blended/589,,REVIEW,MIXED_COMPOSITION_REVIEW,4,im_1; im_2; im_3; im_4,,
590,Blended,"Fabric
Polyester 56 Viscose 44
",Polyester; Viscose,"{""Polyester"": 56.0, ""Viscose"": 44.0}",Fabric,manufacturer-style tag.txt,Backend/datasets/ibug_fabrics/Blended/590,,REVIEW,MIXED_COMPOSITION_REVIEW,4,im_1; im_2; im_3; im_4,,
591,Blended,"Fabric
Polyester 56 Viscose 44
",Polyester; Viscose,"{""Polyester"": 56.0, ""Viscose"": 44.0}",Fabric,manufacturer-style tag.txt,Backend/datasets/ibug_fabrics/Blended/591,,REVIEW,MIXED_COMPOSITION_REVIEW,4,im_1; im_2; im_3; im_4,,
592,Blended,"Fabric
Polyester 56 Viscose 44
",Polyester; Viscose,"{""Polyester"": 56.0, ""Viscose"": 44.0}",Fabric,manufacturer-style tag.txt,Backend/datasets/ibug_fabrics/Blended/592,,REVIEW,MIXED_COMPOSITION_REVIEW,4,im_1; im_2; im_3; im_4,,
593,Blended,"Fabric
Polyester 56 Viscose 44
",Polyester; Viscose,"{""Polyester"": 56.0, ""Viscose"": 44.0}",Fabric,manufacturer-style tag.txt,Backend/datasets/ibug_fabrics/Blended/593,,REVIEW,MIXED_COMPOSITION_REVIEW,4,im_1; im_2; im_3; im_4,,
594,Blended,"Fabric
Polyester 56 Viscose 44
",Polyester; Viscose,"{""Polyester"": 56.0, ""Viscose"": 44.0}",Fabric,manufacturer-style tag.txt,Backend/datasets/ibug_fabrics/Blended/594,,REVIEW,MIXED_COMPOSITION_REVIEW,4,im_1; im_2; im_3; im_4,,
595,Blended,"Fabric
Polyester 56 Viscose 44
",Polyester; Viscose,"{""Polyester"": 56.0, ""Viscose"": 44.0}",Fabric,manufacturer-style tag.txt,Backend/datasets/ibug_fabrics/Blended/595,,REVIEW,MIXED_COMPOSITION_REVIEW,4,im_1; im_2; im_3; im_4,,
596,Blended,"Fabric
Polyester 56 Viscose 44
",Polyester; Viscose,"{""Polyester"": 56.0, ""Viscose"": 44.0}",Fabric,manufacturer-style tag.txt,Backend/datasets/ibug_fabrics/Blended/596,,REVIEW,MIXED_COMPOSITION_REVIEW,4,im_1; im_2; im_3; im_4,,
597,Blended,"Fabric
Polyester 56 Viscose 44
",Polyester; Viscose,"{""Polyester"": 56.0, ""Viscose"": 44.0}",Fabric,manufacturer-style tag.txt,Backend/datasets/ibug_fabrics/Blended/597,,REVIEW,MIXED_COMPOSITION_REVIEW,4,im_1; im_2; im_3; im_4,,
598,Blended,"Fabric
Polyester 56 Viscose 44
",Polyester; Viscose,"{""Polyester"": 56.0, ""Viscose"": 44.0}",Fabric,manufacturer-style tag.txt,Backend/datasets/ibug_fabrics/Blended/598,,REVIEW,MIXED_COMPOSITION_REVIEW,4,im_1; im_2; im_3; im_4,,
599,Blended,"Fabric
Polyester 56 Viscose 44
",Polyester; Viscose,"{""Polyester"": 56.0, ""Viscose"": 44.0}",Fabric,manufacturer-style tag.txt,Backend/datasets/ibug_fabrics/Blended/599,,REVIEW,MIXED_COMPOSITION_REVIEW,4,im_1; im_2; im_3; im_4,,
6,Blended,"Towel
Cotton 50Modal 50  0
",Cotton,"{""Cotton"": 50.0}",Towel,manufacturer-style tag.txt,Backend/datasets/ibug_fabrics/Blended/6,Cotton,ACCEPTED,,4,im_1; im_2; im_3; im_4,,
61,Blended,"Fabric
Polyester 50 Viscose 50
",Polyester; Viscose,"{""Polyester"": 50.0, ""Viscose"": 50.0}",Fabric,manufacturer-style tag.txt,Backend/datasets/ibug_fabrics/Blended/61,,REVIEW,MIXED_COMPOSITION_REVIEW,4,im_1; im_2; im_3; im_4,,
656,Blended,"Fabric
Polyester 80 Cotton 20
",Cotton; Polyester,"{""Polyester"": 80.0, ""Cotton"": 20.0}",Fabric,manufacturer-style tag.txt,Backend/datasets/ibug_fabrics/Blended/656,,REVIEW,MIXED_COMPOSITION_REVIEW,4,im_1; im_2; im_3; im_4,,
657,Blended,"Fabric
Polyester 80 Cotton 20
",Cotton; Polyester,"{""Polyester"": 80.0, ""Cotton"": 20.0}",Fabric,manufacturer-style tag.txt,Backend/datasets/ibug_fabrics/Blended/657,,REVIEW,MIXED_COMPOSITION_REVIEW,4,im_1; im_2; im_3; im_4,,
663,Blended,"Fabric
PES 80 RAY 15 SP 5
",,{},Fabric,missing/unparseable,Backend/datasets/ibug_fabrics/Blended/663,,REVIEW,UNPARSEABLE_OR_MISSING_COMPOSITION,4,im_1; im_2; im_3; im_4,,
664,Blended,"Fabric
PES 80 RAY 15 SP 5
",,{},Fabric,missing/unparseable,Backend/datasets/ibug_fabrics/Blended/664,,REVIEW,UNPARSEABLE_OR_MISSING_COMPOSITION,4,im_1; im_2; im_3; im_4,,
667,Blended,"Fabric
Polyester 50 Viscose 47 Elastane 3
",Elastane; Polyester; Viscose,"{""Polyester"": 50.0, ""Viscose"": 47.0, ""Elastane"": 3.0}",Fabric,manufacturer-style tag.txt,Backend/datasets/ibug_fabrics/Blended/667,,REVIEW,MIXED_COMPOSITION_REVIEW,4,im_1; im_2; im_3; im_4,,
668,Blended,"Fabric
Polyester 50 Viscose 47 Elastane 3
",Elastane; Polyester; Viscose,"{""Polyester"": 50.0, ""Viscose"": 47.0, ""Elastane"": 3.0}",Fabric,manufacturer-style tag.txt,Backend/datasets/ibug_fabrics/Blended/668,,REVIEW,MIXED_COMPOSITION_REVIEW,4,im_1; im_2; im_3; im_4,,
671,Blended,"Fabric
Polyester 80 Viscose 15 Elastane 5
",Elastane; Polyester; Viscose,"{""Polyester"": 80.0, ""Viscose"": 15.0, ""Elastane"": 5.0}",Fabric,manufacturer-style tag.txt,Backend/datasets/ibug_fabrics/Blended/671,,REVIEW,MIXED_COMPOSITION_REVIEW,4,im_1; im_2; im_3; im_4,,
672,Blended,"Fabric
Polyester 80 Viscose 15 Elastane 5
",Elastane; Polyester; Viscose,"{""Polyester"": 80.0, ""Viscose"": 15.0, ""Elastane"": 5.0}",Fabric,manufacturer-style tag.txt,Backend/datasets/ibug_fabrics/Blended/672,,REVIEW,MIXED_COMPOSITION_REVIEW,4,im_1; im_2; im_3; im_4,,
673,Blended,"Fabric
Polyester 70 Viscose 26 Elastane 4
",Elastane; Polyester; Viscose,"{""Polyester"": 70.0, ""Viscose"": 26.0, ""Elastane"": 4.0}",Fabric,manufacturer-style tag.txt,Backend/datasets/ibug_fabrics/Blended/673,,REVIEW,MIXED_COMPOSITION_REVIEW,4,im_1; im_2; im_3; im_4,,
674,Blended,"Fabric
Polyester 70 Viscose 26 Elastane 4
",Elastane; Polyester; Viscose,"{""Polyester"": 70.0, ""Viscose"": 26.0, ""Elastane"": 4.0}",Fabric,manufacturer-style tag.txt,Backend/datasets/ibug_fabrics/Blended/674,,REVIEW,MIXED_COMPOSITION_REVIEW,4,im_1; im_2; im_3; im_4,,
675,Blended,"Fabric
Wool 80 Cotton 20 Alkapas   
",Cotton; Wool,"{""Wool"": 80.0, ""Cotton"": 20.0}",Fabric,manufacturer-style tag.txt,Backend/datasets/ibug_fabrics/Blended/675,,REVIEW,MIXED_COMPOSITION_REVIEW,4,im_1; im_2; im_3; im_4,,
676,Blended,"Fabric
Wool 80 Cotton 20 Alkapas   
",Cotton; Wool,"{""Wool"": 80.0, ""Cotton"": 20.0}",Fabric,manufacturer-style tag.txt,Backend/datasets/ibug_fabrics/Blended/676,,REVIEW,MIXED_COMPOSITION_REVIEW,4,im_1; im_2; im_3; im_4,,
677,Blended,"Fabric
Polyester 63 Viscose 33 Elastane 4",Elastane; Polyester; Viscose,"{""Polyester"": 63.0, ""Viscose"": 33.0, ""Elastane"": 4.0}",Fabric,manufacturer-style tag.txt,Backend/datasets/ibug_fabrics/Blended/677,,REVIEW,MIXED_COMPOSITION_REVIEW,4,im_1; im_2; im_3; im_4,,
678,Blended,"Fabric
Polyester 63 Viscose 33 Elastane 4",Elastane; Polyester; Viscose,"{""Polyester"": 63.0, ""Viscose"": 33.0, ""Elastane"": 4.0}",Fabric,manufacturer-style tag.txt,Backend/datasets/ibug_fabrics/Blended/678,,REVIEW,MIXED_COMPOSITION_REVIEW,4,im_1; im_2; im_3; im_4,,
683,Blended,"T-shirt
Cotton 50 Polyester 50
",Cotton; Polyester,"{""Cotton"": 50.0, ""Polyester"": 50.0}",T-shirt,manufacturer-style tag.txt,Backend/datasets/ibug_fabrics/Blended/683,,REVIEW,MIXED_COMPOSITION_REVIEW,4,im_1; im_2; im_3; im_4,,
684,Blended,"T-shirt
Cotton 50 Polyester 50
",Cotton; Polyester,"{""Cotton"": 50.0, ""Polyester"": 50.0}",T-shirt,manufacturer-style tag.txt,Backend/datasets/ibug_fabrics/Blended/684,,REVIEW,MIXED_COMPOSITION_REVIEW,4,im_1; im_2; im_3; im_4,,
79,Blended,"T-shirt
Angora 60 Acrylic 33 Elastane 7 
",Acrylic; Elastane,"{""Acrylic"": 33.0, ""Elastane"": 7.0}",T-shirt,manufacturer-style tag.txt,Backend/datasets/ibug_fabrics/Blended/79,,REVIEW,MIXED_COMPOSITION_REVIEW,4,im_1; im_2; im_3; im_4,,
80,Blended,"T-shirt
Angora 60 Acrylic 33 Elastane 7
",Acrylic; Elastane,"{""Acrylic"": 33.0, ""Elastane"": 7.0}",T-shirt,manufacturer-style tag.txt,Backend/datasets/ibug_fabrics/Blended/80,,REVIEW,MIXED_COMPOSITION_REVIEW,4,im_1; im_2; im_3; im_4,,
81,Blended,"T-shirt
Viscose 90 Elastane 10
",Elastane; Viscose,"{""Viscose"": 90.0, ""Elastane"": 10.0}",T-shirt,manufacturer-style tag.txt,Backend/datasets/ibug_fabrics/Blended/81,,REVIEW,MIXED_COMPOSITION_REVIEW,4,im_1; im_2; im_3; im_4,,
82,Blended,"T-shirt
Viscose 90 Elastane 10
",Elastane; Viscose,"{""Viscose"": 90.0, ""Elastane"": 10.0}",T-shirt,manufacturer-style tag.txt,Backend/datasets/ibug_fabrics/Blended/82,,REVIEW,MIXED_COMPOSITION_REVIEW,4,im_1; im_2; im_3; im_4,,
873,Blended,"Fabric
Polyester 80 Viscose 20
",Polyester; Viscose,"{""Polyester"": 80.0, ""Viscose"": 20.0}",Fabric,manufacturer-style tag.txt,Backend/datasets/ibug_fabrics/Blended/873,,REVIEW,MIXED_COMPOSITION_REVIEW,4,im_1; im_2; im_3; im_4,,
874,Blended,"Fabric
Polyester 80 Viscose 20
",Polyester; Viscose,"{""Polyester"": 80.0, ""Viscose"": 20.0}",Fabric,manufacturer-style tag.txt,Backend/datasets/ibug_fabrics/Blended/874,,REVIEW,MIXED_COMPOSITION_REVIEW,4,im_1; im_2; im_3; im_4,,
875,Blended,"Fabric
Polyester 80 Viscose 20
",Polyester; Viscose,"{""Polyester"": 80.0, ""Viscose"": 20.0}",Fabric,manufacturer-style tag.txt,Backend/datasets/ibug_fabrics/Blended/875,,REVIEW,MIXED_COMPOSITION_REVIEW,4,im_1; im_2; im_3; im_4,,
876,Blended,"Fabric
Polyester 80 Viscose 20
",Polyester; Viscose,"{""Polyester"": 80.0, ""Viscose"": 20.0}",Fabric,manufacturer-style tag.txt,Backend/datasets/ibug_fabrics/Blended/876,,REVIEW,MIXED_COMPOSITION_REVIEW,4,im_1; im_2; im_3; im_4,,
877,Blended,"Fabric
Polyester 80 Viscose 20
",Polyester; Viscose,"{""Polyester"": 80.0, ""Viscose"": 20.0}",Fabric,manufacturer-style tag.txt,Backend/datasets/ibug_fabrics/Blended/877,,REVIEW,MIXED_COMPOSITION_REVIEW,4,im_1; im_2; im_3; im_4,,
878,Blended,"Fabric
Polyester 67 Viscose 22 Lycra 11",Polyester; Viscose,"{""Polyester"": 67.0, ""Viscose"": 22.0}",Fabric,manufacturer-style tag.txt,Backend/datasets/ibug_fabrics/Blended/878,,REVIEW,MIXED_COMPOSITION_REVIEW,4,im_1; im_2; im_3; im_4,,
879,Blended,"Fabric
Polyester 67 Viscose 22 Lycra 11",Polyester; Viscose,"{""Polyester"": 67.0, ""Viscose"": 22.0}",Fabric,manufacturer-style tag.txt,Backend/datasets/ibug_fabrics/Blended/879,,REVIEW,MIXED_COMPOSITION_REVIEW,4,im_1; im_2; im_3; im_4,,
880,Blended,"Fabric
Polyester 67 Viscose 22 Lycra 11",Polyester; Viscose,"{""Polyester"": 67.0, ""Viscose"": 22.0}",Fabric,manufacturer-style tag.txt,Backend/datasets/ibug_fabrics/Blended/880,,REVIEW,MIXED_COMPOSITION_REVIEW,4,im_1; im_2; im_3; im_4,,
881,Blended,"Fabric
Polyester 67 Viscose 22 Lycra 11",Polyester; Viscose,"{""Polyester"": 67.0, ""Viscose"": 22.0}",Fabric,manufacturer-style tag.txt,Backend/datasets/ibug_fabrics/Blended/881,,REVIEW,MIXED_COMPOSITION_REVIEW,4,im_1; im_2; im_3; im_4,,
882,Blended,"Fabric
Polyester 67 Viscose 22 Lycra 11",Polyester; Viscose,"{""Polyester"": 67.0, ""Viscose"": 22.0}",Fabric,manufacturer-style tag.txt,Backend/datasets/ibug_fabrics/Blended/882,,REVIEW,MIXED_COMPOSITION_REVIEW,4,im_1; im_2; im_3; im_4,,
883,Blended,"Fabric
Polyester 67 Viscose 22 Lycra 11",Polyester; Viscose,"{""Polyester"": 67.0, ""Viscose"": 22.0}",Fabric,manufacturer-style tag.txt,Backend/datasets/ibug_fabrics/Blended/883,,REVIEW,MIXED_COMPOSITION_REVIEW,4,im_1; im_2; im_3; im_4,,
884,Blended,"Fabric
Polyester 67 Viscose 22 Lycra 11",Polyester; Viscose,"{""Polyester"": 67.0, ""Viscose"": 22.0}",Fabric,manufacturer-style tag.txt,Backend/datasets/ibug_fabrics/Blended/884,,REVIEW,MIXED_COMPOSITION_REVIEW,4,im_1; im_2; im_3; im_4,,
885,Blended,"Fabric
Wool 63 Acrylic 30 Polyester 7",Acrylic; Polyester; Wool,"{""Wool"": 63.0, ""Acrylic"": 30.0, ""Polyester"": 7.0}",Fabric,manufacturer-style tag.txt,Backend/datasets/ibug_fabrics/Blended/885,,REVIEW,MIXED_COMPOSITION_REVIEW,4,im_1; im_2; im_3; im_4,,
886,Blended,"Fabric
Wool 63 Acrylic 30 Polyester 7 ",Acrylic; Polyester; Wool,"{""Wool"": 63.0, ""Acrylic"": 30.0, ""Polyester"": 7.0}",Fabric,manufacturer-style tag.txt,Backend/datasets/ibug_fabrics/Blended/886,,REVIEW,MIXED_COMPOSITION_REVIEW,4,im_1; im_2; im_3; im_4,,
887,Blended,"Fabric
Acrylic 67 Polyester 18 Wool 15 ",Acrylic; Polyester; Wool,"{""Acrylic"": 67.0, ""Polyester"": 18.0, ""Wool"": 15.0}",Fabric,manufacturer-style tag.txt,Backend/datasets/ibug_fabrics/Blended/887,,REVIEW,MIXED_COMPOSITION_REVIEW,4,im_1; im_2; im_3; im_4,,
888,Blended,"Fabric
Acrylic 67 Polyester 18 Wool 15 ",Acrylic; Polyester; Wool,"{""Acrylic"": 67.0, ""Polyester"": 18.0, ""Wool"": 15.0}",Fabric,manufacturer-style tag.txt,Backend/datasets/ibug_fabrics/Blended/888,,REVIEW,MIXED_COMPOSITION_REVIEW,4,im_1; im_2; im_3; im_4,,
889,Blended,"Fabric
Acrylic 67 Polyester 18 Wool 15 ",Acrylic; Polyester; Wool,"{""Acrylic"": 67.0, ""Polyester"": 18.0, ""Wool"": 15.0}",Fabric,manufacturer-style tag.txt,Backend/datasets/ibug_fabrics/Blended/889,,REVIEW,MIXED_COMPOSITION_REVIEW,4,im_1; im_2; im_3; im_4,,
890,Blended,"Fabric
Acrylic 67 Polyester 18 Wool 15",Acrylic; Polyester; Wool,"{""Acrylic"": 67.0, ""Polyester"": 18.0, ""Wool"": 15.0}",Fabric,manufacturer-style tag.txt,Backend/datasets/ibug_fabrics/Blended/890,,REVIEW,MIXED_COMPOSITION_REVIEW,4,im_1; im_2; im_3; im_4,,
891,Blended,"Fabric
Acrylic 67 Polyester 18 Wool 15
",Acrylic; Polyester; Wool,"{""Acrylic"": 67.0, ""Polyester"": 18.0, ""Wool"": 15.0}",Fabric,manufacturer-style tag.txt,Backend/datasets/ibug_fabrics/Blended/891,,REVIEW,MIXED_COMPOSITION_REVIEW,4,im_1; im_2; im_3; im_4,,
892,Blended,"Fabric
Acrylic 67 Polyester 18 Wool 15",Acrylic; Polyester; Wool,"{""Acrylic"": 67.0, ""Polyester"": 18.0, ""Wool"": 15.0}",Fabric,manufacturer-style tag.txt,Backend/datasets/ibug_fabrics/Blended/892,,REVIEW,MIXED_COMPOSITION_REVIEW,4,im_1; im_2; im_3; im_4,,
893,Blended,"Fabric
Acrylic 67 Polyester 18 Wool 15",Acrylic; Polyester; Wool,"{""Acrylic"": 67.0, ""Polyester"": 18.0, ""Wool"": 15.0}",Fabric,manufacturer-style tag.txt,Backend/datasets/ibug_fabrics/Blended/893,,REVIEW,MIXED_COMPOSITION_REVIEW,4,im_1; im_2; im_3; im_4,,
894,Blended,"Fabric
Acrylic 67 Polyester 18 Wool 15",Acrylic; Polyester; Wool,"{""Acrylic"": 67.0, ""Polyester"": 18.0, ""Wool"": 15.0}",Fabric,manufacturer-style tag.txt,Backend/datasets/ibug_fabrics/Blended/894,,REVIEW,MIXED_COMPOSITION_REVIEW,4,im_1; im_2; im_3; im_4,,
916,Blended,"Fabric
Polyester 50 Viscose 35 Wool 15 Mpoukle mallino   
",Polyester; Viscose; Wool,"{""Polyester"": 50.0, ""Viscose"": 35.0, ""Wool"": 15.0}",Fabric,manufacturer-style tag.txt,Backend/datasets/ibug_fabrics/Blended/916,,REVIEW,MIXED_COMPOSITION_REVIEW,4,im_1; im_2; im_3; im_4,,
917,Blended,"Fabric
Polyester 50 Viscose 35 Wool 15 Mpoukle mallino   
",Polyester; Viscose; Wool,"{""Polyester"": 50.0, ""Viscose"": 35.0, ""Wool"": 15.0}",Fabric,manufacturer-style tag.txt,Backend/datasets/ibug_fabrics/Blended/917,,REVIEW,MIXED_COMPOSITION_REVIEW,4,im_1; im_2; im_3; im_4,,
918,Blended,"Fabric
Polyester 50 Viscose 35 Wool 15 Mpoukle mallino   
",Polyester; Viscose; Wool,"{""Polyester"": 50.0, ""Viscose"": 35.0, ""Wool"": 15.0}",Fabric,manufacturer-style tag.txt,Backend/datasets/ibug_fabrics/Blended/918,,REVIEW,MIXED_COMPOSITION_REVIEW,4,im_1; im_2; im_3; im_4,,
919,Blended,"Fabric
Polyester 50 Viscose 35 Wool 15 Mpoukle mallino   
",Polyester; Viscose; Wool,"{""Polyester"": 50.0, ""Viscose"": 35.0, ""Wool"": 15.0}",Fabric,manufacturer-style tag.txt,Backend/datasets/ibug_fabrics/Blended/919,,REVIEW,MIXED_COMPOSITION_REVIEW,4,im_1; im_2; im_3; im_4,,
92,Blended,"Other
Viscose 72 Polyester 24 Elastane 4
",Elastane; Polyester; Viscose,"{""Viscose"": 72.0, ""Polyester"": 24.0, ""Elastane"": 4.0}",Other,manufacturer-style tag.txt,Backend/datasets/ibug_fabrics/Blended/92,,REVIEW,MIXED_COMPOSITION_REVIEW,4,im_1; im_2; im_3; im_4,,
920,Blended,"Fabric
Polyester 50 Viscose 35 Wool 15 Mpoukle mallino   
",Polyester; Viscose; Wool,"{""Polyester"": 50.0, ""Viscose"": 35.0, ""Wool"": 15.0}",Fabric,manufacturer-style tag.txt,Backend/datasets/ibug_fabrics/Blended/920,,REVIEW,MIXED_COMPOSITION_REVIEW,4,im_1; im_2; im_3; im_4,,
921,Blended,"Fabric
Polyester 50 Viscose 35 Wool 15 Mpoukle mallino   
",Polyester; Viscose; Wool,"{""Polyester"": 50.0, ""Viscose"": 35.0, ""Wool"": 15.0}",Fabric,manufacturer-style tag.txt,Backend/datasets/ibug_fabrics/Blended/921,,REVIEW,MIXED_COMPOSITION_REVIEW,4,im_1; im_2; im_3; im_4,,
922,Blended,"Fabric
Polyester 50 Viscose 35 Wool 15 Mpoukle mallino   
",Polyester; Viscose; Wool,"{""Polyester"": 50.0, ""Viscose"": 35.0, ""Wool"": 15.0}",Fabric,manufacturer-style tag.txt,Backend/datasets/ibug_fabrics/Blended/922,,REVIEW,MIXED_COMPOSITION_REVIEW,4,im_1; im_2; im_3; im_4,,
923,Blended,"Fabric
Polyester 50 Viscose 35 Wool 15 Mpoukle mallino   
",Polyester; Viscose; Wool,"{""Polyester"": 50.0, ""Viscose"": 35.0, ""Wool"": 15.0}",Fabric,manufacturer-style tag.txt,Backend/datasets/ibug_fabrics/Blended/923,,REVIEW,MIXED_COMPOSITION_REVIEW,4,im_1; im_2; im_3; im_4,,
924,Blended,"Fabric
Polyester 50 Viscose 35 Wool 15 Mpoukle mallino   
",Polyester; Viscose; Wool,"{""Polyester"": 50.0, ""Viscose"": 35.0, ""Wool"": 15.0}",Fabric,manufacturer-style tag.txt,Backend/datasets/ibug_fabrics/Blended/924,,REVIEW,MIXED_COMPOSITION_REVIEW,4,im_1; im_2; im_3; im_4,,
925,Blended,"Fabric
Polyester 50 Viscose 35 Wool 15 Mpoukle mallino   
",Polyester; Viscose; Wool,"{""Polyester"": 50.0, ""Viscose"": 35.0, ""Wool"": 15.0}",Fabric,manufacturer-style tag.txt,Backend/datasets/ibug_fabrics/Blended/925,,REVIEW,MIXED_COMPOSITION_REVIEW,4,im_1; im_2; im_3; im_4,,
93,Blended,"Other
Viscose 72 Polyester 24 Elastane 4
",Elastane; Polyester; Viscose,"{""Viscose"": 72.0, ""Polyester"": 24.0, ""Elastane"": 4.0}",Other,manufacturer-style tag.txt,Backend/datasets/ibug_fabrics/Blended/93,,REVIEW,MIXED_COMPOSITION_REVIEW,4,im_1; im_2; im_3; im_4,,
930,Blended,"Fabric
Polyester 70 Viscose 25 Elastane 5 Punto   ",Elastane; Polyester; Viscose,"{""Polyester"": 70.0, ""Viscose"": 25.0, ""Elastane"": 5.0}",Fabric,manufacturer-style tag.txt,Backend/datasets/ibug_fabrics/Blended/930,,REVIEW,MIXED_COMPOSITION_REVIEW,4,im_1; im_2; im_3; im_4,,
931,Blended,"Fabric
Polyester 70 Viscose 25 Elastane 5 Punto   ",Elastane; Polyester; Viscose,"{""Polyester"": 70.0, ""Viscose"": 25.0, ""Elastane"": 5.0}",Fabric,manufacturer-style tag.txt,Backend/datasets/ibug_fabrics/Blended/931,,REVIEW,MIXED_COMPOSITION_REVIEW,4,im_1; im_2; im_3; im_4,,
932,Blended,"Fabric
Polyester 70 Viscose 25 Elastane 5 Punto   ",Elastane; Polyester; Viscose,"{""Polyester"": 70.0, ""Viscose"": 25.0, ""Elastane"": 5.0}",Fabric,manufacturer-style tag.txt,Backend/datasets/ibug_fabrics/Blended/932,,REVIEW,MIXED_COMPOSITION_REVIEW,4,im_1; im_2; im_3; im_4,,
933,Blended,"Fabric
Polyester 70 Viscose 25 Elastane 5 Punto   ",Elastane; Polyester; Viscose,"{""Polyester"": 70.0, ""Viscose"": 25.0, ""Elastane"": 5.0}",Fabric,manufacturer-style tag.txt,Backend/datasets/ibug_fabrics/Blended/933,,REVIEW,MIXED_COMPOSITION_REVIEW,4,im_1; im_2; im_3; im_4,,
934,Blended,"Fabric
Polyester 70 Viscose 25 Elastane 5 Punto   ",Elastane; Polyester; Viscose,"{""Polyester"": 70.0, ""Viscose"": 25.0, ""Elastane"": 5.0}",Fabric,manufacturer-style tag.txt,Backend/datasets/ibug_fabrics/Blended/934,,REVIEW,MIXED_COMPOSITION_REVIEW,4,im_1; im_2; im_3; im_4,,
935,Blended,"Fabric
Polyester 70 Viscose 25 Elastane 5 Punto   ",Elastane; Polyester; Viscose,"{""Polyester"": 70.0, ""Viscose"": 25.0, ""Elastane"": 5.0}",Fabric,manufacturer-style tag.txt,Backend/datasets/ibug_fabrics/Blended/935,,REVIEW,MIXED_COMPOSITION_REVIEW,4,im_1; im_2; im_3; im_4,,
936,Blended,"Fabric
Polyester 70 Viscose 25 Elastane 5",Elastane; Polyester; Viscose,"{""Polyester"": 70.0, ""Viscose"": 25.0, ""Elastane"": 5.0}",Fabric,manufacturer-style tag.txt,Backend/datasets/ibug_fabrics/Blended/936,,REVIEW,MIXED_COMPOSITION_REVIEW,4,im_1; im_2; im_3; im_4,,
937,Blended,"Fabric
Polyester 70 Viscose 25 Elastane 5
",Elastane; Polyester; Viscose,"{""Polyester"": 70.0, ""Viscose"": 25.0, ""Elastane"": 5.0}",Fabric,manufacturer-style tag.txt,Backend/datasets/ibug_fabrics/Blended/937,,REVIEW,MIXED_COMPOSITION_REVIEW,4,im_1; im_2; im_3; im_4,,
938,Blended,"Fabric
Polyester 70 Viscose 25 Elastane 5
",Elastane; Polyester; Viscose,"{""Polyester"": 70.0, ""Viscose"": 25.0, ""Elastane"": 5.0}",Fabric,manufacturer-style tag.txt,Backend/datasets/ibug_fabrics/Blended/938,,REVIEW,MIXED_COMPOSITION_REVIEW,4,im_1; im_2; im_3; im_4,,
939,Blended,"Fabric
Polyester 70 Viscose 25 Elastane 5
",Elastane; Polyester; Viscose,"{""Polyester"": 70.0, ""Viscose"": 25.0, ""Elastane"": 5.0}",Fabric,manufacturer-style tag.txt,Backend/datasets/ibug_fabrics/Blended/939,,REVIEW,MIXED_COMPOSITION_REVIEW,4,im_1; im_2; im_3; im_4,,
94,Blended,"Other
Viscose 72 Polyester 24 Elastane 4",Elastane; Polyester; Viscose,"{""Viscose"": 72.0, ""Polyester"": 24.0, ""Elastane"": 4.0}",Other,manufacturer-style tag.txt,Backend/datasets/ibug_fabrics/Blended/94,,REVIEW,MIXED_COMPOSITION_REVIEW,4,im_1; im_2; im_3; im_4,,
940,Blended,"Fabric
Polyester 70 Viscose 25 Elastane 5 Punto Milano   
",Elastane; Polyester; Viscose,"{""Polyester"": 70.0, ""Viscose"": 25.0, ""Elastane"": 5.0}",Fabric,manufacturer-style tag.txt,Backend/datasets/ibug_fabrics/Blended/940,,REVIEW,MIXED_COMPOSITION_REVIEW,4,im_1; im_2; im_3; im_4,,
941,Blended,"Fabric
Polyester 70 Viscose 25 Elastane 5 Punto Milano   
",Elastane; Polyester; Viscose,"{""Polyester"": 70.0, ""Viscose"": 25.0, ""Elastane"": 5.0}",Fabric,manufacturer-style tag.txt,Backend/datasets/ibug_fabrics/Blended/941,,REVIEW,MIXED_COMPOSITION_REVIEW,4,im_1; im_2; im_3; im_4,,
942,Blended,"Fabric
Polyester 70 Viscose 25 Elastane 5 Punto Milano   
",Elastane; Polyester; Viscose,"{""Polyester"": 70.0, ""Viscose"": 25.0, ""Elastane"": 5.0}",Fabric,manufacturer-style tag.txt,Backend/datasets/ibug_fabrics/Blended/942,,REVIEW,MIXED_COMPOSITION_REVIEW,4,im_1; im_2; im_3; im_4,,
95,Blended,"Pants
Viscose 72 Polyester 24 Elastane 4
",Elastane; Polyester; Viscose,"{""Viscose"": 72.0, ""Polyester"": 24.0, ""Elastane"": 4.0}",Pants,manufacturer-style tag.txt,Backend/datasets/ibug_fabrics/Blended/95,,REVIEW,MIXED_COMPOSITION_REVIEW,4,im_1; im_2; im_3; im_4,,
953,Blended,"Fabric
Polyester 64 Viscose 34 Elastane 2
",Elastane; Polyester; Viscose,"{""Polyester"": 64.0, ""Viscose"": 34.0, ""Elastane"": 2.0}",Fabric,manufacturer-style tag.txt,Backend/datasets/ibug_fabrics/Blended/953,,REVIEW,MIXED_COMPOSITION_REVIEW,4,im_1; im_2; im_3; im_4,,
954,Blended,"Fabric
Polyester 64 Viscose 34 Elastane 2
",Elastane; Polyester; Viscose,"{""Polyester"": 64.0, ""Viscose"": 34.0, ""Elastane"": 2.0}",Fabric,manufacturer-style tag.txt,Backend/datasets/ibug_fabrics/Blended/954,,REVIEW,MIXED_COMPOSITION_REVIEW,4,im_1; im_2; im_3; im_4,,
955,Blended,"Fabric
Polyester 64 Viscose 34 Elastane 2
",Elastane; Polyester; Viscose,"{""Polyester"": 64.0, ""Viscose"": 34.0, ""Elastane"": 2.0}",Fabric,manufacturer-style tag.txt,Backend/datasets/ibug_fabrics/Blended/955,,REVIEW,MIXED_COMPOSITION_REVIEW,4,im_1; im_2; im_3; im_4,,
956,Blended,"Fabric
Polyester 64 Viscose 34 Elastane 2
",Elastane; Polyester; Viscose,"{""Polyester"": 64.0, ""Viscose"": 34.0, ""Elastane"": 2.0}",Fabric,manufacturer-style tag.txt,Backend/datasets/ibug_fabrics/Blended/956,,REVIEW,MIXED_COMPOSITION_REVIEW,4,im_1; im_2; im_3; im_4,,
957,Blended,"Fabric
Polyester 64 Viscose 34 Elastane 2
",Elastane; Polyester; Viscose,"{""Polyester"": 64.0, ""Viscose"": 34.0, ""Elastane"": 2.0}",Fabric,manufacturer-style tag.txt,Backend/datasets/ibug_fabrics/Blended/957,,REVIEW,MIXED_COMPOSITION_REVIEW,4,im_1; im_2; im_3; im_4,,
958,Blended,"Fabric
Polyester 64 Viscose 34 Elastane 2
",Elastane; Polyester; Viscose,"{""Polyester"": 64.0, ""Viscose"": 34.0, ""Elastane"": 2.0}",Fabric,manufacturer-style tag.txt,Backend/datasets/ibug_fabrics/Blended/958,,REVIEW,MIXED_COMPOSITION_REVIEW,4,im_1; im_2; im_3; im_4,,
959,Blended,"Fabric
Polyester 64 Viscose 34 Elastane 2
",Elastane; Polyester; Viscose,"{""Polyester"": 64.0, ""Viscose"": 34.0, ""Elastane"": 2.0}",Fabric,manufacturer-style tag.txt,Backend/datasets/ibug_fabrics/Blended/959,,REVIEW,MIXED_COMPOSITION_REVIEW,4,im_1; im_2; im_3; im_4,,
96,Blended,"Pants
Viscose 72 Polyester 24 Elastane 4
",Elastane; Polyester; Viscose,"{""Viscose"": 72.0, ""Polyester"": 24.0, ""Elastane"": 4.0}",Pants,manufacturer-style tag.txt,Backend/datasets/ibug_fabrics/Blended/96,,REVIEW,MIXED_COMPOSITION_REVIEW,4,im_1; im_2; im_3; im_4,,
960,Blended,"Fabric
Acrylic 48 Polyester 36 Wool 16 Mpoukle 
",Acrylic; Polyester; Wool,"{""Acrylic"": 48.0, ""Polyester"": 36.0, ""Wool"": 16.0}",Fabric,manufacturer-style tag.txt,Backend/datasets/ibug_fabrics/Blended/960,,REVIEW,MIXED_COMPOSITION_REVIEW,4,im_1; im_2; im_3; im_4,,
961,Blended,"Fabric
Acrylic 48 Polyester 36 Wool 16 Mpoukle",Acrylic; Polyester; Wool,"{""Acrylic"": 48.0, ""Polyester"": 36.0, ""Wool"": 16.0}",Fabric,manufacturer-style tag.txt,Backend/datasets/ibug_fabrics/Blended/961,,REVIEW,MIXED_COMPOSITION_REVIEW,4,im_1; im_2; im_3; im_4,,
962,Blended,"Fabric
Acrylic 48 Polyester 36 Wool 16 Mpoukle",Acrylic; Polyester; Wool,"{""Acrylic"": 48.0, ""Polyester"": 36.0, ""Wool"": 16.0}",Fabric,manufacturer-style tag.txt,Backend/datasets/ibug_fabrics/Blended/962,,REVIEW,MIXED_COMPOSITION_REVIEW,4,im_1; im_2; im_3; im_4,,
963,Blended,"Fabric
Acrylic 48 Polyester 36 Wool 16 Mpoukle",Acrylic; Polyester; Wool,"{""Acrylic"": 48.0, ""Polyester"": 36.0, ""Wool"": 16.0}",Fabric,manufacturer-style tag.txt,Backend/datasets/ibug_fabrics/Blended/963,,REVIEW,MIXED_COMPOSITION_REVIEW,4,im_1; im_2; im_3; im_4,,
989,Blended,"Fabric
Wool 25 Polyester 25 Viscose 25 Acrylic 25 Chanel type",Acrylic; Polyester; Viscose; Wool,"{""Wool"": 25.0, ""Polyester"": 25.0, ""Viscose"": 25.0, ""Acrylic"": 25.0}",Fabric,manufacturer-style tag.txt,Backend/datasets/ibug_fabrics/Blended/989,,REVIEW,MIXED_COMPOSITION_REVIEW,4,im_1; im_2; im_3; im_4,Blended/989; Blended/990; Blended/991,Blended/989; Blended/990; Blended/991
990,Blended,"Fabric
Wool 25 Polyester 25 Viscose 25 Acrylic 25 Chanel type",Acrylic; Polyester; Viscose; Wool,"{""Wool"": 25.0, ""Polyester"": 25.0, ""Viscose"": 25.0, ""Acrylic"": 25.0}",Fabric,manufacturer-style tag.txt,Backend/datasets/ibug_fabrics/Blended/990,,REVIEW,MIXED_COMPOSITION_REVIEW,4,im_1; im_2; im_3; im_4,Blended/989; Blended/990; Blended/991,Blended/989; Blended/990; Blended/991
991,Blended,"Fabric
Wool 25 Polyester 25 Viscose 25 Acrylic 25 Chanel type",Acrylic; Polyester; Viscose; Wool,"{""Wool"": 25.0, ""Polyester"": 25.0, ""Viscose"": 25.0, ""Acrylic"": 25.0}",Fabric,manufacturer-style tag.txt,Backend/datasets/ibug_fabrics/Blended/991,,REVIEW,MIXED_COMPOSITION_REVIEW,4,im_1; im_2; im_3; im_4,Blended/989; Blended/990; Blended/991,Blended/989; Blended/990; Blended/991
992,Blended,"Fabric
Wool 25 Polyester 25 Viscose 25 Acrylic 25 Chanel type",Acrylic; Polyester; Viscose; Wool,"{""Wool"": 25.0, ""Polyester"": 25.0, ""Viscose"": 25.0, ""Acrylic"": 25.0}",Fabric,manufacturer-style tag.txt,Backend/datasets/ibug_fabrics/Blended/992,,REVIEW,MIXED_COMPOSITION_REVIEW,4,im_1; im_2; im_3; im_4,,
993,Blended,"Fabric
Wool 25 Polyester 25 Viscose 25 Acrylic  25 Brocart 
",Acrylic; Polyester; Viscose; Wool,"{""Wool"": 25.0, ""Polyester"": 25.0, ""Viscose"": 25.0, ""Acrylic"": 25.0}",Fabric,manufacturer-style tag.txt,Backend/datasets/ibug_fabrics/Blended/993,,REVIEW,MIXED_COMPOSITION_REVIEW,4,im_1; im_2; im_3; im_4,,
852,Chenille,"Fabric
Chenille cotton 100",Cotton,"{""Cotton"": 100.0}",Fabric,manufacturer-style tag.txt,Backend/datasets/ibug_fabrics/Chenille/852,Cotton,ACCEPTED,,4,im_1; im_2; im_3; im_4,,
853,Chenille,"Fabric
Chenille cotton 100
",Cotton,"{""Cotton"": 100.0}",Fabric,manufacturer-style tag.txt,Backend/datasets/ibug_fabrics/Chenille/853,Cotton,ACCEPTED,,4,im_1; im_2; im_3; im_4,,
854,Chenille,"Fabric
Chenille cotton 100
",Cotton,"{""Cotton"": 100.0}",Fabric,manufacturer-style tag.txt,Backend/datasets/ibug_fabrics/Chenille/854,Cotton,ACCEPTED,,4,im_1; im_2; im_3; im_4,,
855,Chenille,"Fabric
Chenille cotton 100
",Cotton,"{""Cotton"": 100.0}",Fabric,manufacturer-style tag.txt,Backend/datasets/ibug_fabrics/Chenille/855,Cotton,ACCEPTED,,4,im_1; im_2; im_3; im_4,,
856,Chenille,"Fabric
Chenille cotton 100
",Cotton,"{""Cotton"": 100.0}",Fabric,manufacturer-style tag.txt,Backend/datasets/ibug_fabrics/Chenille/856,Cotton,ACCEPTED,,4,im_1; im_2; im_3; im_4,,
857,Chenille,"Fabric
Chenille cotton 100
",Cotton,"{""Cotton"": 100.0}",Fabric,manufacturer-style tag.txt,Backend/datasets/ibug_fabrics/Chenille/857,Cotton,ACCEPTED,,4,im_1; im_2; im_3; im_4,,
858,Chenille,"Fabric
Chenille cotton 100",Cotton,"{""Cotton"": 100.0}",Fabric,manufacturer-style tag.txt,Backend/datasets/ibug_fabrics/Chenille/858,Cotton,ACCEPTED,,4,im_1; im_2; im_3; im_4,,
859,Chenille,"Fabric
Chenille cotton 100",Cotton,"{""Cotton"": 100.0}",Fabric,manufacturer-style tag.txt,Backend/datasets/ibug_fabrics/Chenille/859,Cotton,ACCEPTED,,4,im_1; im_2; im_3; im_4,,
860,Chenille,"Fabric
Chenille cotton 100",Cotton,"{""Cotton"": 100.0}",Fabric,manufacturer-style tag.txt,Backend/datasets/ibug_fabrics/Chenille/860,Cotton,ACCEPTED,,4,im_1; im_2; im_3; im_4,,
861,Chenille,"Fabric
Chenille cotton 100",Cotton,"{""Cotton"": 100.0}",Fabric,manufacturer-style tag.txt,Backend/datasets/ibug_fabrics/Chenille/861,Cotton,ACCEPTED,,4,im_1; im_2; im_3; im_4,,
862,Chenille,"Fabric
Chenille cotton 100
",Cotton,"{""Cotton"": 100.0}",Fabric,manufacturer-style tag.txt,Backend/datasets/ibug_fabrics/Chenille/862,Cotton,ACCEPTED,,4,im_1; im_2; im_3; im_4,,
863,Chenille,"Fabric
Chenille cotton 100",Cotton,"{""Cotton"": 100.0}",Fabric,manufacturer-style tag.txt,Backend/datasets/ibug_fabrics/Chenille/863,Cotton,ACCEPTED,,4,im_1; im_2; im_3; im_4,,
864,Chenille,"Fabric
Chenille cotton 100",Cotton,"{""Cotton"": 100.0}",Fabric,manufacturer-style tag.txt,Backend/datasets/ibug_fabrics/Chenille/864,Cotton,ACCEPTED,,4,im_1; im_2; im_3; im_4,,
1226,Corduroy,"Pants
Cotton 84 Polyester 15 Elastane 1 Corduroy   
",Cotton; Elastane; Polyester,"{""Cotton"": 84.0, ""Polyester"": 15.0, ""Elastane"": 1.0}",Pants,manufacturer-style tag.txt,Backend/datasets/ibug_fabrics/Corduroy/1226,,REVIEW,MIXED_COMPOSITION_REVIEW,4,im_1; im_2; im_3; im_4,,
1227,Corduroy,"Pants
Cotton 84 Polyester 15 Elastane 1 Corduroy   
",Cotton; Elastane; Polyester,"{""Cotton"": 84.0, ""Polyester"": 15.0, ""Elastane"": 1.0}",Pants,manufacturer-style tag.txt,Backend/datasets/ibug_fabrics/Corduroy/1227,,REVIEW,MIXED_COMPOSITION_REVIEW,4,im_1; im_2; im_3; im_4,,
1228,Corduroy,"Pants
Cotton 84 Polyester 15 Elastane 1 Corduroy   
",Cotton; Elastane; Polyester,"{""Cotton"": 84.0, ""Polyester"": 15.0, ""Elastane"": 1.0}",Pants,manufacturer-style tag.txt,Backend/datasets/ibug_fabrics/Corduroy/1228,,REVIEW,MIXED_COMPOSITION_REVIEW,4,im_1; im_2; im_3; im_4,,
1229,Corduroy,"Pants
Cotton 84 Polyester 15 Elastane 1 Corduroy   
",Cotton; Elastane; Polyester,"{""Cotton"": 84.0, ""Polyester"": 15.0, ""Elastane"": 1.0}",Pants,manufacturer-style tag.txt,Backend/datasets/ibug_fabrics/Corduroy/1229,,REVIEW,MIXED_COMPOSITION_REVIEW,4,im_1; im_2; im_3; im_4,,
1230,Corduroy,"Pants
Cotton 84 Polyester 15 Elastane 1 Corduroy   
",Cotton; Elastane; Polyester,"{""Cotton"": 84.0, ""Polyester"": 15.0, ""Elastane"": 1.0}",Pants,manufacturer-style tag.txt,Backend/datasets/ibug_fabrics/Corduroy/1230,,REVIEW,MIXED_COMPOSITION_REVIEW,4,im_1; im_2; im_3; im_4,,
1231,Corduroy,"Pants
Cotton 84 Polyester 15 Elastane 1 Corduroy   
",Cotton; Elastane; Polyester,"{""Cotton"": 84.0, ""Polyester"": 15.0, ""Elastane"": 1.0}",Pants,manufacturer-style tag.txt,Backend/datasets/ibug_fabrics/Corduroy/1231,,REVIEW,MIXED_COMPOSITION_REVIEW,4,im_1; im_2; im_3; im_4,,
1232,Corduroy,"Pants
Cotton 84 Polyester 15 Elastane 1 Corduroy   
",Cotton; Elastane; Polyester,"{""Cotton"": 84.0, ""Polyester"": 15.0, ""Elastane"": 1.0}",Pants,manufacturer-style tag.txt,Backend/datasets/ibug_fabrics/Corduroy/1232,,REVIEW,MIXED_COMPOSITION_REVIEW,4,im_1; im_2; im_3; im_4,Corduroy/1232; Corduroy/1233,Corduroy/1232; Corduroy/1233
1233,Corduroy,"Pants
Cotton 84 Polyester 15 Elastane 1 Corduroy   
",Cotton; Elastane; Polyester,"{""Cotton"": 84.0, ""Polyester"": 15.0, ""Elastane"": 1.0}",Pants,manufacturer-style tag.txt,Backend/datasets/ibug_fabrics/Corduroy/1233,,REVIEW,MIXED_COMPOSITION_REVIEW,4,im_1; im_2; im_3; im_4,Corduroy/1232; Corduroy/1233,Corduroy/1232; Corduroy/1233
1356,Corduroy,"Pants
Cotton 98 Elastane 2 Corduroy   
",Cotton; Elastane,"{""Cotton"": 98.0, ""Elastane"": 2.0}",Pants,manufacturer-style tag.txt,Backend/datasets/ibug_fabrics/Corduroy/1356,,REVIEW,MIXED_COMPOSITION_REVIEW,4,im_1; im_2; im_3; im_4,,
1357,Corduroy,"Pants
Cotton 98 Elastane 2 Corduroy   
",Cotton; Elastane,"{""Cotton"": 98.0, ""Elastane"": 2.0}",Pants,manufacturer-style tag.txt,Backend/datasets/ibug_fabrics/Corduroy/1357,,REVIEW,MIXED_COMPOSITION_REVIEW,4,im_1; im_2; im_3; im_4,,
1358,Corduroy,"Pants
Cotton 98 Elastane 2 Corduroy   
",Cotton; Elastane,"{""Cotton"": 98.0, ""Elastane"": 2.0}",Pants,manufacturer-style tag.txt,Backend/datasets/ibug_fabrics/Corduroy/1358,,REVIEW,MIXED_COMPOSITION_REVIEW,4,im_1; im_2; im_3; im_4,,
1359,Corduroy,"Pants
Cotton 98 Elastane 2 Corduroy   
",Cotton; Elastane,"{""Cotton"": 98.0, ""Elastane"": 2.0}",Pants,manufacturer-style tag.txt,Backend/datasets/ibug_fabrics/Corduroy/1359,,REVIEW,MIXED_COMPOSITION_REVIEW,4,im_1; im_2; im_3; im_4,,
1371,Corduroy,"Pants
Cotton 100 Corduroy?
",Cotton,"{""Cotton"": 100.0}",Pants,manufacturer-style tag.txt,Backend/datasets/ibug_fabrics/Corduroy/1371,Cotton,ACCEPTED,,4,im_1; im_2; im_3; im_4,,
1372,Corduroy,"Pants
Cotton 100 Corduroy?
",Cotton,"{""Cotton"": 100.0}",Pants,manufacturer-style tag.txt,Backend/datasets/ibug_fabrics/Corduroy/1372,Cotton,ACCEPTED,,4,im_1; im_2; im_3; im_4,,
1762,Corduroy,"Pants
Cotton 100 Corduroy?
",Cotton,"{""Cotton"": 100.0}",Pants,manufacturer-style tag.txt,Backend/datasets/ibug_fabrics/Corduroy/1762,Cotton,ACCEPTED,,4,im_1; im_2; im_3; im_4,,
1763,Corduroy,"Pants
Cotton 100 Corduroy?
",Cotton,"{""Cotton"": 100.0}",Pants,manufacturer-style tag.txt,Backend/datasets/ibug_fabrics/Corduroy/1763,Cotton,ACCEPTED,,4,im_1; im_2; im_3; im_4,,
1764,Corduroy,"Pants
Cotton 100 Corduroy?
",Cotton,"{""Cotton"": 100.0}",Pants,manufacturer-style tag.txt,Backend/datasets/ibug_fabrics/Corduroy/1764,Cotton,ACCEPTED,,4,im_1; im_2; im_3; im_4,,
1765,Corduroy,"Pants
Cotton 100 Corduroy?
",Cotton,"{""Cotton"": 100.0}",Pants,manufacturer-style tag.txt,Backend/datasets/ibug_fabrics/Corduroy/1765,Cotton,ACCEPTED,,4,im_1; im_2; im_3; im_4,,
1791,Corduroy,"Shirt
Cotton 100 Corduroy?
",Cotton,"{""Cotton"": 100.0}",Shirt,manufacturer-style tag.txt,Backend/datasets/ibug_fabrics/Corduroy/1791,Cotton,ACCEPTED,,4,im_1; im_2; im_3; im_4,,
1792,Corduroy,"Shirt
Cotton 100 Corduroy?
",Cotton,"{""Cotton"": 100.0}",Shirt,manufacturer-style tag.txt,Backend/datasets/ibug_fabrics/Corduroy/1792,Cotton,ACCEPTED,,4,im_1; im_2; im_3; im_4,,
1793,Corduroy,"Shirt
Cotton 100 Corduroy?
",Cotton,"{""Cotton"": 100.0}",Shirt,manufacturer-style tag.txt,Backend/datasets/ibug_fabrics/Corduroy/1793,Cotton,ACCEPTED,,4,im_1; im_2; im_3; im_4,,
1794,Corduroy,"Shirt
Cotton 100 Corduroy?
",Cotton,"{""Cotton"": 100.0}",Shirt,manufacturer-style tag.txt,Backend/datasets/ibug_fabrics/Corduroy/1794,Cotton,ACCEPTED,,4,im_1; im_2; im_3; im_4,,
1816,Corduroy,"Shirt
Cotton 100 Corduroy",Cotton,"{""Cotton"": 100.0}",Shirt,manufacturer-style tag.txt,Backend/datasets/ibug_fabrics/Corduroy/1816,Cotton,ACCEPTED,,4,im_1; im_2; im_3; im_4,,
1817,Corduroy,"Shirt
Cotton 100 Corduroy
",Cotton,"{""Cotton"": 100.0}",Shirt,manufacturer-style tag.txt,Backend/datasets/ibug_fabrics/Corduroy/1817,Cotton,ACCEPTED,,4,im_1; im_2; im_3; im_4,,
10,Cotton,"Pants
Cotton 100
",Cotton,"{""Cotton"": 100.0}",Pants,manufacturer-style tag.txt,Backend/datasets/ibug_fabrics/Cotton/10,Cotton,ACCEPTED,,4,im_1; im_2; im_3; im_4,,
100,Cotton,"Shirt
Cotton 100
",Cotton,"{""Cotton"": 100.0}",Shirt,manufacturer-style tag.txt,Backend/datasets/ibug_fabrics/Cotton/100,Cotton,ACCEPTED,,4,im_1; im_2; im_3; im_4,,
101,Cotton,"Shirt
Cotton 100
",Cotton,"{""Cotton"": 100.0}",Shirt,manufacturer-style tag.txt,Backend/datasets/ibug_fabrics/Cotton/101,Cotton,ACCEPTED,,4,im_1; im_2; im_3; im_4,,
102,Cotton,"Shirt
Cotton 100
",Cotton,"{""Cotton"": 100.0}",Shirt,manufacturer-style tag.txt,Backend/datasets/ibug_fabrics/Cotton/102,Cotton,ACCEPTED,,4,im_1; im_2; im_3; im_4,,
105,Cotton,"Other
Cotton 100
",Cotton,"{""Cotton"": 100.0}",Other,manufacturer-style tag.txt,Backend/datasets/ibug_fabrics/Cotton/105,Cotton,ACCEPTED,,4,im_1; im_2; im_3; im_4,,
106,Cotton,"Other
Cotton 100
",Cotton,"{""Cotton"": 100.0}",Other,manufacturer-style tag.txt,Backend/datasets/ibug_fabrics/Cotton/106,Cotton,ACCEPTED,,4,im_1; im_2; im_3; im_4,,
1099,Cotton,"Blouse
Cotton 100
",Cotton,"{""Cotton"": 100.0}",Blouse,manufacturer-style tag.txt,Backend/datasets/ibug_fabrics/Cotton/1099,Cotton,ACCEPTED,,4,im_1; im_2; im_3; im_4,,
11,Cotton,"Shirt
Cotton 100
",Cotton,"{""Cotton"": 100.0}",Shirt,manufacturer-style tag.txt,Backend/datasets/ibug_fabrics/Cotton/11,Cotton,ACCEPTED,,4,im_1; im_2; im_3; im_4,,
1100,Cotton,"Blouse
Cotton 100
",Cotton,"{""Cotton"": 100.0}",Blouse,manufacturer-style tag.txt,Backend/datasets/ibug_fabrics/Cotton/1100,Cotton,ACCEPTED,,4,im_1; im_2; im_3; im_4,,
1101,Cotton,"Blouse
Cotton 100
",Cotton,"{""Cotton"": 100.0}",Blouse,manufacturer-style tag.txt,Backend/datasets/ibug_fabrics/Cotton/1101,Cotton,ACCEPTED,,4,im_1; im_2; im_3; im_4,,
1107,Cotton,"Blouse
Cotton 100
",Cotton,"{""Cotton"": 100.0}",Blouse,manufacturer-style tag.txt,Backend/datasets/ibug_fabrics/Cotton/1107,Cotton,ACCEPTED,,4,im_1; im_2; im_3; im_4,,
1108,Cotton,"Blouse
Cotton 100
",Cotton,"{""Cotton"": 100.0}",Blouse,manufacturer-style tag.txt,Backend/datasets/ibug_fabrics/Cotton/1108,Cotton,ACCEPTED,,4,im_1; im_2; im_3; im_4,,
1109,Cotton,"Blouse
Cotton 100
",Cotton,"{""Cotton"": 100.0}",Blouse,manufacturer-style tag.txt,Backend/datasets/ibug_fabrics/Cotton/1109,Cotton,ACCEPTED,,4,im_1; im_2; im_3; im_4,,
111,Cotton,"Pants
Cotton 96 Elastane 4
",Cotton; Elastane,"{""Cotton"": 96.0, ""Elastane"": 4.0}",Pants,manufacturer-style tag.txt,Backend/datasets/ibug_fabrics/Cotton/111,,REVIEW,MIXED_COMPOSITION_REVIEW,4,im_1; im_2; im_3; im_4,,
1110,Cotton,"Blouse
Cotton 100
",Cotton,"{""Cotton"": 100.0}",Blouse,manufacturer-style tag.txt,Backend/datasets/ibug_fabrics/Cotton/1110,Cotton,ACCEPTED,,4,im_1; im_2; im_3; im_4,,
112,Cotton,"Pants
Cotton 96 Elastane 4
",Cotton; Elastane,"{""Cotton"": 96.0, ""Elastane"": 4.0}",Pants,manufacturer-style tag.txt,Backend/datasets/ibug_fabrics/Cotton/112,,REVIEW,MIXED_COMPOSITION_REVIEW,4,im_1; im_2; im_3; im_4,,
1121,Cotton,"T-shirt
Cotton 100",Cotton,"{""Cotton"": 100.0}",T-shirt,manufacturer-style tag.txt,Backend/datasets/ibug_fabrics/Cotton/1121,Cotton,ACCEPTED,,4,im_1; im_2; im_3; im_4,,
1122,Cotton,"T-shirt
Cotton 100",Cotton,"{""Cotton"": 100.0}",T-shirt,manufacturer-style tag.txt,Backend/datasets/ibug_fabrics/Cotton/1122,Cotton,ACCEPTED,,4,im_1; im_2; im_3; im_4,,
1123,Cotton,"Shirt
Cotton 100
",Cotton,"{""Cotton"": 100.0}",Shirt,manufacturer-style tag.txt,Backend/datasets/ibug_fabrics/Cotton/1123,Cotton,ACCEPTED,,4,im_1; im_2; im_3; im_4,,
1124,Cotton,"Shirt
Cotton 100
",Cotton,"{""Cotton"": 100.0}",Shirt,manufacturer-style tag.txt,Backend/datasets/ibug_fabrics/Cotton/1124,Cotton,ACCEPTED,,4,im_1; im_2; im_3; im_4,,
1125,Cotton,"Pants
Cotton 100
",Cotton,"{""Cotton"": 100.0}",Pants,manufacturer-style tag.txt,Backend/datasets/ibug_fabrics/Cotton/1125,Cotton,ACCEPTED,,4,im_1; im_2; im_3; im_4,,
1126,Cotton,"Pants
Cotton 100
",Cotton,"{""Cotton"": 100.0}",Pants,manufacturer-style tag.txt,Backend/datasets/ibug_fabrics/Cotton/1126,Cotton,ACCEPTED,,4,im_1; im_2; im_3; im_4,,
1127,Cotton,"Pants
Cotton 100
",Cotton,"{""Cotton"": 100.0}",Pants,manufacturer-style tag.txt,Backend/datasets/ibug_fabrics/Cotton/1127,Cotton,ACCEPTED,,4,im_1; im_2; im_3; im_4,,
1128,Cotton,"T-shirt
Cotton 100
",Cotton,"{""Cotton"": 100.0}",T-shirt,manufacturer-style tag.txt,Backend/datasets/ibug_fabrics/Cotton/1128,Cotton,ACCEPTED,,4,im_1; im_2; im_3; im_4,,
1129,Cotton,"T-shirt
Cotton 100
",Cotton,"{""Cotton"": 100.0}",T-shirt,manufacturer-style tag.txt,Backend/datasets/ibug_fabrics/Cotton/1129,Cotton,ACCEPTED,,4,im_1; im_2; im_3; im_4,,
113,Cotton,"T-shirt
Cotton 100
",Cotton,"{""Cotton"": 100.0}",T-shirt,manufacturer-style tag.txt,Backend/datasets/ibug_fabrics/Cotton/113,Cotton,ACCEPTED,,4,im_1; im_2; im_3; im_4,,
114,Cotton,"T-shirt
Cotton 100
",Cotton,"{""Cotton"": 100.0}",T-shirt,manufacturer-style tag.txt,Backend/datasets/ibug_fabrics/Cotton/114,Cotton,ACCEPTED,,4,im_1; im_2; im_3; im_4,,
1141,Cotton,"Pants
Cotton 98 Elastane 2
",Cotton; Elastane,"{""Cotton"": 98.0, ""Elastane"": 2.0}",Pants,manufacturer-style tag.txt,Backend/datasets/ibug_fabrics/Cotton/1141,,REVIEW,MIXED_COMPOSITION_REVIEW,4,im_1; im_2; im_3; im_4,,
1142,Cotton,"Pants
Cotton 98 Elastane 2",Cotton; Elastane,"{""Cotton"": 98.0, ""Elastane"": 2.0}",Pants,manufacturer-style tag.txt,Backend/datasets/ibug_fabrics/Cotton/1142,,REVIEW,MIXED_COMPOSITION_REVIEW,4,im_1; im_2; im_3; im_4,,
1143,Cotton,"Blouse
Cotton 100
",Cotton,"{""Cotton"": 100.0}",Blouse,manufacturer-style tag.txt,Backend/datasets/ibug_fabrics/Cotton/1143,Cotton,ACCEPTED,,4,im_1; im_2; im_3; im_4,,
1144,Cotton,"Blouse
Cotton 100
",Cotton,"{""Cotton"": 100.0}",Blouse,manufacturer-style tag.txt,Backend/datasets/ibug_fabrics/Cotton/1144,Cotton,ACCEPTED,,4,im_1; im_2; im_3; im_4,,
1145,Cotton,"Blouse
Cotton 100
",Cotton,"{""Cotton"": 100.0}",Blouse,manufacturer-style tag.txt,Backend/datasets/ibug_fabrics/Cotton/1145,Cotton,ACCEPTED,,4,im_1; im_2; im_3; im_4,,
1146,Cotton,"Blouse
Cotton 100
",Cotton,"{""Cotton"": 100.0}",Blouse,manufacturer-style tag.txt,Backend/datasets/ibug_fabrics/Cotton/1146,Cotton,ACCEPTED,,4,im_1; im_2; im_3; im_4,,
1147,Cotton,"Blouse
Cotton 100
",Cotton,"{""Cotton"": 100.0}",Blouse,manufacturer-style tag.txt,Backend/datasets/ibug_fabrics/Cotton/1147,Cotton,ACCEPTED,,4,im_1; im_2; im_3; im_4,,
1148,Cotton,"Blouse
Cotton 100
",Cotton,"{""Cotton"": 100.0}",Blouse,manufacturer-style tag.txt,Backend/datasets/ibug_fabrics/Cotton/1148,Cotton,ACCEPTED,,4,im_1; im_2; im_3; im_4,,
1149,Cotton,"Shirt
Cotton 100
",Cotton,"{""Cotton"": 100.0}",Shirt,manufacturer-style tag.txt,Backend/datasets/ibug_fabrics/Cotton/1149,Cotton,ACCEPTED,,4,im_1; im_2; im_3; im_4,,
1150,Cotton,"Shirt
Cotton 100
",Cotton,"{""Cotton"": 100.0}",Shirt,manufacturer-style tag.txt,Backend/datasets/ibug_fabrics/Cotton/1150,Cotton,ACCEPTED,,4,im_1; im_2; im_3; im_4,,
1151,Cotton,"T-shirt
Cotton 100
",Cotton,"{""Cotton"": 100.0}",T-shirt,manufacturer-style tag.txt,Backend/datasets/ibug_fabrics/Cotton/1151,Cotton,ACCEPTED,,4,im_1; im_2; im_3; im_4,,
1152,Cotton,"T-shirt
Cotton 100
",Cotton,"{""Cotton"": 100.0}",T-shirt,manufacturer-style tag.txt,Backend/datasets/ibug_fabrics/Cotton/1152,Cotton,ACCEPTED,,4,im_1; im_2; im_3; im_4,,
1153,Cotton,"T-shirt
Cotton 100
",Cotton,"{""Cotton"": 100.0}",T-shirt,manufacturer-style tag.txt,Backend/datasets/ibug_fabrics/Cotton/1153,Cotton,ACCEPTED,,4,im_1; im_2; im_3; im_4,,
1154,Cotton,"T-shirt
Cotton 100
",Cotton,"{""Cotton"": 100.0}",T-shirt,manufacturer-style tag.txt,Backend/datasets/ibug_fabrics/Cotton/1154,Cotton,ACCEPTED,,4,im_1; im_2; im_3; im_4,,
1155,Cotton,"T-shirt
Cotton 100
",Cotton,"{""Cotton"": 100.0}",T-shirt,manufacturer-style tag.txt,Backend/datasets/ibug_fabrics/Cotton/1155,Cotton,ACCEPTED,,4,im_1; im_2; im_3; im_4,,
1156,Cotton,"T-shirt
Cotton 100
",Cotton,"{""Cotton"": 100.0}",T-shirt,manufacturer-style tag.txt,Backend/datasets/ibug_fabrics/Cotton/1156,Cotton,ACCEPTED,,4,im_1; im_2; im_3; im_4,,
1157,Cotton,"T-shirt
Cotton 100
",Cotton,"{""Cotton"": 100.0}",T-shirt,manufacturer-style tag.txt,Backend/datasets/ibug_fabrics/Cotton/1157,Cotton,ACCEPTED,,4,im_1; im_2; im_3; im_4,,
1158,Cotton,"T-shirt
Cotton 100
",Cotton,"{""Cotton"": 100.0}",T-shirt,manufacturer-style tag.txt,Backend/datasets/ibug_fabrics/Cotton/1158,Cotton,ACCEPTED,,4,im_1; im_2; im_3; im_4,,
1159,Cotton,"T-shirt
Cotton 100
",Cotton,"{""Cotton"": 100.0}",T-shirt,manufacturer-style tag.txt,Backend/datasets/ibug_fabrics/Cotton/1159,Cotton,ACCEPTED,,4,im_1; im_2; im_3; im_4,,
1160,Cotton,"T-shirt
Cotton 100
",Cotton,"{""Cotton"": 100.0}",T-shirt,manufacturer-style tag.txt,Backend/datasets/ibug_fabrics/Cotton/1160,Cotton,ACCEPTED,,4,im_1; im_2; im_3; im_4,,
1161,Cotton,"T-shirt
Cotton 100
",Cotton,"{""Cotton"": 100.0}",T-shirt,manufacturer-style tag.txt,Backend/datasets/ibug_fabrics/Cotton/1161,Cotton,ACCEPTED,,4,im_1; im_2; im_3; im_4,,
1162,Cotton,"T-shirt
Cotton 100
",Cotton,"{""Cotton"": 100.0}",T-shirt,manufacturer-style tag.txt,Backend/datasets/ibug_fabrics/Cotton/1162,Cotton,ACCEPTED,,4,im_1; im_2; im_3; im_4,,
1163,Cotton,"T-shirt
Cotton 100
",Cotton,"{""Cotton"": 100.0}",T-shirt,manufacturer-style tag.txt,Backend/datasets/ibug_fabrics/Cotton/1163,Cotton,ACCEPTED,,4,im_1; im_2; im_3; im_4,,
1164,Cotton,"T-shirt
Cotton 100
",Cotton,"{""Cotton"": 100.0}",T-shirt,manufacturer-style tag.txt,Backend/datasets/ibug_fabrics/Cotton/1164,Cotton,ACCEPTED,,4,im_1; im_2; im_3; im_4,,
1165,Cotton,"T-shirt
Cotton 100
",Cotton,"{""Cotton"": 100.0}",T-shirt,manufacturer-style tag.txt,Backend/datasets/ibug_fabrics/Cotton/1165,Cotton,ACCEPTED,,4,im_1; im_2; im_3; im_4,,
1166,Cotton,"T-shirt
Cotton 100
",Cotton,"{""Cotton"": 100.0}",T-shirt,manufacturer-style tag.txt,Backend/datasets/ibug_fabrics/Cotton/1166,Cotton,ACCEPTED,,4,im_1; im_2; im_3; im_4,,
1167,Cotton,"T-shirt
Cotton 100
",Cotton,"{""Cotton"": 100.0}",T-shirt,manufacturer-style tag.txt,Backend/datasets/ibug_fabrics/Cotton/1167,Cotton,ACCEPTED,,4,im_1; im_2; im_3; im_4,,
1168,Cotton,"T-shirt
Cotton 100
",Cotton,"{""Cotton"": 100.0}",T-shirt,manufacturer-style tag.txt,Backend/datasets/ibug_fabrics/Cotton/1168,Cotton,ACCEPTED,,4,im_1; im_2; im_3; im_4,,
1169,Cotton,"T-shirt
Cotton 100
",Cotton,"{""Cotton"": 100.0}",T-shirt,manufacturer-style tag.txt,Backend/datasets/ibug_fabrics/Cotton/1169,Cotton,ACCEPTED,,4,im_1; im_2; im_3; im_4,,
1170,Cotton,"T-shirt
Cotton 100
",Cotton,"{""Cotton"": 100.0}",T-shirt,manufacturer-style tag.txt,Backend/datasets/ibug_fabrics/Cotton/1170,Cotton,ACCEPTED,,4,im_1; im_2; im_3; im_4,,
1171,Cotton,"T-shirt
Cotton 100
",Cotton,"{""Cotton"": 100.0}",T-shirt,manufacturer-style tag.txt,Backend/datasets/ibug_fabrics/Cotton/1171,Cotton,ACCEPTED,,4,im_1; im_2; im_3; im_4,,
1172,Cotton,"T-shirt
Cotton 100
",Cotton,"{""Cotton"": 100.0}",T-shirt,manufacturer-style tag.txt,Backend/datasets/ibug_fabrics/Cotton/1172,Cotton,ACCEPTED,,4,im_1; im_2; im_3; im_4,,
1179,Cotton,"Pants
Cotton 98 Elastane 2
",Cotton; Elastane,"{""Cotton"": 98.0, ""Elastane"": 2.0}",Pants,manufacturer-style tag.txt,Backend/datasets/ibug_fabrics/Cotton/1179,,REVIEW,MIXED_COMPOSITION_REVIEW,4,im_1; im_2; im_3; im_4,,
1180,Cotton,"Pants
Cotton 98 Elastane 2
",Cotton; Elastane,"{""Cotton"": 98.0, ""Elastane"": 2.0}",Pants,manufacturer-style tag.txt,Backend/datasets/ibug_fabrics/Cotton/1180,,REVIEW,MIXED_COMPOSITION_REVIEW,4,im_1; im_2; im_3; im_4,,
1181,Cotton,"Pants
Cotton 98 Elastane 2
",Cotton; Elastane,"{""Cotton"": 98.0, ""Elastane"": 2.0}",Pants,manufacturer-style tag.txt,Backend/datasets/ibug_fabrics/Cotton/1181,,REVIEW,MIXED_COMPOSITION_REVIEW,4,im_1; im_2; im_3; im_4,,
1182,Cotton,"Pants
Cotton 99 Elastane 1
",Cotton; Elastane,"{""Cotton"": 99.0, ""Elastane"": 1.0}",Pants,manufacturer-style tag.txt,Backend/datasets/ibug_fabrics/Cotton/1182,,REVIEW,MIXED_COMPOSITION_REVIEW,4,im_1; im_2; im_3; im_4,,
1183,Cotton,"Pants
Cotton 99 Elastane 1
",Cotton; Elastane,"{""Cotton"": 99.0, ""Elastane"": 1.0}",Pants,manufacturer-style tag.txt,Backend/datasets/ibug_fabrics/Cotton/1183,,REVIEW,MIXED_COMPOSITION_REVIEW,4,im_1; im_2; im_3; im_4,,
1184,Cotton,"Blouse
Cotton 100
",Cotton,"{""Cotton"": 100.0}",Blouse,manufacturer-style tag.txt,Backend/datasets/ibug_fabrics/Cotton/1184,Cotton,ACCEPTED,,4,im_1; im_2; im_3; im_4,,
1185,Cotton,"Blouse
Cotton 100
",Cotton,"{""Cotton"": 100.0}",Blouse,manufacturer-style tag.txt,Backend/datasets/ibug_fabrics/Cotton/1185,Cotton,ACCEPTED,,4,im_1; im_2; im_3; im_4,,
1188,Cotton,"Pants
Cotton 98 Elastane 2
",Cotton; Elastane,"{""Cotton"": 98.0, ""Elastane"": 2.0}",Pants,manufacturer-style tag.txt,Backend/datasets/ibug_fabrics/Cotton/1188,,REVIEW,MIXED_COMPOSITION_REVIEW,4,im_1; im_2; im_3; im_4,,
1193,Cotton,"T-shirt
Cotton 100
",Cotton,"{""Cotton"": 100.0}",T-shirt,manufacturer-style tag.txt,Backend/datasets/ibug_fabrics/Cotton/1193,Cotton,ACCEPTED,,4,im_1; im_2; im_3; im_4,,
1194,Cotton,"T-shirt
Cotton 100
",Cotton,"{""Cotton"": 100.0}",T-shirt,manufacturer-style tag.txt,Backend/datasets/ibug_fabrics/Cotton/1194,Cotton,ACCEPTED,,4,im_1; im_2; im_3; im_4,,
1195,Cotton,"T-shirt
Cotton 100
",Cotton,"{""Cotton"": 100.0}",T-shirt,manufacturer-style tag.txt,Backend/datasets/ibug_fabrics/Cotton/1195,Cotton,ACCEPTED,,4,im_1; im_2; im_3; im_4,,
1196,Cotton,"T-shirt
Cotton 100
",Cotton,"{""Cotton"": 100.0}",T-shirt,manufacturer-style tag.txt,Backend/datasets/ibug_fabrics/Cotton/1196,Cotton,ACCEPTED,,4,im_1; im_2; im_3; im_4,,
1197,Cotton,"Pants
Cotton 98 Elastane 2
",Cotton; Elastane,"{""Cotton"": 98.0, ""Elastane"": 2.0}",Pants,manufacturer-style tag.txt,Backend/datasets/ibug_fabrics/Cotton/1197,,REVIEW,MIXED_COMPOSITION_REVIEW,4,im_1; im_2; im_3; im_4,,
1198,Cotton,"Pants
Cotton 98 Elastane 2
",Cotton; Elastane,"{""Cotton"": 98.0, ""Elastane"": 2.0}",Pants,manufacturer-style tag.txt,Backend/datasets/ibug_fabrics/Cotton/1198,,REVIEW,MIXED_COMPOSITION_REVIEW,4,im_1; im_2; im_3; im_4,,
1199,Cotton,"Pants
Cotton 98 Elastane 2
",Cotton; Elastane,"{""Cotton"": 98.0, ""Elastane"": 2.0}",Pants,manufacturer-style tag.txt,Backend/datasets/ibug_fabrics/Cotton/1199,,REVIEW,MIXED_COMPOSITION_REVIEW,4,im_1; im_2; im_3; im_4,,
120,Cotton,"T-shirt
Cotton 100
",Cotton,"{""Cotton"": 100.0}",T-shirt,manufacturer-style tag.txt,Backend/datasets/ibug_fabrics/Cotton/120,Cotton,ACCEPTED,,4,im_1; im_2; im_3; im_4,,
1200,Cotton,"Pants
Cotton 92 Polyester 6 Elastane 2
",Cotton; Elastane; Polyester,"{""Cotton"": 92.0, ""Polyester"": 6.0, ""Elastane"": 2.0}",Pants,manufacturer-style tag.txt,Backend/datasets/ibug_fabrics/Cotton/1200,,REVIEW,MIXED_COMPOSITION_REVIEW,4,im_1; im_2; im_3; im_4,,
1201,Cotton,"Pants
Cotton 92 Polyester 6 Elastane 2
",Cotton; Elastane; Polyester,"{""Cotton"": 92.0, ""Polyester"": 6.0, ""Elastane"": 2.0}",Pants,manufacturer-style tag.txt,Backend/datasets/ibug_fabrics/Cotton/1201,,REVIEW,MIXED_COMPOSITION_REVIEW,4,im_1; im_2; im_3; im_4,,
1202,Cotton,"Pants
Cotton 92 Polyester 6 Elastane 2
",Cotton; Elastane; Polyester,"{""Cotton"": 92.0, ""Polyester"": 6.0, ""Elastane"": 2.0}",Pants,manufacturer-style tag.txt,Backend/datasets/ibug_fabrics/Cotton/1202,,REVIEW,MIXED_COMPOSITION_REVIEW,4,im_1; im_2; im_3; im_4,,
121,Cotton,"T-shirt
Cotton 100
",Cotton,"{""Cotton"": 100.0}",T-shirt,manufacturer-style tag.txt,Backend/datasets/ibug_fabrics/Cotton/121,Cotton,ACCEPTED,,4,im_1; im_2; im_3; im_4,,
1210,Cotton,"Other
Cotton 100 scarf   
",Cotton,"{""Cotton"": 100.0}",Other,manufacturer-style tag.txt,Backend/datasets/ibug_fabrics/Cotton/1210,Cotton,ACCEPTED,,4,im_1; im_2; im_3; im_4,,
1211,Cotton,"Other
Cotton 100 scarf   
",Cotton,"{""Cotton"": 100.0}",Other,manufacturer-style tag.txt,Backend/datasets/ibug_fabrics/Cotton/1211,Cotton,ACCEPTED,,4,im_1; im_2; im_3; im_4,,
1212,Cotton,"Other
Cotton 100 scarf   
",Cotton,"{""Cotton"": 100.0}",Other,manufacturer-style tag.txt,Backend/datasets/ibug_fabrics/Cotton/1212,Cotton,ACCEPTED,,4,im_1; im_2; im_3; im_4,,
1213,Cotton,"Other
Cotton 100 scarf   
",Cotton,"{""Cotton"": 100.0}",Other,manufacturer-style tag.txt,Backend/datasets/ibug_fabrics/Cotton/1213,Cotton,ACCEPTED,,4,im_1; im_2; im_3; im_4,,
1216,Cotton,"Jacket
Cotton 100
",Cotton,"{""Cotton"": 100.0}",Jacket,manufacturer-style tag.txt,Backend/datasets/ibug_fabrics/Cotton/1216,Cotton,ACCEPTED,,4,im_1; im_2; im_3; im_4,,
1217,Cotton,"Jacket
Cotton 100
",Cotton,"{""Cotton"": 100.0}",Jacket,manufacturer-style tag.txt,Backend/datasets/ibug_fabrics/Cotton/1217,Cotton,ACCEPTED,,4,im_1; im_2; im_3; im_4,,
1218,Cotton,"Jacket
Cotton 100
",Cotton,"{""Cotton"": 100.0}",Jacket,manufacturer-style tag.txt,Backend/datasets/ibug_fabrics/Cotton/1218,Cotton,ACCEPTED,,4,im_1; im_2; im_3; im_4,,
1219,Cotton,"Jacket
Cotton 100
",Cotton,"{""Cotton"": 100.0}",Jacket,manufacturer-style tag.txt,Backend/datasets/ibug_fabrics/Cotton/1219,Cotton,ACCEPTED,,4,im_1; im_2; im_3; im_4,,
122,Cotton,"T-shirt
Cotton 100
",Cotton,"{""Cotton"": 100.0}",T-shirt,manufacturer-style tag.txt,Backend/datasets/ibug_fabrics/Cotton/122,Cotton,ACCEPTED,,4,im_1; im_2; im_3; im_4,,
1220,Cotton,"Pants
Cotton 92 Polyester 6 Elastane 2
",Cotton; Elastane; Polyester,"{""Cotton"": 92.0, ""Polyester"": 6.0, ""Elastane"": 2.0}",Pants,manufacturer-style tag.txt,Backend/datasets/ibug_fabrics/Cotton/1220,,REVIEW,MIXED_COMPOSITION_REVIEW,4,im_1; im_2; im_3; im_4,,
1221,Cotton,"Pants
Cotton 92 Polyester 6 Elastane 2
",Cotton; Elastane; Polyester,"{""Cotton"": 92.0, ""Polyester"": 6.0, ""Elastane"": 2.0}",Pants,manufacturer-style tag.txt,Backend/datasets/ibug_fabrics/Cotton/1221,,REVIEW,MIXED_COMPOSITION_REVIEW,4,im_1; im_2; im_3; im_4,,
1222,Cotton,"Pants
Cotton 92 Polyester 6 Elastane 2
",Cotton; Elastane; Polyester,"{""Cotton"": 92.0, ""Polyester"": 6.0, ""Elastane"": 2.0}",Pants,manufacturer-style tag.txt,Backend/datasets/ibug_fabrics/Cotton/1222,,REVIEW,MIXED_COMPOSITION_REVIEW,4,im_1; im_2; im_3; im_4,,
1223,Cotton,"Pants
Cotton 92 Polyester 6 Elastane 2
",Cotton; Elastane; Polyester,"{""Cotton"": 92.0, ""Polyester"": 6.0, ""Elastane"": 2.0}",Pants,manufacturer-style tag.txt,Backend/datasets/ibug_fabrics/Cotton/1223,,REVIEW,MIXED_COMPOSITION_REVIEW,4,im_1; im_2; im_3; im_4,,
1224,Cotton,"Pants
Cotton 92 Polyester 6 Elastane 2
",Cotton; Elastane; Polyester,"{""Cotton"": 92.0, ""Polyester"": 6.0, ""Elastane"": 2.0}",Pants,manufacturer-style tag.txt,Backend/datasets/ibug_fabrics/Cotton/1224,,REVIEW,MIXED_COMPOSITION_REVIEW,4,im_1; im_2; im_3; im_4,Cotton/1224; Cotton/1225,Cotton/1224; Cotton/1225
1225,Cotton,"Pants
Cotton 92 Polyester 6 Elastane 2
",Cotton; Elastane; Polyester,"{""Cotton"": 92.0, ""Polyester"": 6.0, ""Elastane"": 2.0}",Pants,manufacturer-style tag.txt,Backend/datasets/ibug_fabrics/Cotton/1225,,REVIEW,MIXED_COMPOSITION_REVIEW,4,im_1; im_2; im_3; im_4,Cotton/1224; Cotton/1225,Cotton/1224; Cotton/1225
123,Cotton,"T-shirt
Cotton 100
",Cotton,"{""Cotton"": 100.0}",T-shirt,manufacturer-style tag.txt,Backend/datasets/ibug_fabrics/Cotton/123,Cotton,ACCEPTED,,4,im_1; im_2; im_3; im_4,,
1236,Cotton,"Shirt
Cotton 100 
",Cotton,"{""Cotton"": 100.0}",Shirt,manufacturer-style tag.txt,Backend/datasets/ibug_fabrics/Cotton/1236,Cotton,ACCEPTED,,4,im_1; im_2; im_3; im_4,,
1237,Cotton,"Shirt
Cotton 100
",Cotton,"{""Cotton"": 100.0}",Shirt,manufacturer-style tag.txt,Backend/datasets/ibug_fabrics/Cotton/1237,Cotton,ACCEPTED,,4,im_1; im_2; im_3; im_4,,
1238,Cotton,"Shirt
Cotton 100
",Cotton,"{""Cotton"": 100.0}",Shirt,manufacturer-style tag.txt,Backend/datasets/ibug_fabrics/Cotton/1238,Cotton,ACCEPTED,,4,im_1; im_2; im_3; im_4,,
1239,Cotton,"Shirt
Cotton 100
",Cotton,"{""Cotton"": 100.0}",Shirt,manufacturer-style tag.txt,Backend/datasets/ibug_fabrics/Cotton/1239,Cotton,ACCEPTED,,4,im_1; im_2; im_3; im_4,,
124,Cotton,"T-shirt
Cotton 100
",Cotton,"{""Cotton"": 100.0}",T-shirt,manufacturer-style tag.txt,Backend/datasets/ibug_fabrics/Cotton/124,Cotton,ACCEPTED,,4,im_1; im_2; im_3; im_4,,
1240,Cotton,"Shirt
Cotton 100
",Cotton,"{""Cotton"": 100.0}",Shirt,manufacturer-style tag.txt,Backend/datasets/ibug_fabrics/Cotton/1240,Cotton,ACCEPTED,,4,im_1; im_2; im_3; im_4,,
1241,Cotton,"Shirt
Cotton 100
",Cotton,"{""Cotton"": 100.0}",Shirt,manufacturer-style tag.txt,Backend/datasets/ibug_fabrics/Cotton/1241,Cotton,ACCEPTED,,4,im_1; im_2; im_3; im_4,,
1242,Cotton,"T-shirt
Cotton 100
",Cotton,"{""Cotton"": 100.0}",T-shirt,manufacturer-style tag.txt,Backend/datasets/ibug_fabrics/Cotton/1242,Cotton,ACCEPTED,,4,im_1; im_2; im_3; im_4,,
1243,Cotton,"T-shirt
Cotton 100
",Cotton,"{""Cotton"": 100.0}",T-shirt,manufacturer-style tag.txt,Backend/datasets/ibug_fabrics/Cotton/1243,Cotton,ACCEPTED,,4,im_1; im_2; im_3; im_4,,
1244,Cotton,"T-shirt
Cotton 100
",Cotton,"{""Cotton"": 100.0}",T-shirt,manufacturer-style tag.txt,Backend/datasets/ibug_fabrics/Cotton/1244,Cotton,ACCEPTED,,4,im_1; im_2; im_3; im_4,,
1245,Cotton,"T-shirt
Cotton 100
",Cotton,"{""Cotton"": 100.0}",T-shirt,manufacturer-style tag.txt,Backend/datasets/ibug_fabrics/Cotton/1245,Cotton,ACCEPTED,,4,im_1; im_2; im_3; im_4,,
125,Cotton,"T-shirt
Cotton 100
",Cotton,"{""Cotton"": 100.0}",T-shirt,manufacturer-style tag.txt,Backend/datasets/ibug_fabrics/Cotton/125,Cotton,ACCEPTED,,4,im_1; im_2; im_3; im_4,,
1261,Cotton,"Pants
Cotton 98 Elastane 2
",Cotton; Elastane,"{""Cotton"": 98.0, ""Elastane"": 2.0}",Pants,manufacturer-style tag.txt,Backend/datasets/ibug_fabrics/Cotton/1261,,REVIEW,MIXED_COMPOSITION_REVIEW,4,im_1; im_2; im_3; im_4,,
1262,Cotton,"Pants
Cotton 98 Elastane 2
",Cotton; Elastane,"{""Cotton"": 98.0, ""Elastane"": 2.0}",Pants,manufacturer-style tag.txt,Backend/datasets/ibug_fabrics/Cotton/1262,,REVIEW,MIXED_COMPOSITION_REVIEW,4,im_1; im_2; im_3; im_4,,
1270,Cotton,"Blouse
Cotton 100
",Cotton,"{""Cotton"": 100.0}",Blouse,manufacturer-style tag.txt,Backend/datasets/ibug_fabrics/Cotton/1270,Cotton,ACCEPTED,,4,im_1; im_2; im_3; im_4,,
1271,Cotton,"Blouse
Cotton 100
",Cotton,"{""Cotton"": 100.0}",Blouse,manufacturer-style tag.txt,Backend/datasets/ibug_fabrics/Cotton/1271,Cotton,ACCEPTED,,4,im_1; im_2; im_3; im_4,,
1272,Cotton,"Jacket
Cotton 100
",Cotton,"{""Cotton"": 100.0}",Jacket,manufacturer-style tag.txt,Backend/datasets/ibug_fabrics/Cotton/1272,Cotton,ACCEPTED,,4,im_1; im_2; im_3; im_4,,
1273,Cotton,"Jacket
Cotton 100
",Cotton,"{""Cotton"": 100.0}",Jacket,manufacturer-style tag.txt,Backend/datasets/ibug_fabrics/Cotton/1273,Cotton,ACCEPTED,,4,im_1; im_2; im_3; im_4,,
1274,Cotton,"Other
Cotton 100 lining   
",Cotton,"{""Cotton"": 100.0}",Other,manufacturer-style tag.txt,Backend/datasets/ibug_fabrics/Cotton/1274,Cotton,ACCEPTED,,4,im_1; im_2; im_3; im_4,,
1275,Cotton,"Other
Cotton 100 lining   
",Cotton,"{""Cotton"": 100.0}",Other,manufacturer-style tag.txt,Backend/datasets/ibug_fabrics/Cotton/1275,Cotton,ACCEPTED,,4,im_1; im_2; im_3; im_4,,
1280,Cotton,"Shirt
Cotton 100
",Cotton,"{""Cotton"": 100.0}",Shirt,manufacturer-style tag.txt,Backend/datasets/ibug_fabrics/Cotton/1280,Cotton,ACCEPTED,,4,im_1; im_2; im_3; im_4,,
1281,Cotton,"Shirt
Cotton 100
",Cotton,"{""Cotton"": 100.0}",Shirt,manufacturer-style tag.txt,Backend/datasets/ibug_fabrics/Cotton/1281,Cotton,ACCEPTED,,4,im_1; im_2; im_3; im_4,,
1282,Cotton,"Shirt
Cotton 100
",Cotton,"{""Cotton"": 100.0}",Shirt,manufacturer-style tag.txt,Backend/datasets/ibug_fabrics/Cotton/1282,Cotton,ACCEPTED,,4,im_1; im_2; im_3; im_4,,
1283,Cotton,"Shirt
Cotton 100
",Cotton,"{""Cotton"": 100.0}",Shirt,manufacturer-style tag.txt,Backend/datasets/ibug_fabrics/Cotton/1283,Cotton,ACCEPTED,,4,im_1; im_2; im_3; im_4,,
1284,Cotton,"Shirt
Cotton 100
",Cotton,"{""Cotton"": 100.0}",Shirt,manufacturer-style tag.txt,Backend/datasets/ibug_fabrics/Cotton/1284,Cotton,ACCEPTED,,4,im_1; im_2; im_3; im_4,,
1285,Cotton,"Shirt
Cotton 100
",Cotton,"{""Cotton"": 100.0}",Shirt,manufacturer-style tag.txt,Backend/datasets/ibug_fabrics/Cotton/1285,Cotton,ACCEPTED,,4,im_1; im_2; im_3; im_4,,
1290,Cotton,"Shorts
Cotton 100
",Cotton,"{""Cotton"": 100.0}",Shorts,manufacturer-style tag.txt,Backend/datasets/ibug_fabrics/Cotton/1290,Cotton,ACCEPTED,,4,im_1; im_2; im_3; im_4,,
1291,Cotton,"Shorts
Cotton 100
",Cotton,"{""Cotton"": 100.0}",Shorts,manufacturer-style tag.txt,Backend/datasets/ibug_fabrics/Cotton/1291,Cotton,ACCEPTED,,4,im_1; im_2; im_3; im_4,,
1292,Cotton,"Shirt
Cotton 100
",Cotton,"{""Cotton"": 100.0}",Shirt,manufacturer-style tag.txt,Backend/datasets/ibug_fabrics/Cotton/1292,Cotton,ACCEPTED,,4,im_1; im_2; im_3; im_4,,
1293,Cotton,"Shirt
Cotton 100
",Cotton,"{""Cotton"": 100.0}",Shirt,manufacturer-style tag.txt,Backend/datasets/ibug_fabrics/Cotton/1293,Cotton,ACCEPTED,,4,im_1; im_2; im_3; im_4,,
1294,Cotton,"Shirt
Cotton 100
",Cotton,"{""Cotton"": 100.0}",Shirt,manufacturer-style tag.txt,Backend/datasets/ibug_fabrics/Cotton/1294,Cotton,ACCEPTED,,4,im_1; im_2; im_3; im_4,,
1295,Cotton,"Shirt
Cotton 100
",Cotton,"{""Cotton"": 100.0}",Shirt,manufacturer-style tag.txt,Backend/datasets/ibug_fabrics/Cotton/1295,Cotton,ACCEPTED,,4,im_1; im_2; im_3; im_4,,
1296,Cotton,"Shirt
Cotton 100
",Cotton,"{""Cotton"": 100.0}",Shirt,manufacturer-style tag.txt,Backend/datasets/ibug_fabrics/Cotton/1296,Cotton,ACCEPTED,,4,im_1; im_2; im_3; im_4,,
1297,Cotton,"Shirt
Cotton 100
",Cotton,"{""Cotton"": 100.0}",Shirt,manufacturer-style tag.txt,Backend/datasets/ibug_fabrics/Cotton/1297,Cotton,ACCEPTED,,4,im_1; im_2; im_3; im_4,,
1298,Cotton,"Shirt
Cotton 100
",Cotton,"{""Cotton"": 100.0}",Shirt,manufacturer-style tag.txt,Backend/datasets/ibug_fabrics/Cotton/1298,Cotton,ACCEPTED,,4,im_1; im_2; im_3; im_4,,
1299,Cotton,"Shirt
Cotton 100
",Cotton,"{""Cotton"": 100.0}",Shirt,manufacturer-style tag.txt,Backend/datasets/ibug_fabrics/Cotton/1299,Cotton,ACCEPTED,,4,im_1; im_2; im_3; im_4,,
131,Cotton,"Shirt
Cotton 100
",Cotton,"{""Cotton"": 100.0}",Shirt,manufacturer-style tag.txt,Backend/datasets/ibug_fabrics/Cotton/131,Cotton,ACCEPTED,,4,im_1; im_2; im_3; im_4,,
132,Cotton,"Shirt
Cotton 100
",Cotton,"{""Cotton"": 100.0}",Shirt,manufacturer-style tag.txt,Backend/datasets/ibug_fabrics/Cotton/132,Cotton,ACCEPTED,,4,im_1; im_2; im_3; im_4,,
1360,Cotton,"Pants
Cotton 100
",Cotton,"{""Cotton"": 100.0}",Pants,manufacturer-style tag.txt,Backend/datasets/ibug_fabrics/Cotton/1360,Cotton,ACCEPTED,,4,im_1; im_2; im_3; im_4,,
1361,Cotton,"Pants
Cotton 100
",Cotton,"{""Cotton"": 100.0}",Pants,manufacturer-style tag.txt,Backend/datasets/ibug_fabrics/Cotton/1361,Cotton,ACCEPTED,,4,im_1; im_2; im_3; im_4,,
1362,Cotton,"Pants
Cotton 100
",Cotton,"{""Cotton"": 100.0}",Pants,manufacturer-style tag.txt,Backend/datasets/ibug_fabrics/Cotton/1362,Cotton,ACCEPTED,,4,im_1; im_2; im_3; im_4,,
1363,Cotton,"Pants
Cotton 100
",Cotton,"{""Cotton"": 100.0}",Pants,manufacturer-style tag.txt,Backend/datasets/ibug_fabrics/Cotton/1363,Cotton,ACCEPTED,,4,im_1; im_2; im_3; im_4,,
1364,Cotton,"Pants
Cotton 100
",Cotton,"{""Cotton"": 100.0}",Pants,manufacturer-style tag.txt,Backend/datasets/ibug_fabrics/Cotton/1364,Cotton,ACCEPTED,,4,im_1; im_2; im_3; im_4,,
1365,Cotton,"Pants
Cotton 100
",Cotton,"{""Cotton"": 100.0}",Pants,manufacturer-style tag.txt,Backend/datasets/ibug_fabrics/Cotton/1365,Cotton,ACCEPTED,,4,im_1; im_2; im_3; im_4,,
1366,Cotton,"Pants
Cotton 100
",Cotton,"{""Cotton"": 100.0}",Pants,manufacturer-style tag.txt,Backend/datasets/ibug_fabrics/Cotton/1366,Cotton,ACCEPTED,,4,im_1; im_2; im_3; im_4,,
1373,Cotton,"Pants
Cotton 100
",Cotton,"{""Cotton"": 100.0}",Pants,manufacturer-style tag.txt,Backend/datasets/ibug_fabrics/Cotton/1373,Cotton,ACCEPTED,,4,im_1; im_2; im_3; im_4,,
1374,Cotton,"Pants
Cotton 100
",Cotton,"{""Cotton"": 100.0}",Pants,manufacturer-style tag.txt,Backend/datasets/ibug_fabrics/Cotton/1374,Cotton,ACCEPTED,,4,im_1; im_2; im_3; im_4,,
1375,Cotton,"Pants
Cotton 100
",Cotton,"{""Cotton"": 100.0}",Pants,manufacturer-style tag.txt,Backend/datasets/ibug_fabrics/Cotton/1375,Cotton,ACCEPTED,,4,im_1; im_2; im_3; im_4,,
1376,Cotton,"Pants
Cotton 100
",Cotton,"{""Cotton"": 100.0}",Pants,manufacturer-style tag.txt,Backend/datasets/ibug_fabrics/Cotton/1376,Cotton,ACCEPTED,,4,im_1; im_2; im_3; im_4,,
1377,Cotton,"Pants
Cotton 100
",Cotton,"{""Cotton"": 100.0}",Pants,manufacturer-style tag.txt,Backend/datasets/ibug_fabrics/Cotton/1377,Cotton,ACCEPTED,,4,im_1; im_2; im_3; im_4,,
1378,Cotton,"Pants
Cotton 100
",Cotton,"{""Cotton"": 100.0}",Pants,manufacturer-style tag.txt,Backend/datasets/ibug_fabrics/Cotton/1378,Cotton,ACCEPTED,,4,im_1; im_2; im_3; im_4,,
1379,Cotton,"Pants
Cotton 100
",Cotton,"{""Cotton"": 100.0}",Pants,manufacturer-style tag.txt,Backend/datasets/ibug_fabrics/Cotton/1379,Cotton,ACCEPTED,,4,im_1; im_2; im_3; im_4,,
138,Cotton,"Shorts
Cotton 100
",Cotton,"{""Cotton"": 100.0}",Shorts,manufacturer-style tag.txt,Backend/datasets/ibug_fabrics/Cotton/138,Cotton,ACCEPTED,,4,im_1; im_2; im_3; im_4,,
1380,Cotton,"Pants
Cotton 100
",Cotton,"{""Cotton"": 100.0}",Pants,manufacturer-style tag.txt,Backend/datasets/ibug_fabrics/Cotton/1380,Cotton,ACCEPTED,,4,im_1; im_2; im_3; im_4,,
1381,Cotton,"Pants
Cotton 100
",Cotton,"{""Cotton"": 100.0}",Pants,manufacturer-style tag.txt,Backend/datasets/ibug_fabrics/Cotton/1381,Cotton,ACCEPTED,,4,im_1; im_2; im_3; im_4,,
1382,Cotton,"Pants
Cotton 100
",Cotton,"{""Cotton"": 100.0}",Pants,manufacturer-style tag.txt,Backend/datasets/ibug_fabrics/Cotton/1382,Cotton,ACCEPTED,,4,im_1; im_2; im_3; im_4,,
1383,Cotton,"Pants
Cotton 100
",Cotton,"{""Cotton"": 100.0}",Pants,manufacturer-style tag.txt,Backend/datasets/ibug_fabrics/Cotton/1383,Cotton,ACCEPTED,,4,im_1; im_2; im_3; im_4,,
1384,Cotton,"Pants
Cotton 100
",Cotton,"{""Cotton"": 100.0}",Pants,manufacturer-style tag.txt,Backend/datasets/ibug_fabrics/Cotton/1384,Cotton,ACCEPTED,,4,im_1; im_2; im_3; im_4,,
1385,Cotton,"Pants
Cotton 98 Elastane 2
",Cotton; Elastane,"{""Cotton"": 98.0, ""Elastane"": 2.0}",Pants,manufacturer-style tag.txt,Backend/datasets/ibug_fabrics/Cotton/1385,,REVIEW,MIXED_COMPOSITION_REVIEW,4,im_1; im_2; im_3; im_4,,
1386,Cotton,"Pants
Cotton 98 Elastane 2
",Cotton; Elastane,"{""Cotton"": 98.0, ""Elastane"": 2.0}",Pants,manufacturer-style tag.txt,Backend/datasets/ibug_fabrics/Cotton/1386,,REVIEW,MIXED_COMPOSITION_REVIEW,4,im_1; im_2; im_3; im_4,,
139,Cotton,"Shorts
Cotton 100
",Cotton,"{""Cotton"": 100.0}",Shorts,manufacturer-style tag.txt,Backend/datasets/ibug_fabrics/Cotton/139,Cotton,ACCEPTED,,4,im_1; im_2; im_3; im_4,,
1390,Cotton,"Pants
Cotton 98 Elastane 2
",Cotton; Elastane,"{""Cotton"": 98.0, ""Elastane"": 2.0}",Pants,manufacturer-style tag.txt,Backend/datasets/ibug_fabrics/Cotton/1390,,REVIEW,MIXED_COMPOSITION_REVIEW,4,im_1; im_2; im_3; im_4,,
1391,Cotton,"Pants
Cotton 98 Elastane 2
",Cotton; Elastane,"{""Cotton"": 98.0, ""Elastane"": 2.0}",Pants,manufacturer-style tag.txt,Backend/datasets/ibug_fabrics/Cotton/1391,,REVIEW,MIXED_COMPOSITION_REVIEW,4,im_1; im_2; im_3; im_4,,
1392,Cotton,"Pants
Cotton 100
",Cotton,"{""Cotton"": 100.0}",Pants,manufacturer-style tag.txt,Backend/datasets/ibug_fabrics/Cotton/1392,Cotton,ACCEPTED,,4,im_1; im_2; im_3; im_4,,
1393,Cotton,"Pants
Cotton 100
",Cotton,"{""Cotton"": 100.0}",Pants,manufacturer-style tag.txt,Backend/datasets/ibug_fabrics/Cotton/1393,Cotton,ACCEPTED,,4,im_1; im_2; im_3; im_4,,
1394,Cotton,"Pants
Cotton 100
",Cotton,"{""Cotton"": 100.0}",Pants,manufacturer-style tag.txt,Backend/datasets/ibug_fabrics/Cotton/1394,Cotton,ACCEPTED,,4,im_1; im_2; im_3; im_4,,
1395,Cotton,"Pants
Cotton 100
",Cotton,"{""Cotton"": 100.0}",Pants,manufacturer-style tag.txt,Backend/datasets/ibug_fabrics/Cotton/1395,Cotton,ACCEPTED,,4,im_1; im_2; im_3; im_4,,
1398,Cotton,"Shirt
Cotton 100
",Cotton,"{""Cotton"": 100.0}",Shirt,manufacturer-style tag.txt,Backend/datasets/ibug_fabrics/Cotton/1398,Cotton,ACCEPTED,,4,im_1; im_2; im_3; im_4,,
1399,Cotton,"Shirt
Cotton 100
",Cotton,"{""Cotton"": 100.0}",Shirt,manufacturer-style tag.txt,Backend/datasets/ibug_fabrics/Cotton/1399,Cotton,ACCEPTED,,4,im_1; im_2; im_3; im_4,,
1400,Cotton,"T-shirt
Cotton 100
",Cotton,"{""Cotton"": 100.0}",T-shirt,manufacturer-style tag.txt,Backend/datasets/ibug_fabrics/Cotton/1400,Cotton,ACCEPTED,,4,im_1; im_2; im_3; im_4,,
1401,Cotton,"T-shirt
Cotton 100
",Cotton,"{""Cotton"": 100.0}",T-shirt,manufacturer-style tag.txt,Backend/datasets/ibug_fabrics/Cotton/1401,Cotton,ACCEPTED,,4,im_1; im_2; im_3; im_4,,
1451,Cotton,"Shirt
Cotton 100
",Cotton,"{""Cotton"": 100.0}",Shirt,manufacturer-style tag.txt,Backend/datasets/ibug_fabrics/Cotton/1451,Cotton,ACCEPTED,,4,im_1; im_2; im_3; im_4,,
1452,Cotton,"Shirt
Cotton 100
",Cotton,"{""Cotton"": 100.0}",Shirt,manufacturer-style tag.txt,Backend/datasets/ibug_fabrics/Cotton/1452,Cotton,ACCEPTED,,4,im_1; im_2; im_3; im_4,,
1458,Cotton,"Shirt
Cotton 100
",Cotton,"{""Cotton"": 100.0}",Shirt,manufacturer-style tag.txt,Backend/datasets/ibug_fabrics/Cotton/1458,Cotton,ACCEPTED,,4,im_1; im_2; im_3; im_4,,
1459,Cotton,"Shirt
Cotton 100
",Cotton,"{""Cotton"": 100.0}",Shirt,manufacturer-style tag.txt,Backend/datasets/ibug_fabrics/Cotton/1459,Cotton,ACCEPTED,,4,im_1; im_2; im_3; im_4,,
1460,Cotton,"Jacket
Cotton 100
",Cotton,"{""Cotton"": 100.0}",Jacket,manufacturer-style tag.txt,Backend/datasets/ibug_fabrics/Cotton/1460,Cotton,ACCEPTED,,4,im_1; im_2; im_3; im_4,,
1461,Cotton,"Jacket
Cotton 100
",Cotton,"{""Cotton"": 100.0}",Jacket,manufacturer-style tag.txt,Backend/datasets/ibug_fabrics/Cotton/1461,Cotton,ACCEPTED,,4,im_1; im_2; im_3; im_4,,
1462,Cotton,"Jacket
Cotton 100
",Cotton,"{""Cotton"": 100.0}",Jacket,manufacturer-style tag.txt,Backend/datasets/ibug_fabrics/Cotton/1462,Cotton,ACCEPTED,,4,im_1; im_2; im_3; im_4,,
1467,Cotton,"T-shirt
Cotton 100?   
",Cotton,"{""Cotton"": 100.0}",T-shirt,manufacturer-style tag.txt,Backend/datasets/ibug_fabrics/Cotton/1467,Cotton,ACCEPTED,,4,im_1; im_2; im_3; im_4,,
1468,Cotton,"T-shirt
Cotton 100?   
",Cotton,"{""Cotton"": 100.0}",T-shirt,manufacturer-style tag.txt,Backend/datasets/ibug_fabrics/Cotton/1468,Cotton,ACCEPTED,,4,im_1; im_2; im_3; im_4,,
1470,Cotton,"T-shirt
Cotton 100?   
",Cotton,"{""Cotton"": 100.0}",T-shirt,manufacturer-style tag.txt,Backend/datasets/ibug_fabrics/Cotton/1470,Cotton,ACCEPTED,,4,im_1; im_2; im_3; im_4,,
1471,Cotton,"T-shirt
Cotton 100?   
",Cotton,"{""Cotton"": 100.0}",T-shirt,manufacturer-style tag.txt,Backend/datasets/ibug_fabrics/Cotton/1471,Cotton,ACCEPTED,,4,im_1; im_2; im_3; im_4,,
1472,Cotton,"T-shirt
Cotton 100?   
",Cotton,"{""Cotton"": 100.0}",T-shirt,manufacturer-style tag.txt,Backend/datasets/ibug_fabrics/Cotton/1472,Cotton,ACCEPTED,,4,im_1; im_2; im_3; im_4,,
1473,Cotton,"T-shirt
Cotton 100?   
",Cotton,"{""Cotton"": 100.0}",T-shirt,manufacturer-style tag.txt,Backend/datasets/ibug_fabrics/Cotton/1473,Cotton,ACCEPTED,,4,im_1; im_2; im_3; im_4,,
1474,Cotton,"T-shirt
Cotton 100?   
",Cotton,"{""Cotton"": 100.0}",T-shirt,manufacturer-style tag.txt,Backend/datasets/ibug_fabrics/Cotton/1474,Cotton,ACCEPTED,,4,im_1; im_2; im_3; im_4,,
1475,Cotton,"T-shirt
Cotton 100?   
",Cotton,"{""Cotton"": 100.0}",T-shirt,manufacturer-style tag.txt,Backend/datasets/ibug_fabrics/Cotton/1475,Cotton,ACCEPTED,,4,im_1; im_2; im_3; im_4,,
1476,Cotton,"T-shirt
Cotton 100?   
",Cotton,"{""Cotton"": 100.0}",T-shirt,manufacturer-style tag.txt,Backend/datasets/ibug_fabrics/Cotton/1476,Cotton,ACCEPTED,,4,im_1; im_2; im_3; im_4,,
1477,Cotton,"T-shirt
Cotton 100?   
",Cotton,"{""Cotton"": 100.0}",T-shirt,manufacturer-style tag.txt,Backend/datasets/ibug_fabrics/Cotton/1477,Cotton,ACCEPTED,,4,im_1; im_2; im_3; im_4,,
1478,Cotton,"T-shirt
Cotton 100?   
",Cotton,"{""Cotton"": 100.0}",T-shirt,manufacturer-style tag.txt,Backend/datasets/ibug_fabrics/Cotton/1478,Cotton,ACCEPTED,,4,im_1; im_2; im_3; im_4,,
1479,Cotton,"T-shirt
Cotton 100?   
",Cotton,"{""Cotton"": 100.0}",T-shirt,manufacturer-style tag.txt,Backend/datasets/ibug_fabrics/Cotton/1479,Cotton,ACCEPTED,,4,im_1; im_2; im_3; im_4,,
1480,Cotton,"T-shirt
Cotton 100?   
",Cotton,"{""Cotton"": 100.0}",T-shirt,manufacturer-style tag.txt,Backend/datasets/ibug_fabrics/Cotton/1480,Cotton,ACCEPTED,,4,im_1; im_2; im_3; im_4,,
1481,Cotton,"T-shirt
Cotton 100?   
",Cotton,"{""Cotton"": 100.0}",T-shirt,manufacturer-style tag.txt,Backend/datasets/ibug_fabrics/Cotton/1481,Cotton,ACCEPTED,,4,im_1; im_2; im_3; im_4,,
1482,Cotton,"T-shirt
Cotton 100?   
",Cotton,"{""Cotton"": 100.0}",T-shirt,manufacturer-style tag.txt,Backend/datasets/ibug_fabrics/Cotton/1482,Cotton,ACCEPTED,,4,im_1; im_2; im_3; im_4,,
1483,Cotton,"T-shirt
Cotton 100?   
",Cotton,"{""Cotton"": 100.0}",T-shirt,manufacturer-style tag.txt,Backend/datasets/ibug_fabrics/Cotton/1483,Cotton,ACCEPTED,,4,im_1; im_2; im_3; im_4,,
1484,Cotton,"T-shirt
Cotton 100?   
",Cotton,"{""Cotton"": 100.0}",T-shirt,manufacturer-style tag.txt,Backend/datasets/ibug_fabrics/Cotton/1484,Cotton,ACCEPTED,,4,im_1; im_2; im_3; im_4,,
1485,Cotton,"T-shirt
Cotton 100?   
",Cotton,"{""Cotton"": 100.0}",T-shirt,manufacturer-style tag.txt,Backend/datasets/ibug_fabrics/Cotton/1485,Cotton,ACCEPTED,,4,im_1; im_2; im_3; im_4,,
1486,Cotton,"T-shirt
Cotton 100?   
",Cotton,"{""Cotton"": 100.0}",T-shirt,manufacturer-style tag.txt,Backend/datasets/ibug_fabrics/Cotton/1486,Cotton,ACCEPTED,,4,im_1; im_2; im_3; im_4,,
1487,Cotton,"T-shirt
Cotton 100?   
",Cotton,"{""Cotton"": 100.0}",T-shirt,manufacturer-style tag.txt,Backend/datasets/ibug_fabrics/Cotton/1487,Cotton,ACCEPTED,,4,im_1; im_2; im_3; im_4,,
1488,Cotton,"T-shirt
Cotton 100?   
",Cotton,"{""Cotton"": 100.0}",T-shirt,manufacturer-style tag.txt,Backend/datasets/ibug_fabrics/Cotton/1488,Cotton,ACCEPTED,,4,im_1; im_2; im_3; im_4,,
1489,Cotton,"T-shirt
Cotton 100?   
",Cotton,"{""Cotton"": 100.0}",T-shirt,manufacturer-style tag.txt,Backend/datasets/ibug_fabrics/Cotton/1489,Cotton,ACCEPTED,,4,im_1; im_2; im_3; im_4,,
1490,Cotton,"T-shirt
Cotton 100?   
",Cotton,"{""Cotton"": 100.0}",T-shirt,manufacturer-style tag.txt,Backend/datasets/ibug_fabrics/Cotton/1490,Cotton,ACCEPTED,,4,im_1; im_2; im_3; im_4,,
1491,Cotton,"T-shirt
Cotton 100?   
",Cotton,"{""Cotton"": 100.0}",T-shirt,manufacturer-style tag.txt,Backend/datasets/ibug_fabrics/Cotton/1491,Cotton,ACCEPTED,,4,im_1; im_2; im_3; im_4,,
1492,Cotton,"T-shirt
Cotton 100?   
",Cotton,"{""Cotton"": 100.0}",T-shirt,manufacturer-style tag.txt,Backend/datasets/ibug_fabrics/Cotton/1492,Cotton,ACCEPTED,,4,im_1; im_2; im_3; im_4,,
1493,Cotton,"T-shirt
Cotton 100?   
",Cotton,"{""Cotton"": 100.0}",T-shirt,manufacturer-style tag.txt,Backend/datasets/ibug_fabrics/Cotton/1493,Cotton,ACCEPTED,,4,im_1; im_2; im_3; im_4,,
1494,Cotton,"T-shirt
Cotton 100?   
",Cotton,"{""Cotton"": 100.0}",T-shirt,manufacturer-style tag.txt,Backend/datasets/ibug_fabrics/Cotton/1494,Cotton,ACCEPTED,,4,im_1; im_2; im_3; im_4,,
1495,Cotton,"T-shirt
Cotton 100?   
",Cotton,"{""Cotton"": 100.0}",T-shirt,manufacturer-style tag.txt,Backend/datasets/ibug_fabrics/Cotton/1495,Cotton,ACCEPTED,,4,im_1; im_2; im_3; im_4,,
1496,Cotton,"T-shirt
Cotton 100?   
",Cotton,"{""Cotton"": 100.0}",T-shirt,manufacturer-style tag.txt,Backend/datasets/ibug_fabrics/Cotton/1496,Cotton,ACCEPTED,,4,im_1; im_2; im_3; im_4,,
1497,Cotton,"T-shirt
Cotton 100?   
",Cotton,"{""Cotton"": 100.0}",T-shirt,manufacturer-style tag.txt,Backend/datasets/ibug_fabrics/Cotton/1497,Cotton,ACCEPTED,,4,im_1; im_2; im_3; im_4,,
1498,Cotton,"T-shirt
Cotton 100?   
",Cotton,"{""Cotton"": 100.0}",T-shirt,manufacturer-style tag.txt,Backend/datasets/ibug_fabrics/Cotton/1498,Cotton,ACCEPTED,,4,im_1; im_2; im_3; im_4,,
1499,Cotton,"T-shirt
Cotton 100?   
",Cotton,"{""Cotton"": 100.0}",T-shirt,manufacturer-style tag.txt,Backend/datasets/ibug_fabrics/Cotton/1499,Cotton,ACCEPTED,,4,im_1; im_2; im_3; im_4,,
1500,Cotton,"T-shirt
Cotton 100?   
",Cotton,"{""Cotton"": 100.0}",T-shirt,manufacturer-style tag.txt,Backend/datasets/ibug_fabrics/Cotton/1500,Cotton,ACCEPTED,,4,im_1; im_2; im_3; im_4,,
1501,Cotton,"T-shirt
Cotton 100?   
",Cotton,"{""Cotton"": 100.0}",T-shirt,manufacturer-style tag.txt,Backend/datasets/ibug_fabrics/Cotton/1501,Cotton,ACCEPTED,,4,im_1; im_2; im_3; im_4,,
1502,Cotton,"T-shirt
Cotton 100?   
",Cotton,"{""Cotton"": 100.0}",T-shirt,manufacturer-style tag.txt,Backend/datasets/ibug_fabrics/Cotton/1502,Cotton,ACCEPTED,,4,im_1; im_2; im_3; im_4,,
1503,Cotton,"T-shirt
Cotton 100?   
",Cotton,"{""Cotton"": 100.0}",T-shirt,manufacturer-style tag.txt,Backend/datasets/ibug_fabrics/Cotton/1503,Cotton,ACCEPTED,,4,im_1; im_2; im_3; im_4,,
1504,Cotton,"T-shirt
Cotton 100?   
",Cotton,"{""Cotton"": 100.0}",T-shirt,manufacturer-style tag.txt,Backend/datasets/ibug_fabrics/Cotton/1504,Cotton,ACCEPTED,,4,im_1; im_2; im_3; im_4,,
1505,Cotton,"T-shirt
Cotton 100?   
",Cotton,"{""Cotton"": 100.0}",T-shirt,manufacturer-style tag.txt,Backend/datasets/ibug_fabrics/Cotton/1505,Cotton,ACCEPTED,,4,im_1; im_2; im_3; im_4,,
1506,Cotton,"T-shirt
Cotton 100?   
",Cotton,"{""Cotton"": 100.0}",T-shirt,manufacturer-style tag.txt,Backend/datasets/ibug_fabrics/Cotton/1506,Cotton,ACCEPTED,,4,im_1; im_2; im_3; im_4,,
1507,Cotton,"T-shirt
Cotton 100?   
",Cotton,"{""Cotton"": 100.0}",T-shirt,manufacturer-style tag.txt,Backend/datasets/ibug_fabrics/Cotton/1507,Cotton,ACCEPTED,,4,im_1; im_2; im_3; im_4,,
1508,Cotton,"T-shirt
Cotton 100?   
",Cotton,"{""Cotton"": 100.0}",T-shirt,manufacturer-style tag.txt,Backend/datasets/ibug_fabrics/Cotton/1508,Cotton,ACCEPTED,,4,im_1; im_2; im_3; im_4,,
1509,Cotton,"T-shirt
Cotton 100?   
",Cotton,"{""Cotton"": 100.0}",T-shirt,manufacturer-style tag.txt,Backend/datasets/ibug_fabrics/Cotton/1509,Cotton,ACCEPTED,,4,im_1; im_2; im_3; im_4,,
1510,Cotton,"T-shirt
Cotton 100?   
",Cotton,"{""Cotton"": 100.0}",T-shirt,manufacturer-style tag.txt,Backend/datasets/ibug_fabrics/Cotton/1510,Cotton,ACCEPTED,,4,im_1; im_2; im_3; im_4,,
1511,Cotton,"T-shirt
Cotton 100?   
",Cotton,"{""Cotton"": 100.0}",T-shirt,manufacturer-style tag.txt,Backend/datasets/ibug_fabrics/Cotton/1511,Cotton,ACCEPTED,,4,im_1; im_2; im_3; im_4,,
1512,Cotton,"T-shirt
Cotton 100?   
",Cotton,"{""Cotton"": 100.0}",T-shirt,manufacturer-style tag.txt,Backend/datasets/ibug_fabrics/Cotton/1512,Cotton,ACCEPTED,,4,im_1; im_2; im_3; im_4,,
1513,Cotton,"T-shirt
Cotton 100?   
",Cotton,"{""Cotton"": 100.0}",T-shirt,manufacturer-style tag.txt,Backend/datasets/ibug_fabrics/Cotton/1513,Cotton,ACCEPTED,,4,im_1; im_2; im_3; im_4,,
1514,Cotton,"T-shirt
Cotton 100?   
",Cotton,"{""Cotton"": 100.0}",T-shirt,manufacturer-style tag.txt,Backend/datasets/ibug_fabrics/Cotton/1514,Cotton,ACCEPTED,,4,im_1; im_2; im_3; im_4,,
1515,Cotton,"T-shirt
Cotton 100?   
",Cotton,"{""Cotton"": 100.0}",T-shirt,manufacturer-style tag.txt,Backend/datasets/ibug_fabrics/Cotton/1515,Cotton,ACCEPTED,,4,im_1; im_2; im_3; im_4,,
1516,Cotton,"T-shirt
Cotton 100?   
",Cotton,"{""Cotton"": 100.0}",T-shirt,manufacturer-style tag.txt,Backend/datasets/ibug_fabrics/Cotton/1516,Cotton,ACCEPTED,,4,im_1; im_2; im_3; im_4,,
1517,Cotton,"T-shirt
Cotton 100?   
",Cotton,"{""Cotton"": 100.0}",T-shirt,manufacturer-style tag.txt,Backend/datasets/ibug_fabrics/Cotton/1517,Cotton,ACCEPTED,,4,im_1; im_2; im_3; im_4,,
1518,Cotton,"T-shirt
Cotton 100?   
",Cotton,"{""Cotton"": 100.0}",T-shirt,manufacturer-style tag.txt,Backend/datasets/ibug_fabrics/Cotton/1518,Cotton,ACCEPTED,,4,im_1; im_2; im_3; im_4,,
1519,Cotton,"T-shirt
Cotton 100?   
",Cotton,"{""Cotton"": 100.0}",T-shirt,manufacturer-style tag.txt,Backend/datasets/ibug_fabrics/Cotton/1519,Cotton,ACCEPTED,,4,im_1; im_2; im_3; im_4,,
1520,Cotton,"T-shirt
Cotton 100?   
",Cotton,"{""Cotton"": 100.0}",T-shirt,manufacturer-style tag.txt,Backend/datasets/ibug_fabrics/Cotton/1520,Cotton,ACCEPTED,,4,im_1; im_2; im_3; im_4,,
1521,Cotton,"T-shirt
Cotton 100?   
",Cotton,"{""Cotton"": 100.0}",T-shirt,manufacturer-style tag.txt,Backend/datasets/ibug_fabrics/Cotton/1521,Cotton,ACCEPTED,,4,im_1; im_2; im_3; im_4,,
1522,Cotton,"T-shirt
Cotton 100?   
",Cotton,"{""Cotton"": 100.0}",T-shirt,manufacturer-style tag.txt,Backend/datasets/ibug_fabrics/Cotton/1522,Cotton,ACCEPTED,,4,im_1; im_2; im_3; im_4,,
1523,Cotton,"T-shirt
Cotton 100?   
",Cotton,"{""Cotton"": 100.0}",T-shirt,manufacturer-style tag.txt,Backend/datasets/ibug_fabrics/Cotton/1523,Cotton,ACCEPTED,,4,im_1; im_2; im_3; im_4,,
1525,Cotton,"Blouse
Cotton 100 Sweatshirt
",Cotton,"{""Cotton"": 100.0}",Blouse,manufacturer-style tag.txt,Backend/datasets/ibug_fabrics/Cotton/1525,Cotton,ACCEPTED,,4,im_1; im_2; im_3; im_4,,
1527,Cotton,"Blouse
Cotton 100 Sweatshirt
",Cotton,"{""Cotton"": 100.0}",Blouse,manufacturer-style tag.txt,Backend/datasets/ibug_fabrics/Cotton/1527,Cotton,ACCEPTED,,4,im_1; im_2; im_3; im_4,,
153,Cotton,"T-shirt
Cotton 100
",Cotton,"{""Cotton"": 100.0}",T-shirt,manufacturer-style tag.txt,Backend/datasets/ibug_fabrics/Cotton/153,Cotton,ACCEPTED,,4,im_1; im_2; im_3; im_4,,
1538,Cotton,"Blouse
Cotton 100 Sweatshirt
",Cotton,"{""Cotton"": 100.0}",Blouse,manufacturer-style tag.txt,Backend/datasets/ibug_fabrics/Cotton/1538,Cotton,ACCEPTED,,4,im_1; im_2; im_3; im_4,,
1539,Cotton,"Blouse
Cotton 100 Sweatshirt
",Cotton,"{""Cotton"": 100.0}",Blouse,manufacturer-style tag.txt,Backend/datasets/ibug_fabrics/Cotton/1539,Cotton,ACCEPTED,,4,im_1; im_2; im_3; im_4,,
154,Cotton,"T-shirt
Cotton 100
",Cotton,"{""Cotton"": 100.0}",T-shirt,manufacturer-style tag.txt,Backend/datasets/ibug_fabrics/Cotton/154,Cotton,ACCEPTED,,4,im_1; im_2; im_3; im_4,,
1552,Cotton,"Blouse
Cotton 100 Sweatshirt   
",Cotton,"{""Cotton"": 100.0}",Blouse,manufacturer-style tag.txt,Backend/datasets/ibug_fabrics/Cotton/1552,Cotton,ACCEPTED,,4,im_1; im_2; im_3; im_4,,
1553,Cotton,"Blouse
Cotton 100 Sweatshirt   
",Cotton,"{""Cotton"": 100.0}",Blouse,manufacturer-style tag.txt,Backend/datasets/ibug_fabrics/Cotton/1553,Cotton,ACCEPTED,,4,im_1; im_2; im_3; im_4,,
1554,Cotton,"Blouse
Cotton 100 Sweatshirt",Cotton,"{""Cotton"": 100.0}",Blouse,manufacturer-style tag.txt,Backend/datasets/ibug_fabrics/Cotton/1554,Cotton,ACCEPTED,,4,im_1; im_2; im_3; im_4,,
1555,Cotton,"Blouse
Cotton 100 Sweatshirt
",Cotton,"{""Cotton"": 100.0}",Blouse,manufacturer-style tag.txt,Backend/datasets/ibug_fabrics/Cotton/1555,Cotton,ACCEPTED,,4,im_1; im_2; im_3; im_4,,
1556,Cotton,"Blouse
Cotton 100 Sweatshirt  
",Cotton,"{""Cotton"": 100.0}",Blouse,manufacturer-style tag.txt,Backend/datasets/ibug_fabrics/Cotton/1556,Cotton,ACCEPTED,,4,im_1; im_2; im_3; im_4,,
1557,Cotton,"Blouse
Cotton 100 Sweatshirt",Cotton,"{""Cotton"": 100.0}",Blouse,manufacturer-style tag.txt,Backend/datasets/ibug_fabrics/Cotton/1557,Cotton,ACCEPTED,,4,im_1; im_2; im_3; im_4,,
1561,Cotton,"Blouse
Cotton 100 Sweatshirt 
",Cotton,"{""Cotton"": 100.0}",Blouse,manufacturer-style tag.txt,Backend/datasets/ibug_fabrics/Cotton/1561,Cotton,ACCEPTED,,4,im_1; im_2; im_3; im_4,,
1562,Cotton,"Blouse
Cotton 100 Sweatshirt
",Cotton,"{""Cotton"": 100.0}",Blouse,manufacturer-style tag.txt,Backend/datasets/ibug_fabrics/Cotton/1562,Cotton,ACCEPTED,,4,im_1; im_2; im_3; im_4,,
1563,Cotton,"Blouse
Cotton 100 Sweatshirt   
",Cotton,"{""Cotton"": 100.0}",Blouse,manufacturer-style tag.txt,Backend/datasets/ibug_fabrics/Cotton/1563,Cotton,ACCEPTED,,4,im_1; im_2; im_3; im_4,,
1574,Cotton,"T-shirt
Cotton 100
",Cotton,"{""Cotton"": 100.0}",T-shirt,manufacturer-style tag.txt,Backend/datasets/ibug_fabrics/Cotton/1574,Cotton,ACCEPTED,,4,im_1; im_2; im_3; im_4,,
1575,Cotton,"T-shirt
Cotton 100
",Cotton,"{""Cotton"": 100.0}",T-shirt,manufacturer-style tag.txt,Backend/datasets/ibug_fabrics/Cotton/1575,Cotton,ACCEPTED,,4,im_1; im_2; im_3; im_4,,
159,Cotton,"Shorts
Cotton 100
",Cotton,"{""Cotton"": 100.0}",Shorts,manufacturer-style tag.txt,Backend/datasets/ibug_fabrics/Cotton/159,Cotton,ACCEPTED,,4,im_1; im_2; im_3; im_4,,
160,Cotton,"Shorts
Cotton 100
",Cotton,"{""Cotton"": 100.0}",Shorts,manufacturer-style tag.txt,Backend/datasets/ibug_fabrics/Cotton/160,Cotton,ACCEPTED,,4,im_1; im_2; im_3; im_4,,
1600,Cotton,"Pants
Cotton 97 Elastane 3
",Cotton; Elastane,"{""Cotton"": 97.0, ""Elastane"": 3.0}",Pants,manufacturer-style tag.txt,Backend/datasets/ibug_fabrics/Cotton/1600,,REVIEW,MIXED_COMPOSITION_REVIEW,4,im_1; im_2; im_3; im_4,,
1601,Cotton,"Pants
Cotton 97 Elastane 3
",Cotton; Elastane,"{""Cotton"": 97.0, ""Elastane"": 3.0}",Pants,manufacturer-style tag.txt,Backend/datasets/ibug_fabrics/Cotton/1601,,REVIEW,MIXED_COMPOSITION_REVIEW,4,im_1; im_2; im_3; im_4,,
161,Cotton,"Shorts
Cotton 100
",Cotton,"{""Cotton"": 100.0}",Shorts,manufacturer-style tag.txt,Backend/datasets/ibug_fabrics/Cotton/161,Cotton,ACCEPTED,,4,im_1; im_2; im_3; im_4,,
162,Cotton,"Shirt
Cotton 100
",Cotton,"{""Cotton"": 100.0}",Shirt,manufacturer-style tag.txt,Backend/datasets/ibug_fabrics/Cotton/162,Cotton,ACCEPTED,,4,im_1; im_2; im_3; im_4,,
163,Cotton,"Shirt
Cotton 100
",Cotton,"{""Cotton"": 100.0}",Shirt,manufacturer-style tag.txt,Backend/datasets/ibug_fabrics/Cotton/163,Cotton,ACCEPTED,,4,im_1; im_2; im_3; im_4,,
164,Cotton,"Shirt
Cotton 100
",Cotton,"{""Cotton"": 100.0}",Shirt,manufacturer-style tag.txt,Backend/datasets/ibug_fabrics/Cotton/164,Cotton,ACCEPTED,,4,im_1; im_2; im_3; im_4,,
1668,Cotton,"Jacket
Cotton 100
",Cotton,"{""Cotton"": 100.0}",Jacket,manufacturer-style tag.txt,Backend/datasets/ibug_fabrics/Cotton/1668,Cotton,ACCEPTED,,4,im_1; im_2; im_3; im_4,,
1669,Cotton,"Jacket
Cotton 100
",Cotton,"{""Cotton"": 100.0}",Jacket,manufacturer-style tag.txt,Backend/datasets/ibug_fabrics/Cotton/1669,Cotton,ACCEPTED,,4,im_1; im_2; im_3; im_4,,
167,Cotton,"Pants
Cotton 100
",Cotton,"{""Cotton"": 100.0}",Pants,manufacturer-style tag.txt,Backend/datasets/ibug_fabrics/Cotton/167,Cotton,ACCEPTED,,4,im_1; im_2; im_3; im_4,,
1679,Cotton,"Jacket
Cotton 100
",Cotton,"{""Cotton"": 100.0}",Jacket,manufacturer-style tag.txt,Backend/datasets/ibug_fabrics/Cotton/1679,Cotton,ACCEPTED,,4,im_1; im_2; im_3; im_4,,
168,Cotton,"Pants
Cotton 100
",Cotton,"{""Cotton"": 100.0}",Pants,manufacturer-style tag.txt,Backend/datasets/ibug_fabrics/Cotton/168,Cotton,ACCEPTED,,4,im_1; im_2; im_3; im_4,,
1680,Cotton,"Jacket
Cotton 100
",Cotton,"{""Cotton"": 100.0}",Jacket,manufacturer-style tag.txt,Backend/datasets/ibug_fabrics/Cotton/1680,Cotton,ACCEPTED,,4,im_1; im_2; im_3; im_4,,
169,Cotton,"Dress
Cotton 100
",Cotton,"{""Cotton"": 100.0}",Dress,manufacturer-style tag.txt,Backend/datasets/ibug_fabrics/Cotton/169,Cotton,ACCEPTED,,4,im_1; im_2; im_3; im_4,,
170,Cotton,"Dress
Cotton 100
",Cotton,"{""Cotton"": 100.0}",Dress,manufacturer-style tag.txt,Backend/datasets/ibug_fabrics/Cotton/170,Cotton,ACCEPTED,,4,im_1; im_2; im_3; im_4,,
1713,Cotton,"Pants
Cotton 100
",Cotton,"{""Cotton"": 100.0}",Pants,manufacturer-style tag.txt,Backend/datasets/ibug_fabrics/Cotton/1713,Cotton,ACCEPTED,,4,im_1; im_2; im_3; im_4,,
1714,Cotton,"Pants
Cotton 100
",Cotton,"{""Cotton"": 100.0}",Pants,manufacturer-style tag.txt,Backend/datasets/ibug_fabrics/Cotton/1714,Cotton,ACCEPTED,,4,im_1; im_2; im_3; im_4,,
1715,Cotton,"Pants
Cotton 100
",Cotton,"{""Cotton"": 100.0}",Pants,manufacturer-style tag.txt,Backend/datasets/ibug_fabrics/Cotton/1715,Cotton,ACCEPTED,,4,im_1; im_2; im_3; im_4,,
1716,Cotton,"Pants
Cotton 100
",Cotton,"{""Cotton"": 100.0}",Pants,manufacturer-style tag.txt,Backend/datasets/ibug_fabrics/Cotton/1716,Cotton,ACCEPTED,,4,im_1; im_2; im_3; im_4,,
1717,Cotton,"Pants
Cotton 100
",Cotton,"{""Cotton"": 100.0}",Pants,manufacturer-style tag.txt,Backend/datasets/ibug_fabrics/Cotton/1717,Cotton,ACCEPTED,,4,im_1; im_2; im_3; im_4,,
1718,Cotton,"Pants
Cotton 100
",Cotton,"{""Cotton"": 100.0}",Pants,manufacturer-style tag.txt,Backend/datasets/ibug_fabrics/Cotton/1718,Cotton,ACCEPTED,,4,im_1; im_2; im_3; im_4,,
1719,Cotton,"Pants
Cotton 100
",Cotton,"{""Cotton"": 100.0}",Pants,manufacturer-style tag.txt,Backend/datasets/ibug_fabrics/Cotton/1719,Cotton,ACCEPTED,,4,im_1; im_2; im_3; im_4,,
1720,Cotton,"Pants
Cotton 100
",Cotton,"{""Cotton"": 100.0}",Pants,manufacturer-style tag.txt,Backend/datasets/ibug_fabrics/Cotton/1720,Cotton,ACCEPTED,,4,im_1; im_2; im_3; im_4,,
1721,Cotton,"Pants
Cotton 100
",Cotton,"{""Cotton"": 100.0}",Pants,manufacturer-style tag.txt,Backend/datasets/ibug_fabrics/Cotton/1721,Cotton,ACCEPTED,,4,im_1; im_2; im_3; im_4,,
1722,Cotton,"Pants
Cotton 100
",Cotton,"{""Cotton"": 100.0}",Pants,manufacturer-style tag.txt,Backend/datasets/ibug_fabrics/Cotton/1722,Cotton,ACCEPTED,,4,im_1; im_2; im_3; im_4,,
1723,Cotton,"Pants
Cotton 100
",Cotton,"{""Cotton"": 100.0}",Pants,manufacturer-style tag.txt,Backend/datasets/ibug_fabrics/Cotton/1723,Cotton,ACCEPTED,,4,im_1; im_2; im_3; im_4,,
1724,Cotton,"Pants
Cotton 100
",Cotton,"{""Cotton"": 100.0}",Pants,manufacturer-style tag.txt,Backend/datasets/ibug_fabrics/Cotton/1724,Cotton,ACCEPTED,,4,im_1; im_2; im_3; im_4,,
1725,Cotton,"Pants
Cotton 100
",Cotton,"{""Cotton"": 100.0}",Pants,manufacturer-style tag.txt,Backend/datasets/ibug_fabrics/Cotton/1725,Cotton,ACCEPTED,,4,im_1; im_2; im_3; im_4,,
1729,Cotton,"Pants
Cotton 100
",Cotton,"{""Cotton"": 100.0}",Pants,manufacturer-style tag.txt,Backend/datasets/ibug_fabrics/Cotton/1729,Cotton,ACCEPTED,,4,im_1; im_2; im_3; im_4,,
173,Cotton,"T-shirt
Cotton 100
",Cotton,"{""Cotton"": 100.0}",T-shirt,manufacturer-style tag.txt,Backend/datasets/ibug_fabrics/Cotton/173,Cotton,ACCEPTED,,4,im_1; im_2; im_3; im_4,,
1730,Cotton,"Pants
Cotton 100
",Cotton,"{""Cotton"": 100.0}",Pants,manufacturer-style tag.txt,Backend/datasets/ibug_fabrics/Cotton/1730,Cotton,ACCEPTED,,4,im_1; im_2; im_3; im_4,,
1731,Cotton,"Pants
Cotton 100
",Cotton,"{""Cotton"": 100.0}",Pants,manufacturer-style tag.txt,Backend/datasets/ibug_fabrics/Cotton/1731,Cotton,ACCEPTED,,4,im_1; im_2; im_3; im_4,,
1732,Cotton,"Pants
Cotton 100
",Cotton,"{""Cotton"": 100.0}",Pants,manufacturer-style tag.txt,Backend/datasets/ibug_fabrics/Cotton/1732,Cotton,ACCEPTED,,4,im_1; im_2; im_3; im_4,,
1733,Cotton,"Pants
Cotton 100",Cotton,"{""Cotton"": 100.0}",Pants,manufacturer-style tag.txt,Backend/datasets/ibug_fabrics/Cotton/1733,Cotton,ACCEPTED,,4,im_1; im_2; im_3; im_4,,
1734,Cotton,"Pants
Cotton 100
",Cotton,"{""Cotton"": 100.0}",Pants,manufacturer-style tag.txt,Backend/datasets/ibug_fabrics/Cotton/1734,Cotton,ACCEPTED,,4,im_1; im_2; im_3; im_4,,
1735,Cotton,"Pants
Cotton 100
",Cotton,"{""Cotton"": 100.0}",Pants,manufacturer-style tag.txt,Backend/datasets/ibug_fabrics/Cotton/1735,Cotton,ACCEPTED,,4,im_1; im_2; im_3; im_4,,
1736,Cotton,"Pants
Cotton 100
",Cotton,"{""Cotton"": 100.0}",Pants,manufacturer-style tag.txt,Backend/datasets/ibug_fabrics/Cotton/1736,Cotton,ACCEPTED,,4,im_1; im_2; im_3; im_4,,
1737,Cotton,"Pants
Cotton 100
",Cotton,"{""Cotton"": 100.0}",Pants,manufacturer-style tag.txt,Backend/datasets/ibug_fabrics/Cotton/1737,Cotton,ACCEPTED,,4,im_1; im_2; im_3; im_4,,
1738,Cotton,"Pants
Cotton 100
",Cotton,"{""Cotton"": 100.0}",Pants,manufacturer-style tag.txt,Backend/datasets/ibug_fabrics/Cotton/1738,Cotton,ACCEPTED,,4,im_1; im_2; im_3; im_4,,
1739,Cotton,"Pants
Cotton 100
",Cotton,"{""Cotton"": 100.0}",Pants,manufacturer-style tag.txt,Backend/datasets/ibug_fabrics/Cotton/1739,Cotton,ACCEPTED,,4,im_1; im_2; im_3; im_4,,
174,Cotton,"T-shirt
Cotton 100
",Cotton,"{""Cotton"": 100.0}",T-shirt,manufacturer-style tag.txt,Backend/datasets/ibug_fabrics/Cotton/174,Cotton,ACCEPTED,,4,im_1; im_2; im_3; im_4,,
1740,Cotton,"Pants
Cotton 100
",Cotton,"{""Cotton"": 100.0}",Pants,manufacturer-style tag.txt,Backend/datasets/ibug_fabrics/Cotton/1740,Cotton,ACCEPTED,,4,im_1; im_2; im_3; im_4,,
1743,Cotton,"Pants
Cotton 100
",Cotton,"{""Cotton"": 100.0}",Pants,manufacturer-style tag.txt,Backend/datasets/ibug_fabrics/Cotton/1743,Cotton,ACCEPTED,,4,im_1; im_2; im_3; im_4,,
1744,Cotton,"Pants
Cotton 100
",Cotton,"{""Cotton"": 100.0}",Pants,manufacturer-style tag.txt,Backend/datasets/ibug_fabrics/Cotton/1744,Cotton,ACCEPTED,,4,im_1; im_2; im_3; im_4,,
1745,Cotton,"Pants
Cotton 100
",Cotton,"{""Cotton"": 100.0}",Pants,manufacturer-style tag.txt,Backend/datasets/ibug_fabrics/Cotton/1745,Cotton,ACCEPTED,,4,im_1; im_2; im_3; im_4,,
1746,Cotton,"Pants
Cotton 100
",Cotton,"{""Cotton"": 100.0}",Pants,manufacturer-style tag.txt,Backend/datasets/ibug_fabrics/Cotton/1746,Cotton,ACCEPTED,,4,im_1; im_2; im_3; im_4,,
1747,Cotton,"Pants
Cotton 100
",Cotton,"{""Cotton"": 100.0}",Pants,manufacturer-style tag.txt,Backend/datasets/ibug_fabrics/Cotton/1747,Cotton,ACCEPTED,,4,im_1; im_2; im_3; im_4,,
1748,Cotton,"Pants
Cotton 100
",Cotton,"{""Cotton"": 100.0}",Pants,manufacturer-style tag.txt,Backend/datasets/ibug_fabrics/Cotton/1748,Cotton,ACCEPTED,,4,im_1; im_2; im_3; im_4,,
1749,Cotton,"Pants
Cotton 100
",Cotton,"{""Cotton"": 100.0}",Pants,manufacturer-style tag.txt,Backend/datasets/ibug_fabrics/Cotton/1749,Cotton,REVIEW,CROSS_SAMPLE_DUPLICATE_REVIEW,4,im_1; im_2; im_3; im_4,Cotton/1749; Cotton/1750,Cotton/1749; Cotton/1750
175,Cotton,"Shirt
Cotton 100
",Cotton,"{""Cotton"": 100.0}",Shirt,manufacturer-style tag.txt,Backend/datasets/ibug_fabrics/Cotton/175,Cotton,ACCEPTED,,4,im_1; im_2; im_3; im_4,,
1750,Cotton,"Pants
Cotton 100
",Cotton,"{""Cotton"": 100.0}",Pants,manufacturer-style tag.txt,Backend/datasets/ibug_fabrics/Cotton/1750,Cotton,REVIEW,CROSS_SAMPLE_DUPLICATE_REVIEW,4,im_1; im_2; im_3; im_4,Cotton/1749; Cotton/1750,Cotton/1749; Cotton/1750
1751,Cotton,"Pants
Cotton 100
",Cotton,"{""Cotton"": 100.0}",Pants,manufacturer-style tag.txt,Backend/datasets/ibug_fabrics/Cotton/1751,Cotton,ACCEPTED,,4,im_1; im_2; im_3; im_4,,
1752,Cotton,"Pants
Cotton 100
",Cotton,"{""Cotton"": 100.0}",Pants,manufacturer-style tag.txt,Backend/datasets/ibug_fabrics/Cotton/1752,Cotton,ACCEPTED,,4,im_1; im_2; im_3; im_4,,
1753,Cotton,"Pants
Cotton 100
",Cotton,"{""Cotton"": 100.0}",Pants,manufacturer-style tag.txt,Backend/datasets/ibug_fabrics/Cotton/1753,Cotton,ACCEPTED,,4,im_1; im_2; im_3; im_4,,
1754,Cotton,"Pants
Cotton 100
",Cotton,"{""Cotton"": 100.0}",Pants,manufacturer-style tag.txt,Backend/datasets/ibug_fabrics/Cotton/1754,Cotton,ACCEPTED,,4,im_1; im_2; im_3; im_4,,
1755,Cotton,"Pants
Cotton 100
",Cotton,"{""Cotton"": 100.0}",Pants,manufacturer-style tag.txt,Backend/datasets/ibug_fabrics/Cotton/1755,Cotton,ACCEPTED,,4,im_1; im_2; im_3; im_4,,
1756,Cotton,"Pants
Cotton 100
",Cotton,"{""Cotton"": 100.0}",Pants,manufacturer-style tag.txt,Backend/datasets/ibug_fabrics/Cotton/1756,Cotton,ACCEPTED,,4,im_1; im_2; im_3; im_4,,
1757,Cotton,"Pants
Cotton 100
",Cotton,"{""Cotton"": 100.0}",Pants,manufacturer-style tag.txt,Backend/datasets/ibug_fabrics/Cotton/1757,Cotton,ACCEPTED,,4,im_1; im_2; im_3; im_4,,
1758,Cotton,"Pants
Cotton 100
",Cotton,"{""Cotton"": 100.0}",Pants,manufacturer-style tag.txt,Backend/datasets/ibug_fabrics/Cotton/1758,Cotton,ACCEPTED,,4,im_1; im_2; im_3; im_4,,
1759,Cotton,"Pants
Cotton 100
",Cotton,"{""Cotton"": 100.0}",Pants,manufacturer-style tag.txt,Backend/datasets/ibug_fabrics/Cotton/1759,Cotton,ACCEPTED,,4,im_1; im_2; im_3; im_4,,
176,Cotton,"Shirt
Cotton 100
",Cotton,"{""Cotton"": 100.0}",Shirt,manufacturer-style tag.txt,Backend/datasets/ibug_fabrics/Cotton/176,Cotton,ACCEPTED,,4,im_1; im_2; im_3; im_4,,
1760,Cotton,"Pants
Cotton 100
",Cotton,"{""Cotton"": 100.0}",Pants,manufacturer-style tag.txt,Backend/datasets/ibug_fabrics/Cotton/1760,Cotton,ACCEPTED,,4,im_1; im_2; im_3; im_4,,
1761,Cotton,"Pants
Cotton 100
",Cotton,"{""Cotton"": 100.0}",Pants,manufacturer-style tag.txt,Backend/datasets/ibug_fabrics/Cotton/1761,Cotton,ACCEPTED,,4,im_1; im_2; im_3; im_4,,
1766,Cotton,"Pants
Cotton 100
",Cotton,"{""Cotton"": 100.0}",Pants,manufacturer-style tag.txt,Backend/datasets/ibug_fabrics/Cotton/1766,Cotton,ACCEPTED,,4,im_1; im_2; im_3; im_4,,
1767,Cotton,"Pants
Cotton 100
",Cotton,"{""Cotton"": 100.0}",Pants,manufacturer-style tag.txt,Backend/datasets/ibug_fabrics/Cotton/1767,Cotton,ACCEPTED,,4,im_1; im_2; im_3; im_4,,
1768,Cotton,"Pants
Cotton 100
",Cotton,"{""Cotton"": 100.0}",Pants,manufacturer-style tag.txt,Backend/datasets/ibug_fabrics/Cotton/1768,Cotton,ACCEPTED,,4,im_1; im_2; im_3; im_4,,
1769,Cotton,"Pants
Cotton 100
",Cotton,"{""Cotton"": 100.0}",Pants,manufacturer-style tag.txt,Backend/datasets/ibug_fabrics/Cotton/1769,Cotton,ACCEPTED,,4,im_1; im_2; im_3; im_4,,
177,Cotton,"Shorts
Cotton 94 Lycra 5 Polyester 1
",Cotton; Polyester,"{""Cotton"": 94.0, ""Polyester"": 1.0}",Shorts,manufacturer-style tag.txt,Backend/datasets/ibug_fabrics/Cotton/177,,REVIEW,MIXED_COMPOSITION_REVIEW,4,im_1; im_2; im_3; im_4,,
1774,Cotton,"Shirt
Cotton 100
",Cotton,"{""Cotton"": 100.0}",Shirt,manufacturer-style tag.txt,Backend/datasets/ibug_fabrics/Cotton/1774,Cotton,ACCEPTED,,4,im_1; im_2; im_3; im_4,,
1775,Cotton,"Shirt
Cotton 100
",Cotton,"{""Cotton"": 100.0}",Shirt,manufacturer-style tag.txt,Backend/datasets/ibug_fabrics/Cotton/1775,Cotton,ACCEPTED,,4,im_1; im_2; im_3; im_4,,
178,Cotton,"Shorts
Cotton 94 Lycra 5 Polyester 1
",Cotton; Polyester,"{""Cotton"": 94.0, ""Polyester"": 1.0}",Shorts,manufacturer-style tag.txt,Backend/datasets/ibug_fabrics/Cotton/178,,REVIEW,MIXED_COMPOSITION_REVIEW,4,im_1; im_2; im_3; im_4,,
1789,Cotton,"Shirt
Cotton 100
",Cotton,"{""Cotton"": 100.0}",Shirt,manufacturer-style tag.txt,Backend/datasets/ibug_fabrics/Cotton/1789,Cotton,ACCEPTED,,4,im_1; im_2; im_3; im_4,,
179,Cotton,"Shorts
Cotton 94 Lycra 5 Polyester 1
",Cotton; Polyester,"{""Cotton"": 94.0, ""Polyester"": 1.0}",Shorts,manufacturer-style tag.txt,Backend/datasets/ibug_fabrics/Cotton/179,,REVIEW,MIXED_COMPOSITION_REVIEW,4,im_1; im_2; im_3; im_4,,
1790,Cotton,"Shirt
Cotton 100
",Cotton,"{""Cotton"": 100.0}",Shirt,manufacturer-style tag.txt,Backend/datasets/ibug_fabrics/Cotton/1790,Cotton,ACCEPTED,,4,im_1; im_2; im_3; im_4,,
1795,Cotton,"Shirt
Cotton 98 Elastane 2
",Cotton; Elastane,"{""Cotton"": 98.0, ""Elastane"": 2.0}",Shirt,manufacturer-style tag.txt,Backend/datasets/ibug_fabrics/Cotton/1795,,REVIEW,MIXED_COMPOSITION_REVIEW,4,im_1; im_2; im_3; im_4,,
1796,Cotton,"Shirt
Cotton 98 Elastane 2
",Cotton; Elastane,"{""Cotton"": 98.0, ""Elastane"": 2.0}",Shirt,manufacturer-style tag.txt,Backend/datasets/ibug_fabrics/Cotton/1796,,REVIEW,MIXED_COMPOSITION_REVIEW,4,im_1; im_2; im_3; im_4,,
180,Cotton,"Shirt
Cotton 100
",Cotton,"{""Cotton"": 100.0}",Shirt,manufacturer-style tag.txt,Backend/datasets/ibug_fabrics/Cotton/180,Cotton,ACCEPTED,,4,im_1; im_2; im_3; im_4,,
1801,Cotton,"Shirt
Cotton 100
",Cotton,"{""Cotton"": 100.0}",Shirt,manufacturer-style tag.txt,Backend/datasets/ibug_fabrics/Cotton/1801,Cotton,ACCEPTED,,4,im_1; im_2; im_3; im_4,,
1802,Cotton,"Shirt
Cotton 100
",Cotton,"{""Cotton"": 100.0}",Shirt,manufacturer-style tag.txt,Backend/datasets/ibug_fabrics/Cotton/1802,Cotton,ACCEPTED,,4,im_1; im_2; im_3; im_4,,
1806,Cotton,"Shirt
Cotton 100
",Cotton,"{""Cotton"": 100.0}",Shirt,manufacturer-style tag.txt,Backend/datasets/ibug_fabrics/Cotton/1806,Cotton,ACCEPTED,,4,im_1; im_2; im_3; im_4,,
1807,Cotton,"Shirt
Cotton 100
",Cotton,"{""Cotton"": 100.0}",Shirt,manufacturer-style tag.txt,Backend/datasets/ibug_fabrics/Cotton/1807,Cotton,ACCEPTED,,4,im_1; im_2; im_3; im_4,,
1808,Cotton,"Shirt
Cotton 100
",Cotton,"{""Cotton"": 100.0}",Shirt,manufacturer-style tag.txt,Backend/datasets/ibug_fabrics/Cotton/1808,Cotton,ACCEPTED,,4,im_1; im_2; im_3; im_4,,
1809,Cotton,"Shirt
Cotton 100
",Cotton,"{""Cotton"": 100.0}",Shirt,manufacturer-style tag.txt,Backend/datasets/ibug_fabrics/Cotton/1809,Cotton,ACCEPTED,,4,im_1; im_2; im_3; im_4,,
181,Cotton,"Shirt
Cotton 100
",Cotton,"{""Cotton"": 100.0}",Shirt,manufacturer-style tag.txt,Backend/datasets/ibug_fabrics/Cotton/181,Cotton,ACCEPTED,,4,im_1; im_2; im_3; im_4,,
1818,Cotton,"Shirt
Cotton 100
",Cotton,"{""Cotton"": 100.0}",Shirt,manufacturer-style tag.txt,Backend/datasets/ibug_fabrics/Cotton/1818,Cotton,ACCEPTED,,4,im_1; im_2; im_3; im_4,,
1819,Cotton,"Shirt
Cotton 100
",Cotton,"{""Cotton"": 100.0}",Shirt,manufacturer-style tag.txt,Backend/datasets/ibug_fabrics/Cotton/1819,Cotton,ACCEPTED,,4,im_1; im_2; im_3; im_4,,
1830,Cotton,"Blouse
Cotton 100
",Cotton,"{""Cotton"": 100.0}",Blouse,manufacturer-style tag.txt,Backend/datasets/ibug_fabrics/Cotton/1830,Cotton,ACCEPTED,,4,im_1; im_2; im_3; im_4,,
1831,Cotton,"Blouse
Cotton 100
",Cotton,"{""Cotton"": 100.0}",Blouse,manufacturer-style tag.txt,Backend/datasets/ibug_fabrics/Cotton/1831,Cotton,ACCEPTED,,4,im_1; im_2; im_3; im_4,,
1832,Cotton,"Blouse
Cotton 100
",Cotton,"{""Cotton"": 100.0}",Blouse,manufacturer-style tag.txt,Backend/datasets/ibug_fabrics/Cotton/1832,Cotton,ACCEPTED,,4,im_1; im_2; im_3; im_4,,
1833,Cotton,"Blouse
Cotton 100
",Cotton,"{""Cotton"": 100.0}",Blouse,manufacturer-style tag.txt,Backend/datasets/ibug_fabrics/Cotton/1833,Cotton,ACCEPTED,,4,im_1; im_2; im_3; im_4,,
1834,Cotton,"Blouse
Cotton 100
",Cotton,"{""Cotton"": 100.0}",Blouse,manufacturer-style tag.txt,Backend/datasets/ibug_fabrics/Cotton/1834,Cotton,ACCEPTED,,4,im_1; im_2; im_3; im_4,,
1835,Cotton,"Blouse
Cotton 100
",Cotton,"{""Cotton"": 100.0}",Blouse,manufacturer-style tag.txt,Backend/datasets/ibug_fabrics/Cotton/1835,Cotton,ACCEPTED,,4,im_1; im_2; im_3; im_4,,
1838,Cotton,"Blouse
Cotton 100
",Cotton,"{""Cotton"": 100.0}",Blouse,manufacturer-style tag.txt,Backend/datasets/ibug_fabrics/Cotton/1838,Cotton,ACCEPTED,,4,im_1; im_2; im_3; im_4,,
1839,Cotton,"Blouse
Cotton 100
",Cotton,"{""Cotton"": 100.0}",Blouse,manufacturer-style tag.txt,Backend/datasets/ibug_fabrics/Cotton/1839,Cotton,ACCEPTED,,4,im_1; im_2; im_3; im_4,,
1840,Cotton,"Blouse
Cotton 100
",Cotton,"{""Cotton"": 100.0}",Blouse,manufacturer-style tag.txt,Backend/datasets/ibug_fabrics/Cotton/1840,Cotton,ACCEPTED,,4,im_1; im_2; im_3; im_4,,
1843,Cotton,"Blouse
Cotton 100
",Cotton,"{""Cotton"": 100.0}",Blouse,manufacturer-style tag.txt,Backend/datasets/ibug_fabrics/Cotton/1843,Cotton,ACCEPTED,,4,im_1; im_2; im_3; im_4,,
1844,Cotton,"Blouse
Cotton 100
",Cotton,"{""Cotton"": 100.0}",Blouse,manufacturer-style tag.txt,Backend/datasets/ibug_fabrics/Cotton/1844,Cotton,ACCEPTED,,4,im_1; im_2; im_3; im_4,,
1847,Cotton,"Blouse
Cotton 100
",Cotton,"{""Cotton"": 100.0}",Blouse,manufacturer-style tag.txt,Backend/datasets/ibug_fabrics/Cotton/1847,Cotton,ACCEPTED,,4,im_1; im_2; im_3; im_4,,
1848,Cotton,"Blouse
Cotton 100
",Cotton,"{""Cotton"": 100.0}",Blouse,manufacturer-style tag.txt,Backend/datasets/ibug_fabrics/Cotton/1848,Cotton,ACCEPTED,,4,im_1; im_2; im_3; im_4,,
1849,Cotton,"Blouse
Cotton 100
",Cotton,"{""Cotton"": 100.0}",Blouse,manufacturer-style tag.txt,Backend/datasets/ibug_fabrics/Cotton/1849,Cotton,ACCEPTED,,4,im_1; im_2; im_3; im_4,,
1850,Cotton,"Blouse
Cotton 100
",Cotton,"{""Cotton"": 100.0}",Blouse,manufacturer-style tag.txt,Backend/datasets/ibug_fabrics/Cotton/1850,Cotton,ACCEPTED,,4,im_1; im_2; im_3; im_4,,
1851,Cotton,"Blouse
Cotton 100
",Cotton,"{""Cotton"": 100.0}",Blouse,manufacturer-style tag.txt,Backend/datasets/ibug_fabrics/Cotton/1851,Cotton,ACCEPTED,,4,im_1; im_2; im_3; im_4,,
1852,Cotton,"Blouse
Cotton 100
",Cotton,"{""Cotton"": 100.0}",Blouse,manufacturer-style tag.txt,Backend/datasets/ibug_fabrics/Cotton/1852,Cotton,ACCEPTED,,4,im_1; im_2; im_3; im_4,,
187,Cotton,"Shirt
Cotton 95 Elastane 5
",Cotton; Elastane,"{""Cotton"": 95.0, ""Elastane"": 5.0}",Shirt,manufacturer-style tag.txt,Backend/datasets/ibug_fabrics/Cotton/187,,REVIEW,MIXED_COMPOSITION_REVIEW,4,im_1; im_2; im_3; im_4,,
188,Cotton,"Shirt
Cotton 95 Elastane 5
",Cotton; Elastane,"{""Cotton"": 95.0, ""Elastane"": 5.0}",Shirt,manufacturer-style tag.txt,Backend/datasets/ibug_fabrics/Cotton/188,,REVIEW,MIXED_COMPOSITION_REVIEW,4,im_1; im_2; im_3; im_4,,
1886,Cotton,"Blouse
Cotton 100
",Cotton,"{""Cotton"": 100.0}",Blouse,manufacturer-style tag.txt,Backend/datasets/ibug_fabrics/Cotton/1886,Cotton,ACCEPTED,,4,im_1; im_2; im_3; im_4,,
1887,Cotton,"Blouse
Cotton 100
",Cotton,"{""Cotton"": 100.0}",Blouse,manufacturer-style tag.txt,Backend/datasets/ibug_fabrics/Cotton/1887,Cotton,ACCEPTED,,4,im_1; im_2; im_3; im_4,,
1888,Cotton,"Blouse
Cotton 100
",Cotton,"{""Cotton"": 100.0}",Blouse,manufacturer-style tag.txt,Backend/datasets/ibug_fabrics/Cotton/1888,Cotton,ACCEPTED,,4,im_1; im_2; im_3; im_4,,
1889,Cotton,"Blouse
Cotton 100
",Cotton,"{""Cotton"": 100.0}",Blouse,manufacturer-style tag.txt,Backend/datasets/ibug_fabrics/Cotton/1889,Cotton,ACCEPTED,,4,im_1; im_2; im_3; im_4,,
19,Cotton,"Fabric
Cotton 100
",Cotton,"{""Cotton"": 100.0}",Fabric,manufacturer-style tag.txt,Backend/datasets/ibug_fabrics/Cotton/19,Cotton,ACCEPTED,,4,im_1; im_2; im_3; im_4,,
194,Cotton,"Shirt
Cotton 95 Elastane 5
",Cotton; Elastane,"{""Cotton"": 95.0, ""Elastane"": 5.0}",Shirt,manufacturer-style tag.txt,Backend/datasets/ibug_fabrics/Cotton/194,,REVIEW,MIXED_COMPOSITION_REVIEW,4,im_1; im_2; im_3; im_4,,
1940,Cotton,"Blouse
Cotton 100
",Cotton,"{""Cotton"": 100.0}",Blouse,manufacturer-style tag.txt,Backend/datasets/ibug_fabrics/Cotton/1940,Cotton,ACCEPTED,,4,im_1; im_2; im_3; im_4,,
1941,Cotton,"Blouse
Cotton 100
",Cotton,"{""Cotton"": 100.0}",Blouse,manufacturer-style tag.txt,Backend/datasets/ibug_fabrics/Cotton/1941,Cotton,ACCEPTED,,4,im_1; im_2; im_3; im_4,,
1942,Cotton,"Blouse
Cotton 100
",Cotton,"{""Cotton"": 100.0}",Blouse,manufacturer-style tag.txt,Backend/datasets/ibug_fabrics/Cotton/1942,Cotton,ACCEPTED,,4,im_1; im_2; im_3; im_4,,
1943,Cotton,"Blouse
Cotton 100
",Cotton,"{""Cotton"": 100.0}",Blouse,manufacturer-style tag.txt,Backend/datasets/ibug_fabrics/Cotton/1943,Cotton,REVIEW,CROSS_SAMPLE_DUPLICATE_REVIEW,4,im_1; im_2; im_3; im_4,Cotton/1943; Cotton/1944,Cotton/1943; Cotton/1944
1944,Cotton,"Blouse
Cotton 100
",Cotton,"{""Cotton"": 100.0}",Blouse,manufacturer-style tag.txt,Backend/datasets/ibug_fabrics/Cotton/1944,Cotton,REVIEW,CROSS_SAMPLE_DUPLICATE_REVIEW,4,im_1; im_2; im_3; im_4,Cotton/1943; Cotton/1944,Cotton/1943; Cotton/1944
195,Cotton,"Shirt
Cotton 95 Elastane 5
",Cotton; Elastane,"{""Cotton"": 95.0, ""Elastane"": 5.0}",Shirt,manufacturer-style tag.txt,Backend/datasets/ibug_fabrics/Cotton/195,,REVIEW,MIXED_COMPOSITION_REVIEW,4,im_1; im_2; im_3; im_4,,
1957,Cotton,"Shirt
Cotton 100
",Cotton,"{""Cotton"": 100.0}",Shirt,manufacturer-style tag.txt,Backend/datasets/ibug_fabrics/Cotton/1957,Cotton,ACCEPTED,,4,im_1; im_2; im_3; im_4,,
1958,Cotton,"Shirt
Cotton 100
",Cotton,"{""Cotton"": 100.0}",Shirt,manufacturer-style tag.txt,Backend/datasets/ibug_fabrics/Cotton/1958,Cotton,ACCEPTED,,4,im_1; im_2; im_3; im_4,,
2,Cotton,"T-shirt
Cotton 100
",Cotton,"{""Cotton"": 100.0}",T-shirt,manufacturer-style tag.txt,Backend/datasets/ibug_fabrics/Cotton/2,Cotton,ACCEPTED,,4,im_1; im_2; im_3; im_4,,
204,Cotton,"Blouse
Cotton 100
",Cotton,"{""Cotton"": 100.0}",Blouse,manufacturer-style tag.txt,Backend/datasets/ibug_fabrics/Cotton/204,Cotton,REVIEW,CROSS_SAMPLE_DUPLICATE_REVIEW,4,im_1; im_2; im_3; im_4,Cotton/204; Cotton/205,Cotton/204; Cotton/205
205,Cotton,"Blouse
Cotton 100
",Cotton,"{""Cotton"": 100.0}",Blouse,manufacturer-style tag.txt,Backend/datasets/ibug_fabrics/Cotton/205,Cotton,REVIEW,CROSS_SAMPLE_DUPLICATE_REVIEW,4,im_1; im_2; im_3; im_4,Cotton/204; Cotton/205,Cotton/204; Cotton/205
206,Cotton,"Blouse
Cotton 100
",Cotton,"{""Cotton"": 100.0}",Blouse,manufacturer-style tag.txt,Backend/datasets/ibug_fabrics/Cotton/206,Cotton,ACCEPTED,,4,im_1; im_2; im_3; im_4,,
209,Cotton,"T-shirt
Cotton 100
",Cotton,"{""Cotton"": 100.0}",T-shirt,manufacturer-style tag.txt,Backend/datasets/ibug_fabrics/Cotton/209,Cotton,ACCEPTED,,4,im_1; im_2; im_3; im_4,,
210,Cotton,"T-shirt
Cotton 100
",Cotton,"{""Cotton"": 100.0}",T-shirt,manufacturer-style tag.txt,Backend/datasets/ibug_fabrics/Cotton/210,Cotton,ACCEPTED,,4,im_1; im_2; im_3; im_4,,
211,Cotton,"T-shirt
Cotton 100
",Cotton,"{""Cotton"": 100.0}",T-shirt,manufacturer-style tag.txt,Backend/datasets/ibug_fabrics/Cotton/211,Cotton,ACCEPTED,,4,im_1; im_2; im_3; im_4,,
212,Cotton,"T-shirt
Cotton 100
",Cotton,"{""Cotton"": 100.0}",T-shirt,manufacturer-style tag.txt,Backend/datasets/ibug_fabrics/Cotton/212,Cotton,ACCEPTED,,4,im_1; im_2; im_3; im_4,,
213,Cotton,"T-shirt
Cotton 100
",Cotton,"{""Cotton"": 100.0}",T-shirt,manufacturer-style tag.txt,Backend/datasets/ibug_fabrics/Cotton/213,Cotton,ACCEPTED,,4,im_1; im_2; im_3; im_4,,
214,Cotton,"T-shirt
Cotton 100
",Cotton,"{""Cotton"": 100.0}",T-shirt,manufacturer-style tag.txt,Backend/datasets/ibug_fabrics/Cotton/214,Cotton,ACCEPTED,,4,im_1; im_2; im_3; im_4,,
215,Cotton,"T-shirt
Cotton 100
",Cotton,"{""Cotton"": 100.0}",T-shirt,manufacturer-style tag.txt,Backend/datasets/ibug_fabrics/Cotton/215,Cotton,ACCEPTED,,4,im_1; im_2; im_3; im_4,,
216,Cotton,"T-shirt
Cotton 100
",Cotton,"{""Cotton"": 100.0}",T-shirt,manufacturer-style tag.txt,Backend/datasets/ibug_fabrics/Cotton/216,Cotton,ACCEPTED,,4,im_1; im_2; im_3; im_4,,
217,Cotton,"T-shirt
Cotton 100
",Cotton,"{""Cotton"": 100.0}",T-shirt,manufacturer-style tag.txt,Backend/datasets/ibug_fabrics/Cotton/217,Cotton,ACCEPTED,,4,im_1; im_2; im_3; im_4,,
218,Cotton,"T-shirt
Cotton 100
",Cotton,"{""Cotton"": 100.0}",T-shirt,manufacturer-style tag.txt,Backend/datasets/ibug_fabrics/Cotton/218,Cotton,ACCEPTED,,4,im_1; im_2; im_3; im_4,,
219,Cotton,"Skirt
Cotton 100
",Cotton,"{""Cotton"": 100.0}",Skirt,manufacturer-style tag.txt,Backend/datasets/ibug_fabrics/Cotton/219,Cotton,ACCEPTED,,4,im_1; im_2; im_3; im_4,,
220,Cotton,"Skirt
Cotton 100
",Cotton,"{""Cotton"": 100.0}",Skirt,manufacturer-style tag.txt,Backend/datasets/ibug_fabrics/Cotton/220,Cotton,ACCEPTED,,4,im_1; im_2; im_3; im_4,,
223,Cotton,"T-shirt
Cotton 100
",Cotton,"{""Cotton"": 100.0}",T-shirt,manufacturer-style tag.txt,Backend/datasets/ibug_fabrics/Cotton/223,Cotton,ACCEPTED,,4,im_1; im_2; im_3; im_4,,
224,Cotton,"T-shirt
Cotton 100
",Cotton,"{""Cotton"": 100.0}",T-shirt,manufacturer-style tag.txt,Backend/datasets/ibug_fabrics/Cotton/224,Cotton,ACCEPTED,,4,im_1; im_2; im_3; im_4,,
227,Cotton,"Shorts
Cotton 100
",Cotton,"{""Cotton"": 100.0}",Shorts,manufacturer-style tag.txt,Backend/datasets/ibug_fabrics/Cotton/227,Cotton,ACCEPTED,,4,im_1; im_2; im_3; im_4,,
228,Cotton,"Shorts
Cotton 100
",Cotton,"{""Cotton"": 100.0}",Shorts,manufacturer-style tag.txt,Backend/datasets/ibug_fabrics/Cotton/228,Cotton,ACCEPTED,,4,im_1; im_2; im_3; im_4,,
229,Cotton,"Skirt
Cotton 100
",Cotton,"{""Cotton"": 100.0}",Skirt,manufacturer-style tag.txt,Backend/datasets/ibug_fabrics/Cotton/229,Cotton,ACCEPTED,,4,im_1; im_2; im_3; im_4,,
230,Cotton,"Skirt
Cotton 100
",Cotton,"{""Cotton"": 100.0}",Skirt,manufacturer-style tag.txt,Backend/datasets/ibug_fabrics/Cotton/230,Cotton,ACCEPTED,,4,im_1; im_2; im_3; im_4,,
231,Cotton,"Other
Cotton 100
",Cotton,"{""Cotton"": 100.0}",Other,manufacturer-style tag.txt,Backend/datasets/ibug_fabrics/Cotton/231,Cotton,ACCEPTED,,4,im_1; im_2; im_3; im_4,,
232,Cotton,"Other
Cotton 100
",Cotton,"{""Cotton"": 100.0}",Other,manufacturer-style tag.txt,Backend/datasets/ibug_fabrics/Cotton/232,Cotton,ACCEPTED,,4,im_1; im_2; im_3; im_4,,
233,Cotton,"Skirt
Cotton 100
",Cotton,"{""Cotton"": 100.0}",Skirt,manufacturer-style tag.txt,Backend/datasets/ibug_fabrics/Cotton/233,Cotton,ACCEPTED,,4,im_1; im_2; im_3; im_4,,
234,Cotton,"Skirt
Cotton 100
",Cotton,"{""Cotton"": 100.0}",Skirt,manufacturer-style tag.txt,Backend/datasets/ibug_fabrics/Cotton/234,Cotton,REVIEW,CROSS_SAMPLE_DUPLICATE_REVIEW,4,im_1; im_2; im_3; im_4,Cotton/234; Cotton/235,Cotton/234; Cotton/235
235,Cotton,"Skirt
Cotton 100
",Cotton,"{""Cotton"": 100.0}",Skirt,manufacturer-style tag.txt,Backend/datasets/ibug_fabrics/Cotton/235,Cotton,REVIEW,CROSS_SAMPLE_DUPLICATE_REVIEW,4,im_1; im_2; im_3; im_4,Cotton/234; Cotton/235,Cotton/234; Cotton/235
236,Cotton,"Skirt
Cotton 100
",Cotton,"{""Cotton"": 100.0}",Skirt,manufacturer-style tag.txt,Backend/datasets/ibug_fabrics/Cotton/236,Cotton,ACCEPTED,,4,im_1; im_2; im_3; im_4,,
237,Cotton,"Blouse
Cotton 100
",Cotton,"{""Cotton"": 100.0}",Blouse,manufacturer-style tag.txt,Backend/datasets/ibug_fabrics/Cotton/237,Cotton,ACCEPTED,,4,im_1; im_2; im_3; im_4,,
238,Cotton,"Blouse
Cotton 100
",Cotton,"{""Cotton"": 100.0}",Blouse,manufacturer-style tag.txt,Backend/datasets/ibug_fabrics/Cotton/238,Cotton,ACCEPTED,,4,im_1; im_2; im_3; im_4,,
239,Cotton,"Shirt
Cotton 100
",Cotton,"{""Cotton"": 100.0}",Shirt,manufacturer-style tag.txt,Backend/datasets/ibug_fabrics/Cotton/239,Cotton,ACCEPTED,,4,im_1; im_2; im_3; im_4,,
24,Cotton,"Fabric
Cotton 100
",Cotton,"{""Cotton"": 100.0}",Fabric,manufacturer-style tag.txt,Backend/datasets/ibug_fabrics/Cotton/24,Cotton,ACCEPTED,,4,im_1; im_2; im_3; im_4,,
240,Cotton,"Shirt
Cotton 100
",Cotton,"{""Cotton"": 100.0}",Shirt,manufacturer-style tag.txt,Backend/datasets/ibug_fabrics/Cotton/240,Cotton,ACCEPTED,,4,im_1; im_2; im_3; im_4,,
243,Cotton,"T-shirt
Cotton 100
",Cotton,"{""Cotton"": 100.0}",T-shirt,manufacturer-style tag.txt,Backend/datasets/ibug_fabrics/Cotton/243,Cotton,ACCEPTED,,4,im_1; im_2; im_3; im_4,,
244,Cotton,"T-shirt
Cotton 100
",Cotton,"{""Cotton"": 100.0}",T-shirt,manufacturer-style tag.txt,Backend/datasets/ibug_fabrics/Cotton/244,Cotton,ACCEPTED,,4,im_1; im_2; im_3; im_4,,
245,Cotton,"T-shirt
Cotton 100
",Cotton,"{""Cotton"": 100.0}",T-shirt,manufacturer-style tag.txt,Backend/datasets/ibug_fabrics/Cotton/245,Cotton,ACCEPTED,,4,im_1; im_2; im_3; im_4,,
246,Cotton,"T-shirt
Cotton 100
",Cotton,"{""Cotton"": 100.0}",T-shirt,manufacturer-style tag.txt,Backend/datasets/ibug_fabrics/Cotton/246,Cotton,ACCEPTED,,4,im_1; im_2; im_3; im_4,,
247,Cotton,"T-shirt
Cotton 100
",Cotton,"{""Cotton"": 100.0}",T-shirt,manufacturer-style tag.txt,Backend/datasets/ibug_fabrics/Cotton/247,Cotton,ACCEPTED,,4,im_1; im_2; im_3; im_4,,
248,Cotton,"Skirt
Cotton 100
",Cotton,"{""Cotton"": 100.0}",Skirt,manufacturer-style tag.txt,Backend/datasets/ibug_fabrics/Cotton/248,Cotton,REVIEW,CROSS_SAMPLE_DUPLICATE_REVIEW,4,im_1; im_2; im_3; im_4,Cotton/248; Cotton/249,Cotton/248; Cotton/249
249,Cotton,"Skirt
Cotton 100
",Cotton,"{""Cotton"": 100.0}",Skirt,manufacturer-style tag.txt,Backend/datasets/ibug_fabrics/Cotton/249,Cotton,REVIEW,CROSS_SAMPLE_DUPLICATE_REVIEW,4,im_1; im_2; im_3; im_4,Cotton/248; Cotton/249,Cotton/248; Cotton/249
25,Cotton,"Fabric
Cotton 100
",Cotton,"{""Cotton"": 100.0}",Fabric,manufacturer-style tag.txt,Backend/datasets/ibug_fabrics/Cotton/25,Cotton,ACCEPTED,,4,im_1; im_2; im_3; im_4,,
250,Cotton,"Blouse
Cotton 100
",Cotton,"{""Cotton"": 100.0}",Blouse,manufacturer-style tag.txt,Backend/datasets/ibug_fabrics/Cotton/250,Cotton,ACCEPTED,,4,im_1; im_2; im_3; im_4,,
251,Cotton,"Blouse
Cotton 100
",Cotton,"{""Cotton"": 100.0}",Blouse,manufacturer-style tag.txt,Backend/datasets/ibug_fabrics/Cotton/251,Cotton,ACCEPTED,,4,im_1; im_2; im_3; im_4,,
252,Cotton,"Blouse
Cotton 100
",Cotton,"{""Cotton"": 100.0}",Blouse,manufacturer-style tag.txt,Backend/datasets/ibug_fabrics/Cotton/252,Cotton,ACCEPTED,,4,im_1; im_2; im_3; im_4,,
253,Cotton,"Blouse
Cotton 100
",Cotton,"{""Cotton"": 100.0}",Blouse,manufacturer-style tag.txt,Backend/datasets/ibug_fabrics/Cotton/253,Cotton,ACCEPTED,,4,im_1; im_2; im_3; im_4,,
254,Cotton,"Blouse
Cotton 100
",Cotton,"{""Cotton"": 100.0}",Blouse,manufacturer-style tag.txt,Backend/datasets/ibug_fabrics/Cotton/254,Cotton,ACCEPTED,,4,im_1; im_2; im_3; im_4,,
255,Cotton,"Blouse
Cotton 100
",Cotton,"{""Cotton"": 100.0}",Blouse,manufacturer-style tag.txt,Backend/datasets/ibug_fabrics/Cotton/255,Cotton,ACCEPTED,,4,im_1; im_2; im_3; im_4,,
277,Cotton,"Blouse
Cotton 93 Elastane 7
",Cotton; Elastane,"{""Cotton"": 93.0, ""Elastane"": 7.0}",Blouse,manufacturer-style tag.txt,Backend/datasets/ibug_fabrics/Cotton/277,,REVIEW,MIXED_COMPOSITION_REVIEW,4,im_1; im_2; im_3; im_4,,
278,Cotton,"Blouse
Cotton 93 Elastane 7
",Cotton; Elastane,"{""Cotton"": 93.0, ""Elastane"": 7.0}",Blouse,manufacturer-style tag.txt,Backend/datasets/ibug_fabrics/Cotton/278,,REVIEW,MIXED_COMPOSITION_REVIEW,4,im_1; im_2; im_3; im_4,,
290,Cotton,"Blouse
Cotton 100
",Cotton,"{""Cotton"": 100.0}",Blouse,manufacturer-style tag.txt,Backend/datasets/ibug_fabrics/Cotton/290,Cotton,ACCEPTED,,4,im_1; im_2; im_3; im_4,,
291,Cotton,"Blouse
Cotton 100
",Cotton,"{""Cotton"": 100.0}",Blouse,manufacturer-style tag.txt,Backend/datasets/ibug_fabrics/Cotton/291,Cotton,ACCEPTED,,4,im_1; im_2; im_3; im_4,,
296,Cotton,"Blouse
Cotton 100
",Cotton,"{""Cotton"": 100.0}",Blouse,manufacturer-style tag.txt,Backend/datasets/ibug_fabrics/Cotton/296,Cotton,ACCEPTED,,4,im_1; im_2; im_3; im_4,,
298,Cotton,"Pants
Cotton 100
",Cotton,"{""Cotton"": 100.0}",Pants,manufacturer-style tag.txt,Backend/datasets/ibug_fabrics/Cotton/298,Cotton,ACCEPTED,,4,im_1; im_2; im_3; im_4,,
299,Cotton,"Pants
Cotton 100
",Cotton,"{""Cotton"": 100.0}",Pants,manufacturer-style tag.txt,Backend/datasets/ibug_fabrics/Cotton/299,Cotton,ACCEPTED,,4,im_1; im_2; im_3; im_4,,
3,Cotton,"Blouse
Cotton 100
",Cotton,"{""Cotton"": 100.0}",Blouse,manufacturer-style tag.txt,Backend/datasets/ibug_fabrics/Cotton/3,Cotton,ACCEPTED,,4,im_1; im_2; im_3; im_4,,
302,Cotton,"Blouse
Cotton 100
",Cotton,"{""Cotton"": 100.0}",Blouse,manufacturer-style tag.txt,Backend/datasets/ibug_fabrics/Cotton/302,Cotton,ACCEPTED,,4,im_1; im_2; im_3; im_4,,
303,Cotton,"Blouse
Cotton 100
",Cotton,"{""Cotton"": 100.0}",Blouse,manufacturer-style tag.txt,Backend/datasets/ibug_fabrics/Cotton/303,Cotton,ACCEPTED,,4,im_1; im_2; im_3; im_4,,
312,Cotton,"Shirt
Cotton 100
",Cotton,"{""Cotton"": 100.0}",Shirt,manufacturer-style tag.txt,Backend/datasets/ibug_fabrics/Cotton/312,Cotton,ACCEPTED,,4,im_1; im_2; im_3; im_4,,
313,Cotton,"Shirt
Cotton 100
",Cotton,"{""Cotton"": 100.0}",Shirt,manufacturer-style tag.txt,Backend/datasets/ibug_fabrics/Cotton/313,Cotton,ACCEPTED,,4,im_1; im_2; im_3; im_4,,
318,Cotton,"Shirt
Cotton 98 Elastane 2
",Cotton; Elastane,"{""Cotton"": 98.0, ""Elastane"": 2.0}",Shirt,manufacturer-style tag.txt,Backend/datasets/ibug_fabrics/Cotton/318,,REVIEW,MIXED_COMPOSITION_REVIEW,4,im_1; im_2; im_3; im_4,,
319,Cotton,"Shirt
Cotton 98 Elastane 2
",Cotton; Elastane,"{""Cotton"": 98.0, ""Elastane"": 2.0}",Shirt,manufacturer-style tag.txt,Backend/datasets/ibug_fabrics/Cotton/319,,REVIEW,MIXED_COMPOSITION_REVIEW,4,im_1; im_2; im_3; im_4,,
320,Cotton,"Jacket
Cotton 100
",Cotton,"{""Cotton"": 100.0}",Jacket,manufacturer-style tag.txt,Backend/datasets/ibug_fabrics/Cotton/320,Cotton,ACCEPTED,,4,im_1; im_2; im_3; im_4,,
321,Cotton,"Jacket
Cotton 100
",Cotton,"{""Cotton"": 100.0}",Jacket,manufacturer-style tag.txt,Backend/datasets/ibug_fabrics/Cotton/321,Cotton,ACCEPTED,,4,im_1; im_2; im_3; im_4,,
324,Cotton,"Pants
Cotton 97 Elastane 3
",Cotton; Elastane,"{""Cotton"": 97.0, ""Elastane"": 3.0}",Pants,manufacturer-style tag.txt,Backend/datasets/ibug_fabrics/Cotton/324,,REVIEW,MIXED_COMPOSITION_REVIEW,4,im_1; im_2; im_3; im_4,,
325,Cotton,"Pants
Cotton 97 Elastane 3
",Cotton; Elastane,"{""Cotton"": 97.0, ""Elastane"": 3.0}",Pants,manufacturer-style tag.txt,Backend/datasets/ibug_fabrics/Cotton/325,,REVIEW,MIXED_COMPOSITION_REVIEW,4,im_1; im_2; im_3; im_4,,
326,Cotton,"Pants
Cotton 98.5 Elastane 1.5
",Cotton; Elastane,"{""Cotton"": 98.5, ""Elastane"": 1.5}",Pants,manufacturer-style tag.txt,Backend/datasets/ibug_fabrics/Cotton/326,,REVIEW,MIXED_COMPOSITION_REVIEW,4,im_1; im_2; im_3; im_4,,
327,Cotton,"Pants
Cotton 98.5 Elastane 1.5
",Cotton; Elastane,"{""Cotton"": 98.5, ""Elastane"": 1.5}",Pants,manufacturer-style tag.txt,Backend/datasets/ibug_fabrics/Cotton/327,,REVIEW,MIXED_COMPOSITION_REVIEW,4,im_1; im_2; im_3; im_4,,
330,Cotton,"Shirt
Cotton 100
",Cotton,"{""Cotton"": 100.0}",Shirt,manufacturer-style tag.txt,Backend/datasets/ibug_fabrics/Cotton/330,Cotton,ACCEPTED,,4,im_1; im_2; im_3; im_4,,
331,Cotton,"Shirt
Cotton 100
",Cotton,"{""Cotton"": 100.0}",Shirt,manufacturer-style tag.txt,Backend/datasets/ibug_fabrics/Cotton/331,Cotton,ACCEPTED,,4,im_1; im_2; im_3; im_4,,
341,Cotton,"Shirt
Cotton 100
",Cotton,"{""Cotton"": 100.0}",Shirt,manufacturer-style tag.txt,Backend/datasets/ibug_fabrics/Cotton/341,Cotton,ACCEPTED,,4,im_1; im_2; im_3; im_4,,
342,Cotton,"Shirt
Cotton 100
",Cotton,"{""Cotton"": 100.0}",Shirt,manufacturer-style tag.txt,Backend/datasets/ibug_fabrics/Cotton/342,Cotton,ACCEPTED,,4,im_1; im_2; im_3; im_4,,
346,Cotton,"Shirt
Cotton 100
",Cotton,"{""Cotton"": 100.0}",Shirt,manufacturer-style tag.txt,Backend/datasets/ibug_fabrics/Cotton/346,Cotton,ACCEPTED,,4,im_1; im_2; im_3; im_4,,
347,Cotton,"Shirt
Cotton 100
",Cotton,"{""Cotton"": 100.0}",Shirt,manufacturer-style tag.txt,Backend/datasets/ibug_fabrics/Cotton/347,Cotton,ACCEPTED,,4,im_1; im_2; im_3; im_4,,
348,Cotton,"Shirt
Cotton 100
",Cotton,"{""Cotton"": 100.0}",Shirt,manufacturer-style tag.txt,Backend/datasets/ibug_fabrics/Cotton/348,Cotton,ACCEPTED,,4,im_1; im_2; im_3; im_4,,
349,Cotton,"Shirt
Cotton 100
",Cotton,"{""Cotton"": 100.0}",Shirt,manufacturer-style tag.txt,Backend/datasets/ibug_fabrics/Cotton/349,Cotton,ACCEPTED,,4,im_1; im_2; im_3; im_4,,
385,Cotton,"T-shirt
Cotton 100
",Cotton,"{""Cotton"": 100.0}",T-shirt,manufacturer-style tag.txt,Backend/datasets/ibug_fabrics/Cotton/385,Cotton,ACCEPTED,,4,im_1; im_2; im_3; im_4,,
386,Cotton,"T-shirt
Cotton 100
",Cotton,"{""Cotton"": 100.0}",T-shirt,manufacturer-style tag.txt,Backend/datasets/ibug_fabrics/Cotton/386,Cotton,ACCEPTED,,4,im_1; im_2; im_3; im_4,,
387,Cotton,"T-shirt
Cotton 100
",Cotton,"{""Cotton"": 100.0}",T-shirt,manufacturer-style tag.txt,Backend/datasets/ibug_fabrics/Cotton/387,Cotton,ACCEPTED,,4,im_1; im_2; im_3; im_4,,
388,Cotton,"T-shirt
Cotton 100
",Cotton,"{""Cotton"": 100.0}",T-shirt,manufacturer-style tag.txt,Backend/datasets/ibug_fabrics/Cotton/388,Cotton,ACCEPTED,,4,im_1; im_2; im_3; im_4,,
389,Cotton,"Shirt
Cotton 95 Elastane 5
",Cotton; Elastane,"{""Cotton"": 95.0, ""Elastane"": 5.0}",Shirt,manufacturer-style tag.txt,Backend/datasets/ibug_fabrics/Cotton/389,,REVIEW,MIXED_COMPOSITION_REVIEW,4,im_1; im_2; im_3; im_4,,
390,Cotton,"Shirt
Cotton 95 Elastane 5
",Cotton; Elastane,"{""Cotton"": 95.0, ""Elastane"": 5.0}",Shirt,manufacturer-style tag.txt,Backend/datasets/ibug_fabrics/Cotton/390,,REVIEW,MIXED_COMPOSITION_REVIEW,4,im_1; im_2; im_3; im_4,,
391,Cotton,"Shirt
Cotton 95 Elastane 5
",Cotton; Elastane,"{""Cotton"": 95.0, ""Elastane"": 5.0}",Shirt,manufacturer-style tag.txt,Backend/datasets/ibug_fabrics/Cotton/391,,REVIEW,MIXED_COMPOSITION_REVIEW,4,im_1; im_2; im_3; im_4,,
394,Cotton,"T-shirt
Cotton 100
",Cotton,"{""Cotton"": 100.0}",T-shirt,manufacturer-style tag.txt,Backend/datasets/ibug_fabrics/Cotton/394,Cotton,ACCEPTED,,4,im_1; im_2; im_3; im_4,,
395,Cotton,"T-shirt
Cotton 100
",Cotton,"{""Cotton"": 100.0}",T-shirt,manufacturer-style tag.txt,Backend/datasets/ibug_fabrics/Cotton/395,Cotton,ACCEPTED,,4,im_1; im_2; im_3; im_4,,
396,Cotton,"Pants
Cotton 100
",Cotton,"{""Cotton"": 100.0}",Pants,manufacturer-style tag.txt,Backend/datasets/ibug_fabrics/Cotton/396,Cotton,ACCEPTED,,4,im_1; im_2; im_3; im_4,,
397,Cotton,"Pants
Cotton 100
",Cotton,"{""Cotton"": 100.0}",Pants,manufacturer-style tag.txt,Backend/datasets/ibug_fabrics/Cotton/397,Cotton,ACCEPTED,,4,im_1; im_2; im_3; im_4,,
398,Cotton,"Pants
Cotton 100
",Cotton,"{""Cotton"": 100.0}",Pants,manufacturer-style tag.txt,Backend/datasets/ibug_fabrics/Cotton/398,Cotton,ACCEPTED,,4,im_1; im_2; im_3; im_4,,
399,Cotton,"Pants
Cotton 100
",Cotton,"{""Cotton"": 100.0}",Pants,manufacturer-style tag.txt,Backend/datasets/ibug_fabrics/Cotton/399,Cotton,ACCEPTED,,4,im_1; im_2; im_3; im_4,,
400,Cotton,"Pants
Cotton 100
",Cotton,"{""Cotton"": 100.0}",Pants,manufacturer-style tag.txt,Backend/datasets/ibug_fabrics/Cotton/400,Cotton,ACCEPTED,,4,im_1; im_2; im_3; im_4,,
403,Cotton,"Shirt
Cotton 96 Elastane 4
",Cotton; Elastane,"{""Cotton"": 96.0, ""Elastane"": 4.0}",Shirt,manufacturer-style tag.txt,Backend/datasets/ibug_fabrics/Cotton/403,,REVIEW,MIXED_COMPOSITION_REVIEW,4,im_1; im_2; im_3; im_4,,
404,Cotton,"Shirt
Cotton 96 Elastane 4
",Cotton; Elastane,"{""Cotton"": 96.0, ""Elastane"": 4.0}",Shirt,manufacturer-style tag.txt,Backend/datasets/ibug_fabrics/Cotton/404,,REVIEW,MIXED_COMPOSITION_REVIEW,4,im_1; im_2; im_3; im_4,,
405,Cotton,"T-shirt
Cotton 95 Elastane 5
",Cotton; Elastane,"{""Cotton"": 95.0, ""Elastane"": 5.0}",T-shirt,manufacturer-style tag.txt,Backend/datasets/ibug_fabrics/Cotton/405,,REVIEW,MIXED_COMPOSITION_REVIEW,4,im_1; im_2; im_3; im_4,,
406,Cotton,"T-shirt
Cotton 95 Elastane 5
",Cotton; Elastane,"{""Cotton"": 95.0, ""Elastane"": 5.0}",T-shirt,manufacturer-style tag.txt,Backend/datasets/ibug_fabrics/Cotton/406,,REVIEW,MIXED_COMPOSITION_REVIEW,4,im_1; im_2; im_3; im_4,,
407,Cotton,"T-shirt
Cotton 100
",Cotton,"{""Cotton"": 100.0}",T-shirt,manufacturer-style tag.txt,Backend/datasets/ibug_fabrics/Cotton/407,Cotton,ACCEPTED,,4,im_1; im_2; im_3; im_4,,
408,Cotton,"T-shirt
Cotton 100
",Cotton,"{""Cotton"": 100.0}",T-shirt,manufacturer-style tag.txt,Backend/datasets/ibug_fabrics/Cotton/408,Cotton,ACCEPTED,,4,im_1; im_2; im_3; im_4,,
409,Cotton,"T-shirt
Cotton 100
",Cotton,"{""Cotton"": 100.0}",T-shirt,manufacturer-style tag.txt,Backend/datasets/ibug_fabrics/Cotton/409,Cotton,ACCEPTED,,4,im_1; im_2; im_3; im_4,,
413,Cotton,"Shirt
Cotton 100
",Cotton,"{""Cotton"": 100.0}",Shirt,manufacturer-style tag.txt,Backend/datasets/ibug_fabrics/Cotton/413,Cotton,ACCEPTED,,4,im_1; im_2; im_3; im_4,,
414,Cotton,"Shirt
Cotton 100
",Cotton,"{""Cotton"": 100.0}",Shirt,manufacturer-style tag.txt,Backend/datasets/ibug_fabrics/Cotton/414,Cotton,ACCEPTED,,4,im_1; im_2; im_3; im_4,,
415,Cotton,"Shirt
Cotton 100
",Cotton,"{""Cotton"": 100.0}",Shirt,manufacturer-style tag.txt,Backend/datasets/ibug_fabrics/Cotton/415,Cotton,REVIEW,CROSS_SAMPLE_DUPLICATE_REVIEW,4,im_1; im_2; im_3; im_4,Cotton/415; Cotton/416,Cotton/415; Cotton/416
416,Cotton,"Other
Cotton 100
",Cotton,"{""Cotton"": 100.0}",Other,manufacturer-style tag.txt,Backend/datasets/ibug_fabrics/Cotton/416,Cotton,REVIEW,CROSS_SAMPLE_DUPLICATE_REVIEW,4,im_1; im_2; im_3; im_4,Cotton/415; Cotton/416,Cotton/415; Cotton/416
417,Cotton,"Other
Cotton 100
",Cotton,"{""Cotton"": 100.0}",Other,manufacturer-style tag.txt,Backend/datasets/ibug_fabrics/Cotton/417,Cotton,ACCEPTED,,4,im_1; im_2; im_3; im_4,,
418,Cotton,"T-shirt
Cotton 100
",Cotton,"{""Cotton"": 100.0}",T-shirt,manufacturer-style tag.txt,Backend/datasets/ibug_fabrics/Cotton/418,Cotton,ACCEPTED,,4,im_1; im_2; im_3; im_4,,
419,Cotton,"T-shirt
Cotton 100
",Cotton,"{""Cotton"": 100.0}",T-shirt,manufacturer-style tag.txt,Backend/datasets/ibug_fabrics/Cotton/419,Cotton,ACCEPTED,,4,im_1; im_2; im_3; im_4,,
425,Cotton,"T-shirt
Cotton 100
",Cotton,"{""Cotton"": 100.0}",T-shirt,manufacturer-style tag.txt,Backend/datasets/ibug_fabrics/Cotton/425,Cotton,ACCEPTED,,4,im_1; im_2; im_3; im_4,,
426,Cotton,"T-shirt
Cotton 100
",Cotton,"{""Cotton"": 100.0}",T-shirt,manufacturer-style tag.txt,Backend/datasets/ibug_fabrics/Cotton/426,Cotton,ACCEPTED,,4,im_1; im_2; im_3; im_4,,
427,Cotton,"Pants
Cotton 100
",Cotton,"{""Cotton"": 100.0}",Pants,manufacturer-style tag.txt,Backend/datasets/ibug_fabrics/Cotton/427,Cotton,ACCEPTED,,4,im_1; im_2; im_3; im_4,,
428,Cotton,"Pants
Cotton 100
",Cotton,"{""Cotton"": 100.0}",Pants,manufacturer-style tag.txt,Backend/datasets/ibug_fabrics/Cotton/428,Cotton,ACCEPTED,,4,im_1; im_2; im_3; im_4,,
434,Cotton,"Shirt
Cotton 100
",Cotton,"{""Cotton"": 100.0}",Shirt,manufacturer-style tag.txt,Backend/datasets/ibug_fabrics/Cotton/434,Cotton,ACCEPTED,,4,im_1; im_2; im_3; im_4,,
435,Cotton,"Shirt
Cotton 100
",Cotton,"{""Cotton"": 100.0}",Shirt,manufacturer-style tag.txt,Backend/datasets/ibug_fabrics/Cotton/435,Cotton,ACCEPTED,,4,im_1; im_2; im_3; im_4,,
438,Cotton,"Other
Cotton 100
",Cotton,"{""Cotton"": 100.0}",Other,manufacturer-style tag.txt,Backend/datasets/ibug_fabrics/Cotton/438,Cotton,ACCEPTED,,4,im_1; im_2; im_3; im_4,,
440,Cotton,"T-shirt
Cotton 100
",Cotton,"{""Cotton"": 100.0}",T-shirt,manufacturer-style tag.txt,Backend/datasets/ibug_fabrics/Cotton/440,Cotton,ACCEPTED,,4,im_1; im_2; im_3; im_4,,
441,Cotton,"T-shirt
Cotton 100
",Cotton,"{""Cotton"": 100.0}",T-shirt,manufacturer-style tag.txt,Backend/datasets/ibug_fabrics/Cotton/441,Cotton,ACCEPTED,,4,im_1; im_2; im_3; im_4,,
442,Cotton,"T-shirt
Cotton 100
",Cotton,"{""Cotton"": 100.0}",T-shirt,manufacturer-style tag.txt,Backend/datasets/ibug_fabrics/Cotton/442,Cotton,ACCEPTED,,4,im_1; im_2; im_3; im_4,,
443,Cotton,"T-shirt
Cotton 100
",Cotton,"{""Cotton"": 100.0}",T-shirt,manufacturer-style tag.txt,Backend/datasets/ibug_fabrics/Cotton/443,Cotton,ACCEPTED,,4,im_1; im_2; im_3; im_4,,
451,Cotton,"Blouse
Cotton 100
",Cotton,"{""Cotton"": 100.0}",Blouse,manufacturer-style tag.txt,Backend/datasets/ibug_fabrics/Cotton/451,Cotton,ACCEPTED,,4,im_1; im_2; im_3; im_4,,
452,Cotton,"Blouse
Cotton 100
",Cotton,"{""Cotton"": 100.0}",Blouse,manufacturer-style tag.txt,Backend/datasets/ibug_fabrics/Cotton/452,Cotton,ACCEPTED,,4,im_1; im_2; im_3; im_4,,
456,Cotton,"T-shirt
Cotton 100
",Cotton,"{""Cotton"": 100.0}",T-shirt,manufacturer-style tag.txt,Backend/datasets/ibug_fabrics/Cotton/456,Cotton,ACCEPTED,,4,im_1; im_2; im_3; im_4,,
457,Cotton,"T-shirt
Cotton 100
",Cotton,"{""Cotton"": 100.0}",T-shirt,manufacturer-style tag.txt,Backend/datasets/ibug_fabrics/Cotton/457,Cotton,ACCEPTED,,4,im_1; im_2; im_3; im_4,,
462,Cotton,"T-shirt
Cotton 100
",Cotton,"{""Cotton"": 100.0}",T-shirt,manufacturer-style tag.txt,Backend/datasets/ibug_fabrics/Cotton/462,Cotton,ACCEPTED,,4,im_1; im_2; im_3; im_4,,
463,Cotton,"T-shirt
Cotton 100
",Cotton,"{""Cotton"": 100.0}",T-shirt,manufacturer-style tag.txt,Backend/datasets/ibug_fabrics/Cotton/463,Cotton,ACCEPTED,,4,im_1; im_2; im_3; im_4,,
464,Cotton,"T-shirt
Cotton 96 Lycra 4
",Cotton,"{""Cotton"": 96.0}",T-shirt,manufacturer-style tag.txt,Backend/datasets/ibug_fabrics/Cotton/464,Cotton,ACCEPTED,,4,im_1; im_2; im_3; im_4,,
465,Cotton,"T-shirt
Cotton 96 Lycra 4",Cotton,"{""Cotton"": 96.0}",T-shirt,manufacturer-style tag.txt,Backend/datasets/ibug_fabrics/Cotton/465,Cotton,ACCEPTED,,4,im_1; im_2; im_3; im_4,,
466,Cotton,"T-shirt
Cotton 96 Lycra 4",Cotton,"{""Cotton"": 96.0}",T-shirt,manufacturer-style tag.txt,Backend/datasets/ibug_fabrics/Cotton/466,Cotton,ACCEPTED,,4,im_1; im_2; im_3; im_4,,
467,Cotton,"T-shirt
Cotton 100
",Cotton,"{""Cotton"": 100.0}",T-shirt,manufacturer-style tag.txt,Backend/datasets/ibug_fabrics/Cotton/467,Cotton,REVIEW,CROSS_SAMPLE_DUPLICATE_REVIEW,4,im_1; im_2; im_3; im_4,Cotton/467; Cotton/468,Cotton/467; Cotton/468
468,Cotton,"T-shirt
Cotton 100
",Cotton,"{""Cotton"": 100.0}",T-shirt,manufacturer-style tag.txt,Backend/datasets/ibug_fabrics/Cotton/468,Cotton,REVIEW,CROSS_SAMPLE_DUPLICATE_REVIEW,4,im_1; im_2; im_3; im_4,Cotton/467; Cotton/468,Cotton/467; Cotton/468
469,Cotton,"T-shirt
Cotton 100
",Cotton,"{""Cotton"": 100.0}",T-shirt,manufacturer-style tag.txt,Backend/datasets/ibug_fabrics/Cotton/469,Cotton,ACCEPTED,,4,im_1; im_2; im_3; im_4,,
470,Cotton,"Blouse
Cotton 100
",Cotton,"{""Cotton"": 100.0}",Blouse,manufacturer-style tag.txt,Backend/datasets/ibug_fabrics/Cotton/470,Cotton,ACCEPTED,,4,im_1; im_2; im_3; im_4,,
471,Cotton,"Blouse
Cotton 100
",Cotton,"{""Cotton"": 100.0}",Blouse,manufacturer-style tag.txt,Backend/datasets/ibug_fabrics/Cotton/471,Cotton,ACCEPTED,,4,im_1; im_2; im_3; im_4,,
474,Cotton,"Shorts
Cotton 100
",Cotton,"{""Cotton"": 100.0}",Shorts,manufacturer-style tag.txt,Backend/datasets/ibug_fabrics/Cotton/474,Cotton,ACCEPTED,,4,im_1; im_2; im_3; im_4,,
475,Cotton,"Shorts
Cotton 100
",Cotton,"{""Cotton"": 100.0}",Shorts,manufacturer-style tag.txt,Backend/datasets/ibug_fabrics/Cotton/475,Cotton,ACCEPTED,,4,im_1; im_2; im_3; im_4,,
476,Cotton,"Blouse
Cotton 100
",Cotton,"{""Cotton"": 100.0}",Blouse,manufacturer-style tag.txt,Backend/datasets/ibug_fabrics/Cotton/476,Cotton,ACCEPTED,,4,im_1; im_2; im_3; im_4,,
477,Cotton,"Blouse
Cotton 100
",Cotton,"{""Cotton"": 100.0}",Blouse,manufacturer-style tag.txt,Backend/datasets/ibug_fabrics/Cotton/477,Cotton,ACCEPTED,,4,im_1; im_2; im_3; im_4,,
478,Cotton,"Pants
Cotton 100
",Cotton,"{""Cotton"": 100.0}",Pants,manufacturer-style tag.txt,Backend/datasets/ibug_fabrics/Cotton/478,Cotton,ACCEPTED,,4,im_1; im_2; im_3; im_4,,
479,Cotton,"Pants
Cotton 100
",Cotton,"{""Cotton"": 100.0}",Pants,manufacturer-style tag.txt,Backend/datasets/ibug_fabrics/Cotton/479,Cotton,ACCEPTED,,4,im_1; im_2; im_3; im_4,,
480,Cotton,"T-shirt
Cotton 100
",Cotton,"{""Cotton"": 100.0}",T-shirt,manufacturer-style tag.txt,Backend/datasets/ibug_fabrics/Cotton/480,Cotton,ACCEPTED,,4,im_1; im_2; im_3; im_4,,
481,Cotton,"T-shirt
Cotton 100
",Cotton,"{""Cotton"": 100.0}",T-shirt,manufacturer-style tag.txt,Backend/datasets/ibug_fabrics/Cotton/481,Cotton,ACCEPTED,,4,im_1; im_2; im_3; im_4,,
490,Cotton,"Jacket
Cotton 100
",Cotton,"{""Cotton"": 100.0}",Jacket,manufacturer-style tag.txt,Backend/datasets/ibug_fabrics/Cotton/490,Cotton,ACCEPTED,,4,im_1; im_2; im_3; im_4,,
491,Cotton,"Jacket
Cotton 100
",Cotton,"{""Cotton"": 100.0}",Jacket,manufacturer-style tag.txt,Backend/datasets/ibug_fabrics/Cotton/491,Cotton,ACCEPTED,,4,im_1; im_2; im_3; im_4,,
495,Cotton,"Jacket
Cotton 100
",Cotton,"{""Cotton"": 100.0}",Jacket,manufacturer-style tag.txt,Backend/datasets/ibug_fabrics/Cotton/495,Cotton,ACCEPTED,,4,im_1; im_2; im_3; im_4,,
496,Cotton,"Jacket
Cotton 100
",Cotton,"{""Cotton"": 100.0}",Jacket,manufacturer-style tag.txt,Backend/datasets/ibug_fabrics/Cotton/496,Cotton,ACCEPTED,,4,im_1; im_2; im_3; im_4,,
50,Cotton,"Fabric
Cotton 100",Cotton,"{""Cotton"": 100.0}",Fabric,manufacturer-style tag.txt,Backend/datasets/ibug_fabrics/Cotton/50,Cotton,ACCEPTED,,4,im_1; im_2; im_3; im_4,,
507,Cotton,"Blouse
Cotton 100
",Cotton,"{""Cotton"": 100.0}",Blouse,manufacturer-style tag.txt,Backend/datasets/ibug_fabrics/Cotton/507,Cotton,ACCEPTED,,4,im_1; im_2; im_3; im_4,,
508,Cotton,"Blouse
Cotton 100
",Cotton,"{""Cotton"": 100.0}",Blouse,manufacturer-style tag.txt,Backend/datasets/ibug_fabrics/Cotton/508,Cotton,ACCEPTED,,4,im_1; im_2; im_3; im_4,,
51,Cotton,"Fabric
Cotton 100
",Cotton,"{""Cotton"": 100.0}",Fabric,manufacturer-style tag.txt,Backend/datasets/ibug_fabrics/Cotton/51,Cotton,ACCEPTED,,4,im_1; im_2; im_3; im_4,,
52,Cotton,"Fabric
Cotton 100",Cotton,"{""Cotton"": 100.0}",Fabric,manufacturer-style tag.txt,Backend/datasets/ibug_fabrics/Cotton/52,Cotton,ACCEPTED,,4,im_1; im_2; im_3; im_4,,
529,Cotton,"Fabric
Cotton 100
",Cotton,"{""Cotton"": 100.0}",Fabric,manufacturer-style tag.txt,Backend/datasets/ibug_fabrics/Cotton/529,Cotton,ACCEPTED,,4,im_1; im_2; im_3; im_4,,
530,Cotton,"Fabric
Cotton 100
",Cotton,"{""Cotton"": 100.0}",Fabric,manufacturer-style tag.txt,Backend/datasets/ibug_fabrics/Cotton/530,Cotton,ACCEPTED,,4,im_1; im_2; im_3; im_4,,
531,Cotton,"Fabric
Cotton 100 (Cotton manipulated )
",Cotton,"{""Cotton"": 100.0}",Fabric,manufacturer-style tag.txt,Backend/datasets/ibug_fabrics/Cotton/531,Cotton,ACCEPTED,,4,im_1; im_2; im_3; im_4,,
541,Cotton,"Fabric
Cotton 100 Velvet
",Cotton; Velvet,"{""Cotton"": 100.0}",Fabric,manufacturer-style tag.txt,Backend/datasets/ibug_fabrics/Cotton/541,,REVIEW,MIXED_COMPOSITION_REVIEW,4,im_1; im_2; im_3; im_4,,
687,Cotton,"Fabric
Cotton 100
",Cotton,"{""Cotton"": 100.0}",Fabric,manufacturer-style tag.txt,Backend/datasets/ibug_fabrics/Cotton/687,Cotton,ACCEPTED,,4,im_1; im_2; im_3; im_4,,
688,Cotton,"Fabric
Cotton 100
",Cotton,"{""Cotton"": 100.0}",Fabric,manufacturer-style tag.txt,Backend/datasets/ibug_fabrics/Cotton/688,Cotton,ACCEPTED,,4,im_1; im_2; im_3; im_4,,
689,Cotton,"Fabric
Cotton 100
",Cotton,"{""Cotton"": 100.0}",Fabric,manufacturer-style tag.txt,Backend/datasets/ibug_fabrics/Cotton/689,Cotton,ACCEPTED,,4,im_1; im_2; im_3; im_4,,
69,Cotton,"Pants
Cotton 96 Elastane 4
",Cotton; Elastane,"{""Cotton"": 96.0, ""Elastane"": 4.0}",Pants,manufacturer-style tag.txt,Backend/datasets/ibug_fabrics/Cotton/69,,REVIEW,MIXED_COMPOSITION_REVIEW,4,im_1; im_2; im_3; im_4,,
690,Cotton,"Fabric
Cotton 100
",Cotton,"{""Cotton"": 100.0}",Fabric,manufacturer-style tag.txt,Backend/datasets/ibug_fabrics/Cotton/690,Cotton,ACCEPTED,,4,im_1; im_2; im_3; im_4,,
691,Cotton,"Fabric
Cotton 100
",Cotton,"{""Cotton"": 100.0}",Fabric,manufacturer-style tag.txt,Backend/datasets/ibug_fabrics/Cotton/691,Cotton,ACCEPTED,,4,im_1; im_2; im_3; im_4,,
692,Cotton,"Fabric
Cotton 100
",Cotton,"{""Cotton"": 100.0}",Fabric,manufacturer-style tag.txt,Backend/datasets/ibug_fabrics/Cotton/692,Cotton,ACCEPTED,,4,im_1; im_2; im_3; im_4,,
693,Cotton,"Fabric
Cotton 100
",Cotton,"{""Cotton"": 100.0}",Fabric,manufacturer-style tag.txt,Backend/datasets/ibug_fabrics/Cotton/693,Cotton,ACCEPTED,,4,im_1; im_2; im_3; im_4,,
694,Cotton,"Fabric
Cotton 100
",Cotton,"{""Cotton"": 100.0}",Fabric,manufacturer-style tag.txt,Backend/datasets/ibug_fabrics/Cotton/694,Cotton,ACCEPTED,,4,im_1; im_2; im_3; im_4,,
695,Cotton,"Fabric
Cotton 100
",Cotton,"{""Cotton"": 100.0}",Fabric,manufacturer-style tag.txt,Backend/datasets/ibug_fabrics/Cotton/695,Cotton,ACCEPTED,,4,im_1; im_2; im_3; im_4,,
696,Cotton,"Fabric
Cotton 100
",Cotton,"{""Cotton"": 100.0}",Fabric,manufacturer-style tag.txt,Backend/datasets/ibug_fabrics/Cotton/696,Cotton,ACCEPTED,,4,im_1; im_2; im_3; im_4,,
697,Cotton,"Fabric
Cotton 100
",Cotton,"{""Cotton"": 100.0}",Fabric,manufacturer-style tag.txt,Backend/datasets/ibug_fabrics/Cotton/697,Cotton,ACCEPTED,,4,im_1; im_2; im_3; im_4,,
698,Cotton,"Fabric
Cotton 95 Elastane 5
",Cotton; Elastane,"{""Cotton"": 95.0, ""Elastane"": 5.0}",Fabric,manufacturer-style tag.txt,Backend/datasets/ibug_fabrics/Cotton/698,,REVIEW,MIXED_COMPOSITION_REVIEW,4,im_1; im_2; im_3; im_4,,
699,Cotton,"Fabric
Cotton 95 Elastane 5
",Cotton; Elastane,"{""Cotton"": 95.0, ""Elastane"": 5.0}",Fabric,manufacturer-style tag.txt,Backend/datasets/ibug_fabrics/Cotton/699,,REVIEW,MIXED_COMPOSITION_REVIEW,4,im_1; im_2; im_3; im_4,,
70,Cotton,"Pants
Cotton 96 Elastane 4
",Cotton; Elastane,"{""Cotton"": 96.0, ""Elastane"": 4.0}",Pants,manufacturer-style tag.txt,Backend/datasets/ibug_fabrics/Cotton/70,,REVIEW,MIXED_COMPOSITION_REVIEW,4,im_1; im_2; im_3; im_4,,
71,Cotton,"Shorts
Cotton 97 Elastane 3
",Cotton; Elastane,"{""Cotton"": 97.0, ""Elastane"": 3.0}",Shorts,manufacturer-style tag.txt,Backend/datasets/ibug_fabrics/Cotton/71,,REVIEW,MIXED_COMPOSITION_REVIEW,4,im_1; im_2; im_3; im_4,,
72,Cotton,"Shorts
Cotton 97 Elastane 3
",Cotton; Elastane,"{""Cotton"": 97.0, ""Elastane"": 3.0}",Shorts,manufacturer-style tag.txt,Backend/datasets/ibug_fabrics/Cotton/72,,REVIEW,MIXED_COMPOSITION_REVIEW,4,im_1; im_2; im_3; im_4,,
728,Cotton,"Fabric
Cotton 100
",Cotton,"{""Cotton"": 100.0}",Fabric,manufacturer-style tag.txt,Backend/datasets/ibug_fabrics/Cotton/728,Cotton,ACCEPTED,,4,im_1; im_2; im_3; im_4,,
729,Cotton,"Fabric
Cotton 100
",Cotton,"{""Cotton"": 100.0}",Fabric,manufacturer-style tag.txt,Backend/datasets/ibug_fabrics/Cotton/729,Cotton,ACCEPTED,,4,im_1; im_2; im_3; im_4,,
73,Cotton,"Pants
Cotton 100
",Cotton,"{""Cotton"": 100.0}",Pants,manufacturer-style tag.txt,Backend/datasets/ibug_fabrics/Cotton/73,Cotton,ACCEPTED,,4,im_1; im_2; im_3; im_4,,
730,Cotton,"Fabric
Cotton 100
",Cotton,"{""Cotton"": 100.0}",Fabric,manufacturer-style tag.txt,Backend/datasets/ibug_fabrics/Cotton/730,Cotton,ACCEPTED,,4,im_1; im_2; im_3; im_4,,
731,Cotton,"Fabric
Cotton 100
",Cotton,"{""Cotton"": 100.0}",Fabric,manufacturer-style tag.txt,Backend/datasets/ibug_fabrics/Cotton/731,Cotton,ACCEPTED,,4,im_1; im_2; im_3; im_4,,
732,Cotton,"Fabric
Cotton 100
",Cotton,"{""Cotton"": 100.0}",Fabric,manufacturer-style tag.txt,Backend/datasets/ibug_fabrics/Cotton/732,Cotton,ACCEPTED,,4,im_1; im_2; im_3; im_4,,
733,Cotton,"Fabric
Cotton 100
",Cotton,"{""Cotton"": 100.0}",Fabric,manufacturer-style tag.txt,Backend/datasets/ibug_fabrics/Cotton/733,Cotton,ACCEPTED,,4,im_1; im_2; im_3; im_4,,
734,Cotton,"Fabric
Cotton 100
",Cotton,"{""Cotton"": 100.0}",Fabric,manufacturer-style tag.txt,Backend/datasets/ibug_fabrics/Cotton/734,Cotton,ACCEPTED,,4,im_1; im_2; im_3; im_4,,
735,Cotton,"Fabric
Cotton 100
",Cotton,"{""Cotton"": 100.0}",Fabric,manufacturer-style tag.txt,Backend/datasets/ibug_fabrics/Cotton/735,Cotton,ACCEPTED,,4,im_1; im_2; im_3; im_4,,
736,Cotton,"Fabric
Cotton 100
",Cotton,"{""Cotton"": 100.0}",Fabric,manufacturer-style tag.txt,Backend/datasets/ibug_fabrics/Cotton/736,Cotton,ACCEPTED,,4,im_1; im_2; im_3; im_4,,
737,Cotton,"Fabric
Cotton 100
",Cotton,"{""Cotton"": 100.0}",Fabric,manufacturer-style tag.txt,Backend/datasets/ibug_fabrics/Cotton/737,Cotton,ACCEPTED,,4,im_1; im_2; im_3; im_4,,
738,Cotton,"Fabric
Cotton 100
",Cotton,"{""Cotton"": 100.0}",Fabric,manufacturer-style tag.txt,Backend/datasets/ibug_fabrics/Cotton/738,Cotton,ACCEPTED,,4,im_1; im_2; im_3; im_4,,
739,Cotton,"Fabric
Cotton 100
",Cotton,"{""Cotton"": 100.0}",Fabric,manufacturer-style tag.txt,Backend/datasets/ibug_fabrics/Cotton/739,Cotton,ACCEPTED,,4,im_1; im_2; im_3; im_4,,
74,Cotton,"Pants
Cotton 100
",Cotton,"{""Cotton"": 100.0}",Pants,manufacturer-style tag.txt,Backend/datasets/ibug_fabrics/Cotton/74,Cotton,ACCEPTED,,4,im_1; im_2; im_3; im_4,,
740,Cotton,"Fabric
Cotton 100
",Cotton,"{""Cotton"": 100.0}",Fabric,manufacturer-style tag.txt,Backend/datasets/ibug_fabrics/Cotton/740,Cotton,ACCEPTED,,4,im_1; im_2; im_3; im_4,,
741,Cotton,"Fabric
Cotton 100
",Cotton,"{""Cotton"": 100.0}",Fabric,manufacturer-style tag.txt,Backend/datasets/ibug_fabrics/Cotton/741,Cotton,ACCEPTED,,4,im_1; im_2; im_3; im_4,,
742,Cotton,"Fabric
Cotton 100
",Cotton,"{""Cotton"": 100.0}",Fabric,manufacturer-style tag.txt,Backend/datasets/ibug_fabrics/Cotton/742,Cotton,ACCEPTED,,4,im_1; im_2; im_3; im_4,,
743,Cotton,"Fabric
Cotton 100
",Cotton,"{""Cotton"": 100.0}",Fabric,manufacturer-style tag.txt,Backend/datasets/ibug_fabrics/Cotton/743,Cotton,ACCEPTED,,4,im_1; im_2; im_3; im_4,,
744,Cotton,"Fabric
Cotton 100
",Cotton,"{""Cotton"": 100.0}",Fabric,manufacturer-style tag.txt,Backend/datasets/ibug_fabrics/Cotton/744,Cotton,ACCEPTED,,4,im_1; im_2; im_3; im_4,,
745,Cotton,"Fabric
Cotton 100
",Cotton,"{""Cotton"": 100.0}",Fabric,manufacturer-style tag.txt,Backend/datasets/ibug_fabrics/Cotton/745,Cotton,ACCEPTED,,4,im_1; im_2; im_3; im_4,,
746,Cotton,"Fabric
Cotton 100
",Cotton,"{""Cotton"": 100.0}",Fabric,manufacturer-style tag.txt,Backend/datasets/ibug_fabrics/Cotton/746,Cotton,ACCEPTED,,4,im_1; im_2; im_3; im_4,,
747,Cotton,"Fabric
Cotton 100
",Cotton,"{""Cotton"": 100.0}",Fabric,manufacturer-style tag.txt,Backend/datasets/ibug_fabrics/Cotton/747,Cotton,ACCEPTED,,4,im_1; im_2; im_3; im_4,,
748,Cotton,"Fabric
Cotton 100
",Cotton,"{""Cotton"": 100.0}",Fabric,manufacturer-style tag.txt,Backend/datasets/ibug_fabrics/Cotton/748,Cotton,ACCEPTED,,4,im_1; im_2; im_3; im_4,,
749,Cotton,"Fabric
Cotton 100
",Cotton,"{""Cotton"": 100.0}",Fabric,manufacturer-style tag.txt,Backend/datasets/ibug_fabrics/Cotton/749,Cotton,ACCEPTED,,4,im_1; im_2; im_3; im_4,,
75,Cotton,"Pants
Cotton 98 Elastane 2
",Cotton; Elastane,"{""Cotton"": 98.0, ""Elastane"": 2.0}",Pants,manufacturer-style tag.txt,Backend/datasets/ibug_fabrics/Cotton/75,,REVIEW,MIXED_COMPOSITION_REVIEW,4,im_1; im_2; im_3; im_4,,
750,Cotton,"Fabric
Cotton 100
",Cotton,"{""Cotton"": 100.0}",Fabric,manufacturer-style tag.txt,Backend/datasets/ibug_fabrics/Cotton/750,Cotton,ACCEPTED,,4,im_1; im_2; im_3; im_4,,
751,Cotton,"Fabric
Cotton 100
",Cotton,"{""Cotton"": 100.0}",Fabric,manufacturer-style tag.txt,Backend/datasets/ibug_fabrics/Cotton/751,Cotton,ACCEPTED,,4,im_1; im_2; im_3; im_4,,
752,Cotton,"Fabric
Cotton 100
",Cotton,"{""Cotton"": 100.0}",Fabric,manufacturer-style tag.txt,Backend/datasets/ibug_fabrics/Cotton/752,Cotton,ACCEPTED,,4,im_1; im_2; im_3; im_4,,
76,Cotton,"Pants
Cotton 98 Elastane 2
",Cotton; Elastane,"{""Cotton"": 98.0, ""Elastane"": 2.0}",Pants,manufacturer-style tag.txt,Backend/datasets/ibug_fabrics/Cotton/76,,REVIEW,MIXED_COMPOSITION_REVIEW,4,im_1; im_2; im_3; im_4,,
77,Cotton,"T-shirt
Cotton 100
",Cotton,"{""Cotton"": 100.0}",T-shirt,manufacturer-style tag.txt,Backend/datasets/ibug_fabrics/Cotton/77,Cotton,ACCEPTED,,4,im_1; im_2; im_3; im_4,,
78,Cotton,"T-shirt
Cotton 100
",Cotton,"{""Cotton"": 100.0}",T-shirt,manufacturer-style tag.txt,Backend/datasets/ibug_fabrics/Cotton/78,Cotton,ACCEPTED,,4,im_1; im_2; im_3; im_4,,
8,Cotton,"Shirt
Cotton 100
",Cotton,"{""Cotton"": 100.0}",Shirt,manufacturer-style tag.txt,Backend/datasets/ibug_fabrics/Cotton/8,Cotton,ACCEPTED,,4,im_1; im_2; im_3; im_4,,
832,Cotton,"Fabric
Cotton 100
",Cotton,"{""Cotton"": 100.0}",Fabric,manufacturer-style tag.txt,Backend/datasets/ibug_fabrics/Cotton/832,Cotton,ACCEPTED,,4,im_1; im_2; im_3; im_4,,
833,Cotton,"Fabric
Cotton 100
",Cotton,"{""Cotton"": 100.0}",Fabric,manufacturer-style tag.txt,Backend/datasets/ibug_fabrics/Cotton/833,Cotton,ACCEPTED,,4,im_1; im_2; im_3; im_4,,
834,Cotton,"Fabric
Cotton 100
",Cotton,"{""Cotton"": 100.0}",Fabric,manufacturer-style tag.txt,Backend/datasets/ibug_fabrics/Cotton/834,Cotton,ACCEPTED,,4,im_1; im_2; im_3; im_4,,
835,Cotton,"Fabric
Cotton 100
",Cotton,"{""Cotton"": 100.0}",Fabric,manufacturer-style tag.txt,Backend/datasets/ibug_fabrics/Cotton/835,Cotton,ACCEPTED,,4,im_1; im_2; im_3; im_4,,
836,Cotton,"Fabric
Cotton 100
",Cotton,"{""Cotton"": 100.0}",Fabric,manufacturer-style tag.txt,Backend/datasets/ibug_fabrics/Cotton/836,Cotton,ACCEPTED,,4,im_1; im_2; im_3; im_4,,
837,Cotton,"Fabric
Cotton 100
",Cotton,"{""Cotton"": 100.0}",Fabric,manufacturer-style tag.txt,Backend/datasets/ibug_fabrics/Cotton/837,Cotton,ACCEPTED,,4,im_1; im_2; im_3; im_4,,
838,Cotton,"Fabric
Cotton 100
",Cotton,"{""Cotton"": 100.0}",Fabric,manufacturer-style tag.txt,Backend/datasets/ibug_fabrics/Cotton/838,Cotton,ACCEPTED,,4,im_1; im_2; im_3; im_4,,
839,Cotton,"Fabric
Cotton 100
",Cotton,"{""Cotton"": 100.0}",Fabric,manufacturer-style tag.txt,Backend/datasets/ibug_fabrics/Cotton/839,Cotton,ACCEPTED,,4,im_1; im_2; im_3; im_4,,
840,Cotton,"Fabric
Cotton 100
",Cotton,"{""Cotton"": 100.0}",Fabric,manufacturer-style tag.txt,Backend/datasets/ibug_fabrics/Cotton/840,Cotton,ACCEPTED,,4,im_1; im_2; im_3; im_4,,
841,Cotton,"Fabric
Cotton 100
",Cotton,"{""Cotton"": 100.0}",Fabric,manufacturer-style tag.txt,Backend/datasets/ibug_fabrics/Cotton/841,Cotton,ACCEPTED,,4,im_1; im_2; im_3; im_4,,
842,Cotton,"Fabric
Cotton 100
",Cotton,"{""Cotton"": 100.0}",Fabric,manufacturer-style tag.txt,Backend/datasets/ibug_fabrics/Cotton/842,Cotton,ACCEPTED,,4,im_1; im_2; im_3; im_4,,
843,Cotton,"Fabric
Cotton 100
",Cotton,"{""Cotton"": 100.0}",Fabric,manufacturer-style tag.txt,Backend/datasets/ibug_fabrics/Cotton/843,Cotton,ACCEPTED,,4,im_1; im_2; im_3; im_4,,
844,Cotton,"Fabric
Cotton 100
",Cotton,"{""Cotton"": 100.0}",Fabric,manufacturer-style tag.txt,Backend/datasets/ibug_fabrics/Cotton/844,Cotton,ACCEPTED,,4,im_1; im_2; im_3; im_4,,
845,Cotton,"Fabric
Cotton 100
",Cotton,"{""Cotton"": 100.0}",Fabric,manufacturer-style tag.txt,Backend/datasets/ibug_fabrics/Cotton/845,Cotton,ACCEPTED,,4,im_1; im_2; im_3; im_4,,
846,Cotton,"Fabric
Cotton 100
",Cotton,"{""Cotton"": 100.0}",Fabric,manufacturer-style tag.txt,Backend/datasets/ibug_fabrics/Cotton/846,Cotton,ACCEPTED,,4,im_1; im_2; im_3; im_4,,
847,Cotton,"Fabric
Cotton 100
",Cotton,"{""Cotton"": 100.0}",Fabric,manufacturer-style tag.txt,Backend/datasets/ibug_fabrics/Cotton/847,Cotton,ACCEPTED,,4,im_1; im_2; im_3; im_4,,
848,Cotton,"Fabric
Cotton 100
",Cotton,"{""Cotton"": 100.0}",Fabric,manufacturer-style tag.txt,Backend/datasets/ibug_fabrics/Cotton/848,Cotton,ACCEPTED,,4,im_1; im_2; im_3; im_4,,
849,Cotton,"Fabric
Cotton 100
",Cotton,"{""Cotton"": 100.0}",Fabric,manufacturer-style tag.txt,Backend/datasets/ibug_fabrics/Cotton/849,Cotton,ACCEPTED,,4,im_1; im_2; im_3; im_4,,
850,Cotton,"Fabric
Cotton 100
",Cotton,"{""Cotton"": 100.0}",Fabric,manufacturer-style tag.txt,Backend/datasets/ibug_fabrics/Cotton/850,Cotton,ACCEPTED,,4,im_1; im_2; im_3; im_4,,
851,Cotton,"Fabric
Cotton 100
",Cotton,"{""Cotton"": 100.0}",Fabric,manufacturer-style tag.txt,Backend/datasets/ibug_fabrics/Cotton/851,Cotton,ACCEPTED,,4,im_1; im_2; im_3; im_4,,
86,Cotton,"Pants
Cotton 100
",Cotton,"{""Cotton"": 100.0}",Pants,manufacturer-style tag.txt,Backend/datasets/ibug_fabrics/Cotton/86,Cotton,ACCEPTED,,4,im_1; im_2; im_3; im_4,,
87,Cotton,"Pants
Cotton 100
",Cotton,"{""Cotton"": 100.0}",Pants,manufacturer-style tag.txt,Backend/datasets/ibug_fabrics/Cotton/87,Cotton,ACCEPTED,,4,im_1; im_2; im_3; im_4,,
9,Cotton,"Shirt
Cotton 100
",Cotton,"{""Cotton"": 100.0}",Shirt,manufacturer-style tag.txt,Backend/datasets/ibug_fabrics/Cotton/9,Cotton,ACCEPTED,,4,im_1; im_2; im_3; im_4,,
99,Cotton,"Shirt
Cotton 100
",Cotton,"{""Cotton"": 100.0}",Shirt,manufacturer-style tag.txt,Backend/datasets/ibug_fabrics/Cotton/99,Cotton,ACCEPTED,,4,im_1; im_2; im_3; im_4,,
1000,Crepe,"Fabric
Micropoly 100 Crepe diagonal 
",,{},Fabric,missing/unparseable,Backend/datasets/ibug_fabrics/Crepe/1000,,REVIEW,UNPARSEABLE_OR_MISSING_COMPOSITION,4,im_1; im_2; im_3; im_4,Crepe/1000; Polyester/1000,Crepe/1000; Polyester/1000
1001,Crepe,"Fabric
Micropoly 100 Crepe diagonal 
",,{},Fabric,missing/unparseable,Backend/datasets/ibug_fabrics/Crepe/1001,,REVIEW,UNPARSEABLE_OR_MISSING_COMPOSITION,4,im_1; im_2; im_3; im_4,Crepe/1001; Polyester/1001,Crepe/1001; Polyester/1001
1002,Crepe,"Fabric
Micropoly 100 Crepe diagonal 
",,{},Fabric,missing/unparseable,Backend/datasets/ibug_fabrics/Crepe/1002,,REVIEW,UNPARSEABLE_OR_MISSING_COMPOSITION,4,im_1; im_2; im_3; im_4,Crepe/1002; Polyester/1002,Crepe/1002; Polyester/1002
1003,Crepe,"Fabric
Micropoly 100 Crepe diagonal 
",,{},Fabric,missing/unparseable,Backend/datasets/ibug_fabrics/Crepe/1003,,REVIEW,UNPARSEABLE_OR_MISSING_COMPOSITION,4,im_1; im_2; im_3; im_4,Crepe/1003; Polyester/1003,Crepe/1003; Polyester/1003
1028,Crepe,"Fabric
Crepe satin  
",Satin,{},Fabric,missing/unparseable,Backend/datasets/ibug_fabrics/Crepe/1028,,REVIEW,UNPARSEABLE_OR_MISSING_COMPOSITION,4,im_1; im_2; im_3; im_4,Crepe/1028; Satin/1028,Crepe/1028; Satin/1028
1029,Crepe,"Fabric
Crepe satin
",Satin,{},Fabric,missing/unparseable,Backend/datasets/ibug_fabrics/Crepe/1029,,REVIEW,UNPARSEABLE_OR_MISSING_COMPOSITION,4,im_1; im_2; im_3; im_4,Crepe/1029; Satin/1029,Crepe/1029; Satin/1029
1030,Crepe,"Fabric
Crepe satin  
",Satin,{},Fabric,missing/unparseable,Backend/datasets/ibug_fabrics/Crepe/1030,,REVIEW,UNPARSEABLE_OR_MISSING_COMPOSITION,4,im_1; im_2; im_3; im_4,Crepe/1030; Satin/1030,Crepe/1030; Satin/1030
1031,Crepe,"Fabric
Crepe satin",Satin,{},Fabric,missing/unparseable,Backend/datasets/ibug_fabrics/Crepe/1031,,REVIEW,UNPARSEABLE_OR_MISSING_COMPOSITION,4,im_1; im_2; im_3; im_4,Crepe/1031; Satin/1031,Crepe/1031; Satin/1031
1032,Crepe,"Fabric
Crepe satin
",Satin,{},Fabric,missing/unparseable,Backend/datasets/ibug_fabrics/Crepe/1032,,REVIEW,UNPARSEABLE_OR_MISSING_COMPOSITION,4,im_1; im_2; im_3; im_4,Crepe/1032; Satin/1032,Crepe/1032; Satin/1032
1033,Crepe,"Fabric
Crepe satin
",Satin,{},Fabric,missing/unparseable,Backend/datasets/ibug_fabrics/Crepe/1033,,REVIEW,UNPARSEABLE_OR_MISSING_COMPOSITION,4,im_1; im_2; im_3; im_4,Crepe/1033; Satin/1033,Crepe/1033; Satin/1033
926,Crepe,"Fabric
Polyester 65 Viscose 30 Elastane 5, Heavy and elastic crepe",Elastane; Polyester; Viscose,"{""Polyester"": 65.0, ""Viscose"": 30.0, ""Elastane"": 5.0}",Fabric,manufacturer-style tag.txt,Backend/datasets/ibug_fabrics/Crepe/926,,REVIEW,MIXED_COMPOSITION_REVIEW,4,im_1; im_2; im_3; im_4,,
927,Crepe,"Fabric
Polyester 65 Viscose 30 Elastane 5, Heavy and elastic crepe",Elastane; Polyester; Viscose,"{""Polyester"": 65.0, ""Viscose"": 30.0, ""Elastane"": 5.0}",Fabric,manufacturer-style tag.txt,Backend/datasets/ibug_fabrics/Crepe/927,,REVIEW,MIXED_COMPOSITION_REVIEW,4,im_1; im_2; im_3; im_4,,
928,Crepe,"Fabric
Polyester 65 Viscose 30 Elastane 5, Heavy and elastic crepe",Elastane; Polyester; Viscose,"{""Polyester"": 65.0, ""Viscose"": 30.0, ""Elastane"": 5.0}",Fabric,manufacturer-style tag.txt,Backend/datasets/ibug_fabrics/Crepe/928,,REVIEW,MIXED_COMPOSITION_REVIEW,4,im_1; im_2; im_3; im_4,,
929,Crepe,"Fabric
Polyester 65 Viscose 30 Elastane 5, Heavy and elastic crepe",Elastane; Polyester; Viscose,"{""Polyester"": 65.0, ""Viscose"": 30.0, ""Elastane"": 5.0}",Fabric,manufacturer-style tag.txt,Backend/datasets/ibug_fabrics/Crepe/929,,REVIEW,MIXED_COMPOSITION_REVIEW,4,im_1; im_2; im_3; im_4,,
943,Crepe,"Fabric
Polyester 74 Viscose 20 Elastane 6 Crepe heavy   
",Elastane; Polyester; Viscose,"{""Polyester"": 74.0, ""Viscose"": 20.0, ""Elastane"": 6.0}",Fabric,manufacturer-style tag.txt,Backend/datasets/ibug_fabrics/Crepe/943,,REVIEW,MIXED_COMPOSITION_REVIEW,4,im_1; im_2; im_3; im_4,,
944,Crepe,"Fabric  
Polyester 74 Viscose 20 Elastane 6 Crepe heavy   ",Elastane; Polyester; Viscose,"{""Polyester"": 74.0, ""Viscose"": 20.0, ""Elastane"": 6.0}",Fabric,manufacturer-style tag.txt,Backend/datasets/ibug_fabrics/Crepe/944,,REVIEW,MIXED_COMPOSITION_REVIEW,4,im_1; im_2; im_3; im_4,,
945,Crepe,"Fabric
Polyester 74 Viscose 20 Elastane 6 Crepe heavy   ",Elastane; Polyester; Viscose,"{""Polyester"": 74.0, ""Viscose"": 20.0, ""Elastane"": 6.0}",Fabric,manufacturer-style tag.txt,Backend/datasets/ibug_fabrics/Crepe/945,,REVIEW,MIXED_COMPOSITION_REVIEW,4,im_1; im_2; im_3; im_4,,
946,Crepe,"Fabric
Polyester 74 Viscose 20 Elastane 6 Crepe heavy   ",Elastane; Polyester; Viscose,"{""Polyester"": 74.0, ""Viscose"": 20.0, ""Elastane"": 6.0}",Fabric,manufacturer-style tag.txt,Backend/datasets/ibug_fabrics/Crepe/946,,REVIEW,MIXED_COMPOSITION_REVIEW,4,im_1; im_2; im_3; im_4,,
947,Crepe,"Fabric
Polyester 74 Viscose 20 Elastane 6 Crepe heavy   ",Elastane; Polyester; Viscose,"{""Polyester"": 74.0, ""Viscose"": 20.0, ""Elastane"": 6.0}",Fabric,manufacturer-style tag.txt,Backend/datasets/ibug_fabrics/Crepe/947,,REVIEW,MIXED_COMPOSITION_REVIEW,4,im_1; im_2; im_3; im_4,,
948,Crepe,"Fabric
Polyester 74 Viscose 20 Elastane 6 Crepe heavy   ",Elastane; Polyester; Viscose,"{""Polyester"": 74.0, ""Viscose"": 20.0, ""Elastane"": 6.0}",Fabric,manufacturer-style tag.txt,Backend/datasets/ibug_fabrics/Crepe/948,,REVIEW,MIXED_COMPOSITION_REVIEW,4,im_1; im_2; im_3; im_4,,
949,Crepe,"Fabric
Polyester 74 Viscose 20 Elastane 6 Crepe heavy   ",Elastane; Polyester; Viscose,"{""Polyester"": 74.0, ""Viscose"": 20.0, ""Elastane"": 6.0}",Fabric,manufacturer-style tag.txt,Backend/datasets/ibug_fabrics/Crepe/949,,REVIEW,MIXED_COMPOSITION_REVIEW,4,im_1; im_2; im_3; im_4,,
950,Crepe,"Fabric
Polyester 74 Viscose 20 Elastane 6 Crepe heavy   ",Elastane; Polyester; Viscose,"{""Polyester"": 74.0, ""Viscose"": 20.0, ""Elastane"": 6.0}",Fabric,manufacturer-style tag.txt,Backend/datasets/ibug_fabrics/Crepe/950,,REVIEW,MIXED_COMPOSITION_REVIEW,4,im_1; im_2; im_3; im_4,,
951,Crepe,"Fabric
Polyester 74 Viscose 20 Elastane 6 Crepe heavy   ",Elastane; Polyester; Viscose,"{""Polyester"": 74.0, ""Viscose"": 20.0, ""Elastane"": 6.0}",Fabric,manufacturer-style tag.txt,Backend/datasets/ibug_fabrics/Crepe/951,,REVIEW,MIXED_COMPOSITION_REVIEW,4,im_1; im_2; im_3; im_4,,
952,Crepe,"Fabric
Polyester 74 Viscose 20 Elastane 6 Crepe heavy   ",Elastane; Polyester; Viscose,"{""Polyester"": 74.0, ""Viscose"": 20.0, ""Elastane"": 6.0}",Fabric,manufacturer-style tag.txt,Backend/datasets/ibug_fabrics/Crepe/952,,REVIEW,MIXED_COMPOSITION_REVIEW,4,im_1; im_2; im_3; im_4,,
998,Crepe,"Fabric
Micropoly 100 Crepe diagonal 
",,{},Fabric,missing/unparseable,Backend/datasets/ibug_fabrics/Crepe/998,,REVIEW,UNPARSEABLE_OR_MISSING_COMPOSITION,4,im_1; im_2; im_3; im_4,Crepe/998; Polyester/998,Crepe/998; Polyester/998
999,Crepe,"Fabric
Micropoly 100 Crepe diagonal 
",,{},Fabric,missing/unparseable,Backend/datasets/ibug_fabrics/Crepe/999,,REVIEW,UNPARSEABLE_OR_MISSING_COMPOSITION,4,im_1; im_2; im_3; im_4,Crepe/999; Polyester/999,Crepe/999; Polyester/999
1,Denim,"Jeans
Cotton 100
",Cotton,"{""Cotton"": 100.0}",Jeans,manufacturer-style tag.txt,Backend/datasets/ibug_fabrics/Denim/1,Cotton,ACCEPTED,,4,im_1; im_2; im_3; im_4,,
1040,Denim,"Jeans
Cotton 99 Elastane 1
",Cotton; Elastane,"{""Cotton"": 99.0, ""Elastane"": 1.0}",Jeans,manufacturer-style tag.txt,Backend/datasets/ibug_fabrics/Denim/1040,,REVIEW,MIXED_COMPOSITION_REVIEW,4,im_1; im_2; im_3; im_4,,
1041,Denim,"Jeans
Cotton 99Elastane 1
",Cotton,"{""Cotton"": 99.0}",Jeans,manufacturer-style tag.txt,Backend/datasets/ibug_fabrics/Denim/1041,Cotton,ACCEPTED,,4,im_1; im_2; im_3; im_4,,
1042,Denim,"Jeans
Cotton 99Elastane 1
",Cotton,"{""Cotton"": 99.0}",Jeans,manufacturer-style tag.txt,Backend/datasets/ibug_fabrics/Denim/1042,Cotton,ACCEPTED,,4,im_1; im_2; im_3; im_4,,
1043,Denim,"Jeans
Cotton 99Elastane 1
",Cotton,"{""Cotton"": 99.0}",Jeans,manufacturer-style tag.txt,Backend/datasets/ibug_fabrics/Denim/1043,Cotton,ACCEPTED,,4,im_1; im_2; im_3; im_4,,
1044,Denim,"Jeans
Cotton 99Elastane 1
",Cotton,"{""Cotton"": 99.0}",Jeans,manufacturer-style tag.txt,Backend/datasets/ibug_fabrics/Denim/1044,Cotton,ACCEPTED,,4,im_1; im_2; im_3; im_4,,
1045,Denim,"Jeans
Cotton 99Elastane 1
",Cotton,"{""Cotton"": 99.0}",Jeans,manufacturer-style tag.txt,Backend/datasets/ibug_fabrics/Denim/1045,Cotton,ACCEPTED,,4,im_1; im_2; im_3; im_4,,
1046,Denim,"Jeans
Cotton 99Elastane 1
",Cotton,"{""Cotton"": 99.0}",Jeans,manufacturer-style tag.txt,Backend/datasets/ibug_fabrics/Denim/1046,Cotton,ACCEPTED,,4,im_1; im_2; im_3; im_4,,
1047,Denim,"Jeans
Cotton 99Elastane 1
",Cotton,"{""Cotton"": 99.0}",Jeans,manufacturer-style tag.txt,Backend/datasets/ibug_fabrics/Denim/1047,Cotton,ACCEPTED,,4,im_1; im_2; im_3; im_4,,
1048,Denim,"Jeans
Cotton 99Elastane 1
",Cotton,"{""Cotton"": 99.0}",Jeans,manufacturer-style tag.txt,Backend/datasets/ibug_fabrics/Denim/1048,Cotton,ACCEPTED,,4,im_1; im_2; im_3; im_4,,
1049,Denim,"Jeans
Cotton 100
",Cotton,"{""Cotton"": 100.0}",Jeans,manufacturer-style tag.txt,Backend/datasets/ibug_fabrics/Denim/1049,Cotton,ACCEPTED,,4,im_1; im_2; im_3; im_4,,
1050,Denim,"Jeans
Cotton 100
",Cotton,"{""Cotton"": 100.0}",Jeans,manufacturer-style tag.txt,Backend/datasets/ibug_fabrics/Denim/1050,Cotton,ACCEPTED,,4,im_1; im_2; im_3; im_4,,
1051,Denim,"Jeans
Cotton 99Elastane 1
",Cotton,"{""Cotton"": 99.0}",Jeans,manufacturer-style tag.txt,Backend/datasets/ibug_fabrics/Denim/1051,Cotton,ACCEPTED,,4,im_1; im_2; im_3; im_4,,
1052,Denim,"Jeans
Cotton 99Elastane 1
",Cotton,"{""Cotton"": 99.0}",Jeans,manufacturer-style tag.txt,Backend/datasets/ibug_fabrics/Denim/1052,Cotton,ACCEPTED,,4,im_1; im_2; im_3; im_4,,
1053,Denim,"Jeans
Cotton 100
",Cotton,"{""Cotton"": 100.0}",Jeans,manufacturer-style tag.txt,Backend/datasets/ibug_fabrics/Denim/1053,Cotton,ACCEPTED,,4,im_1; im_2; im_3; im_4,,
1054,Denim,"Jeans
Cotton 100
",Cotton,"{""Cotton"": 100.0}",Jeans,manufacturer-style tag.txt,Backend/datasets/ibug_fabrics/Denim/1054,Cotton,ACCEPTED,,4,im_1; im_2; im_3; im_4,,
1055,Denim,"Jeans
Cotton 100
",Cotton,"{""Cotton"": 100.0}",Jeans,manufacturer-style tag.txt,Backend/datasets/ibug_fabrics/Denim/1055,Cotton,ACCEPTED,,4,im_1; im_2; im_3; im_4,,
1056,Denim,"Jeans
Cotton 100
",Cotton,"{""Cotton"": 100.0}",Jeans,manufacturer-style tag.txt,Backend/datasets/ibug_fabrics/Denim/1056,Cotton,ACCEPTED,,4,im_1; im_2; im_3; im_4,,
1057,Denim,"Jeans
Cotton 100
",Cotton,"{""Cotton"": 100.0}",Jeans,manufacturer-style tag.txt,Backend/datasets/ibug_fabrics/Denim/1057,Cotton,ACCEPTED,,4,im_1; im_2; im_3; im_4,,
1058,Denim,"Jeans
Cotton 100
",Cotton,"{""Cotton"": 100.0}",Jeans,manufacturer-style tag.txt,Backend/datasets/ibug_fabrics/Denim/1058,Cotton,ACCEPTED,,4,im_1; im_2; im_3; im_4,,
1059,Denim,"Jeans
Cotton 100
",Cotton,"{""Cotton"": 100.0}",Jeans,manufacturer-style tag.txt,Backend/datasets/ibug_fabrics/Denim/1059,Cotton,ACCEPTED,,4,im_1; im_2; im_3; im_4,,
1060,Denim,"Jeans
Cotton 65Polyester 34
",Cotton,"{""Cotton"": 65.0}",Jeans,manufacturer-style tag.txt,Backend/datasets/ibug_fabrics/Denim/1060,Cotton,ACCEPTED,,4,im_1; im_2; im_3; im_4,,
1061,Denim,"Jeans
Cotton 65Polyester 34
",Cotton,"{""Cotton"": 65.0}",Jeans,manufacturer-style tag.txt,Backend/datasets/ibug_fabrics/Denim/1061,Cotton,ACCEPTED,,4,im_1; im_2; im_3; im_4,,
1062,Denim,"Jeans
Cotton 65Polyester 34
",Cotton,"{""Cotton"": 65.0}",Jeans,manufacturer-style tag.txt,Backend/datasets/ibug_fabrics/Denim/1062,Cotton,ACCEPTED,,4,im_1; im_2; im_3; im_4,,
1063,Denim,"Jeans
Cotton 98Elastane 2
",Cotton,"{""Cotton"": 98.0}",Jeans,manufacturer-style tag.txt,Backend/datasets/ibug_fabrics/Denim/1063,Cotton,ACCEPTED,,4,im_1; im_2; im_3; im_4,,
1064,Denim,"Jeans
Cotton 98Elastane 2
",Cotton,"{""Cotton"": 98.0}",Jeans,manufacturer-style tag.txt,Backend/datasets/ibug_fabrics/Denim/1064,Cotton,ACCEPTED,,4,im_1; im_2; im_3; im_4,,
1065,Denim,"Jeans
Cotton 100
",Cotton,"{""Cotton"": 100.0}",Jeans,manufacturer-style tag.txt,Backend/datasets/ibug_fabrics/Denim/1065,Cotton,ACCEPTED,,4,im_1; im_2; im_3; im_4,,
1066,Denim,"Jeans
Cotton 100
",Cotton,"{""Cotton"": 100.0}",Jeans,manufacturer-style tag.txt,Backend/datasets/ibug_fabrics/Denim/1066,Cotton,ACCEPTED,,4,im_1; im_2; im_3; im_4,,
1067,Denim,"Jeans
Cotton 100Elastane 1
",Cotton,"{""Cotton"": 100.0}",Jeans,manufacturer-style tag.txt,Backend/datasets/ibug_fabrics/Denim/1067,Cotton,ACCEPTED,,4,im_1; im_2; im_3; im_4,,
1068,Denim,"Jeans
Cotton 99
",Cotton,"{""Cotton"": 99.0}",Jeans,manufacturer-style tag.txt,Backend/datasets/ibug_fabrics/Denim/1068,Cotton,ACCEPTED,,4,im_1; im_2; im_3; im_4,,
1069,Denim,"Jeans
Cotton 99
",Cotton,"{""Cotton"": 99.0}",Jeans,manufacturer-style tag.txt,Backend/datasets/ibug_fabrics/Denim/1069,Cotton,ACCEPTED,,4,im_1; im_2; im_3; im_4,,
1070,Denim,"Jeans
Cotton 100
",Cotton,"{""Cotton"": 100.0}",Jeans,manufacturer-style tag.txt,Backend/datasets/ibug_fabrics/Denim/1070,Cotton,ACCEPTED,,4,im_1; im_2; im_3; im_4,,
1071,Denim,"Jeans
Cotton 100
",Cotton,"{""Cotton"": 100.0}",Jeans,manufacturer-style tag.txt,Backend/datasets/ibug_fabrics/Denim/1071,Cotton,ACCEPTED,,4,im_1; im_2; im_3; im_4,,
1072,Denim,"Jeans
Cotton 99Elastane 1
",Cotton,"{""Cotton"": 99.0}",Jeans,manufacturer-style tag.txt,Backend/datasets/ibug_fabrics/Denim/1072,Cotton,ACCEPTED,,4,im_1; im_2; im_3; im_4,,
1073,Denim,"Jeans
Cotton 99Elastane 1
",Cotton,"{""Cotton"": 99.0}",Jeans,manufacturer-style tag.txt,Backend/datasets/ibug_fabrics/Denim/1073,Cotton,ACCEPTED,,4,im_1; im_2; im_3; im_4,,
1074,Denim,"Jeans
Cotton 99Elastane 1
",Cotton,"{""Cotton"": 99.0}",Jeans,manufacturer-style tag.txt,Backend/datasets/ibug_fabrics/Denim/1074,Cotton,ACCEPTED,,4,im_1; im_2; im_3; im_4,,
1075,Denim,"Jeans
Cotton 99Elastane 1
",Cotton,"{""Cotton"": 99.0}",Jeans,manufacturer-style tag.txt,Backend/datasets/ibug_fabrics/Denim/1075,Cotton,ACCEPTED,,4,im_1; im_2; im_3; im_4,,
1076,Denim,"Jeans
Cotton 99Elastane 1
",Cotton,"{""Cotton"": 99.0}",Jeans,manufacturer-style tag.txt,Backend/datasets/ibug_fabrics/Denim/1076,Cotton,ACCEPTED,,4,im_1; im_2; im_3; im_4,,
1077,Denim,"Jeans
Cotton 99Elastane 1
",Cotton,"{""Cotton"": 99.0}",Jeans,manufacturer-style tag.txt,Backend/datasets/ibug_fabrics/Denim/1077,Cotton,ACCEPTED,,4,im_1; im_2; im_3; im_4,,
1078,Denim,"Jeans
Cotton 99Elastane 1
",Cotton,"{""Cotton"": 99.0}",Jeans,manufacturer-style tag.txt,Backend/datasets/ibug_fabrics/Denim/1078,Cotton,ACCEPTED,,4,im_1; im_2; im_3; im_4,,
1079,Denim,"Jeans
Cotton 100
",Cotton,"{""Cotton"": 100.0}",Jeans,manufacturer-style tag.txt,Backend/datasets/ibug_fabrics/Denim/1079,Cotton,ACCEPTED,,4,im_1; im_2; im_3; im_4,,
1080,Denim,"Jeans
Cotton 100
",Cotton,"{""Cotton"": 100.0}",Jeans,manufacturer-style tag.txt,Backend/datasets/ibug_fabrics/Denim/1080,Cotton,ACCEPTED,,4,im_1; im_2; im_3; im_4,,
1081,Denim,"Jeans
Cotton 100
",Cotton,"{""Cotton"": 100.0}",Jeans,manufacturer-style tag.txt,Backend/datasets/ibug_fabrics/Denim/1081,Cotton,ACCEPTED,,4,im_1; im_2; im_3; im_4,,
1082,Denim,"Jeans
Cotton 100
",Cotton,"{""Cotton"": 100.0}",Jeans,manufacturer-style tag.txt,Backend/datasets/ibug_fabrics/Denim/1082,Cotton,ACCEPTED,,4,im_1; im_2; im_3; im_4,,
1083,Denim,"Jeans
Cotton 100
",Cotton,"{""Cotton"": 100.0}",Jeans,manufacturer-style tag.txt,Backend/datasets/ibug_fabrics/Denim/1083,Cotton,ACCEPTED,,4,im_1; im_2; im_3; im_4,,
1084,Denim,"Jeans
Cotton 100
",Cotton,"{""Cotton"": 100.0}",Jeans,manufacturer-style tag.txt,Backend/datasets/ibug_fabrics/Denim/1084,Cotton,ACCEPTED,,4,im_1; im_2; im_3; im_4,,
1085,Denim,"Jeans
Cotton 100
",Cotton,"{""Cotton"": 100.0}",Jeans,manufacturer-style tag.txt,Backend/datasets/ibug_fabrics/Denim/1085,Cotton,ACCEPTED,,4,im_1; im_2; im_3; im_4,,
1086,Denim,"Jeans
Cotton 100
",Cotton,"{""Cotton"": 100.0}",Jeans,manufacturer-style tag.txt,Backend/datasets/ibug_fabrics/Denim/1086,Cotton,ACCEPTED,,4,im_1; im_2; im_3; im_4,,
1087,Denim,"Jeans
Cotton 100
",Cotton,"{""Cotton"": 100.0}",Jeans,manufacturer-style tag.txt,Backend/datasets/ibug_fabrics/Denim/1087,Cotton,ACCEPTED,,4,im_1; im_2; im_3; im_4,,
1117,Denim,"Jeans
Cotton 98 Elastane 2
",Cotton; Elastane,"{""Cotton"": 98.0, ""Elastane"": 2.0}",Jeans,manufacturer-style tag.txt,Backend/datasets/ibug_fabrics/Denim/1117,,REVIEW,MIXED_COMPOSITION_REVIEW,4,im_1; im_2; im_3; im_4,,
1118,Denim,"Jeans
Cotton 98 Elastane 2
",Cotton; Elastane,"{""Cotton"": 98.0, ""Elastane"": 2.0}",Jeans,manufacturer-style tag.txt,Backend/datasets/ibug_fabrics/Denim/1118,,REVIEW,MIXED_COMPOSITION_REVIEW,4,im_1; im_2; im_3; im_4,,
1119,Denim,"Jeans
Cotton 98 Elastane 2
",Cotton; Elastane,"{""Cotton"": 98.0, ""Elastane"": 2.0}",Jeans,manufacturer-style tag.txt,Backend/datasets/ibug_fabrics/Denim/1119,,REVIEW,MIXED_COMPOSITION_REVIEW,4,im_1; im_2; im_3; im_4,,
1120,Denim,"Jeans
Cotton 98 Elastane 2
",Cotton; Elastane,"{""Cotton"": 98.0, ""Elastane"": 2.0}",Jeans,manufacturer-style tag.txt,Backend/datasets/ibug_fabrics/Denim/1120,,REVIEW,MIXED_COMPOSITION_REVIEW,4,im_1; im_2; im_3; im_4,,
1134,Denim,"Jeans
Cotton 99 Elastane 1
",Cotton; Elastane,"{""Cotton"": 99.0, ""Elastane"": 1.0}",Jeans,manufacturer-style tag.txt,Backend/datasets/ibug_fabrics/Denim/1134,,REVIEW,MIXED_COMPOSITION_REVIEW,4,im_1; im_2; im_3; im_4,,
1135,Denim,"Jeans
Cotton 99 Elastane 1
",Cotton; Elastane,"{""Cotton"": 99.0, ""Elastane"": 1.0}",Jeans,manufacturer-style tag.txt,Backend/datasets/ibug_fabrics/Denim/1135,,REVIEW,MIXED_COMPOSITION_REVIEW,4,im_1; im_2; im_3; im_4,,
1136,Denim,"Jeans
Cotton 65 Polyester 33 Elastane 2
",Cotton; Elastane; Polyester,"{""Cotton"": 65.0, ""Polyester"": 33.0, ""Elastane"": 2.0}",Jeans,manufacturer-style tag.txt,Backend/datasets/ibug_fabrics/Denim/1136,,REVIEW,MIXED_COMPOSITION_REVIEW,4,im_1; im_2; im_3; im_4,,
1137,Denim,"Jeans
Cotton 65 Polyester 33 Elastane 2
",Cotton; Elastane; Polyester,"{""Cotton"": 65.0, ""Polyester"": 33.0, ""Elastane"": 2.0}",Jeans,manufacturer-style tag.txt,Backend/datasets/ibug_fabrics/Denim/1137,,REVIEW,MIXED_COMPOSITION_REVIEW,4,im_1; im_2; im_3; im_4,,
1138,Denim,"Jeans
Cotton 91 Polyester 7 Elastane 2
",Cotton; Elastane; Polyester,"{""Cotton"": 91.0, ""Polyester"": 7.0, ""Elastane"": 2.0}",Jeans,manufacturer-style tag.txt,Backend/datasets/ibug_fabrics/Denim/1138,,REVIEW,MIXED_COMPOSITION_REVIEW,4,im_1; im_2; im_3; im_4,,
1139,Denim,"Jeans
Cotton 91 Polyester 7 Elastane 2
",Cotton; Elastane; Polyester,"{""Cotton"": 91.0, ""Polyester"": 7.0, ""Elastane"": 2.0}",Jeans,manufacturer-style tag.txt,Backend/datasets/ibug_fabrics/Denim/1139,,REVIEW,MIXED_COMPOSITION_REVIEW,4,im_1; im_2; im_3; im_4,,
1190,Denim,"Shirt
Cotton 100 denim   
",Cotton; Denim,"{""Cotton"": 100.0}",Shirt,manufacturer-style tag.txt,Backend/datasets/ibug_fabrics/Denim/1190,,REVIEW,MIXED_COMPOSITION_REVIEW,4,im_1; im_2; im_3; im_4,,
1191,Denim,"Shirt
Cotton 100 denim   
",Cotton; Denim,"{""Cotton"": 100.0}",Shirt,manufacturer-style tag.txt,Backend/datasets/ibug_fabrics/Denim/1191,,REVIEW,MIXED_COMPOSITION_REVIEW,4,im_1; im_2; im_3; im_4,,
1192,Denim,"Shirt
Cotton 100 denim   
",Cotton; Denim,"{""Cotton"": 100.0}",Shirt,manufacturer-style tag.txt,Backend/datasets/ibug_fabrics/Denim/1192,,REVIEW,MIXED_COMPOSITION_REVIEW,4,im_1; im_2; im_3; im_4,,
12,Denim,"Jeans
Cotton 100
",Cotton,"{""Cotton"": 100.0}",Jeans,manufacturer-style tag.txt,Backend/datasets/ibug_fabrics/Denim/12,Cotton,ACCEPTED,,4,im_1; im_2; im_3; im_4,,
1234,Denim,"Shirt
Cotton 100 Denim   
",Cotton; Denim,"{""Cotton"": 100.0}",Shirt,manufacturer-style tag.txt,Backend/datasets/ibug_fabrics/Denim/1234,,REVIEW,MIXED_COMPOSITION_REVIEW,4,im_1; im_2; im_3; im_4,,
1235,Denim,"Shirt
Cotton 100 Denim   
",Cotton; Denim,"{""Cotton"": 100.0}",Shirt,manufacturer-style tag.txt,Backend/datasets/ibug_fabrics/Denim/1235,,REVIEW,MIXED_COMPOSITION_REVIEW,4,im_1; im_2; im_3; im_4,,
1246,Denim,"Jacket
Cotton 100 Denim   
",Cotton; Denim,"{""Cotton"": 100.0}",Jacket,manufacturer-style tag.txt,Backend/datasets/ibug_fabrics/Denim/1246,,REVIEW,MIXED_COMPOSITION_REVIEW,4,im_1; im_2; im_3; im_4,,
1247,Denim,"Jacket
Cotton 100 Denim   
",Cotton; Denim,"{""Cotton"": 100.0}",Jacket,manufacturer-style tag.txt,Backend/datasets/ibug_fabrics/Denim/1247,,REVIEW,MIXED_COMPOSITION_REVIEW,4,im_1; im_2; im_3; im_4,,
1248,Denim,"Jacket
Cotton 100 Denim   
",Cotton; Denim,"{""Cotton"": 100.0}",Jacket,manufacturer-style tag.txt,Backend/datasets/ibug_fabrics/Denim/1248,,REVIEW,MIXED_COMPOSITION_REVIEW,4,im_1; im_2; im_3; im_4,,
1249,Denim,"Jacket
Cotton 100 Denim   
",Cotton; Denim,"{""Cotton"": 100.0}",Jacket,manufacturer-style tag.txt,Backend/datasets/ibug_fabrics/Denim/1249,,REVIEW,MIXED_COMPOSITION_REVIEW,4,im_1; im_2; im_3; im_4,,
1250,Denim,"Jacket
Cotton 100 Denim   
",Cotton; Denim,"{""Cotton"": 100.0}",Jacket,manufacturer-style tag.txt,Backend/datasets/ibug_fabrics/Denim/1250,,REVIEW,MIXED_COMPOSITION_REVIEW,4,im_1; im_2; im_3; im_4,,
1251,Denim,"Jeans
Cotton 68 Polyester 23 Viscose 8 Elastane 1
",Cotton; Elastane; Polyester; Viscose,"{""Cotton"": 68.0, ""Polyester"": 23.0, ""Viscose"": 8.0, ""Elastane"": 1.0}",Jeans,manufacturer-style tag.txt,Backend/datasets/ibug_fabrics/Denim/1251,,REVIEW,MIXED_COMPOSITION_REVIEW,4,im_1; im_2; im_3; im_4,,
1252,Denim,"Jeans
Cotton 68 Polyester 23 Viscose 8 Elastane 1
",Cotton; Elastane; Polyester; Viscose,"{""Cotton"": 68.0, ""Polyester"": 23.0, ""Viscose"": 8.0, ""Elastane"": 1.0}",Jeans,manufacturer-style tag.txt,Backend/datasets/ibug_fabrics/Denim/1252,,REVIEW,MIXED_COMPOSITION_REVIEW,4,im_1; im_2; im_3; im_4,,
1253,Denim,"Jacket
Cotton 78 Polyester 21 Elastane 1 Jeans
",Cotton; Elastane; Polyester,"{""Cotton"": 78.0, ""Polyester"": 21.0, ""Elastane"": 1.0}",Jacket,manufacturer-style tag.txt,Backend/datasets/ibug_fabrics/Denim/1253,,REVIEW,MIXED_COMPOSITION_REVIEW,4,im_1; im_2; im_3; im_4,,
1254,Denim,"Jeans
Cotton 78 Polyester 21 Elastane 1
",Cotton; Elastane; Polyester,"{""Cotton"": 78.0, ""Polyester"": 21.0, ""Elastane"": 1.0}",Jeans,manufacturer-style tag.txt,Backend/datasets/ibug_fabrics/Denim/1254,,REVIEW,MIXED_COMPOSITION_REVIEW,4,im_1; im_2; im_3; im_4,,
1255,Denim,"Jeans
Cotton 99 Elastane 1
",Cotton; Elastane,"{""Cotton"": 99.0, ""Elastane"": 1.0}",Jeans,manufacturer-style tag.txt,Backend/datasets/ibug_fabrics/Denim/1255,,REVIEW,MIXED_COMPOSITION_REVIEW,4,im_1; im_2; im_3; im_4,,
1256,Denim,"Jeans
Cotton 99 Elastane 1
",Cotton; Elastane,"{""Cotton"": 99.0, ""Elastane"": 1.0}",Jeans,manufacturer-style tag.txt,Backend/datasets/ibug_fabrics/Denim/1256,,REVIEW,MIXED_COMPOSITION_REVIEW,4,im_1; im_2; im_3; im_4,,
1259,Denim,"Dress
Cotton 100 denim   
",Cotton; Denim,"{""Cotton"": 100.0}",Dress,manufacturer-style tag.txt,Backend/datasets/ibug_fabrics/Denim/1259,,REVIEW,MIXED_COMPOSITION_REVIEW,4,im_1; im_2; im_3; im_4,,
1260,Denim,"Dress
Cotton 100 denim   
",Cotton; Denim,"{""Cotton"": 100.0}",Dress,manufacturer-style tag.txt,Backend/datasets/ibug_fabrics/Denim/1260,,REVIEW,MIXED_COMPOSITION_REVIEW,4,im_1; im_2; im_3; im_4,,
1276,Denim,"Jacket
Cotton 100 denim   
",Cotton; Denim,"{""Cotton"": 100.0}",Jacket,manufacturer-style tag.txt,Backend/datasets/ibug_fabrics/Denim/1276,,REVIEW,MIXED_COMPOSITION_REVIEW,4,im_1; im_2; im_3; im_4,,
1277,Denim,"Jacket
Cotton 100 denim   
",Cotton; Denim,"{""Cotton"": 100.0}",Jacket,manufacturer-style tag.txt,Backend/datasets/ibug_fabrics/Denim/1277,,REVIEW,MIXED_COMPOSITION_REVIEW,4,im_1; im_2; im_3; im_4,,
1278,Denim,"Jacket
Cotton 100 denim   
",Cotton; Denim,"{""Cotton"": 100.0}",Jacket,manufacturer-style tag.txt,Backend/datasets/ibug_fabrics/Denim/1278,,REVIEW,MIXED_COMPOSITION_REVIEW,4,im_1; im_2; im_3; im_4,,
1279,Denim,"Jacket
Cotton 100 denim   
",Cotton; Denim,"{""Cotton"": 100.0}",Jacket,manufacturer-style tag.txt,Backend/datasets/ibug_fabrics/Denim/1279,,REVIEW,MIXED_COMPOSITION_REVIEW,4,im_1; im_2; im_3; im_4,,
1286,Denim,"Shirt
Cotton 100 denim   
",Cotton; Denim,"{""Cotton"": 100.0}",Shirt,manufacturer-style tag.txt,Backend/datasets/ibug_fabrics/Denim/1286,,REVIEW,MIXED_COMPOSITION_REVIEW,4,im_1; im_2; im_3; im_4,,
1287,Denim,"Shirt
Cotton 100 denim   
",Cotton; Denim,"{""Cotton"": 100.0}",Shirt,manufacturer-style tag.txt,Backend/datasets/ibug_fabrics/Denim/1287,,REVIEW,MIXED_COMPOSITION_REVIEW,4,im_1; im_2; im_3; im_4,,
1288,Denim,"Shirt
Cotton 100 denim   
",Cotton; Denim,"{""Cotton"": 100.0}",Shirt,manufacturer-style tag.txt,Backend/datasets/ibug_fabrics/Denim/1288,,REVIEW,MIXED_COMPOSITION_REVIEW,4,im_1; im_2; im_3; im_4,,
1289,Denim,"Shirt
Cotton 100 denim   
",Cotton; Denim,"{""Cotton"": 100.0}",Shirt,manufacturer-style tag.txt,Backend/datasets/ibug_fabrics/Denim/1289,,REVIEW,MIXED_COMPOSITION_REVIEW,4,im_1; im_2; im_3; im_4,,
1300,Denim,"Jeans
Cotton 98 Elastane 2
",Cotton; Elastane,"{""Cotton"": 98.0, ""Elastane"": 2.0}",Jeans,manufacturer-style tag.txt,Backend/datasets/ibug_fabrics/Denim/1300,,REVIEW,MIXED_COMPOSITION_REVIEW,4,im_1; im_2; im_3; im_4,,
1301,Denim,"Jeans
Cotton 98 Elastane 2
",Cotton; Elastane,"{""Cotton"": 98.0, ""Elastane"": 2.0}",Jeans,manufacturer-style tag.txt,Backend/datasets/ibug_fabrics/Denim/1301,,REVIEW,MIXED_COMPOSITION_REVIEW,4,im_1; im_2; im_3; im_4,,
1302,Denim,"Jeans
Cotton 100
",Cotton,"{""Cotton"": 100.0}",Jeans,manufacturer-style tag.txt,Backend/datasets/ibug_fabrics/Denim/1302,Cotton,ACCEPTED,,4,im_1; im_2; im_3; im_4,,
1303,Denim,"Jeans
Cotton 100
",Cotton,"{""Cotton"": 100.0}",Jeans,manufacturer-style tag.txt,Backend/datasets/ibug_fabrics/Denim/1303,Cotton,ACCEPTED,,4,im_1; im_2; im_3; im_4,,
1304,Denim,"Jeans
Cotton 100
",Cotton,"{""Cotton"": 100.0}",Jeans,manufacturer-style tag.txt,Backend/datasets/ibug_fabrics/Denim/1304,Cotton,ACCEPTED,,4,im_1; im_2; im_3; im_4,,
1305,Denim,"Jeans
Cotton 100
",Cotton,"{""Cotton"": 100.0}",Jeans,manufacturer-style tag.txt,Backend/datasets/ibug_fabrics/Denim/1305,Cotton,ACCEPTED,,4,im_1; im_2; im_3; im_4,,
1306,Denim,"Jeans
Cotton 98 Elastane 2
",Cotton; Elastane,"{""Cotton"": 98.0, ""Elastane"": 2.0}",Jeans,manufacturer-style tag.txt,Backend/datasets/ibug_fabrics/Denim/1306,,REVIEW,MIXED_COMPOSITION_REVIEW,4,im_1; im_2; im_3; im_4,,
1307,Denim,"Jeans
Cotton 98 Elastane 2
",Cotton; Elastane,"{""Cotton"": 98.0, ""Elastane"": 2.0}",Jeans,manufacturer-style tag.txt,Backend/datasets/ibug_fabrics/Denim/1307,,REVIEW,MIXED_COMPOSITION_REVIEW,4,im_1; im_2; im_3; im_4,,
1308,Denim,"Jeans
Cotton 100
",Cotton,"{""Cotton"": 100.0}",Jeans,manufacturer-style tag.txt,Backend/datasets/ibug_fabrics/Denim/1308,Cotton,ACCEPTED,,4,im_1; im_2; im_3; im_4,,
1309,Denim,"Jeans
Cotton 100
",Cotton,"{""Cotton"": 100.0}",Jeans,manufacturer-style tag.txt,Backend/datasets/ibug_fabrics/Denim/1309,Cotton,ACCEPTED,,4,im_1; im_2; im_3; im_4,,
1310,Denim,"Jeans
Cotton 98 Elastane 2
",Cotton; Elastane,"{""Cotton"": 98.0, ""Elastane"": 2.0}",Jeans,manufacturer-style tag.txt,Backend/datasets/ibug_fabrics/Denim/1310,,REVIEW,MIXED_COMPOSITION_REVIEW,4,im_1; im_2; im_3; im_4,,
1311,Denim,"Jeans
Cotton 98 Elastane 2
",Cotton; Elastane,"{""Cotton"": 98.0, ""Elastane"": 2.0}",Jeans,manufacturer-style tag.txt,Backend/datasets/ibug_fabrics/Denim/1311,,REVIEW,MIXED_COMPOSITION_REVIEW,4,im_1; im_2; im_3; im_4,,
1313,Denim,"Jeans
Cotton 98 Elastane 2
",Cotton; Elastane,"{""Cotton"": 98.0, ""Elastane"": 2.0}",Jeans,manufacturer-style tag.txt,Backend/datasets/ibug_fabrics/Denim/1313,,REVIEW,MIXED_COMPOSITION_REVIEW,4,im_1; im_2; im_3; im_4,,
1314,Denim,"Jeans
Cotton 98 Elastane 2
",Cotton; Elastane,"{""Cotton"": 98.0, ""Elastane"": 2.0}",Jeans,manufacturer-style tag.txt,Backend/datasets/ibug_fabrics/Denim/1314,,REVIEW,MIXED_COMPOSITION_REVIEW,4,im_1; im_2; im_3; im_4,,
1315,Denim,"Jeans
Cotton 100
",Cotton,"{""Cotton"": 100.0}",Jeans,manufacturer-style tag.txt,Backend/datasets/ibug_fabrics/Denim/1315,Cotton,ACCEPTED,,4,im_1; im_2; im_3; im_4,,
1316,Denim,"Jeans
Cotton 100
",Cotton,"{""Cotton"": 100.0}",Jeans,manufacturer-style tag.txt,Backend/datasets/ibug_fabrics/Denim/1316,Cotton,ACCEPTED,,4,im_1; im_2; im_3; im_4,,
1317,Denim,"Jeans
Cotton 100
",Cotton,"{""Cotton"": 100.0}",Jeans,manufacturer-style tag.txt,Backend/datasets/ibug_fabrics/Denim/1317,Cotton,ACCEPTED,,4,im_1; im_2; im_3; im_4,,
1318,Denim,"Jeans
Cotton 100
",Cotton,"{""Cotton"": 100.0}",Jeans,manufacturer-style tag.txt,Backend/datasets/ibug_fabrics/Denim/1318,Cotton,ACCEPTED,,4,im_1; im_2; im_3; im_4,,
1319,Denim,"Jeans
Cotton 100
",Cotton,"{""Cotton"": 100.0}",Jeans,manufacturer-style tag.txt,Backend/datasets/ibug_fabrics/Denim/1319,Cotton,ACCEPTED,,4,im_1; im_2; im_3; im_4,,
1320,Denim,"Jeans
Cotton 100
",Cotton,"{""Cotton"": 100.0}",Jeans,manufacturer-style tag.txt,Backend/datasets/ibug_fabrics/Denim/1320,Cotton,ACCEPTED,,4,im_1; im_2; im_3; im_4,,
1321,Denim,"Jeans
Cotton 100
",Cotton,"{""Cotton"": 100.0}",Jeans,manufacturer-style tag.txt,Backend/datasets/ibug_fabrics/Denim/1321,Cotton,ACCEPTED,,4,im_1; im_2; im_3; im_4,,
1322,Denim,"Jeans
Cotton 100
",Cotton,"{""Cotton"": 100.0}",Jeans,manufacturer-style tag.txt,Backend/datasets/ibug_fabrics/Denim/1322,Cotton,ACCEPTED,,4,im_1; im_2; im_3; im_4,,
1323,Denim,"Jeans
Cotton 100
",Cotton,"{""Cotton"": 100.0}",Jeans,manufacturer-style tag.txt,Backend/datasets/ibug_fabrics/Denim/1323,Cotton,ACCEPTED,,4,im_1; im_2; im_3; im_4,,
1324,Denim,"Jeans
Cotton 100
",Cotton,"{""Cotton"": 100.0}",Jeans,manufacturer-style tag.txt,Backend/datasets/ibug_fabrics/Denim/1324,Cotton,ACCEPTED,,4,im_1; im_2; im_3; im_4,,
1325,Denim,"Jeans
Cotton 100
",Cotton,"{""Cotton"": 100.0}",Jeans,manufacturer-style tag.txt,Backend/datasets/ibug_fabrics/Denim/1325,Cotton,ACCEPTED,,4,im_1; im_2; im_3; im_4,,
1326,Denim,"Jeans
Cotton 100
",Cotton,"{""Cotton"": 100.0}",Jeans,manufacturer-style tag.txt,Backend/datasets/ibug_fabrics/Denim/1326,Cotton,ACCEPTED,,4,im_1; im_2; im_3; im_4,,
1327,Denim,"Jeans
Cotton 100
",Cotton,"{""Cotton"": 100.0}",Jeans,manufacturer-style tag.txt,Backend/datasets/ibug_fabrics/Denim/1327,Cotton,ACCEPTED,,4,im_1; im_2; im_3; im_4,,
1328,Denim,"Jeans
Cotton 100
",Cotton,"{""Cotton"": 100.0}",Jeans,manufacturer-style tag.txt,Backend/datasets/ibug_fabrics/Denim/1328,Cotton,ACCEPTED,,4,im_1; im_2; im_3; im_4,,
1329,Denim,"Jeans
Cotton 100
",Cotton,"{""Cotton"": 100.0}",Jeans,manufacturer-style tag.txt,Backend/datasets/ibug_fabrics/Denim/1329,Cotton,ACCEPTED,,4,im_1; im_2; im_3; im_4,,
1330,Denim,"Jeans
Cotton 100
",Cotton,"{""Cotton"": 100.0}",Jeans,manufacturer-style tag.txt,Backend/datasets/ibug_fabrics/Denim/1330,Cotton,ACCEPTED,,4,im_1; im_2; im_3; im_4,,
1331,Denim,"Jeans
Cotton 100
",Cotton,"{""Cotton"": 100.0}",Jeans,manufacturer-style tag.txt,Backend/datasets/ibug_fabrics/Denim/1331,Cotton,ACCEPTED,,4,im_1; im_2; im_3; im_4,,
1332,Denim,"Jeans
Cotton 100
",Cotton,"{""Cotton"": 100.0}",Jeans,manufacturer-style tag.txt,Backend/datasets/ibug_fabrics/Denim/1332,Cotton,ACCEPTED,,4,im_1; im_2; im_3; im_4,,
1333,Denim,"Jeans
Cotton 100
",Cotton,"{""Cotton"": 100.0}",Jeans,manufacturer-style tag.txt,Backend/datasets/ibug_fabrics/Denim/1333,Cotton,ACCEPTED,,4,im_1; im_2; im_3; im_4,,
1334,Denim,"Jeans
Cotton 100
",Cotton,"{""Cotton"": 100.0}",Jeans,manufacturer-style tag.txt,Backend/datasets/ibug_fabrics/Denim/1334,Cotton,ACCEPTED,,4,im_1; im_2; im_3; im_4,,
1335,Denim,"Jeans
Cotton 100
",Cotton,"{""Cotton"": 100.0}",Jeans,manufacturer-style tag.txt,Backend/datasets/ibug_fabrics/Denim/1335,Cotton,ACCEPTED,,4,im_1; im_2; im_3; im_4,,
1336,Denim,"Jeans
Cotton 100
",Cotton,"{""Cotton"": 100.0}",Jeans,manufacturer-style tag.txt,Backend/datasets/ibug_fabrics/Denim/1336,Cotton,ACCEPTED,,4,im_1; im_2; im_3; im_4,,
1337,Denim,"Jeans
Cotton 100
",Cotton,"{""Cotton"": 100.0}",Jeans,manufacturer-style tag.txt,Backend/datasets/ibug_fabrics/Denim/1337,Cotton,ACCEPTED,,4,im_1; im_2; im_3; im_4,,
1338,Denim,"Jeans
Cotton 100
",Cotton,"{""Cotton"": 100.0}",Jeans,manufacturer-style tag.txt,Backend/datasets/ibug_fabrics/Denim/1338,Cotton,ACCEPTED,,4,im_1; im_2; im_3; im_4,,
1339,Denim,"Jeans
Cotton 100
",Cotton,"{""Cotton"": 100.0}",Jeans,manufacturer-style tag.txt,Backend/datasets/ibug_fabrics/Denim/1339,Cotton,ACCEPTED,,4,im_1; im_2; im_3; im_4,,
1340,Denim,"Jeans
Cotton 98 Elastane 2
",Cotton; Elastane,"{""Cotton"": 98.0, ""Elastane"": 2.0}",Jeans,manufacturer-style tag.txt,Backend/datasets/ibug_fabrics/Denim/1340,,REVIEW,MIXED_COMPOSITION_REVIEW,4,im_1; im_2; im_3; im_4,,
1341,Denim,"Jeans
Cotton 98 Elastane 2
",Cotton; Elastane,"{""Cotton"": 98.0, ""Elastane"": 2.0}",Jeans,manufacturer-style tag.txt,Backend/datasets/ibug_fabrics/Denim/1341,,REVIEW,MIXED_COMPOSITION_REVIEW,4,im_1; im_2; im_3; im_4,,
1342,Denim,"Jeans
Cotton 100
",Cotton,"{""Cotton"": 100.0}",Jeans,manufacturer-style tag.txt,Backend/datasets/ibug_fabrics/Denim/1342,Cotton,ACCEPTED,,4,im_1; im_2; im_3; im_4,,
1343,Denim,"Jeans
Cotton 100
",Cotton,"{""Cotton"": 100.0}",Jeans,manufacturer-style tag.txt,Backend/datasets/ibug_fabrics/Denim/1343,Cotton,ACCEPTED,,4,im_1; im_2; im_3; im_4,,
1344,Denim,"Jeans
Cotton 100
",Cotton,"{""Cotton"": 100.0}",Jeans,manufacturer-style tag.txt,Backend/datasets/ibug_fabrics/Denim/1344,Cotton,ACCEPTED,,4,im_1; im_2; im_3; im_4,,
1345,Denim,"Jeans
Cotton 100
",Cotton,"{""Cotton"": 100.0}",Jeans,manufacturer-style tag.txt,Backend/datasets/ibug_fabrics/Denim/1345,Cotton,ACCEPTED,,4,im_1; im_2; im_3; im_4,,
1346,Denim,"Jeans
Cotton 100
",Cotton,"{""Cotton"": 100.0}",Jeans,manufacturer-style tag.txt,Backend/datasets/ibug_fabrics/Denim/1346,Cotton,ACCEPTED,,4,im_1; im_2; im_3; im_4,,
1347,Denim,"Jeans
Cotton 100
",Cotton,"{""Cotton"": 100.0}",Jeans,manufacturer-style tag.txt,Backend/datasets/ibug_fabrics/Denim/1347,Cotton,ACCEPTED,,4,im_1; im_2; im_3; im_4,,
1348,Denim,"Jeans
Cotton 100
",Cotton,"{""Cotton"": 100.0}",Jeans,manufacturer-style tag.txt,Backend/datasets/ibug_fabrics/Denim/1348,Cotton,ACCEPTED,,4,im_1; im_2; im_3; im_4,,
1349,Denim,"Jeans
Cotton 100
",Cotton,"{""Cotton"": 100.0}",Jeans,manufacturer-style tag.txt,Backend/datasets/ibug_fabrics/Denim/1349,Cotton,ACCEPTED,,4,im_1; im_2; im_3; im_4,,
1350,Denim,"Jeans
Cotton 100
",Cotton,"{""Cotton"": 100.0}",Jeans,manufacturer-style tag.txt,Backend/datasets/ibug_fabrics/Denim/1350,Cotton,ACCEPTED,,4,im_1; im_2; im_3; im_4,,
1351,Denim,"Jeans
Cotton 100
",Cotton,"{""Cotton"": 100.0}",Jeans,manufacturer-style tag.txt,Backend/datasets/ibug_fabrics/Denim/1351,Cotton,ACCEPTED,,4,im_1; im_2; im_3; im_4,,
1352,Denim,"Jeans
Cotton 100
",Cotton,"{""Cotton"": 100.0}",Jeans,manufacturer-style tag.txt,Backend/datasets/ibug_fabrics/Denim/1352,Cotton,ACCEPTED,,4,im_1; im_2; im_3; im_4,,
1353,Denim,"Jeans
Cotton 100
",Cotton,"{""Cotton"": 100.0}",Jeans,manufacturer-style tag.txt,Backend/datasets/ibug_fabrics/Denim/1353,Cotton,ACCEPTED,,4,im_1; im_2; im_3; im_4,,
1354,Denim,"Jeans
Cotton 100
",Cotton,"{""Cotton"": 100.0}",Jeans,manufacturer-style tag.txt,Backend/datasets/ibug_fabrics/Denim/1354,Cotton,ACCEPTED,,4,im_1; im_2; im_3; im_4,,
1355,Denim,"Jeans
Cotton 100
",Cotton,"{""Cotton"": 100.0}",Jeans,manufacturer-style tag.txt,Backend/datasets/ibug_fabrics/Denim/1355,Cotton,ACCEPTED,,4,im_1; im_2; im_3; im_4,,
1402,Denim,"Jeans
Cotton 100
",Cotton,"{""Cotton"": 100.0}",Jeans,manufacturer-style tag.txt,Backend/datasets/ibug_fabrics/Denim/1402,Cotton,ACCEPTED,,4,im_1; im_2; im_3; im_4,,
15,Denim,"Jeans
Cotton 100
",Cotton,"{""Cotton"": 100.0}",Jeans,manufacturer-style tag.txt,Backend/datasets/ibug_fabrics/Denim/15,Cotton,ACCEPTED,,4,im_1; im_2; im_3; im_4,,
150,Denim,"Jeans
Cotton 98 Lycra 2",Cotton,"{""Cotton"": 98.0}",Jeans,manufacturer-style tag.txt,Backend/datasets/ibug_fabrics/Denim/150,Cotton,REVIEW,CROSS_SAMPLE_DUPLICATE_REVIEW,4,im_1; im_2; im_3; im_4,Denim/150; Denim/151,Denim/150; Denim/151
151,Denim,"Jeans
Cotton 98 Lycra 2 ",Cotton,"{""Cotton"": 98.0}",Jeans,manufacturer-style tag.txt,Backend/datasets/ibug_fabrics/Denim/151,Cotton,REVIEW,CROSS_SAMPLE_DUPLICATE_REVIEW,4,im_1; im_2; im_3; im_4,Denim/150; Denim/151,Denim/150; Denim/151
152,Denim,"Jeans
Cotton 98 Lycra 2
",Cotton,"{""Cotton"": 98.0}",Jeans,manufacturer-style tag.txt,Backend/datasets/ibug_fabrics/Denim/152,Cotton,ACCEPTED,,4,im_1; im_2; im_3; im_4,,
225,Denim,"Jeans
Cotton 100
",Cotton,"{""Cotton"": 100.0}",Jeans,manufacturer-style tag.txt,Backend/datasets/ibug_fabrics/Denim/225,Cotton,ACCEPTED,,4,im_1; im_2; im_3; im_4,,
226,Denim,"Jeans
Cotton 100
",Cotton,"{""Cotton"": 100.0}",Jeans,manufacturer-style tag.txt,Backend/datasets/ibug_fabrics/Denim/226,Cotton,ACCEPTED,,4,im_1; im_2; im_3; im_4,,
300,Denim,"Jeans
Cotton 100
",Cotton,"{""Cotton"": 100.0}",Jeans,manufacturer-style tag.txt,Backend/datasets/ibug_fabrics/Denim/300,Cotton,ACCEPTED,,4,im_1; im_2; im_3; im_4,,
301,Denim,"Jeans
Cotton 100
",Cotton,"{""Cotton"": 100.0}",Jeans,manufacturer-style tag.txt,Backend/datasets/ibug_fabrics/Denim/301,Cotton,ACCEPTED,,4,im_1; im_2; im_3; im_4,,
420,Denim,"Jeans
Cotton 70 Polyester 17 Viscose 13
",Cotton; Polyester; Viscose,"{""Cotton"": 70.0, ""Polyester"": 17.0, ""Viscose"": 13.0}",Jeans,manufacturer-style tag.txt,Backend/datasets/ibug_fabrics/Denim/420,,REVIEW,MIXED_COMPOSITION_REVIEW,4,im_1; im_2; im_3; im_4,,
421,Denim,"Jeans
Cotton 70 Polyester 17 Viscose 13
",Cotton; Polyester; Viscose,"{""Cotton"": 70.0, ""Polyester"": 17.0, ""Viscose"": 13.0}",Jeans,manufacturer-style tag.txt,Backend/datasets/ibug_fabrics/Denim/421,,REVIEW,MIXED_COMPOSITION_REVIEW,4,im_1; im_2; im_3; im_4,,
422,Denim,"Jeans
Cotton 70 Polyester 17 Viscose 13
",Cotton; Polyester; Viscose,"{""Cotton"": 70.0, ""Polyester"": 17.0, ""Viscose"": 13.0}",Jeans,manufacturer-style tag.txt,Backend/datasets/ibug_fabrics/Denim/422,,REVIEW,MIXED_COMPOSITION_REVIEW,4,im_1; im_2; im_3; im_4,,
423,Denim,"Jeans
Cotton 100
",Cotton,"{""Cotton"": 100.0}",Jeans,manufacturer-style tag.txt,Backend/datasets/ibug_fabrics/Denim/423,Cotton,ACCEPTED,,4,im_1; im_2; im_3; im_4,,
424,Denim,"Jeans
Cotton 100
",Cotton,"{""Cotton"": 100.0}",Jeans,manufacturer-style tag.txt,Backend/datasets/ibug_fabrics/Denim/424,Cotton,ACCEPTED,,4,im_1; im_2; im_3; im_4,,
429,Denim,"Jeans
Cotton 100
",Cotton,"{""Cotton"": 100.0}",Jeans,manufacturer-style tag.txt,Backend/datasets/ibug_fabrics/Denim/429,Cotton,ACCEPTED,,4,im_1; im_2; im_3; im_4,,
430,Denim,"Jeans
Cotton 100
",Cotton,"{""Cotton"": 100.0}",Jeans,manufacturer-style tag.txt,Backend/datasets/ibug_fabrics/Denim/430,Cotton,ACCEPTED,,4,im_1; im_2; im_3; im_4,,
431,Denim,"Jeans
Cotton 100
",Cotton,"{""Cotton"": 100.0}",Jeans,manufacturer-style tag.txt,Backend/datasets/ibug_fabrics/Denim/431,Cotton,ACCEPTED,,4,im_1; im_2; im_3; im_4,,
432,Denim,"Jeans
Cotton 100
",Cotton,"{""Cotton"": 100.0}",Jeans,manufacturer-style tag.txt,Backend/datasets/ibug_fabrics/Denim/432,Cotton,ACCEPTED,,4,im_1; im_2; im_3; im_4,,
433,Denim,"Jeans
Cotton 100
",Cotton,"{""Cotton"": 100.0}",Jeans,manufacturer-style tag.txt,Backend/datasets/ibug_fabrics/Denim/433,Cotton,ACCEPTED,,4,im_1; im_2; im_3; im_4,,
515,Denim,"Fabric
Cotton 98 Elastane 2 Jeans   
",Cotton; Elastane,"{""Cotton"": 98.0, ""Elastane"": 2.0}",Fabric,manufacturer-style tag.txt,Backend/datasets/ibug_fabrics/Denim/515,,REVIEW,MIXED_COMPOSITION_REVIEW,4,im_1; im_2; im_3; im_4,,
516,Denim,"Fabric
Cotton 98 Elastane 2 Jeans   
",Cotton; Elastane,"{""Cotton"": 98.0, ""Elastane"": 2.0}",Fabric,manufacturer-style tag.txt,Backend/datasets/ibug_fabrics/Denim/516,,REVIEW,MIXED_COMPOSITION_REVIEW,4,im_1; im_2; im_3; im_4,,
912,Felt,"Fabric
Polyester 93 Viscose 5 Elastane 2 Tsoxa palto
",Elastane; Polyester; Viscose,"{""Polyester"": 93.0, ""Viscose"": 5.0, ""Elastane"": 2.0}",Fabric,manufacturer-style tag.txt,Backend/datasets/ibug_fabrics/Felt/912,,REVIEW,MIXED_COMPOSITION_REVIEW,4,im_1; im_2; im_3; im_4,,
913,Felt,"Fabric
Polyester 93 Viscose 5 Elastane 2 Tsoxa palto
",Elastane; Polyester; Viscose,"{""Polyester"": 93.0, ""Viscose"": 5.0, ""Elastane"": 2.0}",Fabric,manufacturer-style tag.txt,Backend/datasets/ibug_fabrics/Felt/913,,REVIEW,MIXED_COMPOSITION_REVIEW,4,im_1; im_2; im_3; im_4,,
914,Felt,"Fabric
Polyester 93 Viscose 5 Elastane 2 Tsoxa palto
",Elastane; Polyester; Viscose,"{""Polyester"": 93.0, ""Viscose"": 5.0, ""Elastane"": 2.0}",Fabric,manufacturer-style tag.txt,Backend/datasets/ibug_fabrics/Felt/914,,REVIEW,MIXED_COMPOSITION_REVIEW,4,im_1; im_2; im_3; im_4,,
915,Felt,"Fabric
Polyester 93 Viscose 5 Elastane 2 Tsoxa palto
",Elastane; Polyester; Viscose,"{""Polyester"": 93.0, ""Viscose"": 5.0, ""Elastane"": 2.0}",Fabric,manufacturer-style tag.txt,Backend/datasets/ibug_fabrics/Felt/915,,REVIEW,MIXED_COMPOSITION_REVIEW,4,im_1; im_2; im_3; im_4,,
1654,Fleece,"Fleece
Polyester 100
",Polyester,"{""Polyester"": 100.0}",Fleece,manufacturer-style tag.txt,Backend/datasets/ibug_fabrics/Fleece/1654,Polyester,ACCEPTED,,4,im_1; im_2; im_3; im_4,,
1655,Fleece,"Fleece
Polyester 100
",Polyester,"{""Polyester"": 100.0}",Fleece,manufacturer-style tag.txt,Backend/datasets/ibug_fabrics/Fleece/1655,Polyester,ACCEPTED,,4,im_1; im_2; im_3; im_4,,
1656,Fleece,"Fleece
Polyester 100
",Polyester,"{""Polyester"": 100.0}",Fleece,manufacturer-style tag.txt,Backend/datasets/ibug_fabrics/Fleece/1656,Polyester,ACCEPTED,,4,im_1; im_2; im_3; im_4,,
1657,Fleece,"Fleece
Polyester 100
",Polyester,"{""Polyester"": 100.0}",Fleece,manufacturer-style tag.txt,Backend/datasets/ibug_fabrics/Fleece/1657,Polyester,ACCEPTED,,4,im_1; im_2; im_3; im_4,,
1658,Fleece,"Fleece
Polyester 100
",Polyester,"{""Polyester"": 100.0}",Fleece,manufacturer-style tag.txt,Backend/datasets/ibug_fabrics/Fleece/1658,Polyester,ACCEPTED,,4,im_1; im_2; im_3; im_4,,
1659,Fleece,"Fleece
Polyester 100
",Polyester,"{""Polyester"": 100.0}",Fleece,manufacturer-style tag.txt,Backend/datasets/ibug_fabrics/Fleece/1659,Polyester,ACCEPTED,,4,im_1; im_2; im_3; im_4,,
1660,Fleece,"Fleece
Polyester 100
",Polyester,"{""Polyester"": 100.0}",Fleece,manufacturer-style tag.txt,Backend/datasets/ibug_fabrics/Fleece/1660,Polyester,ACCEPTED,,4,im_1; im_2; im_3; im_4,,
1661,Fleece,"Fleece
Polyester 100
",Polyester,"{""Polyester"": 100.0}",Fleece,manufacturer-style tag.txt,Backend/datasets/ibug_fabrics/Fleece/1661,Polyester,ACCEPTED,,4,im_1; im_2; im_3; im_4,,
1662,Fleece,"Fleece
Polyester 100
",Polyester,"{""Polyester"": 100.0}",Fleece,manufacturer-style tag.txt,Backend/datasets/ibug_fabrics/Fleece/1662,Polyester,ACCEPTED,,4,im_1; im_2; im_3; im_4,,
1861,Fleece,"Fleece
Polyester 100
",Polyester,"{""Polyester"": 100.0}",Fleece,manufacturer-style tag.txt,Backend/datasets/ibug_fabrics/Fleece/1861,Polyester,ACCEPTED,,4,im_1; im_2; im_3; im_4,,
1862,Fleece,"Fleece
Polyester 100
",Polyester,"{""Polyester"": 100.0}",Fleece,manufacturer-style tag.txt,Backend/datasets/ibug_fabrics/Fleece/1862,Polyester,ACCEPTED,,4,im_1; im_2; im_3; im_4,,
1863,Fleece,"Fleece
Polyester 100
",Polyester,"{""Polyester"": 100.0}",Fleece,manufacturer-style tag.txt,Backend/datasets/ibug_fabrics/Fleece/1863,Polyester,ACCEPTED,,4,im_1; im_2; im_3; im_4,,
1864,Fleece,"Fleece
Polyester 100
",Polyester,"{""Polyester"": 100.0}",Fleece,manufacturer-style tag.txt,Backend/datasets/ibug_fabrics/Fleece/1864,Polyester,ACCEPTED,,4,im_1; im_2; im_3; im_4,,
1870,Fleece,"Fleece
Polyester 100
",Polyester,"{""Polyester"": 100.0}",Fleece,manufacturer-style tag.txt,Backend/datasets/ibug_fabrics/Fleece/1870,Polyester,ACCEPTED,,4,im_1; im_2; im_3; im_4,,
1871,Fleece,"Fleece
Polyester 100
",Polyester,"{""Polyester"": 100.0}",Fleece,manufacturer-style tag.txt,Backend/datasets/ibug_fabrics/Fleece/1871,Polyester,ACCEPTED,,4,im_1; im_2; im_3; im_4,,
1872,Fleece,"Fleece
Polyester 100
",Polyester,"{""Polyester"": 100.0}",Fleece,manufacturer-style tag.txt,Backend/datasets/ibug_fabrics/Fleece/1872,Polyester,ACCEPTED,,4,im_1; im_2; im_3; im_4,,
1873,Fleece,"Fleece
Polyester 100
",Polyester,"{""Polyester"": 100.0}",Fleece,manufacturer-style tag.txt,Backend/datasets/ibug_fabrics/Fleece/1873,Polyester,ACCEPTED,,4,im_1; im_2; im_3; im_4,,
1874,Fleece,"Fleece
Polyester 100
",Polyester,"{""Polyester"": 100.0}",Fleece,manufacturer-style tag.txt,Backend/datasets/ibug_fabrics/Fleece/1874,Polyester,ACCEPTED,,4,im_1; im_2; im_3; im_4,,
1875,Fleece,"Fleece
Polyester 100
",Polyester,"{""Polyester"": 100.0}",Fleece,manufacturer-style tag.txt,Backend/datasets/ibug_fabrics/Fleece/1875,Polyester,ACCEPTED,,4,im_1; im_2; im_3; im_4,,
1876,Fleece,"Fleece
Polyester 100
",Polyester,"{""Polyester"": 100.0}",Fleece,manufacturer-style tag.txt,Backend/datasets/ibug_fabrics/Fleece/1876,Polyester,ACCEPTED,,4,im_1; im_2; im_3; im_4,,
1877,Fleece,"Fleece
Polyester 100
",Polyester,"{""Polyester"": 100.0}",Fleece,manufacturer-style tag.txt,Backend/datasets/ibug_fabrics/Fleece/1877,Polyester,ACCEPTED,,4,im_1; im_2; im_3; im_4,,
1878,Fleece,"Fleece
Polyester 100
",Polyester,"{""Polyester"": 100.0}",Fleece,manufacturer-style tag.txt,Backend/datasets/ibug_fabrics/Fleece/1878,Polyester,ACCEPTED,,4,im_1; im_2; im_3; im_4,,
1879,Fleece,"Fleece
Polyester 100
",Polyester,"{""Polyester"": 100.0}",Fleece,manufacturer-style tag.txt,Backend/datasets/ibug_fabrics/Fleece/1879,Polyester,ACCEPTED,,4,im_1; im_2; im_3; im_4,,
1880,Fleece,"Fleece
Polyester 100
",Polyester,"{""Polyester"": 100.0}",Fleece,manufacturer-style tag.txt,Backend/datasets/ibug_fabrics/Fleece/1880,Polyester,ACCEPTED,,4,im_1; im_2; im_3; im_4,,
1881,Fleece,"Fleece
Polyester 100
",Polyester,"{""Polyester"": 100.0}",Fleece,manufacturer-style tag.txt,Backend/datasets/ibug_fabrics/Fleece/1881,Polyester,ACCEPTED,,4,im_1; im_2; im_3; im_4,,
1883,Fleece,"Fleece
Polyester 100
",Polyester,"{""Polyester"": 100.0}",Fleece,manufacturer-style tag.txt,Backend/datasets/ibug_fabrics/Fleece/1883,Polyester,ACCEPTED,,4,im_1; im_2; im_3; im_4,,
1884,Fleece,"Fleece
Polyester 100
",Polyester,"{""Polyester"": 100.0}",Fleece,manufacturer-style tag.txt,Backend/datasets/ibug_fabrics/Fleece/1884,Polyester,ACCEPTED,,4,im_1; im_2; im_3; im_4,,
1885,Fleece,"Fleece
Polyester 100
",Polyester,"{""Polyester"": 100.0}",Fleece,manufacturer-style tag.txt,Backend/datasets/ibug_fabrics/Fleece/1885,Polyester,ACCEPTED,,4,im_1; im_2; im_3; im_4,,
802,Fleece,"Fabric
Fleece 100  
",,{},Fabric,missing/unparseable,Backend/datasets/ibug_fabrics/Fleece/802,,REVIEW,UNPARSEABLE_OR_MISSING_COMPOSITION,4,im_1; im_2; im_3; im_4,,
803,Fleece,"Fabric
Fleece 100  
",,{},Fabric,missing/unparseable,Backend/datasets/ibug_fabrics/Fleece/803,,REVIEW,UNPARSEABLE_OR_MISSING_COMPOSITION,4,im_1; im_2; im_3; im_4,,
804,Fleece,"Fabric
Fleece 100  
",,{},Fabric,missing/unparseable,Backend/datasets/ibug_fabrics/Fleece/804,,REVIEW,UNPARSEABLE_OR_MISSING_COMPOSITION,4,im_1; im_2; im_3; im_4,,
805,Fleece,"Fabric
Fleece 100  
",,{},Fabric,missing/unparseable,Backend/datasets/ibug_fabrics/Fleece/805,,REVIEW,UNPARSEABLE_OR_MISSING_COMPOSITION,4,im_1; im_2; im_3; im_4,,
806,Fleece,"Fabric
Fleece 100  
",,{},Fabric,missing/unparseable,Backend/datasets/ibug_fabrics/Fleece/806,,REVIEW,UNPARSEABLE_OR_MISSING_COMPOSITION,4,im_1; im_2; im_3; im_4,,
16,Leather,"Other
leather 100  
",,{},Other,missing/unparseable,Backend/datasets/ibug_fabrics/Leather/16,,REVIEW,UNPARSEABLE_OR_MISSING_COMPOSITION,4,im_1; im_2; im_3; im_4,,
1959,Leather,"Jacket
Leather 100  
",,{},Jacket,missing/unparseable,Backend/datasets/ibug_fabrics/Leather/1959,,REVIEW,UNPARSEABLE_OR_MISSING_COMPOSITION,4,im_1; im_2; im_3; im_4,Leather/1959; Leather/1960,Leather/1959; Leather/1960
1960,Leather,"Jacket
Leather 100  
",,{},Jacket,missing/unparseable,Backend/datasets/ibug_fabrics/Leather/1960,,REVIEW,UNPARSEABLE_OR_MISSING_COMPOSITION,4,im_1; im_2; im_3; im_4,Leather/1959; Leather/1960,Leather/1959; Leather/1960
1961,Leather,"Jacket
Leather 100  
",,{},Jacket,missing/unparseable,Backend/datasets/ibug_fabrics/Leather/1961,,REVIEW,UNPARSEABLE_OR_MISSING_COMPOSITION,4,im_1; im_2; im_3; im_4,,
1962,Leather,"Jacket
Leather 100  
",,{},Jacket,missing/unparseable,Backend/datasets/ibug_fabrics/Leather/1962,,REVIEW,UNPARSEABLE_OR_MISSING_COMPOSITION,4,im_1; im_2; im_3; im_4,,
1963,Leather,"Jacket
Leather 100  
",,{},Jacket,missing/unparseable,Backend/datasets/ibug_fabrics/Leather/1963,,REVIEW,UNPARSEABLE_OR_MISSING_COMPOSITION,4,im_1; im_2; im_3; im_4,,
1964,Leather,"Jacket
Leather 100  
",,{},Jacket,missing/unparseable,Backend/datasets/ibug_fabrics/Leather/1964,,REVIEW,UNPARSEABLE_OR_MISSING_COMPOSITION,4,im_1; im_2; im_3; im_4,,
1965,Leather,"Jacket
Leather 100  
",,{},Jacket,missing/unparseable,Backend/datasets/ibug_fabrics/Leather/1965,,REVIEW,UNPARSEABLE_OR_MISSING_COMPOSITION,4,im_1; im_2; im_3; im_4,,
374,Leather,"Jacket
Leather 100
",,{},Jacket,missing/unparseable,Backend/datasets/ibug_fabrics/Leather/374,,REVIEW,UNPARSEABLE_OR_MISSING_COMPOSITION,4,im_1; im_2; im_3; im_4,,
375,Leather,"Jacket
Leather 100
",,{},Jacket,missing/unparseable,Backend/datasets/ibug_fabrics/Leather/375,,REVIEW,UNPARSEABLE_OR_MISSING_COMPOSITION,4,im_1; im_2; im_3; im_4,,
376,Leather,"Jacket
Leather 100",,{},Jacket,missing/unparseable,Backend/datasets/ibug_fabrics/Leather/376,,REVIEW,UNPARSEABLE_OR_MISSING_COMPOSITION,4,im_1; im_2; im_3; im_4,,
379,Leather,"Jacket
Leather 100  
",,{},Jacket,missing/unparseable,Backend/datasets/ibug_fabrics/Leather/379,,REVIEW,UNPARSEABLE_OR_MISSING_COMPOSITION,4,im_1; im_2; im_3; im_4,,
380,Leather,"Jacket
Leather 100  
",,{},Jacket,missing/unparseable,Backend/datasets/ibug_fabrics/Leather/380,,REVIEW,UNPARSEABLE_OR_MISSING_COMPOSITION,4,im_1; im_2; im_3; im_4,,
492,Leather,"Jacket
Leather 100",,{},Jacket,missing/unparseable,Backend/datasets/ibug_fabrics/Leather/492,,REVIEW,UNPARSEABLE_OR_MISSING_COMPOSITION,4,im_1; im_2; im_3; im_4,,
493,Leather,"Jacket
Leather 100",,{},Jacket,missing/unparseable,Backend/datasets/ibug_fabrics/Leather/493,,REVIEW,UNPARSEABLE_OR_MISSING_COMPOSITION,4,im_1; im_2; im_3; im_4,,
494,Leather,"Jacket
Leather 100",,{},Jacket,missing/unparseable,Backend/datasets/ibug_fabrics/Leather/494,,REVIEW,UNPARSEABLE_OR_MISSING_COMPOSITION,4,im_1; im_2; im_3; im_4,,
17,Linen,"Fabric
Linen 100",Linen,"{""Linen"": 100.0}",Fabric,manufacturer-style tag.txt,Backend/datasets/ibug_fabrics/Linen/17,,REJECTED,UNSUPPORTED_MATERIAL,4,im_1; im_2; im_3; im_4,,Linen/17; Linen/18
18,Linen,"Fabric
Linen 100",Linen,"{""Linen"": 100.0}",Fabric,manufacturer-style tag.txt,Backend/datasets/ibug_fabrics/Linen/18,,REJECTED,UNSUPPORTED_MATERIAL,4,im_1; im_2; im_3; im_4,,Linen/17; Linen/18
785,Linen,"Fabric
Linen 100  
",Linen,"{""Linen"": 100.0}",Fabric,manufacturer-style tag.txt,Backend/datasets/ibug_fabrics/Linen/785,,REJECTED,UNSUPPORTED_MATERIAL,4,im_1; im_2; im_3; im_4,,
786,Linen,"Fabric
Linen 100  
",Linen,"{""Linen"": 100.0}",Fabric,manufacturer-style tag.txt,Backend/datasets/ibug_fabrics/Linen/786,,REJECTED,UNSUPPORTED_MATERIAL,4,im_1; im_2; im_3; im_4,,
787,Linen,"Fabric
Linen 100  
",Linen,"{""Linen"": 100.0}",Fabric,manufacturer-style tag.txt,Backend/datasets/ibug_fabrics/Linen/787,,REJECTED,UNSUPPORTED_MATERIAL,4,im_1; im_2; im_3; im_4,,
788,Linen,"Fabric
Linen 100  
",Linen,"{""Linen"": 100.0}",Fabric,manufacturer-style tag.txt,Backend/datasets/ibug_fabrics/Linen/788,,REJECTED,UNSUPPORTED_MATERIAL,4,im_1; im_2; im_3; im_4,,
789,Linen,"Fabric
Linen 100  
",Linen,"{""Linen"": 100.0}",Fabric,manufacturer-style tag.txt,Backend/datasets/ibug_fabrics/Linen/789,,REJECTED,UNSUPPORTED_MATERIAL,4,im_1; im_2; im_3; im_4,,
790,Linen,"Fabric
Linen 100  
",Linen,"{""Linen"": 100.0}",Fabric,manufacturer-style tag.txt,Backend/datasets/ibug_fabrics/Linen/790,,REJECTED,UNSUPPORTED_MATERIAL,4,im_1; im_2; im_3; im_4,,
791,Linen,"Fabric
Linen 100  
",Linen,"{""Linen"": 100.0}",Fabric,manufacturer-style tag.txt,Backend/datasets/ibug_fabrics/Linen/791,,REJECTED,UNSUPPORTED_MATERIAL,4,im_1; im_2; im_3; im_4,,
792,Linen,"Fabric
Linen 100  
",Linen,"{""Linen"": 100.0}",Fabric,manufacturer-style tag.txt,Backend/datasets/ibug_fabrics/Linen/792,,REJECTED,UNSUPPORTED_MATERIAL,4,im_1; im_2; im_3; im_4,,
793,Linen,"Fabric
Linen 100  
",Linen,"{""Linen"": 100.0}",Fabric,manufacturer-style tag.txt,Backend/datasets/ibug_fabrics/Linen/793,,REJECTED,UNSUPPORTED_MATERIAL,4,im_1; im_2; im_3; im_4,,
794,Linen,"Fabric
Linen 100  
",Linen,"{""Linen"": 100.0}",Fabric,manufacturer-style tag.txt,Backend/datasets/ibug_fabrics/Linen/794,,REJECTED,UNSUPPORTED_MATERIAL,4,im_1; im_2; im_3; im_4,,
795,Linen,"Fabric
Linen 100  
",Linen,"{""Linen"": 100.0}",Fabric,manufacturer-style tag.txt,Backend/datasets/ibug_fabrics/Linen/795,,REJECTED,UNSUPPORTED_MATERIAL,4,im_1; im_2; im_3; im_4,,
796,Linen,"Fabric
Linen 100  
",Linen,"{""Linen"": 100.0}",Fabric,manufacturer-style tag.txt,Backend/datasets/ibug_fabrics/Linen/796,,REJECTED,UNSUPPORTED_MATERIAL,4,im_1; im_2; im_3; im_4,,
797,Linen,"Fabric
Linen 100  
",Linen,"{""Linen"": 100.0}",Fabric,manufacturer-style tag.txt,Backend/datasets/ibug_fabrics/Linen/797,,REJECTED,UNSUPPORTED_MATERIAL,4,im_1; im_2; im_3; im_4,,
798,Linen,"Fabric
Linen 100  
",Linen,"{""Linen"": 100.0}",Fabric,manufacturer-style tag.txt,Backend/datasets/ibug_fabrics/Linen/798,,REJECTED,UNSUPPORTED_MATERIAL,4,im_1; im_2; im_3; im_4,,
799,Linen,"Fabric
Linen 100  
",Linen,"{""Linen"": 100.0}",Fabric,manufacturer-style tag.txt,Backend/datasets/ibug_fabrics/Linen/799,,REJECTED,UNSUPPORTED_MATERIAL,4,im_1; im_2; im_3; im_4,,
800,Linen,"Fabric
Linen 100  
",Linen,"{""Linen"": 100.0}",Fabric,manufacturer-style tag.txt,Backend/datasets/ibug_fabrics/Linen/800,,REJECTED,UNSUPPORTED_MATERIAL,4,im_1; im_2; im_3; im_4,,
801,Linen,"Fabric
Linen 100  
",Linen,"{""Linen"": 100.0}",Fabric,manufacturer-style tag.txt,Backend/datasets/ibug_fabrics/Linen/801,,REJECTED,UNSUPPORTED_MATERIAL,4,im_1; im_2; im_3; im_4,,
865,Lut,"Fabric
Lut 100 (gouna)",,{},Fabric,missing/unparseable,Backend/datasets/ibug_fabrics/Lut/865,,REVIEW,UNPARSEABLE_OR_MISSING_COMPOSITION,4,im_1; im_2; im_3; im_4,,
866,Lut,"Fabric
Lut 100 (gouna)
",,{},Fabric,missing/unparseable,Backend/datasets/ibug_fabrics/Lut/866,,REVIEW,UNPARSEABLE_OR_MISSING_COMPOSITION,4,im_1; im_2; im_3; im_4,,
867,Lut,"Fabric
Lut 100 (gouna)
",,{},Fabric,missing/unparseable,Backend/datasets/ibug_fabrics/Lut/867,,REVIEW,UNPARSEABLE_OR_MISSING_COMPOSITION,4,im_1; im_2; im_3; im_4,,
868,Lut,"Fabric
Lut 100 (gouna)
",,{},Fabric,missing/unparseable,Backend/datasets/ibug_fabrics/Lut/868,,REVIEW,UNPARSEABLE_OR_MISSING_COMPOSITION,4,im_1; im_2; im_3; im_4,,
1203,Nylon,"Jacket
Polyamide 100  
",Polyamide,"{""Polyamide"": 100.0}",Jacket,manufacturer-style tag.txt,Backend/datasets/ibug_fabrics/Nylon/1203,Nylon,REVIEW,CROSS_SAMPLE_DUPLICATE_REVIEW,4,im_1; im_2; im_3; im_4,,Nylon/1203; Nylon/1204; Nylon/1205; Nylon/1206; Nylon/1207; Nylon/1446; Nylon/1449; Nylon/1450; Polyester/1263; Polyester/1264; Polyester/1681; Polyester/1682; Utilities/FF
1204,Nylon,"Jacket
Polyamide 100  
",Polyamide,"{""Polyamide"": 100.0}",Jacket,manufacturer-style tag.txt,Backend/datasets/ibug_fabrics/Nylon/1204,Nylon,REVIEW,CROSS_SAMPLE_DUPLICATE_REVIEW,4,im_1; im_2; im_3; im_4,,Nylon/1203; Nylon/1204; Nylon/1205; Nylon/1206; Nylon/1207; Nylon/1446; Nylon/1449; Nylon/1450; Polyester/1263; Polyester/1264; Polyester/1681; Polyester/1682; Utilities/FF
1205,Nylon,"Jacket
Polyamide 100  
",Polyamide,"{""Polyamide"": 100.0}",Jacket,manufacturer-style tag.txt,Backend/datasets/ibug_fabrics/Nylon/1205,Nylon,REVIEW,CROSS_SAMPLE_DUPLICATE_REVIEW,4,im_1; im_2; im_3; im_4,,Nylon/1203; Nylon/1204; Nylon/1205; Nylon/1206; Nylon/1207; Nylon/1446; Nylon/1449; Nylon/1450; Polyester/1263; Polyester/1264; Polyester/1681; Polyester/1682; Utilities/FF
1206,Nylon,"Jacket
Polyamide 100  
",Polyamide,"{""Polyamide"": 100.0}",Jacket,manufacturer-style tag.txt,Backend/datasets/ibug_fabrics/Nylon/1206,Nylon,REVIEW,CROSS_SAMPLE_DUPLICATE_REVIEW,4,im_1; im_2; im_3; im_4,,Nylon/1203; Nylon/1204; Nylon/1205; Nylon/1206; Nylon/1207; Nylon/1446; Nylon/1449; Nylon/1450; Polyester/1263; Polyester/1264; Polyester/1681; Polyester/1682; Utilities/FF
1207,Nylon,"Jacket
Polyamide 100  
",Polyamide,"{""Polyamide"": 100.0}",Jacket,manufacturer-style tag.txt,Backend/datasets/ibug_fabrics/Nylon/1207,Nylon,REVIEW,CROSS_SAMPLE_DUPLICATE_REVIEW,4,im_1; im_2; im_3; im_4,,Nylon/1203; Nylon/1204; Nylon/1205; Nylon/1206; Nylon/1207; Nylon/1446; Nylon/1449; Nylon/1450; Polyester/1263; Polyester/1264; Polyester/1681; Polyester/1682; Utilities/FF
1214,Nylon,"Jacket
Polyamide 100  
",Polyamide,"{""Polyamide"": 100.0}",Jacket,manufacturer-style tag.txt,Backend/datasets/ibug_fabrics/Nylon/1214,Nylon,ACCEPTED,,4,im_1; im_2; im_3; im_4,,
1215,Nylon,"Jacket
Polyamide 100  
",Polyamide,"{""Polyamide"": 100.0}",Jacket,manufacturer-style tag.txt,Backend/datasets/ibug_fabrics/Nylon/1215,Nylon,ACCEPTED,,4,im_1; im_2; im_3; im_4,,
1396,Nylon,"Jacket
Polyamide 100  
",Polyamide,"{""Polyamide"": 100.0}",Jacket,manufacturer-style tag.txt,Backend/datasets/ibug_fabrics/Nylon/1396,Nylon,ACCEPTED,,4,im_1; im_2; im_3; im_4,,
1397,Nylon,"Jacket
Polyamide 100  
",Polyamide,"{""Polyamide"": 100.0}",Jacket,manufacturer-style tag.txt,Backend/datasets/ibug_fabrics/Nylon/1397,Nylon,ACCEPTED,,4,im_1; im_2; im_3; im_4,,
140,Nylon,"Shorts
Nylon 93 Elastane 7
",Elastane; Nylon,"{""Nylon"": 93.0, ""Elastane"": 7.0}",Shorts,manufacturer-style tag.txt,Backend/datasets/ibug_fabrics/Nylon/140,,REVIEW,MIXED_COMPOSITION_REVIEW,4,im_1; im_2; im_3; im_4,,
141,Nylon,"Shorts
Nylon 93 Elastane 7 
",Elastane; Nylon,"{""Nylon"": 93.0, ""Elastane"": 7.0}",Shorts,manufacturer-style tag.txt,Backend/datasets/ibug_fabrics/Nylon/141,,REVIEW,MIXED_COMPOSITION_REVIEW,4,im_1; im_2; im_3; im_4,,
1441,Nylon,"Jacket
Polyamide 100
",Polyamide,"{""Polyamide"": 100.0}",Jacket,manufacturer-style tag.txt,Backend/datasets/ibug_fabrics/Nylon/1441,Nylon,ACCEPTED,,4,im_1; im_2; im_3; im_4,,
1442,Nylon,"Jacket
Polyamide 100
",Polyamide,"{""Polyamide"": 100.0}",Jacket,manufacturer-style tag.txt,Backend/datasets/ibug_fabrics/Nylon/1442,Nylon,ACCEPTED,,4,im_1; im_2; im_3; im_4,,
1443,Nylon,"Jacket
Polyamide 100  
",Polyamide,"{""Polyamide"": 100.0}",Jacket,manufacturer-style tag.txt,Backend/datasets/ibug_fabrics/Nylon/1443,Nylon,ACCEPTED,,4,im_1; im_2; im_3; im_4,,
1444,Nylon,"Jacket
Polyamide 100
",Polyamide,"{""Polyamide"": 100.0}",Jacket,manufacturer-style tag.txt,Backend/datasets/ibug_fabrics/Nylon/1444,Nylon,ACCEPTED,,4,im_1; im_2; im_3; im_4,,
1445,Nylon,"Jacket
Polyamide 100  
",Polyamide,"{""Polyamide"": 100.0}",Jacket,manufacturer-style tag.txt,Backend/datasets/ibug_fabrics/Nylon/1445,Nylon,ACCEPTED,,4,im_1; im_2; im_3; im_4,,
1446,Nylon,"Jacket
Polyamide 100
",Polyamide,"{""Polyamide"": 100.0}",Jacket,manufacturer-style tag.txt,Backend/datasets/ibug_fabrics/Nylon/1446,Nylon,REVIEW,CROSS_SAMPLE_DUPLICATE_REVIEW,4,im_1; im_2; im_3; im_4,,Nylon/1203; Nylon/1204; Nylon/1205; Nylon/1206; Nylon/1207; Nylon/1446; Nylon/1449; Nylon/1450; Polyester/1263; Polyester/1264; Polyester/1681; Polyester/1682; Utilities/FF
1447,Nylon,"Jacket
Polyamide 100 
",Polyamide,"{""Polyamide"": 100.0}",Jacket,manufacturer-style tag.txt,Backend/datasets/ibug_fabrics/Nylon/1447,Nylon,ACCEPTED,,4,im_1; im_2; im_3; im_4,,
1448,Nylon,"Jacket
Polyamide 100
",Polyamide,"{""Polyamide"": 100.0}",Jacket,manufacturer-style tag.txt,Backend/datasets/ibug_fabrics/Nylon/1448,Nylon,ACCEPTED,,4,im_1; im_2; im_3; im_4,,
1449,Nylon,"Jacket
Polyamide 100 
",Polyamide,"{""Polyamide"": 100.0}",Jacket,manufacturer-style tag.txt,Backend/datasets/ibug_fabrics/Nylon/1449,Nylon,REVIEW,CROSS_SAMPLE_DUPLICATE_REVIEW,4,im_1; im_2; im_3; im_4,,Nylon/1203; Nylon/1204; Nylon/1205; Nylon/1206; Nylon/1207; Nylon/1446; Nylon/1449; Nylon/1450; Polyester/1263; Polyester/1264; Polyester/1681; Polyester/1682; Utilities/FF
1450,Nylon,"Jacket
Polyamide 100
",Polyamide,"{""Polyamide"": 100.0}",Jacket,manufacturer-style tag.txt,Backend/datasets/ibug_fabrics/Nylon/1450,Nylon,REVIEW,CROSS_SAMPLE_DUPLICATE_REVIEW,4,im_1; im_2; im_3; im_4,,Nylon/1203; Nylon/1204; Nylon/1205; Nylon/1206; Nylon/1207; Nylon/1446; Nylon/1449; Nylon/1450; Polyester/1263; Polyester/1264; Polyester/1681; Polyester/1682; Utilities/FF
1770,Nylon,"Pants
Nylon 100
",Nylon,"{""Nylon"": 100.0}",Pants,manufacturer-style tag.txt,Backend/datasets/ibug_fabrics/Nylon/1770,Nylon,ACCEPTED,,4,im_1; im_2; im_3; im_4,,
1771,Nylon,"Pants
Nylon 100
",Nylon,"{""Nylon"": 100.0}",Pants,manufacturer-style tag.txt,Backend/datasets/ibug_fabrics/Nylon/1771,Nylon,ACCEPTED,,4,im_1; im_2; im_3; im_4,,
1772,Nylon,"Pants
Nylon 100",Nylon,"{""Nylon"": 100.0}",Pants,manufacturer-style tag.txt,Backend/datasets/ibug_fabrics/Nylon/1772,Nylon,ACCEPTED,,4,im_1; im_2; im_3; im_4,,
1773,Nylon,"Pants
Nylon 100
",Nylon,"{""Nylon"": 100.0}",Pants,manufacturer-style tag.txt,Backend/datasets/ibug_fabrics/Nylon/1773,Nylon,ACCEPTED,,4,im_1; im_2; im_3; im_4,,
1778,Nylon,"Shirt
Supplex Nylon 100
",Nylon,"{""Nylon"": 100.0}",Shirt,manufacturer-style tag.txt,Backend/datasets/ibug_fabrics/Nylon/1778,Nylon,ACCEPTED,,4,im_1; im_2; im_3; im_4,,
1779,Nylon,"Shirt
Supplex Nylon 100",Nylon,"{""Nylon"": 100.0}",Shirt,manufacturer-style tag.txt,Backend/datasets/ibug_fabrics/Nylon/1779,Nylon,ACCEPTED,,4,im_1; im_2; im_3; im_4,,
1780,Nylon,"Shirt
Supplex Nylon 100
",Nylon,"{""Nylon"": 100.0}",Shirt,manufacturer-style tag.txt,Backend/datasets/ibug_fabrics/Nylon/1780,Nylon,ACCEPTED,,4,im_1; im_2; im_3; im_4,,
1803,Nylon,"Shirt
Supplex Nylon 100",Nylon,"{""Nylon"": 100.0}",Shirt,manufacturer-style tag.txt,Backend/datasets/ibug_fabrics/Nylon/1803,Nylon,ACCEPTED,,4,im_1; im_2; im_3; im_4,,
1804,Nylon,"Shirt
Supplex Nylon 100
",Nylon,"{""Nylon"": 100.0}",Shirt,manufacturer-style tag.txt,Backend/datasets/ibug_fabrics/Nylon/1804,Nylon,ACCEPTED,,4,im_1; im_2; im_3; im_4,,
1805,Nylon,"Shirt
Supplex Nylon 100",Nylon,"{""Nylon"": 100.0}",Shirt,manufacturer-style tag.txt,Backend/datasets/ibug_fabrics/Nylon/1805,Nylon,ACCEPTED,,4,im_1; im_2; im_3; im_4,,
1814,Nylon,"Shirt
Nylon 100",Nylon,"{""Nylon"": 100.0}",Shirt,manufacturer-style tag.txt,Backend/datasets/ibug_fabrics/Nylon/1814,Nylon,ACCEPTED,,4,im_1; im_2; im_3; im_4,,
1815,Nylon,"Shirt
Nylon 100",Nylon,"{""Nylon"": 100.0}",Shirt,manufacturer-style tag.txt,Backend/datasets/ibug_fabrics/Nylon/1815,Nylon,ACCEPTED,,4,im_1; im_2; im_3; im_4,,
1896,Nylon,"Pants
Nylon 100",Nylon,"{""Nylon"": 100.0}",Pants,manufacturer-style tag.txt,Backend/datasets/ibug_fabrics/Nylon/1896,Nylon,ACCEPTED,,4,im_1; im_2; im_3; im_4,,
1897,Nylon,"Pants
Nylon 100
",Nylon,"{""Nylon"": 100.0}",Pants,manufacturer-style tag.txt,Backend/datasets/ibug_fabrics/Nylon/1897,Nylon,ACCEPTED,,4,im_1; im_2; im_3; im_4,,
1898,Nylon,"Pants
Nylon 100",Nylon,"{""Nylon"": 100.0}",Pants,manufacturer-style tag.txt,Backend/datasets/ibug_fabrics/Nylon/1898,Nylon,ACCEPTED,,4,im_1; im_2; im_3; im_4,,
1899,Nylon,"Pants
Nylon 100",Nylon,"{""Nylon"": 100.0}",Pants,manufacturer-style tag.txt,Backend/datasets/ibug_fabrics/Nylon/1899,Nylon,ACCEPTED,,4,im_1; im_2; im_3; im_4,,
1900,Nylon,"Pants
Nylon 100",Nylon,"{""Nylon"": 100.0}",Pants,manufacturer-style tag.txt,Backend/datasets/ibug_fabrics/Nylon/1900,Nylon,ACCEPTED,,4,im_1; im_2; im_3; im_4,,
1901,Nylon,"Pants
Nylon 100",Nylon,"{""Nylon"": 100.0}",Pants,manufacturer-style tag.txt,Backend/datasets/ibug_fabrics/Nylon/1901,Nylon,ACCEPTED,,4,im_1; im_2; im_3; im_4,,
1902,Nylon,"Pants
Nylon 100",Nylon,"{""Nylon"": 100.0}",Pants,manufacturer-style tag.txt,Backend/datasets/ibug_fabrics/Nylon/1902,Nylon,ACCEPTED,,4,im_1; im_2; im_3; im_4,,
1903,Nylon,"Pants
Nylon 100",Nylon,"{""Nylon"": 100.0}",Pants,manufacturer-style tag.txt,Backend/datasets/ibug_fabrics/Nylon/1903,Nylon,ACCEPTED,,4,im_1; im_2; im_3; im_4,,
1904,Nylon,"Pants
Nylon 100",Nylon,"{""Nylon"": 100.0}",Pants,manufacturer-style tag.txt,Backend/datasets/ibug_fabrics/Nylon/1904,Nylon,ACCEPTED,,4,im_1; im_2; im_3; im_4,,
1905,Nylon,"Pants
Nylon 100",Nylon,"{""Nylon"": 100.0}",Pants,manufacturer-style tag.txt,Backend/datasets/ibug_fabrics/Nylon/1905,Nylon,ACCEPTED,,4,im_1; im_2; im_3; im_4,,
1906,Nylon,"Pants
Nylon 100",Nylon,"{""Nylon"": 100.0}",Pants,manufacturer-style tag.txt,Backend/datasets/ibug_fabrics/Nylon/1906,Nylon,ACCEPTED,,4,im_1; im_2; im_3; im_4,,
1907,Nylon,"Pants
Nylon 100",Nylon,"{""Nylon"": 100.0}",Pants,manufacturer-style tag.txt,Backend/datasets/ibug_fabrics/Nylon/1907,Nylon,ACCEPTED,,4,im_1; im_2; im_3; im_4,,
1908,Nylon,"Pants
Nylon 100",Nylon,"{""Nylon"": 100.0}",Pants,manufacturer-style tag.txt,Backend/datasets/ibug_fabrics/Nylon/1908,Nylon,ACCEPTED,,4,im_1; im_2; im_3; im_4,,
1909,Nylon,"Jacket
Nylon 100",Nylon,"{""Nylon"": 100.0}",Jacket,manufacturer-style tag.txt,Backend/datasets/ibug_fabrics/Nylon/1909,Nylon,ACCEPTED,,4,im_1; im_2; im_3; im_4,,
1910,Nylon,"Jacket
Nylon 100",Nylon,"{""Nylon"": 100.0}",Jacket,manufacturer-style tag.txt,Backend/datasets/ibug_fabrics/Nylon/1910,Nylon,ACCEPTED,,4,im_1; im_2; im_3; im_4,,
1911,Nylon,"Pants
Nylon 100",Nylon,"{""Nylon"": 100.0}",Pants,manufacturer-style tag.txt,Backend/datasets/ibug_fabrics/Nylon/1911,Nylon,ACCEPTED,,4,im_1; im_2; im_3; im_4,,
1919,Nylon,"Jacket
Nylon 100",Nylon,"{""Nylon"": 100.0}",Jacket,manufacturer-style tag.txt,Backend/datasets/ibug_fabrics/Nylon/1919,Nylon,ACCEPTED,,4,im_1; im_2; im_3; im_4,,
1920,Nylon,"Jacket
Nylon 100",Nylon,"{""Nylon"": 100.0}",Jacket,manufacturer-style tag.txt,Backend/datasets/ibug_fabrics/Nylon/1920,Nylon,ACCEPTED,,4,im_1; im_2; im_3; im_4,,
439,Nylon,"Jacket
Polyamide 100",Polyamide,"{""Polyamide"": 100.0}",Jacket,manufacturer-style tag.txt,Backend/datasets/ibug_fabrics/Nylon/439,Nylon,ACCEPTED,,4,im_1; im_2; im_3; im_4,,
460,Nylon,"Shorts
Nylon 100",Nylon,"{""Nylon"": 100.0}",Shorts,manufacturer-style tag.txt,Backend/datasets/ibug_fabrics/Nylon/460,Nylon,ACCEPTED,,4,im_1; im_2; im_3; im_4,,
461,Nylon,"Shorts
Nylon 100",Nylon,"{""Nylon"": 100.0}",Shorts,manufacturer-style tag.txt,Backend/datasets/ibug_fabrics/Nylon/461,Nylon,ACCEPTED,,4,im_1; im_2; im_3; im_4,,
482,Nylon,"Shorts
Nylon 100",Nylon,"{""Nylon"": 100.0}",Shorts,manufacturer-style tag.txt,Backend/datasets/ibug_fabrics/Nylon/482,Nylon,ACCEPTED,,4,im_1; im_2; im_3; im_4,,
483,Nylon,"Shorts
Nylon 100",Nylon,"{""Nylon"": 100.0}",Shorts,manufacturer-style tag.txt,Backend/datasets/ibug_fabrics/Nylon/483,Nylon,ACCEPTED,,4,im_1; im_2; im_3; im_4,,
538,Nylon,"Fabric
Polyamide (Nylon) 95 Elastane 5 (Elastic net) 
",Elastane; Nylon; Polyamide,"{""Polyamide"": 95.0, ""Elastane"": 5.0}",Fabric,manufacturer-style tag.txt,Backend/datasets/ibug_fabrics/Nylon/538,,REVIEW,MIXED_COMPOSITION_REVIEW,4,im_1; im_2; im_3; im_4,,
1000,Polyester,"Fabric
Micropoly 100 Crepe diagonal 
",,{},Fabric,missing/unparseable,Backend/datasets/ibug_fabrics/Polyester/1000,,REVIEW,UNPARSEABLE_OR_MISSING_COMPOSITION,4,im_1; im_2; im_3; im_4,Crepe/1000; Polyester/1000,Crepe/1000; Polyester/1000
1001,Polyester,"Fabric
Micropoly 100 Crepe diagonal 
",,{},Fabric,missing/unparseable,Backend/datasets/ibug_fabrics/Polyester/1001,,REVIEW,UNPARSEABLE_OR_MISSING_COMPOSITION,4,im_1; im_2; im_3; im_4,Crepe/1001; Polyester/1001,Crepe/1001; Polyester/1001
1002,Polyester,"Fabric
Micropoly 100 Crepe diagonal 
",,{},Fabric,missing/unparseable,Backend/datasets/ibug_fabrics/Polyester/1002,,REVIEW,UNPARSEABLE_OR_MISSING_COMPOSITION,4,im_1; im_2; im_3; im_4,Crepe/1002; Polyester/1002,Crepe/1002; Polyester/1002
1003,Polyester,"Fabric
Micropoly 100 Crepe diagonal 
",,{},Fabric,missing/unparseable,Backend/datasets/ibug_fabrics/Polyester/1003,,REVIEW,UNPARSEABLE_OR_MISSING_COMPOSITION,4,im_1; im_2; im_3; im_4,Crepe/1003; Polyester/1003,Crepe/1003; Polyester/1003
103,Polyester,"Skirt
Polyester 100
",Polyester,"{""Polyester"": 100.0}",Skirt,manufacturer-style tag.txt,Backend/datasets/ibug_fabrics/Polyester/103,Polyester,ACCEPTED,,4,im_1; im_2; im_3; im_4,,
104,Polyester,"Skirt
Polyester 100
",Polyester,"{""Polyester"": 100.0}",Skirt,manufacturer-style tag.txt,Backend/datasets/ibug_fabrics/Polyester/104,Polyester,ACCEPTED,,4,im_1; im_2; im_3; im_4,,
109,Polyester,"Other
Polyester 100
",Polyester,"{""Polyester"": 100.0}",Other,manufacturer-style tag.txt,Backend/datasets/ibug_fabrics/Polyester/109,Polyester,ACCEPTED,,4,im_1; im_2; im_3; im_4,,
110,Polyester,"Other
Polyester 100
",Polyester,"{""Polyester"": 100.0}",Other,manufacturer-style tag.txt,Backend/datasets/ibug_fabrics/Polyester/110,Polyester,ACCEPTED,,4,im_1; im_2; im_3; im_4,,
1263,Polyester,"Jacket
Polyester 100
",Polyester,"{""Polyester"": 100.0}",Jacket,manufacturer-style tag.txt,Backend/datasets/ibug_fabrics/Polyester/1263,Polyester,REVIEW,CROSS_SAMPLE_DUPLICATE_REVIEW,4,im_1; im_2; im_3; im_4,,Nylon/1203; Nylon/1204; Nylon/1205; Nylon/1206; Nylon/1207; Nylon/1446; Nylon/1449; Nylon/1450; Polyester/1263; Polyester/1264; Polyester/1681; Polyester/1682; Utilities/FF
1264,Polyester,"Jacket
Polyester 100
",Polyester,"{""Polyester"": 100.0}",Jacket,manufacturer-style tag.txt,Backend/datasets/ibug_fabrics/Polyester/1264,Polyester,REVIEW,CROSS_SAMPLE_DUPLICATE_REVIEW,4,im_1; im_2; im_3; im_4,,Nylon/1203; Nylon/1204; Nylon/1205; Nylon/1206; Nylon/1207; Nylon/1446; Nylon/1449; Nylon/1450; Polyester/1263; Polyester/1264; Polyester/1681; Polyester/1682; Utilities/FF
1453,Polyester,"Jacket
Polyester 100
",Polyester,"{""Polyester"": 100.0}",Jacket,manufacturer-style tag.txt,Backend/datasets/ibug_fabrics/Polyester/1453,Polyester,ACCEPTED,,4,im_1; im_2; im_3; im_4,,
1454,Polyester,"Jacket
Polyester 100
",Polyester,"{""Polyester"": 100.0}",Jacket,manufacturer-style tag.txt,Backend/datasets/ibug_fabrics/Polyester/1454,Polyester,ACCEPTED,,4,im_1; im_2; im_3; im_4,,
1576,Polyester,"T-shirt
Polyester 100
",Polyester,"{""Polyester"": 100.0}",T-shirt,manufacturer-style tag.txt,Backend/datasets/ibug_fabrics/Polyester/1576,Polyester,ACCEPTED,,4,im_1; im_2; im_3; im_4,,
1577,Polyester,"T-shirt
Polyester 100
",Polyester,"{""Polyester"": 100.0}",T-shirt,manufacturer-style tag.txt,Backend/datasets/ibug_fabrics/Polyester/1577,Polyester,ACCEPTED,,4,im_1; im_2; im_3; im_4,,
1580,Polyester,"T-shirt
Polyester 100
",Polyester,"{""Polyester"": 100.0}",T-shirt,manufacturer-style tag.txt,Backend/datasets/ibug_fabrics/Polyester/1580,Polyester,ACCEPTED,,4,im_1; im_2; im_3; im_4,,
1581,Polyester,"T-shirt
Polyester 100
",Polyester,"{""Polyester"": 100.0}",T-shirt,manufacturer-style tag.txt,Backend/datasets/ibug_fabrics/Polyester/1581,Polyester,ACCEPTED,,4,im_1; im_2; im_3; im_4,,
1582,Polyester,"T-shirt
Polyester 100
",Polyester,"{""Polyester"": 100.0}",T-shirt,manufacturer-style tag.txt,Backend/datasets/ibug_fabrics/Polyester/1582,Polyester,ACCEPTED,,4,im_1; im_2; im_3; im_4,,
1583,Polyester,"T-shirt
Polyester 100
",Polyester,"{""Polyester"": 100.0}",T-shirt,manufacturer-style tag.txt,Backend/datasets/ibug_fabrics/Polyester/1583,Polyester,ACCEPTED,,4,im_1; im_2; im_3; im_4,,
1586,Polyester,"T-shirt
Polyester 100
",Polyester,"{""Polyester"": 100.0}",T-shirt,manufacturer-style tag.txt,Backend/datasets/ibug_fabrics/Polyester/1586,Polyester,ACCEPTED,,4,im_1; im_2; im_3; im_4,,
1587,Polyester,"T-shirt
Polyester 100
",Polyester,"{""Polyester"": 100.0}",T-shirt,manufacturer-style tag.txt,Backend/datasets/ibug_fabrics/Polyester/1587,Polyester,ACCEPTED,,4,im_1; im_2; im_3; im_4,,
1588,Polyester,"T-shirt
Polyester 95 Metallic fibers 5",Polyester,"{""Polyester"": 95.0}",T-shirt,manufacturer-style tag.txt,Backend/datasets/ibug_fabrics/Polyester/1588,Polyester,ACCEPTED,,4,im_1; im_2; im_3; im_4,,
1589,Polyester,"T-shirt
Polyester 95 Metallic fibers 5",Polyester,"{""Polyester"": 95.0}",T-shirt,manufacturer-style tag.txt,Backend/datasets/ibug_fabrics/Polyester/1589,Polyester,ACCEPTED,,4,im_1; im_2; im_3; im_4,,
1592,Polyester,"T-shirt
Polyester 100
",Polyester,"{""Polyester"": 100.0}",T-shirt,manufacturer-style tag.txt,Backend/datasets/ibug_fabrics/Polyester/1592,Polyester,ACCEPTED,,4,im_1; im_2; im_3; im_4,,
1593,Polyester,"T-shirt
Polyester 100
",Polyester,"{""Polyester"": 100.0}",T-shirt,manufacturer-style tag.txt,Backend/datasets/ibug_fabrics/Polyester/1593,Polyester,ACCEPTED,,4,im_1; im_2; im_3; im_4,,
1594,Polyester,"T-shirt
Polyester 100
",Polyester,"{""Polyester"": 100.0}",T-shirt,manufacturer-style tag.txt,Backend/datasets/ibug_fabrics/Polyester/1594,Polyester,ACCEPTED,,4,im_1; im_2; im_3; im_4,,
1595,Polyester,"T-shirt
Polyester 100
",Polyester,"{""Polyester"": 100.0}",T-shirt,manufacturer-style tag.txt,Backend/datasets/ibug_fabrics/Polyester/1595,Polyester,ACCEPTED,,4,im_1; im_2; im_3; im_4,,
1596,Polyester,"T-shirt
Polyester 100
",Polyester,"{""Polyester"": 100.0}",T-shirt,manufacturer-style tag.txt,Backend/datasets/ibug_fabrics/Polyester/1596,Polyester,ACCEPTED,,4,im_1; im_2; im_3; im_4,,
1597,Polyester,"T-shirt
Polyester 100
",Polyester,"{""Polyester"": 100.0}",T-shirt,manufacturer-style tag.txt,Backend/datasets/ibug_fabrics/Polyester/1597,Polyester,ACCEPTED,,4,im_1; im_2; im_3; im_4,,
1605,Polyester,"Pants
Polyester 100
",Polyester,"{""Polyester"": 100.0}",Pants,manufacturer-style tag.txt,Backend/datasets/ibug_fabrics/Polyester/1605,Polyester,ACCEPTED,,4,im_1; im_2; im_3; im_4,,
1606,Polyester,"Pants
Polyester 100
",Polyester,"{""Polyester"": 100.0}",Pants,manufacturer-style tag.txt,Backend/datasets/ibug_fabrics/Polyester/1606,Polyester,ACCEPTED,,4,im_1; im_2; im_3; im_4,,
1607,Polyester,"Pants
Polyester 100
",Polyester,"{""Polyester"": 100.0}",Pants,manufacturer-style tag.txt,Backend/datasets/ibug_fabrics/Polyester/1607,Polyester,ACCEPTED,,4,im_1; im_2; im_3; im_4,,
1608,Polyester,"Pants
Polyester 100
",Polyester,"{""Polyester"": 100.0}",Pants,manufacturer-style tag.txt,Backend/datasets/ibug_fabrics/Polyester/1608,Polyester,ACCEPTED,,4,im_1; im_2; im_3; im_4,,
1609,Polyester,"Pants
Polyester 100
",Polyester,"{""Polyester"": 100.0}",Pants,manufacturer-style tag.txt,Backend/datasets/ibug_fabrics/Polyester/1609,Polyester,ACCEPTED,,4,im_1; im_2; im_3; im_4,,
1610,Polyester,"Pants
Polyester 100
",Polyester,"{""Polyester"": 100.0}",Pants,manufacturer-style tag.txt,Backend/datasets/ibug_fabrics/Polyester/1610,Polyester,ACCEPTED,,4,im_1; im_2; im_3; im_4,,
1611,Polyester,"Jacket
Polyester 100
",Polyester,"{""Polyester"": 100.0}",Jacket,manufacturer-style tag.txt,Backend/datasets/ibug_fabrics/Polyester/1611,Polyester,ACCEPTED,,4,im_1; im_2; im_3; im_4,,
1612,Polyester,"Jacket
Polyester 100
",Polyester,"{""Polyester"": 100.0}",Jacket,manufacturer-style tag.txt,Backend/datasets/ibug_fabrics/Polyester/1612,Polyester,ACCEPTED,,4,im_1; im_2; im_3; im_4,,
1613,Polyester,"Jacket
Polyester 100
",Polyester,"{""Polyester"": 100.0}",Jacket,manufacturer-style tag.txt,Backend/datasets/ibug_fabrics/Polyester/1613,Polyester,ACCEPTED,,4,im_1; im_2; im_3; im_4,,
1614,Polyester,"Jacket
Polyester 100
",Polyester,"{""Polyester"": 100.0}",Jacket,manufacturer-style tag.txt,Backend/datasets/ibug_fabrics/Polyester/1614,Polyester,ACCEPTED,,4,im_1; im_2; im_3; im_4,,
1615,Polyester,"Jacket
Polyester 100
",Polyester,"{""Polyester"": 100.0}",Jacket,manufacturer-style tag.txt,Backend/datasets/ibug_fabrics/Polyester/1615,Polyester,ACCEPTED,,4,im_1; im_2; im_3; im_4,,
1616,Polyester,"Jacket
Polyester 100
",Polyester,"{""Polyester"": 100.0}",Jacket,manufacturer-style tag.txt,Backend/datasets/ibug_fabrics/Polyester/1616,Polyester,ACCEPTED,,4,im_1; im_2; im_3; im_4,,
1617,Polyester,"Jacket
Polyester 100
",Polyester,"{""Polyester"": 100.0}",Jacket,manufacturer-style tag.txt,Backend/datasets/ibug_fabrics/Polyester/1617,Polyester,ACCEPTED,,4,im_1; im_2; im_3; im_4,,
1618,Polyester,"Jacket
Polyester 100
",Polyester,"{""Polyester"": 100.0}",Jacket,manufacturer-style tag.txt,Backend/datasets/ibug_fabrics/Polyester/1618,Polyester,ACCEPTED,,4,im_1; im_2; im_3; im_4,,
1619,Polyester,"Jacket
Polyester 96 Elastane 4
",Elastane; Polyester,"{""Polyester"": 96.0, ""Elastane"": 4.0}",Jacket,manufacturer-style tag.txt,Backend/datasets/ibug_fabrics/Polyester/1619,,REVIEW,MIXED_COMPOSITION_REVIEW,4,im_1; im_2; im_3; im_4,,
1620,Polyester,"Jacket
Polyester 96 Elastane 4
",Elastane; Polyester,"{""Polyester"": 96.0, ""Elastane"": 4.0}",Jacket,manufacturer-style tag.txt,Backend/datasets/ibug_fabrics/Polyester/1620,,REVIEW,MIXED_COMPOSITION_REVIEW,4,im_1; im_2; im_3; im_4,,
1645,Polyester,"T-shirt
Polyester 100
",Polyester,"{""Polyester"": 100.0}",T-shirt,manufacturer-style tag.txt,Backend/datasets/ibug_fabrics/Polyester/1645,Polyester,ACCEPTED,,4,im_1; im_2; im_3; im_4,,
1646,Polyester,"T-shirt
Polyester 100
",Polyester,"{""Polyester"": 100.0}",T-shirt,manufacturer-style tag.txt,Backend/datasets/ibug_fabrics/Polyester/1646,Polyester,ACCEPTED,,4,im_1; im_2; im_3; im_4,,
1649,Polyester,"T-shirt
Polyester 100
",Polyester,"{""Polyester"": 100.0}",T-shirt,manufacturer-style tag.txt,Backend/datasets/ibug_fabrics/Polyester/1649,Polyester,ACCEPTED,,4,im_1; im_2; im_3; im_4,,
1650,Polyester,"T-shirt
Polyester 100
",Polyester,"{""Polyester"": 100.0}",T-shirt,manufacturer-style tag.txt,Backend/datasets/ibug_fabrics/Polyester/1650,Polyester,ACCEPTED,,4,im_1; im_2; im_3; im_4,,
1651,Polyester,"T-shirt
Polyester 100
",Polyester,"{""Polyester"": 100.0}",T-shirt,manufacturer-style tag.txt,Backend/datasets/ibug_fabrics/Polyester/1651,Polyester,ACCEPTED,,4,im_1; im_2; im_3; im_4,,
1652,Polyester,"T-shirt
Polyester 92 Elastane 8
",Elastane; Polyester,"{""Polyester"": 92.0, ""Elastane"": 8.0}",T-shirt,manufacturer-style tag.txt,Backend/datasets/ibug_fabrics/Polyester/1652,,REVIEW,MIXED_COMPOSITION_REVIEW,4,im_1; im_2; im_3; im_4,,
1653,Polyester,"T-shirt
Polyester 92 Elastane 8
",Elastane; Polyester,"{""Polyester"": 92.0, ""Elastane"": 8.0}",T-shirt,manufacturer-style tag.txt,Backend/datasets/ibug_fabrics/Polyester/1653,,REVIEW,MIXED_COMPOSITION_REVIEW,4,im_1; im_2; im_3; im_4,,
1681,Polyester,"Jacket
Polyester 100
",Polyester,"{""Polyester"": 100.0}",Jacket,manufacturer-style tag.txt,Backend/datasets/ibug_fabrics/Polyester/1681,Polyester,REVIEW,CROSS_SAMPLE_DUPLICATE_REVIEW,4,im_1; im_2; im_3; im_4,,Nylon/1203; Nylon/1204; Nylon/1205; Nylon/1206; Nylon/1207; Nylon/1446; Nylon/1449; Nylon/1450; Polyester/1263; Polyester/1264; Polyester/1681; Polyester/1682; Utilities/FF
1682,Polyester,"Jacket
Polyester 100
",Polyester,"{""Polyester"": 100.0}",Jacket,manufacturer-style tag.txt,Backend/datasets/ibug_fabrics/Polyester/1682,Polyester,REVIEW,CROSS_SAMPLE_DUPLICATE_REVIEW,4,im_1; im_2; im_3; im_4,,Nylon/1203; Nylon/1204; Nylon/1205; Nylon/1206; Nylon/1207; Nylon/1446; Nylon/1449; Nylon/1450; Polyester/1263; Polyester/1264; Polyester/1681; Polyester/1682; Utilities/FF
1683,Polyester,"Jacket
Polyester 94 Elastane 6
",Elastane; Polyester,"{""Polyester"": 94.0, ""Elastane"": 6.0}",Jacket,manufacturer-style tag.txt,Backend/datasets/ibug_fabrics/Polyester/1683,,REVIEW,MIXED_COMPOSITION_REVIEW,4,im_1; im_2; im_3; im_4,,
1684,Polyester,"Jacket
Polyester 94 Elastane 6
",Elastane; Polyester,"{""Polyester"": 94.0, ""Elastane"": 6.0}",Jacket,manufacturer-style tag.txt,Backend/datasets/ibug_fabrics/Polyester/1684,,REVIEW,MIXED_COMPOSITION_REVIEW,4,im_1; im_2; im_3; im_4,,
1685,Polyester,"Jacket
Polyester 100
",Polyester,"{""Polyester"": 100.0}",Jacket,manufacturer-style tag.txt,Backend/datasets/ibug_fabrics/Polyester/1685,Polyester,ACCEPTED,,4,im_1; im_2; im_3; im_4,,
1686,Polyester,"Jacket
Polyester 100
",Polyester,"{""Polyester"": 100.0}",Jacket,manufacturer-style tag.txt,Backend/datasets/ibug_fabrics/Polyester/1686,Polyester,ACCEPTED,,4,im_1; im_2; im_3; im_4,,
1687,Polyester,"Shorts
Polyester 100
",Polyester,"{""Polyester"": 100.0}",Shorts,manufacturer-style tag.txt,Backend/datasets/ibug_fabrics/Polyester/1687,Polyester,ACCEPTED,,4,im_1; im_2; im_3; im_4,,
1688,Polyester,"Shorts
Polyester 100
",Polyester,"{""Polyester"": 100.0}",Shorts,manufacturer-style tag.txt,Backend/datasets/ibug_fabrics/Polyester/1688,Polyester,ACCEPTED,,4,im_1; im_2; im_3; im_4,,
1689,Polyester,"Shorts
Polyester 100
",Polyester,"{""Polyester"": 100.0}",Shorts,manufacturer-style tag.txt,Backend/datasets/ibug_fabrics/Polyester/1689,Polyester,ACCEPTED,,4,im_1; im_2; im_3; im_4,,
1690,Polyester,"Shorts
Polyester 100
",Polyester,"{""Polyester"": 100.0}",Shorts,manufacturer-style tag.txt,Backend/datasets/ibug_fabrics/Polyester/1690,Polyester,ACCEPTED,,4,im_1; im_2; im_3; im_4,,
1691,Polyester,"Shorts
Polyester 100
",Polyester,"{""Polyester"": 100.0}",Shorts,manufacturer-style tag.txt,Backend/datasets/ibug_fabrics/Polyester/1691,Polyester,ACCEPTED,,4,im_1; im_2; im_3; im_4,,
1692,Polyester,"Shorts
Polyester 100
",Polyester,"{""Polyester"": 100.0}",Shorts,manufacturer-style tag.txt,Backend/datasets/ibug_fabrics/Polyester/1692,Polyester,ACCEPTED,,4,im_1; im_2; im_3; im_4,,
1693,Polyester,"Shorts
Polyester 100
",Polyester,"{""Polyester"": 100.0}",Shorts,manufacturer-style tag.txt,Backend/datasets/ibug_fabrics/Polyester/1693,Polyester,ACCEPTED,,4,im_1; im_2; im_3; im_4,,
1694,Polyester,"Shorts
Polyester 100
",Polyester,"{""Polyester"": 100.0}",Shorts,manufacturer-style tag.txt,Backend/datasets/ibug_fabrics/Polyester/1694,Polyester,ACCEPTED,,4,im_1; im_2; im_3; im_4,,
1695,Polyester,"Shorts
Polyester 100
",Polyester,"{""Polyester"": 100.0}",Shorts,manufacturer-style tag.txt,Backend/datasets/ibug_fabrics/Polyester/1695,Polyester,ACCEPTED,,4,im_1; im_2; im_3; im_4,,
1696,Polyester,"Shorts
Polyester 100
",Polyester,"{""Polyester"": 100.0}",Shorts,manufacturer-style tag.txt,Backend/datasets/ibug_fabrics/Polyester/1696,Polyester,ACCEPTED,,4,im_1; im_2; im_3; im_4,,
1699,Polyester,"T-shirt
Polyester 100
",Polyester,"{""Polyester"": 100.0}",T-shirt,manufacturer-style tag.txt,Backend/datasets/ibug_fabrics/Polyester/1699,Polyester,ACCEPTED,,4,im_1; im_2; im_3; im_4,,
1700,Polyester,"T-shirt
Polyester 100
",Polyester,"{""Polyester"": 100.0}",T-shirt,manufacturer-style tag.txt,Backend/datasets/ibug_fabrics/Polyester/1700,Polyester,ACCEPTED,,4,im_1; im_2; im_3; im_4,,
1701,Polyester,"T-shirt
Polyester 100
",Polyester,"{""Polyester"": 100.0}",T-shirt,manufacturer-style tag.txt,Backend/datasets/ibug_fabrics/Polyester/1701,Polyester,ACCEPTED,,4,im_1; im_2; im_3; im_4,,
1702,Polyester,"T-shirt
Polyester 100
",Polyester,"{""Polyester"": 100.0}",T-shirt,manufacturer-style tag.txt,Backend/datasets/ibug_fabrics/Polyester/1702,Polyester,ACCEPTED,,4,im_1; im_2; im_3; im_4,,
1703,Polyester,"T-shirt
Polyester 100
",Polyester,"{""Polyester"": 100.0}",T-shirt,manufacturer-style tag.txt,Backend/datasets/ibug_fabrics/Polyester/1703,Polyester,ACCEPTED,,4,im_1; im_2; im_3; im_4,,
1704,Polyester,"T-shirt
Polyester 100
",Polyester,"{""Polyester"": 100.0}",T-shirt,manufacturer-style tag.txt,Backend/datasets/ibug_fabrics/Polyester/1704,Polyester,ACCEPTED,,4,im_1; im_2; im_3; im_4,,
1705,Polyester,"T-shirt
Polyester 100
",Polyester,"{""Polyester"": 100.0}",T-shirt,manufacturer-style tag.txt,Backend/datasets/ibug_fabrics/Polyester/1705,Polyester,REVIEW,CROSS_SAMPLE_DUPLICATE_REVIEW,4,im_1; im_2; im_3; im_4,Polyester/1705; Polyester/1706,Polyester/1705; Polyester/1706
1706,Polyester,"T-shirt
Polyester 100
",Polyester,"{""Polyester"": 100.0}",T-shirt,manufacturer-style tag.txt,Backend/datasets/ibug_fabrics/Polyester/1706,Polyester,REVIEW,CROSS_SAMPLE_DUPLICATE_REVIEW,4,im_1; im_2; im_3; im_4,Polyester/1705; Polyester/1706,Polyester/1705; Polyester/1706
1707,Polyester,"T-shirt
Polyester 100
",Polyester,"{""Polyester"": 100.0}",T-shirt,manufacturer-style tag.txt,Backend/datasets/ibug_fabrics/Polyester/1707,Polyester,ACCEPTED,,4,im_1; im_2; im_3; im_4,,
1708,Polyester,"T-shirt
Polyester 100
",Polyester,"{""Polyester"": 100.0}",T-shirt,manufacturer-style tag.txt,Backend/datasets/ibug_fabrics/Polyester/1708,Polyester,ACCEPTED,,4,im_1; im_2; im_3; im_4,,
1709,Polyester,"T-shirt
Polyester 100
",Polyester,"{""Polyester"": 100.0}",T-shirt,manufacturer-style tag.txt,Backend/datasets/ibug_fabrics/Polyester/1709,Polyester,ACCEPTED,,4,im_1; im_2; im_3; im_4,,
1710,Polyester,"T-shirt
Polyester 100
",Polyester,"{""Polyester"": 100.0}",T-shirt,manufacturer-style tag.txt,Backend/datasets/ibug_fabrics/Polyester/1710,Polyester,ACCEPTED,,4,im_1; im_2; im_3; im_4,,
1711,Polyester,"T-shirt
Polyester 100
",Polyester,"{""Polyester"": 100.0}",T-shirt,manufacturer-style tag.txt,Backend/datasets/ibug_fabrics/Polyester/1711,Polyester,REVIEW,CROSS_SAMPLE_DUPLICATE_REVIEW,4,im_1; im_2; im_3; im_4,Polyester/1711; Polyester/1712,Polyester/1711; Polyester/1712
1712,Polyester,"T-shirt
Polyester 100
",Polyester,"{""Polyester"": 100.0}",T-shirt,manufacturer-style tag.txt,Backend/datasets/ibug_fabrics/Polyester/1712,Polyester,REVIEW,CROSS_SAMPLE_DUPLICATE_REVIEW,4,im_1; im_2; im_3; im_4,Polyester/1711; Polyester/1712,Polyester/1711; Polyester/1712
1855,Polyester,"Blouse
Polyester 100
",Polyester,"{""Polyester"": 100.0}",Blouse,manufacturer-style tag.txt,Backend/datasets/ibug_fabrics/Polyester/1855,Polyester,ACCEPTED,,4,im_1; im_2; im_3; im_4,,
1856,Polyester,"Blouse
Polyester 100
",Polyester,"{""Polyester"": 100.0}",Blouse,manufacturer-style tag.txt,Backend/datasets/ibug_fabrics/Polyester/1856,Polyester,ACCEPTED,,4,im_1; im_2; im_3; im_4,,
1857,Polyester,"Blouse
Polyester 100
",Polyester,"{""Polyester"": 100.0}",Blouse,manufacturer-style tag.txt,Backend/datasets/ibug_fabrics/Polyester/1857,Polyester,ACCEPTED,,4,im_1; im_2; im_3; im_4,,
1858,Polyester,"Blouse
Polyester 100
",Polyester,"{""Polyester"": 100.0}",Blouse,manufacturer-style tag.txt,Backend/datasets/ibug_fabrics/Polyester/1858,Polyester,ACCEPTED,,4,im_1; im_2; im_3; im_4,,
1865,Polyester,"Jacket
Polyester 100
",Polyester,"{""Polyester"": 100.0}",Jacket,manufacturer-style tag.txt,Backend/datasets/ibug_fabrics/Polyester/1865,Polyester,ACCEPTED,,4,im_1; im_2; im_3; im_4,,
1866,Polyester,"Jacket
Polyester 100
",Polyester,"{""Polyester"": 100.0}",Jacket,manufacturer-style tag.txt,Backend/datasets/ibug_fabrics/Polyester/1866,Polyester,ACCEPTED,,4,im_1; im_2; im_3; im_4,,
1867,Polyester,"Jacket
Polyester 100
",Polyester,"{""Polyester"": 100.0}",Jacket,manufacturer-style tag.txt,Backend/datasets/ibug_fabrics/Polyester/1867,Polyester,ACCEPTED,,4,im_1; im_2; im_3; im_4,,
1868,Polyester,"Jacket
Polyester 100
",Polyester,"{""Polyester"": 100.0}",Jacket,manufacturer-style tag.txt,Backend/datasets/ibug_fabrics/Polyester/1868,Polyester,ACCEPTED,,4,im_1; im_2; im_3; im_4,,
1869,Polyester,"Jacket
Polyester 100
",Polyester,"{""Polyester"": 100.0}",Jacket,manufacturer-style tag.txt,Backend/datasets/ibug_fabrics/Polyester/1869,Polyester,ACCEPTED,,4,im_1; im_2; im_3; im_4,,
1912,Polyester,"Jacket
Polyester 100
",Polyester,"{""Polyester"": 100.0}",Jacket,manufacturer-style tag.txt,Backend/datasets/ibug_fabrics/Polyester/1912,Polyester,ACCEPTED,,4,im_1; im_2; im_3; im_4,,
1913,Polyester,"Jacket
Polyester 100
",Polyester,"{""Polyester"": 100.0}",Jacket,manufacturer-style tag.txt,Backend/datasets/ibug_fabrics/Polyester/1913,Polyester,ACCEPTED,,4,im_1; im_2; im_3; im_4,,
1914,Polyester,"Jacket
Polyester 100
",Polyester,"{""Polyester"": 100.0}",Jacket,manufacturer-style tag.txt,Backend/datasets/ibug_fabrics/Polyester/1914,Polyester,ACCEPTED,,4,im_1; im_2; im_3; im_4,,
1915,Polyester,"Blouse
Polyester 94 Elastane 6
",Elastane; Polyester,"{""Polyester"": 94.0, ""Elastane"": 6.0}",Blouse,manufacturer-style tag.txt,Backend/datasets/ibug_fabrics/Polyester/1915,,REVIEW,MIXED_COMPOSITION_REVIEW,4,im_1; im_2; im_3; im_4,,
1916,Polyester,"Blouse
Polyester 94 Elastane 6
",Elastane; Polyester,"{""Polyester"": 94.0, ""Elastane"": 6.0}",Blouse,manufacturer-style tag.txt,Backend/datasets/ibug_fabrics/Polyester/1916,,REVIEW,MIXED_COMPOSITION_REVIEW,4,im_1; im_2; im_3; im_4,,
1917,Polyester,"Jacket
Polyester 100
",Polyester,"{""Polyester"": 100.0}",Jacket,manufacturer-style tag.txt,Backend/datasets/ibug_fabrics/Polyester/1917,Polyester,ACCEPTED,,4,im_1; im_2; im_3; im_4,,
1918,Polyester,"Jacket
Polyester 100
",Polyester,"{""Polyester"": 100.0}",Jacket,manufacturer-style tag.txt,Backend/datasets/ibug_fabrics/Polyester/1918,Polyester,ACCEPTED,,4,im_1; im_2; im_3; im_4,,
1945,Polyester,"Blouse
Polyester 100
",Polyester,"{""Polyester"": 100.0}",Blouse,manufacturer-style tag.txt,Backend/datasets/ibug_fabrics/Polyester/1945,Polyester,ACCEPTED,,4,im_1; im_2; im_3; im_4,,
1946,Polyester,"Blouse
Polyester 100
",Polyester,"{""Polyester"": 100.0}",Blouse,manufacturer-style tag.txt,Backend/datasets/ibug_fabrics/Polyester/1946,Polyester,ACCEPTED,,4,im_1; im_2; im_3; im_4,,
1947,Polyester,"Blouse
Polyester 100
",Polyester,"{""Polyester"": 100.0}",Blouse,manufacturer-style tag.txt,Backend/datasets/ibug_fabrics/Polyester/1947,Polyester,ACCEPTED,,4,im_1; im_2; im_3; im_4,,
1948,Polyester,"Blouse
Polyester 100
",Polyester,"{""Polyester"": 100.0}",Blouse,manufacturer-style tag.txt,Backend/datasets/ibug_fabrics/Polyester/1948,Polyester,ACCEPTED,,4,im_1; im_2; im_3; im_4,,
1951,Polyester,"Shirt
Polyester 100
",Polyester,"{""Polyester"": 100.0}",Shirt,manufacturer-style tag.txt,Backend/datasets/ibug_fabrics/Polyester/1951,Polyester,ACCEPTED,,4,im_1; im_2; im_3; im_4,,
1952,Polyester,"Shirt
Polyester 100
",Polyester,"{""Polyester"": 100.0}",Shirt,manufacturer-style tag.txt,Backend/datasets/ibug_fabrics/Polyester/1952,Polyester,ACCEPTED,,4,im_1; im_2; im_3; im_4,,
256,Polyester,"Shorts
Polyester 100
",Polyester,"{""Polyester"": 100.0}",Shorts,manufacturer-style tag.txt,Backend/datasets/ibug_fabrics/Polyester/256,Polyester,ACCEPTED,,4,im_1; im_2; im_3; im_4,,
257,Polyester,"Shorts
Polyester 100
",Polyester,"{""Polyester"": 100.0}",Shorts,manufacturer-style tag.txt,Backend/datasets/ibug_fabrics/Polyester/257,Polyester,ACCEPTED,,4,im_1; im_2; im_3; im_4,,
258,Polyester,"Shorts
Polyester 100
",Polyester,"{""Polyester"": 100.0}",Shorts,manufacturer-style tag.txt,Backend/datasets/ibug_fabrics/Polyester/258,Polyester,ACCEPTED,,4,im_1; im_2; im_3; im_4,,
284,Polyester,"Shorts
Polyester 100
",Polyester,"{""Polyester"": 100.0}",Shorts,manufacturer-style tag.txt,Backend/datasets/ibug_fabrics/Polyester/284,Polyester,ACCEPTED,,4,im_1; im_2; im_3; im_4,,
285,Polyester,"Shorts
Polyester 100
",Polyester,"{""Polyester"": 100.0}",Shorts,manufacturer-style tag.txt,Backend/datasets/ibug_fabrics/Polyester/285,Polyester,ACCEPTED,,4,im_1; im_2; im_3; im_4,,
322,Polyester,"Other
Polyester 100
",Polyester,"{""Polyester"": 100.0}",Other,manufacturer-style tag.txt,Backend/datasets/ibug_fabrics/Polyester/322,Polyester,ACCEPTED,,4,im_1; im_2; im_3; im_4,,
323,Polyester,"Other
Polyester 100
",Polyester,"{""Polyester"": 100.0}",Other,manufacturer-style tag.txt,Backend/datasets/ibug_fabrics/Polyester/323,Polyester,ACCEPTED,,4,im_1; im_2; im_3; im_4,,
36,Polyester,"Fabric
Polyester 100",Polyester,"{""Polyester"": 100.0}",Fabric,manufacturer-style tag.txt,Backend/datasets/ibug_fabrics/Polyester/36,Polyester,ACCEPTED,,4,im_1; im_2; im_3; im_4,,
37,Polyester,"Fabric
Polyester 100",Polyester,"{""Polyester"": 100.0}",Fabric,manufacturer-style tag.txt,Backend/datasets/ibug_fabrics/Polyester/37,Polyester,ACCEPTED,,4,im_1; im_2; im_3; im_4,,
377,Polyester,"Jacket
Polyester 95 Spandex 5  
",Polyester,"{""Polyester"": 95.0}",Jacket,manufacturer-style tag.txt,Backend/datasets/ibug_fabrics/Polyester/377,Polyester,ACCEPTED,,4,im_1; im_2; im_3; im_4,,
378,Polyester,"Jacket
Polyester 95 Spandex 5  
",Polyester,"{""Polyester"": 95.0}",Jacket,manufacturer-style tag.txt,Backend/datasets/ibug_fabrics/Polyester/378,Polyester,ACCEPTED,,4,im_1; im_2; im_3; im_4,,
401,Polyester,"Pants
Polyester 100
",Polyester,"{""Polyester"": 100.0}",Pants,manufacturer-style tag.txt,Backend/datasets/ibug_fabrics/Polyester/401,Polyester,ACCEPTED,,4,im_1; im_2; im_3; im_4,,
402,Polyester,"Pants
Polyester 100
",Polyester,"{""Polyester"": 100.0}",Pants,manufacturer-style tag.txt,Backend/datasets/ibug_fabrics/Polyester/402,Polyester,ACCEPTED,,4,im_1; im_2; im_3; im_4,,
447,Polyester,"Blouse
Polyester 100
",Polyester,"{""Polyester"": 100.0}",Blouse,manufacturer-style tag.txt,Backend/datasets/ibug_fabrics/Polyester/447,Polyester,ACCEPTED,,4,im_1; im_2; im_3; im_4,,
448,Polyester,"Blouse
Polyester 100
",Polyester,"{""Polyester"": 100.0}",Blouse,manufacturer-style tag.txt,Backend/datasets/ibug_fabrics/Polyester/448,Polyester,ACCEPTED,,4,im_1; im_2; im_3; im_4,,
449,Polyester,"Blouse
Polyester 100
",Polyester,"{""Polyester"": 100.0}",Blouse,manufacturer-style tag.txt,Backend/datasets/ibug_fabrics/Polyester/449,Polyester,ACCEPTED,,4,im_1; im_2; im_3; im_4,,
450,Polyester,"Blouse
Polyester 100
",Polyester,"{""Polyester"": 100.0}",Blouse,manufacturer-style tag.txt,Backend/datasets/ibug_fabrics/Polyester/450,Polyester,ACCEPTED,,4,im_1; im_2; im_3; im_4,,
458,Polyester,"Shorts
Polyester 100
",Polyester,"{""Polyester"": 100.0}",Shorts,manufacturer-style tag.txt,Backend/datasets/ibug_fabrics/Polyester/458,Polyester,ACCEPTED,,4,im_1; im_2; im_3; im_4,,
459,Polyester,"Shorts
Polyester 100
",Polyester,"{""Polyester"": 100.0}",Shorts,manufacturer-style tag.txt,Backend/datasets/ibug_fabrics/Polyester/459,Polyester,ACCEPTED,,4,im_1; im_2; im_3; im_4,,
501,Polyester,"Other
Polyester 100
",Polyester,"{""Polyester"": 100.0}",Other,manufacturer-style tag.txt,Backend/datasets/ibug_fabrics/Polyester/501,Polyester,ACCEPTED,,4,im_1; im_2; im_3; im_4,,
502,Polyester,"Other
Polyester 100
",Polyester,"{""Polyester"": 100.0}",Other,manufacturer-style tag.txt,Backend/datasets/ibug_fabrics/Polyester/502,Polyester,ACCEPTED,,4,im_1; im_2; im_3; im_4,,
511,Polyester,"Fabric
Polyester 96 Elastane 4 Lurex   
",Elastane; Polyester,"{""Polyester"": 96.0, ""Elastane"": 4.0}",Fabric,manufacturer-style tag.txt,Backend/datasets/ibug_fabrics/Polyester/511,,REVIEW,MIXED_COMPOSITION_REVIEW,4,im_1; im_2; im_3; im_4,,
512,Polyester,"Fabric
Polyester 100 Satin   
",Polyester; Satin,"{""Polyester"": 100.0}",Fabric,manufacturer-style tag.txt,Backend/datasets/ibug_fabrics/Polyester/512,,REVIEW,MIXED_COMPOSITION_REVIEW,4,im_1; im_2; im_3; im_4,,
513,Polyester,"Fabric
Polyester 100 Satin   
",Polyester; Satin,"{""Polyester"": 100.0}",Fabric,manufacturer-style tag.txt,Backend/datasets/ibug_fabrics/Polyester/513,,REVIEW,MIXED_COMPOSITION_REVIEW,4,im_1; im_2; im_3; im_4,,
514,Polyester,"Fabric
Polyester 100 Felt lenci   
",Polyester,"{""Polyester"": 100.0}",Fabric,manufacturer-style tag.txt,Backend/datasets/ibug_fabrics/Polyester/514,Polyester,ACCEPTED,,4,im_1; im_2; im_3; im_4,,
517,Polyester,"Fabric
Polyester 96 Elastane 4 Micro knitt   
",Elastane; Polyester,"{""Polyester"": 96.0, ""Elastane"": 4.0}",Fabric,manufacturer-style tag.txt,Backend/datasets/ibug_fabrics/Polyester/517,,REVIEW,MIXED_COMPOSITION_REVIEW,4,im_1; im_2; im_3; im_4,,
518,Polyester,"Fabric
Polyester 97 Elastane 3 Micro knitt   
",Elastane; Polyester,"{""Polyester"": 97.0, ""Elastane"": 3.0}",Fabric,manufacturer-style tag.txt,Backend/datasets/ibug_fabrics/Polyester/518,,REVIEW,MIXED_COMPOSITION_REVIEW,4,im_1; im_2; im_3; im_4,,
519,Polyester,"Fabric
Polyester 100 Cady larimar   
",Polyester,"{""Polyester"": 100.0}",Fabric,manufacturer-style tag.txt,Backend/datasets/ibug_fabrics/Polyester/519,Polyester,ACCEPTED,,4,im_1; im_2; im_3; im_4,,
524,Polyester,"Fabric
Polyester 100 Voile   
",Polyester,"{""Polyester"": 100.0}",Fabric,manufacturer-style tag.txt,Backend/datasets/ibug_fabrics/Polyester/524,Polyester,ACCEPTED,,4,im_1; im_2; im_3; im_4,,
525,Polyester,"Fabric
Polyester 100 Pile   
",Polyester,"{""Polyester"": 100.0}",Fabric,manufacturer-style tag.txt,Backend/datasets/ibug_fabrics/Polyester/525,Polyester,ACCEPTED,,4,im_1; im_2; im_3; im_4,,
53,Polyester,"Other
Polyester 100 100  0
",Polyester,"{""Polyester"": 100.0}",Other,manufacturer-style tag.txt,Backend/datasets/ibug_fabrics/Polyester/53,Polyester,ACCEPTED,,4,im_1; im_2; im_3; im_4,,
542,Polyester,"Fabric
Polyester 100
",Polyester,"{""Polyester"": 100.0}",Fabric,manufacturer-style tag.txt,Backend/datasets/ibug_fabrics/Polyester/542,Polyester,ACCEPTED,,4,im_1; im_2; im_3; im_4,,
543,Polyester,"Fabric
Polyester 100
",Polyester,"{""Polyester"": 100.0}",Fabric,manufacturer-style tag.txt,Backend/datasets/ibug_fabrics/Polyester/543,Polyester,ACCEPTED,,4,im_1; im_2; im_3; im_4,,
56,Polyester,"Fabric
Polyester 100
",Polyester,"{""Polyester"": 100.0}",Fabric,manufacturer-style tag.txt,Backend/datasets/ibug_fabrics/Polyester/56,Polyester,ACCEPTED,,4,im_1; im_2; im_3; im_4,,
581,Polyester,"Fabric
Polyester 100
",Polyester,"{""Polyester"": 100.0}",Fabric,manufacturer-style tag.txt,Backend/datasets/ibug_fabrics/Polyester/581,Polyester,ACCEPTED,,4,im_1; im_2; im_3; im_4,,
582,Polyester,"Fabric
Polyester 100
",Polyester,"{""Polyester"": 100.0}",Fabric,manufacturer-style tag.txt,Backend/datasets/ibug_fabrics/Polyester/582,Polyester,ACCEPTED,,4,im_1; im_2; im_3; im_4,,
583,Polyester,"Fabric
Polyester 100
",Polyester,"{""Polyester"": 100.0}",Fabric,manufacturer-style tag.txt,Backend/datasets/ibug_fabrics/Polyester/583,Polyester,ACCEPTED,,4,im_1; im_2; im_3; im_4,,
617,Polyester,"Fabric
Polyester 100
",Polyester,"{""Polyester"": 100.0}",Fabric,manufacturer-style tag.txt,Backend/datasets/ibug_fabrics/Polyester/617,Polyester,ACCEPTED,,4,im_1; im_2; im_3; im_4,,
618,Polyester,"Fabric
Polyester 100
",Polyester,"{""Polyester"": 100.0}",Fabric,manufacturer-style tag.txt,Backend/datasets/ibug_fabrics/Polyester/618,Polyester,ACCEPTED,,4,im_1; im_2; im_3; im_4,,
619,Polyester,"Fabric
Polyester 100T/R check 100  
",Polyester,"{""Polyester"": 100.0}",Fabric,manufacturer-style tag.txt,Backend/datasets/ibug_fabrics/Polyester/619,Polyester,ACCEPTED,,4,im_1; im_2; im_3; im_4,,
62,Polyester,"Shorts
Polyester 100
",Polyester,"{""Polyester"": 100.0}",Shorts,manufacturer-style tag.txt,Backend/datasets/ibug_fabrics/Polyester/62,Polyester,ACCEPTED,,4,im_1; im_2; im_3; im_4,,
620,Polyester,"Fabric
Polyester 100T/R check 100  
",Polyester,"{""Polyester"": 100.0}",Fabric,manufacturer-style tag.txt,Backend/datasets/ibug_fabrics/Polyester/620,Polyester,ACCEPTED,,4,im_1; im_2; im_3; im_4,,
621,Polyester,"Fabric
Polyester 100T/R check 100  
",Polyester,"{""Polyester"": 100.0}",Fabric,manufacturer-style tag.txt,Backend/datasets/ibug_fabrics/Polyester/621,Polyester,ACCEPTED,,4,im_1; im_2; im_3; im_4,,
622,Polyester,"Fabric
Polyester 100T/R check 100  
",Polyester,"{""Polyester"": 100.0}",Fabric,manufacturer-style tag.txt,Backend/datasets/ibug_fabrics/Polyester/622,Polyester,ACCEPTED,,4,im_1; im_2; im_3; im_4,,
623,Polyester,"Fabric
Polyester 100T/R check 100  
",Polyester,"{""Polyester"": 100.0}",Fabric,manufacturer-style tag.txt,Backend/datasets/ibug_fabrics/Polyester/623,Polyester,ACCEPTED,,4,im_1; im_2; im_3; im_4,,
624,Polyester,"Fabric
Polyester 100T/R check 100  
",Polyester,"{""Polyester"": 100.0}",Fabric,manufacturer-style tag.txt,Backend/datasets/ibug_fabrics/Polyester/624,Polyester,ACCEPTED,,4,im_1; im_2; im_3; im_4,,
625,Polyester,"Fabric
Polyester 100T/R check 100  
",Polyester,"{""Polyester"": 100.0}",Fabric,manufacturer-style tag.txt,Backend/datasets/ibug_fabrics/Polyester/625,Polyester,ACCEPTED,,4,im_1; im_2; im_3; im_4,,
626,Polyester,"Fabric
Polyester 100T/R check 100  
",Polyester,"{""Polyester"": 100.0}",Fabric,manufacturer-style tag.txt,Backend/datasets/ibug_fabrics/Polyester/626,Polyester,ACCEPTED,,4,im_1; im_2; im_3; im_4,,
627,Polyester,"Fabric
Polyester 100T/R check 100  
",Polyester,"{""Polyester"": 100.0}",Fabric,manufacturer-style tag.txt,Backend/datasets/ibug_fabrics/Polyester/627,Polyester,ACCEPTED,,4,im_1; im_2; im_3; im_4,,
628,Polyester,"Fabric
Polyester 100T/R check 100  
",Polyester,"{""Polyester"": 100.0}",Fabric,manufacturer-style tag.txt,Backend/datasets/ibug_fabrics/Polyester/628,Polyester,ACCEPTED,,4,im_1; im_2; im_3; im_4,,
629,Polyester,"Fabric
Polyester 100T/R check 100  
",Polyester,"{""Polyester"": 100.0}",Fabric,manufacturer-style tag.txt,Backend/datasets/ibug_fabrics/Polyester/629,Polyester,ACCEPTED,,4,im_1; im_2; im_3; im_4,,
63,Polyester,"Shorts
Polyester 100
",Polyester,"{""Polyester"": 100.0}",Shorts,manufacturer-style tag.txt,Backend/datasets/ibug_fabrics/Polyester/63,Polyester,ACCEPTED,,4,im_1; im_2; im_3; im_4,,
64,Polyester,"Shorts
Polyester 100
",Polyester,"{""Polyester"": 100.0}",Shorts,manufacturer-style tag.txt,Backend/datasets/ibug_fabrics/Polyester/64,Polyester,ACCEPTED,,4,im_1; im_2; im_3; im_4,,
653,Polyester,"Fabric
Polyester 95 Elastane 5
",Elastane; Polyester,"{""Polyester"": 95.0, ""Elastane"": 5.0}",Fabric,manufacturer-style tag.txt,Backend/datasets/ibug_fabrics/Polyester/653,,REVIEW,MIXED_COMPOSITION_REVIEW,4,im_1; im_2; im_3; im_4,,
654,Polyester,"Fabric
Polyester 95 Elastane 5
",Elastane; Polyester,"{""Polyester"": 95.0, ""Elastane"": 5.0}",Fabric,manufacturer-style tag.txt,Backend/datasets/ibug_fabrics/Polyester/654,,REVIEW,MIXED_COMPOSITION_REVIEW,4,im_1; im_2; im_3; im_4,Polyester/654; Polyester/655,Polyester/654; Polyester/655
655,Polyester,"Fabric
Polyester 95 Elastane 5
",Elastane; Polyester,"{""Polyester"": 95.0, ""Elastane"": 5.0}",Fabric,manufacturer-style tag.txt,Backend/datasets/ibug_fabrics/Polyester/655,,REVIEW,MIXED_COMPOSITION_REVIEW,4,im_1; im_2; im_3; im_4,Polyester/654; Polyester/655,Polyester/654; Polyester/655
665,Polyester,"Fabric
Polyester 100
",Polyester,"{""Polyester"": 100.0}",Fabric,manufacturer-style tag.txt,Backend/datasets/ibug_fabrics/Polyester/665,Polyester,ACCEPTED,,4,im_1; im_2; im_3; im_4,,
666,Polyester,"Fabric
Polyester 100
",Polyester,"{""Polyester"": 100.0}",Fabric,manufacturer-style tag.txt,Backend/datasets/ibug_fabrics/Polyester/666,Polyester,ACCEPTED,,4,im_1; im_2; im_3; im_4,,
669,Polyester,"Fabric
Polyester 100
",Polyester,"{""Polyester"": 100.0}",Fabric,manufacturer-style tag.txt,Backend/datasets/ibug_fabrics/Polyester/669,Polyester,ACCEPTED,,4,im_1; im_2; im_3; im_4,,
67,Polyester,"Other
Polyester 100
",Polyester,"{""Polyester"": 100.0}",Other,manufacturer-style tag.txt,Backend/datasets/ibug_fabrics/Polyester/67,Polyester,ACCEPTED,,4,im_1; im_2; im_3; im_4,,
670,Polyester,"Fabric
Polyester 100
",Polyester,"{""Polyester"": 100.0}",Fabric,manufacturer-style tag.txt,Backend/datasets/ibug_fabrics/Polyester/670,Polyester,ACCEPTED,,4,im_1; im_2; im_3; im_4,,
679,Polyester,"Fabric
Polyester 100
",Polyester,"{""Polyester"": 100.0}",Fabric,manufacturer-style tag.txt,Backend/datasets/ibug_fabrics/Polyester/679,Polyester,ACCEPTED,,4,im_1; im_2; im_3; im_4,,
68,Polyester,"Other
Polyester 100
",Polyester,"{""Polyester"": 100.0}",Other,manufacturer-style tag.txt,Backend/datasets/ibug_fabrics/Polyester/68,Polyester,ACCEPTED,,4,im_1; im_2; im_3; im_4,,
680,Polyester,"Fabric
Polyester 100
",Polyester,"{""Polyester"": 100.0}",Fabric,manufacturer-style tag.txt,Backend/datasets/ibug_fabrics/Polyester/680,Polyester,ACCEPTED,,4,im_1; im_2; im_3; im_4,,
681,Polyester,"Fabric
Polyester 95 Elastane 5
",Elastane; Polyester,"{""Polyester"": 95.0, ""Elastane"": 5.0}",Fabric,manufacturer-style tag.txt,Backend/datasets/ibug_fabrics/Polyester/681,,REVIEW,MIXED_COMPOSITION_REVIEW,4,im_1; im_2; im_3; im_4,,
682,Polyester,"Fabric
Polyester 95 Elastane 5
",Elastane; Polyester,"{""Polyester"": 95.0, ""Elastane"": 5.0}",Fabric,manufacturer-style tag.txt,Backend/datasets/ibug_fabrics/Polyester/682,,REVIEW,MIXED_COMPOSITION_REVIEW,4,im_1; im_2; im_3; im_4,,
685,Polyester,"T-shirt
Polyester 92 Elastane 8
",Elastane; Polyester,"{""Polyester"": 92.0, ""Elastane"": 8.0}",T-shirt,manufacturer-style tag.txt,Backend/datasets/ibug_fabrics/Polyester/685,,REVIEW,MIXED_COMPOSITION_REVIEW,4,im_1; im_2; im_3; im_4,,
686,Polyester,"Fabric
Polyester 92 Elastane 8
",Elastane; Polyester,"{""Polyester"": 92.0, ""Elastane"": 8.0}",Fabric,manufacturer-style tag.txt,Backend/datasets/ibug_fabrics/Polyester/686,,REVIEW,MIXED_COMPOSITION_REVIEW,4,im_1; im_2; im_3; im_4,,
700,Polyester,"Fabric
Polyester 97 Elastane 3
",Elastane; Polyester,"{""Polyester"": 97.0, ""Elastane"": 3.0}",Fabric,manufacturer-style tag.txt,Backend/datasets/ibug_fabrics/Polyester/700,,REVIEW,MIXED_COMPOSITION_REVIEW,4,im_1; im_2; im_3; im_4,,
701,Polyester,"Fabric
Polyester 97 Elastane 3
",Elastane; Polyester,"{""Polyester"": 97.0, ""Elastane"": 3.0}",Fabric,manufacturer-style tag.txt,Backend/datasets/ibug_fabrics/Polyester/701,,REVIEW,MIXED_COMPOSITION_REVIEW,4,im_1; im_2; im_3; im_4,,
702,Polyester,"Fabric
Polyester 97 Elastane 3
",Elastane; Polyester,"{""Polyester"": 97.0, ""Elastane"": 3.0}",Fabric,manufacturer-style tag.txt,Backend/datasets/ibug_fabrics/Polyester/702,,REVIEW,MIXED_COMPOSITION_REVIEW,4,im_1; im_2; im_3; im_4,,
703,Polyester,"Fabric
Polyester 95 Elastane 5
",Elastane; Polyester,"{""Polyester"": 95.0, ""Elastane"": 5.0}",Fabric,manufacturer-style tag.txt,Backend/datasets/ibug_fabrics/Polyester/703,,REVIEW,MIXED_COMPOSITION_REVIEW,4,im_1; im_2; im_3; im_4,,
704,Polyester,"Fabric
Polyester 100
",Polyester,"{""Polyester"": 100.0}",Fabric,manufacturer-style tag.txt,Backend/datasets/ibug_fabrics/Polyester/704,Polyester,ACCEPTED,,4,im_1; im_2; im_3; im_4,,
705,Polyester,"Fabric
Polyester 100
",Polyester,"{""Polyester"": 100.0}",Fabric,manufacturer-style tag.txt,Backend/datasets/ibug_fabrics/Polyester/705,Polyester,ACCEPTED,,4,im_1; im_2; im_3; im_4,,
706,Polyester,"Fabric
Polyester 92 Elastane 8
",Elastane; Polyester,"{""Polyester"": 92.0, ""Elastane"": 8.0}",Fabric,manufacturer-style tag.txt,Backend/datasets/ibug_fabrics/Polyester/706,,REVIEW,MIXED_COMPOSITION_REVIEW,4,im_1; im_2; im_3; im_4,,
707,Polyester,"Fabric
Polyester 95 Elastane 5
",Elastane; Polyester,"{""Polyester"": 95.0, ""Elastane"": 5.0}",Fabric,manufacturer-style tag.txt,Backend/datasets/ibug_fabrics/Polyester/707,,REVIEW,MIXED_COMPOSITION_REVIEW,4,im_1; im_2; im_3; im_4,,
708,Polyester,"Fabric
Polyester 95 Elastane 5
",Elastane; Polyester,"{""Polyester"": 95.0, ""Elastane"": 5.0}",Fabric,manufacturer-style tag.txt,Backend/datasets/ibug_fabrics/Polyester/708,,REVIEW,MIXED_COMPOSITION_REVIEW,4,im_1; im_2; im_3; im_4,,
709,Polyester,"Fabric
Polyester 95 Elastane 5
",Elastane; Polyester,"{""Polyester"": 95.0, ""Elastane"": 5.0}",Fabric,manufacturer-style tag.txt,Backend/datasets/ibug_fabrics/Polyester/709,,REVIEW,MIXED_COMPOSITION_REVIEW,4,im_1; im_2; im_3; im_4,,
710,Polyester,"Fabric
Polyester 95 Elastane 5
",Elastane; Polyester,"{""Polyester"": 95.0, ""Elastane"": 5.0}",Fabric,manufacturer-style tag.txt,Backend/datasets/ibug_fabrics/Polyester/710,,REVIEW,MIXED_COMPOSITION_REVIEW,4,im_1; im_2; im_3; im_4,,
711,Polyester,"Fabric
Polyester 95 Elastane 5
",Elastane; Polyester,"{""Polyester"": 95.0, ""Elastane"": 5.0}",Fabric,manufacturer-style tag.txt,Backend/datasets/ibug_fabrics/Polyester/711,,REVIEW,MIXED_COMPOSITION_REVIEW,4,im_1; im_2; im_3; im_4,,
712,Polyester,"Fabric
Polyester 95 Elastane 5
",Elastane; Polyester,"{""Polyester"": 95.0, ""Elastane"": 5.0}",Fabric,manufacturer-style tag.txt,Backend/datasets/ibug_fabrics/Polyester/712,,REVIEW,MIXED_COMPOSITION_REVIEW,4,im_1; im_2; im_3; im_4,,
713,Polyester,"Fabric
Polyester 92 Elastane 8
",Elastane; Polyester,"{""Polyester"": 92.0, ""Elastane"": 8.0}",Fabric,manufacturer-style tag.txt,Backend/datasets/ibug_fabrics/Polyester/713,,REVIEW,MIXED_COMPOSITION_REVIEW,4,im_1; im_2; im_3; im_4,,
714,Polyester,"Fabric
Polyester 95 Elastane 5
",Elastane; Polyester,"{""Polyester"": 95.0, ""Elastane"": 5.0}",Fabric,manufacturer-style tag.txt,Backend/datasets/ibug_fabrics/Polyester/714,,REVIEW,MIXED_COMPOSITION_REVIEW,4,im_1; im_2; im_3; im_4,,
715,Polyester,"Fabric
Polyester 95 Elastane 5 
",Elastane; Polyester,"{""Polyester"": 95.0, ""Elastane"": 5.0}",Fabric,manufacturer-style tag.txt,Backend/datasets/ibug_fabrics/Polyester/715,,REVIEW,MIXED_COMPOSITION_REVIEW,4,im_1; im_2; im_3; im_4,,
753,Polyester,"Fabric
Polyester 92 Elastane 8
",Elastane; Polyester,"{""Polyester"": 92.0, ""Elastane"": 8.0}",Fabric,manufacturer-style tag.txt,Backend/datasets/ibug_fabrics/Polyester/753,,REVIEW,MIXED_COMPOSITION_REVIEW,4,im_1; im_2; im_3; im_4,,
755,Polyester,"Fabric
Polyester 92 Elastane 8
",Elastane; Polyester,"{""Polyester"": 92.0, ""Elastane"": 8.0}",Fabric,manufacturer-style tag.txt,Backend/datasets/ibug_fabrics/Polyester/755,,REVIEW,MIXED_COMPOSITION_REVIEW,4,im_1; im_2; im_3; im_4,,
756,Polyester,"Fabric
Polyester 92 Elastane 8
",Elastane; Polyester,"{""Polyester"": 92.0, ""Elastane"": 8.0}",Fabric,manufacturer-style tag.txt,Backend/datasets/ibug_fabrics/Polyester/756,,REVIEW,MIXED_COMPOSITION_REVIEW,4,im_1; im_2; im_3; im_4,,
757,Polyester,"Fabric
Polyester 92 Elastane 8
",Elastane; Polyester,"{""Polyester"": 92.0, ""Elastane"": 8.0}",Fabric,manufacturer-style tag.txt,Backend/datasets/ibug_fabrics/Polyester/757,,REVIEW,MIXED_COMPOSITION_REVIEW,4,im_1; im_2; im_3; im_4,,
758,Polyester,"Fabric
Polyester 92 Elastane 8
",Elastane; Polyester,"{""Polyester"": 92.0, ""Elastane"": 8.0}",Fabric,manufacturer-style tag.txt,Backend/datasets/ibug_fabrics/Polyester/758,,REVIEW,MIXED_COMPOSITION_REVIEW,4,im_1; im_2; im_3; im_4,,
759,Polyester,"Fabric
Polyester 92 Elastane 8
",Elastane; Polyester,"{""Polyester"": 92.0, ""Elastane"": 8.0}",Fabric,manufacturer-style tag.txt,Backend/datasets/ibug_fabrics/Polyester/759,,REVIEW,MIXED_COMPOSITION_REVIEW,4,im_1; im_2; im_3; im_4,,
760,Polyester,"Fabric
Polyester 92 Elastane 8
",Elastane; Polyester,"{""Polyester"": 92.0, ""Elastane"": 8.0}",Fabric,manufacturer-style tag.txt,Backend/datasets/ibug_fabrics/Polyester/760,,REVIEW,MIXED_COMPOSITION_REVIEW,4,im_1; im_2; im_3; im_4,,
761,Polyester,"Fabric
Polyester 92 Elastane 8
",Elastane; Polyester,"{""Polyester"": 92.0, ""Elastane"": 8.0}",Fabric,manufacturer-style tag.txt,Backend/datasets/ibug_fabrics/Polyester/761,,REVIEW,MIXED_COMPOSITION_REVIEW,4,im_1; im_2; im_3; im_4,,
762,Polyester,"Fabric
Polyester 92 Elastane 8
",Elastane; Polyester,"{""Polyester"": 92.0, ""Elastane"": 8.0}",Fabric,manufacturer-style tag.txt,Backend/datasets/ibug_fabrics/Polyester/762,,REVIEW,MIXED_COMPOSITION_REVIEW,4,im_1; im_2; im_3; im_4,,
763,Polyester,"Fabric
Polyester 92 Elastane 8
",Elastane; Polyester,"{""Polyester"": 92.0, ""Elastane"": 8.0}",Fabric,manufacturer-style tag.txt,Backend/datasets/ibug_fabrics/Polyester/763,,REVIEW,MIXED_COMPOSITION_REVIEW,4,im_1; im_2; im_3; im_4,,
764,Polyester,"Fabric
Polyester 92 Elastane 8
",Elastane; Polyester,"{""Polyester"": 92.0, ""Elastane"": 8.0}",Fabric,manufacturer-style tag.txt,Backend/datasets/ibug_fabrics/Polyester/764,,REVIEW,MIXED_COMPOSITION_REVIEW,4,im_1; im_2; im_3; im_4,,
765,Polyester,"Fabric
Polyester 92 Elastane 8
",Elastane; Polyester,"{""Polyester"": 92.0, ""Elastane"": 8.0}",Fabric,manufacturer-style tag.txt,Backend/datasets/ibug_fabrics/Polyester/765,,REVIEW,MIXED_COMPOSITION_REVIEW,4,im_1; im_2; im_3; im_4,,
766,Polyester,"Fabric
Polyester 92 Elastane 8
",Elastane; Polyester,"{""Polyester"": 92.0, ""Elastane"": 8.0}",Fabric,manufacturer-style tag.txt,Backend/datasets/ibug_fabrics/Polyester/766,,REVIEW,MIXED_COMPOSITION_REVIEW,4,im_1; im_2; im_3; im_4,,
767,Polyester,"Fabric
Polyester 92 Elastane 8
",Elastane; Polyester,"{""Polyester"": 92.0, ""Elastane"": 8.0}",Fabric,manufacturer-style tag.txt,Backend/datasets/ibug_fabrics/Polyester/767,,REVIEW,MIXED_COMPOSITION_REVIEW,4,im_1; im_2; im_3; im_4,,
768,Polyester,"Fabric
Polyester 92 Elastane 8
",Elastane; Polyester,"{""Polyester"": 92.0, ""Elastane"": 8.0}",Fabric,manufacturer-style tag.txt,Backend/datasets/ibug_fabrics/Polyester/768,,REVIEW,MIXED_COMPOSITION_REVIEW,4,im_1; im_2; im_3; im_4,,
769,Polyester,"Fabric
Polyester 92 Elastane 8
",Elastane; Polyester,"{""Polyester"": 92.0, ""Elastane"": 8.0}",Fabric,manufacturer-style tag.txt,Backend/datasets/ibug_fabrics/Polyester/769,,REVIEW,MIXED_COMPOSITION_REVIEW,4,im_1; im_2; im_3; im_4,,
770,Polyester,"Fabric
Polyester 100 Satin   
",Polyester; Satin,"{""Polyester"": 100.0}",Fabric,manufacturer-style tag.txt,Backend/datasets/ibug_fabrics/Polyester/770,,REVIEW,MIXED_COMPOSITION_REVIEW,4,im_1; im_2; im_3; im_4,Polyester/770; Satin/770,Polyester/770; Satin/770
771,Polyester,"Fabric
Polyester 100 satin   
",Polyester; Satin,"{""Polyester"": 100.0}",Fabric,manufacturer-style tag.txt,Backend/datasets/ibug_fabrics/Polyester/771,,REVIEW,MIXED_COMPOSITION_REVIEW,4,im_1; im_2; im_3; im_4,Polyester/771; Satin/771,Polyester/771; Satin/771
772,Polyester,"Fabric
Polyester 100 satin   
",Polyester; Satin,"{""Polyester"": 100.0}",Fabric,manufacturer-style tag.txt,Backend/datasets/ibug_fabrics/Polyester/772,,REVIEW,MIXED_COMPOSITION_REVIEW,4,im_1; im_2; im_3; im_4,Polyester/772; Satin/772,Polyester/772; Satin/772
773,Polyester,"Fabric
Polyester 100 satin   
",Polyester; Satin,"{""Polyester"": 100.0}",Fabric,manufacturer-style tag.txt,Backend/datasets/ibug_fabrics/Polyester/773,,REVIEW,MIXED_COMPOSITION_REVIEW,4,im_1; im_2; im_3; im_4,Polyester/773; Satin/773,Polyester/773; Satin/773
820,Polyester,"Fabric
Polyester 100
",Polyester,"{""Polyester"": 100.0}",Fabric,manufacturer-style tag.txt,Backend/datasets/ibug_fabrics/Polyester/820,Polyester,ACCEPTED,,4,im_1; im_2; im_3; im_4,,
821,Polyester,"Fabric
Polyester 100
",Polyester,"{""Polyester"": 100.0}",Fabric,manufacturer-style tag.txt,Backend/datasets/ibug_fabrics/Polyester/821,Polyester,ACCEPTED,,4,im_1; im_2; im_3; im_4,,
869,Polyester,"Fabric
Polyester 93 Viscose 5 Elastane 2
",Elastane; Polyester; Viscose,"{""Polyester"": 93.0, ""Viscose"": 5.0, ""Elastane"": 2.0}",Fabric,manufacturer-style tag.txt,Backend/datasets/ibug_fabrics/Polyester/869,,REVIEW,MIXED_COMPOSITION_REVIEW,4,im_1; im_2; im_3; im_4,,
870,Polyester,"Fabric
Polyester 93 Viscose 5 Elastane 2
",Elastane; Polyester; Viscose,"{""Polyester"": 93.0, ""Viscose"": 5.0, ""Elastane"": 2.0}",Fabric,manufacturer-style tag.txt,Backend/datasets/ibug_fabrics/Polyester/870,,REVIEW,MIXED_COMPOSITION_REVIEW,4,im_1; im_2; im_3; im_4,,
871,Polyester,"Fabric
Polyester 93 Viscose 5 Elastane 2
",Elastane; Polyester; Viscose,"{""Polyester"": 93.0, ""Viscose"": 5.0, ""Elastane"": 2.0}",Fabric,manufacturer-style tag.txt,Backend/datasets/ibug_fabrics/Polyester/871,,REVIEW,MIXED_COMPOSITION_REVIEW,4,im_1; im_2; im_3; im_4,,
872,Polyester,"Fabric
Polyester 93 Viscose 5 Elastane 2
",Elastane; Polyester; Viscose,"{""Polyester"": 93.0, ""Viscose"": 5.0, ""Elastane"": 2.0}",Fabric,manufacturer-style tag.txt,Backend/datasets/ibug_fabrics/Polyester/872,,REVIEW,MIXED_COMPOSITION_REVIEW,4,im_1; im_2; im_3; im_4,,
88,Polyester,"Skirt
Polyester 100
",Polyester,"{""Polyester"": 100.0}",Skirt,manufacturer-style tag.txt,Backend/datasets/ibug_fabrics/Polyester/88,Polyester,ACCEPTED,,4,im_1; im_2; im_3; im_4,,
89,Polyester,"Skirt
Polyester 100
",Polyester,"{""Polyester"": 100.0}",Skirt,manufacturer-style tag.txt,Backend/datasets/ibug_fabrics/Polyester/89,Polyester,ACCEPTED,,4,im_1; im_2; im_3; im_4,,
903,Polyester,"Fabric
Polyester 95 Elastane 5
",Elastane; Polyester,"{""Polyester"": 95.0, ""Elastane"": 5.0}",Fabric,manufacturer-style tag.txt,Backend/datasets/ibug_fabrics/Polyester/903,,REVIEW,MIXED_COMPOSITION_REVIEW,4,im_1; im_2; im_3; im_4,,
904,Polyester,"Fabric
Polyester 95 Elastane 5
",Elastane; Polyester,"{""Polyester"": 95.0, ""Elastane"": 5.0}",Fabric,manufacturer-style tag.txt,Backend/datasets/ibug_fabrics/Polyester/904,,REVIEW,MIXED_COMPOSITION_REVIEW,4,im_1; im_2; im_3; im_4,,
905,Polyester,"Fabric
Polyester 95 Elastane 5
",Elastane; Polyester,"{""Polyester"": 95.0, ""Elastane"": 5.0}",Fabric,manufacturer-style tag.txt,Backend/datasets/ibug_fabrics/Polyester/905,,REVIEW,MIXED_COMPOSITION_REVIEW,4,im_1; im_2; im_3; im_4,,
906,Polyester,"Fabric
Polyester 95 Elastane 5
",Elastane; Polyester,"{""Polyester"": 95.0, ""Elastane"": 5.0}",Fabric,manufacturer-style tag.txt,Backend/datasets/ibug_fabrics/Polyester/906,,REVIEW,MIXED_COMPOSITION_REVIEW,4,im_1; im_2; im_3; im_4,,
907,Polyester,"Fabric
Polyester 95 Elastane 5
",Elastane; Polyester,"{""Polyester"": 95.0, ""Elastane"": 5.0}",Fabric,manufacturer-style tag.txt,Backend/datasets/ibug_fabrics/Polyester/907,,REVIEW,MIXED_COMPOSITION_REVIEW,4,im_1; im_2; im_3; im_4,,
908,Polyester,"Fabric
Polyester 95 Elastane 5
",Elastane; Polyester,"{""Polyester"": 95.0, ""Elastane"": 5.0}",Fabric,manufacturer-style tag.txt,Backend/datasets/ibug_fabrics/Polyester/908,,REVIEW,MIXED_COMPOSITION_REVIEW,4,im_1; im_2; im_3; im_4,,
909,Polyester,"Fabric
Polyester 95 Elastane 5
",Elastane; Polyester,"{""Polyester"": 95.0, ""Elastane"": 5.0}",Fabric,manufacturer-style tag.txt,Backend/datasets/ibug_fabrics/Polyester/909,,REVIEW,MIXED_COMPOSITION_REVIEW,4,im_1; im_2; im_3; im_4,,
910,Polyester,"Fabric
Polyester 95 Elastane 5
",Elastane; Polyester,"{""Polyester"": 95.0, ""Elastane"": 5.0}",Fabric,manufacturer-style tag.txt,Backend/datasets/ibug_fabrics/Polyester/910,,REVIEW,MIXED_COMPOSITION_REVIEW,4,im_1; im_2; im_3; im_4,,
911,Polyester,"Fabric
Polyester 95 Elastane 5
",Elastane; Polyester,"{""Polyester"": 95.0, ""Elastane"": 5.0}",Fabric,manufacturer-style tag.txt,Backend/datasets/ibug_fabrics/Polyester/911,,REVIEW,MIXED_COMPOSITION_REVIEW,4,im_1; im_2; im_3; im_4,,
998,Polyester,"Fabric
Micropoly 100 Crepe diagonal 
",,{},Fabric,missing/unparseable,Backend/datasets/ibug_fabrics/Polyester/998,,REVIEW,UNPARSEABLE_OR_MISSING_COMPOSITION,4,im_1; im_2; im_3; im_4,Crepe/998; Polyester/998,Crepe/998; Polyester/998
999,Polyester,"Fabric
Micropoly 100 Crepe diagonal 
",,{},Fabric,missing/unparseable,Backend/datasets/ibug_fabrics/Polyester/999,,REVIEW,UNPARSEABLE_OR_MISSING_COMPOSITION,4,im_1; im_2; im_3; im_4,Crepe/999; Polyester/999,Crepe/999; Polyester/999
1004,Satin,"Fabric
Satin Silk 100",Satin; Silk,"{""Silk"": 100.0}",Fabric,manufacturer-style tag.txt,Backend/datasets/ibug_fabrics/Satin/1004,,REVIEW,MIXED_COMPOSITION_REVIEW,4,im_1; im_2; im_3; im_4,Satin/1004; Silk/1004,Satin/1004; Silk/1004
1005,Satin,"Fabric
Satin Silk 100",Satin; Silk,"{""Silk"": 100.0}",Fabric,manufacturer-style tag.txt,Backend/datasets/ibug_fabrics/Satin/1005,,REVIEW,MIXED_COMPOSITION_REVIEW,4,im_1; im_2; im_3; im_4,Satin/1005; Silk/1005,Satin/1005; Silk/1005
1006,Satin,"Fabric
Satin Silk 100",Satin; Silk,"{""Silk"": 100.0}",Fabric,manufacturer-style tag.txt,Backend/datasets/ibug_fabrics/Satin/1006,,REVIEW,MIXED_COMPOSITION_REVIEW,4,im_1; im_2; im_3; im_4,Satin/1006; Silk/1006,Satin/1006; Silk/1006
1007,Satin,"Fabric
Satin Silk 100
",Satin; Silk,"{""Silk"": 100.0}",Fabric,manufacturer-style tag.txt,Backend/datasets/ibug_fabrics/Satin/1007,,REVIEW,MIXED_COMPOSITION_REVIEW,4,im_1; im_2; im_3; im_4,Satin/1007; Silk/1007,Satin/1007; Silk/1007
1008,Satin,"Fabric
Satin Silk 100",Satin; Silk,"{""Silk"": 100.0}",Fabric,manufacturer-style tag.txt,Backend/datasets/ibug_fabrics/Satin/1008,,REVIEW,MIXED_COMPOSITION_REVIEW,4,im_1; im_2; im_3; im_4,Satin/1008; Silk/1008,Satin/1008; Silk/1008
1009,Satin,"Fabric
Satin Silk 100",Satin; Silk,"{""Silk"": 100.0}",Fabric,manufacturer-style tag.txt,Backend/datasets/ibug_fabrics/Satin/1009,,REVIEW,MIXED_COMPOSITION_REVIEW,4,im_1; im_2; im_3; im_4,Satin/1009; Silk/1009,Satin/1009; Silk/1009
1010,Satin,"Fabric
Satin Silk 100",Satin; Silk,"{""Silk"": 100.0}",Fabric,manufacturer-style tag.txt,Backend/datasets/ibug_fabrics/Satin/1010,,REVIEW,MIXED_COMPOSITION_REVIEW,4,im_1; im_2; im_3; im_4,Satin/1010; Silk/1010,Satin/1010; Silk/1010
1011,Satin,"Fabric
Satin Silk 100",Satin; Silk,"{""Silk"": 100.0}",Fabric,manufacturer-style tag.txt,Backend/datasets/ibug_fabrics/Satin/1011,,REVIEW,MIXED_COMPOSITION_REVIEW,4,im_1; im_2; im_3; im_4,Satin/1011; Silk/1011,Satin/1011; Silk/1011
1012,Satin,"Fabric
Satin Silk 100",Satin; Silk,"{""Silk"": 100.0}",Fabric,manufacturer-style tag.txt,Backend/datasets/ibug_fabrics/Satin/1012,,REVIEW,MIXED_COMPOSITION_REVIEW,4,im_1; im_2; im_3; im_4,Satin/1012; Silk/1012,Satin/1012; Silk/1012
1013,Satin,"Fabric
Satin Silk 100",Satin; Silk,"{""Silk"": 100.0}",Fabric,manufacturer-style tag.txt,Backend/datasets/ibug_fabrics/Satin/1013,,REVIEW,MIXED_COMPOSITION_REVIEW,4,im_1; im_2; im_3; im_4,Satin/1013; Silk/1013,Satin/1013; Silk/1013
1014,Satin,"Fabric
Satin Silk 100",Satin; Silk,"{""Silk"": 100.0}",Fabric,manufacturer-style tag.txt,Backend/datasets/ibug_fabrics/Satin/1014,,REVIEW,MIXED_COMPOSITION_REVIEW,4,im_1; im_2; im_3; im_4,Satin/1014; Silk/1014,Satin/1014; Silk/1014
1015,Satin,"Fabric
Satin Silk 100",Satin; Silk,"{""Silk"": 100.0}",Fabric,manufacturer-style tag.txt,Backend/datasets/ibug_fabrics/Satin/1015,,REVIEW,MIXED_COMPOSITION_REVIEW,4,im_1; im_2; im_3; im_4,Satin/1015; Silk/1015,Satin/1015; Silk/1015
1016,Satin,"Fabric
Satin Silk 100",Satin; Silk,"{""Silk"": 100.0}",Fabric,manufacturer-style tag.txt,Backend/datasets/ibug_fabrics/Satin/1016,,REVIEW,MIXED_COMPOSITION_REVIEW,4,im_1; im_2; im_3; im_4,Satin/1016; Silk/1016,Satin/1016; Silk/1016
1017,Satin,"Fabric
Satin Silk 100",Satin; Silk,"{""Silk"": 100.0}",Fabric,manufacturer-style tag.txt,Backend/datasets/ibug_fabrics/Satin/1017,,REVIEW,MIXED_COMPOSITION_REVIEW,4,im_1; im_2; im_3; im_4,Satin/1017; Silk/1017,Satin/1017; Silk/1017
1028,Satin,"Fabric
Crepe satin  
",Satin,{},Fabric,missing/unparseable,Backend/datasets/ibug_fabrics/Satin/1028,,REVIEW,UNPARSEABLE_OR_MISSING_COMPOSITION,4,im_1; im_2; im_3; im_4,Crepe/1028; Satin/1028,Crepe/1028; Satin/1028
1029,Satin,"Fabric
Crepe satin
",Satin,{},Fabric,missing/unparseable,Backend/datasets/ibug_fabrics/Satin/1029,,REVIEW,UNPARSEABLE_OR_MISSING_COMPOSITION,4,im_1; im_2; im_3; im_4,Crepe/1029; Satin/1029,Crepe/1029; Satin/1029
1030,Satin,"Fabric
Crepe satin  
",Satin,{},Fabric,missing/unparseable,Backend/datasets/ibug_fabrics/Satin/1030,,REVIEW,UNPARSEABLE_OR_MISSING_COMPOSITION,4,im_1; im_2; im_3; im_4,Crepe/1030; Satin/1030,Crepe/1030; Satin/1030
1031,Satin,"Fabric
Crepe satin",Satin,{},Fabric,missing/unparseable,Backend/datasets/ibug_fabrics/Satin/1031,,REVIEW,UNPARSEABLE_OR_MISSING_COMPOSITION,4,im_1; im_2; im_3; im_4,Crepe/1031; Satin/1031,Crepe/1031; Satin/1031
1032,Satin,"Fabric
Crepe satin
",Satin,{},Fabric,missing/unparseable,Backend/datasets/ibug_fabrics/Satin/1032,,REVIEW,UNPARSEABLE_OR_MISSING_COMPOSITION,4,im_1; im_2; im_3; im_4,Crepe/1032; Satin/1032,Crepe/1032; Satin/1032
1033,Satin,"Fabric
Crepe satin
",Satin,{},Fabric,missing/unparseable,Backend/datasets/ibug_fabrics/Satin/1033,,REVIEW,UNPARSEABLE_OR_MISSING_COMPOSITION,4,im_1; im_2; im_3; im_4,Crepe/1033; Satin/1033,Crepe/1033; Satin/1033
770,Satin,"Fabric
Polyester 100 Satin   
",Polyester; Satin,"{""Polyester"": 100.0}",Fabric,manufacturer-style tag.txt,Backend/datasets/ibug_fabrics/Satin/770,,REVIEW,MIXED_COMPOSITION_REVIEW,4,im_1; im_2; im_3; im_4,Polyester/770; Satin/770,Polyester/770; Satin/770
771,Satin,"Fabric
Polyester 100 satin   
",Polyester; Satin,"{""Polyester"": 100.0}",Fabric,manufacturer-style tag.txt,Backend/datasets/ibug_fabrics/Satin/771,,REVIEW,MIXED_COMPOSITION_REVIEW,4,im_1; im_2; im_3; im_4,Polyester/771; Satin/771,Polyester/771; Satin/771
772,Satin,"Fabric
Polyester 100 satin   
",Polyester; Satin,"{""Polyester"": 100.0}",Fabric,manufacturer-style tag.txt,Backend/datasets/ibug_fabrics/Satin/772,,REVIEW,MIXED_COMPOSITION_REVIEW,4,im_1; im_2; im_3; im_4,Polyester/772; Satin/772,Polyester/772; Satin/772
773,Satin,"Fabric
Polyester 100 satin   
",Polyester; Satin,"{""Polyester"": 100.0}",Fabric,manufacturer-style tag.txt,Backend/datasets/ibug_fabrics/Satin/773,,REVIEW,MIXED_COMPOSITION_REVIEW,4,im_1; im_2; im_3; im_4,Polyester/773; Satin/773,Polyester/773; Satin/773
1004,Silk,"Fabric
Satin Silk 100",Satin; Silk,"{""Silk"": 100.0}",Fabric,manufacturer-style tag.txt,Backend/datasets/ibug_fabrics/Silk/1004,,REVIEW,MIXED_COMPOSITION_REVIEW,4,im_1; im_2; im_3; im_4,Satin/1004; Silk/1004,Satin/1004; Silk/1004
1005,Silk,"Fabric
Satin Silk 100",Satin; Silk,"{""Silk"": 100.0}",Fabric,manufacturer-style tag.txt,Backend/datasets/ibug_fabrics/Silk/1005,,REVIEW,MIXED_COMPOSITION_REVIEW,4,im_1; im_2; im_3; im_4,Satin/1005; Silk/1005,Satin/1005; Silk/1005
1006,Silk,"Fabric
Satin Silk 100",Satin; Silk,"{""Silk"": 100.0}",Fabric,manufacturer-style tag.txt,Backend/datasets/ibug_fabrics/Silk/1006,,REVIEW,MIXED_COMPOSITION_REVIEW,4,im_1; im_2; im_3; im_4,Satin/1006; Silk/1006,Satin/1006; Silk/1006
1007,Silk,"Fabric
Satin Silk 100
",Satin; Silk,"{""Silk"": 100.0}",Fabric,manufacturer-style tag.txt,Backend/datasets/ibug_fabrics/Silk/1007,,REVIEW,MIXED_COMPOSITION_REVIEW,4,im_1; im_2; im_3; im_4,Satin/1007; Silk/1007,Satin/1007; Silk/1007
1008,Silk,"Fabric
Satin Silk 100",Satin; Silk,"{""Silk"": 100.0}",Fabric,manufacturer-style tag.txt,Backend/datasets/ibug_fabrics/Silk/1008,,REVIEW,MIXED_COMPOSITION_REVIEW,4,im_1; im_2; im_3; im_4,Satin/1008; Silk/1008,Satin/1008; Silk/1008
1009,Silk,"Fabric
Satin Silk 100",Satin; Silk,"{""Silk"": 100.0}",Fabric,manufacturer-style tag.txt,Backend/datasets/ibug_fabrics/Silk/1009,,REVIEW,MIXED_COMPOSITION_REVIEW,4,im_1; im_2; im_3; im_4,Satin/1009; Silk/1009,Satin/1009; Silk/1009
1010,Silk,"Fabric
Satin Silk 100",Satin; Silk,"{""Silk"": 100.0}",Fabric,manufacturer-style tag.txt,Backend/datasets/ibug_fabrics/Silk/1010,,REVIEW,MIXED_COMPOSITION_REVIEW,4,im_1; im_2; im_3; im_4,Satin/1010; Silk/1010,Satin/1010; Silk/1010
1011,Silk,"Fabric
Satin Silk 100",Satin; Silk,"{""Silk"": 100.0}",Fabric,manufacturer-style tag.txt,Backend/datasets/ibug_fabrics/Silk/1011,,REVIEW,MIXED_COMPOSITION_REVIEW,4,im_1; im_2; im_3; im_4,Satin/1011; Silk/1011,Satin/1011; Silk/1011
1012,Silk,"Fabric
Satin Silk 100",Satin; Silk,"{""Silk"": 100.0}",Fabric,manufacturer-style tag.txt,Backend/datasets/ibug_fabrics/Silk/1012,,REVIEW,MIXED_COMPOSITION_REVIEW,4,im_1; im_2; im_3; im_4,Satin/1012; Silk/1012,Satin/1012; Silk/1012
1013,Silk,"Fabric
Satin Silk 100",Satin; Silk,"{""Silk"": 100.0}",Fabric,manufacturer-style tag.txt,Backend/datasets/ibug_fabrics/Silk/1013,,REVIEW,MIXED_COMPOSITION_REVIEW,4,im_1; im_2; im_3; im_4,Satin/1013; Silk/1013,Satin/1013; Silk/1013
1014,Silk,"Fabric
Satin Silk 100",Satin; Silk,"{""Silk"": 100.0}",Fabric,manufacturer-style tag.txt,Backend/datasets/ibug_fabrics/Silk/1014,,REVIEW,MIXED_COMPOSITION_REVIEW,4,im_1; im_2; im_3; im_4,Satin/1014; Silk/1014,Satin/1014; Silk/1014
1015,Silk,"Fabric
Satin Silk 100",Satin; Silk,"{""Silk"": 100.0}",Fabric,manufacturer-style tag.txt,Backend/datasets/ibug_fabrics/Silk/1015,,REVIEW,MIXED_COMPOSITION_REVIEW,4,im_1; im_2; im_3; im_4,Satin/1015; Silk/1015,Satin/1015; Silk/1015
1016,Silk,"Fabric
Satin Silk 100",Satin; Silk,"{""Silk"": 100.0}",Fabric,manufacturer-style tag.txt,Backend/datasets/ibug_fabrics/Silk/1016,,REVIEW,MIXED_COMPOSITION_REVIEW,4,im_1; im_2; im_3; im_4,Satin/1016; Silk/1016,Satin/1016; Silk/1016
1017,Silk,"Fabric
Satin Silk 100",Satin; Silk,"{""Silk"": 100.0}",Fabric,manufacturer-style tag.txt,Backend/datasets/ibug_fabrics/Silk/1017,,REVIEW,MIXED_COMPOSITION_REVIEW,4,im_1; im_2; im_3; im_4,Satin/1017; Silk/1017,Satin/1017; Silk/1017
1018,Silk,"Fabric
Saduk  Silk 100
",Silk,"{""Silk"": 100.0}",Fabric,manufacturer-style tag.txt,Backend/datasets/ibug_fabrics/Silk/1018,Silk,ACCEPTED,,4,im_1; im_2; im_3; im_4,,
1019,Silk,"Fabric
Saduk  Silk 100
",Silk,"{""Silk"": 100.0}",Fabric,manufacturer-style tag.txt,Backend/datasets/ibug_fabrics/Silk/1019,Silk,ACCEPTED,,4,im_1; im_2; im_3; im_4,,
1020,Silk,"Fabric
Saduk  Silk 100
",Silk,"{""Silk"": 100.0}",Fabric,manufacturer-style tag.txt,Backend/datasets/ibug_fabrics/Silk/1020,Silk,ACCEPTED,,4,im_1; im_2; im_3; im_4,,
1021,Silk,"Fabric
Saduk  Silk 1000
",Silk,"{""Silk"": 1000.0}",Fabric,manufacturer-style tag.txt,Backend/datasets/ibug_fabrics/Silk/1021,,REJECTED,UNSUPPORTED_MATERIAL,4,im_1; im_2; im_3; im_4,,
1022,Silk,"T-shirt
Saduk  Silk  100
",Silk,"{""Silk"": 100.0}",T-shirt,manufacturer-style tag.txt,Backend/datasets/ibug_fabrics/Silk/1022,Silk,ACCEPTED,,4,im_1; im_2; im_3; im_4,,
1023,Silk,"Fabric
Saduk  Silk 100
",Silk,"{""Silk"": 100.0}",Fabric,manufacturer-style tag.txt,Backend/datasets/ibug_fabrics/Silk/1023,Silk,ACCEPTED,,4,im_1; im_2; im_3; im_4,,
1024,Silk,"Fabric
Saduk Silk 100
",Silk,"{""Silk"": 100.0}",Fabric,manufacturer-style tag.txt,Backend/datasets/ibug_fabrics/Silk/1024,Silk,ACCEPTED,,4,im_1; im_2; im_3; im_4,,
1025,Silk,"Fabric
Saduk Silk 100
",Silk,"{""Silk"": 100.0}",Fabric,manufacturer-style tag.txt,Backend/datasets/ibug_fabrics/Silk/1025,Silk,ACCEPTED,,4,im_1; im_2; im_3; im_4,,
1026,Silk,"Fabric
Silk 100  
",Silk,"{""Silk"": 100.0}",Fabric,manufacturer-style tag.txt,Backend/datasets/ibug_fabrics/Silk/1026,Silk,ACCEPTED,,4,im_1; im_2; im_3; im_4,,
1027,Silk,"Fabric
Silk 100  
",Silk,"{""Silk"": 100.0}",Fabric,manufacturer-style tag.txt,Backend/datasets/ibug_fabrics/Silk/1027,Silk,ACCEPTED,,4,im_1; im_2; im_3; im_4,,
128,Silk,"Shirt
Silk 100  
",Silk,"{""Silk"": 100.0}",Shirt,manufacturer-style tag.txt,Backend/datasets/ibug_fabrics/Silk/128,Silk,ACCEPTED,,4,im_1; im_2; im_3; im_4,,
129,Silk,"Shirt
Silk 100  
",Silk,"{""Silk"": 100.0}",Shirt,manufacturer-style tag.txt,Backend/datasets/ibug_fabrics/Silk/129,Silk,ACCEPTED,,4,im_1; im_2; im_3; im_4,,
130,Silk,"Shirt
Silk 100  
",Silk,"{""Silk"": 100.0}",Shirt,manufacturer-style tag.txt,Backend/datasets/ibug_fabrics/Silk/130,Silk,ACCEPTED,,4,im_1; im_2; im_3; im_4,,
20,Silk,"Fabric
Silk 100
",Silk,"{""Silk"": 100.0}",Fabric,manufacturer-style tag.txt,Backend/datasets/ibug_fabrics/Silk/20,Silk,ACCEPTED,,4,im_1; im_2; im_3; im_4,,
21,Silk,"Fabric
Silk 100
",Silk,"{""Silk"": 100.0}",Fabric,manufacturer-style tag.txt,Backend/datasets/ibug_fabrics/Silk/21,Silk,ACCEPTED,,4,im_1; im_2; im_3; im_4,,
436,Silk,"Other
Silk 100",Silk,"{""Silk"": 100.0}",Other,manufacturer-style tag.txt,Backend/datasets/ibug_fabrics/Silk/436,Silk,ACCEPTED,,4,im_1; im_2; im_3; im_4,,
437,Silk,"Other
Silk 100",Silk,"{""Silk"": 100.0}",Other,manufacturer-style tag.txt,Backend/datasets/ibug_fabrics/Silk/437,Silk,ACCEPTED,,4,im_1; im_2; im_3; im_4,,
488,Silk,"Other
Silk 100
",Silk,"{""Silk"": 100.0}",Other,manufacturer-style tag.txt,Backend/datasets/ibug_fabrics/Silk/488,Silk,ACCEPTED,,4,im_1; im_2; im_3; im_4,,
489,Silk,"Other
Silk 100 ",Silk,"{""Silk"": 100.0}",Other,manufacturer-style tag.txt,Backend/datasets/ibug_fabrics/Silk/489,Silk,ACCEPTED,,4,im_1; im_2; im_3; im_4,,
522,Silk,"Fabric
Silk 100  ",Silk,"{""Silk"": 100.0}",Fabric,manufacturer-style tag.txt,Backend/datasets/ibug_fabrics/Silk/522,Silk,ACCEPTED,,4,im_1; im_2; im_3; im_4,,
523,Silk,"Fabric
Silk 100 Shantung Silk 
",Silk,"{""Silk"": 100.0}",Fabric,manufacturer-style tag.txt,Backend/datasets/ibug_fabrics/Silk/523,Silk,ACCEPTED,,4,im_1; im_2; im_3; im_4,,
774,Silk,"Fabric
Silk 100  
",Silk,"{""Silk"": 100.0}",Fabric,manufacturer-style tag.txt,Backend/datasets/ibug_fabrics/Silk/774,Silk,ACCEPTED,,4,im_1; im_2; im_3; im_4,,
775,Silk,"Fabric
Silk 100  
",Silk,"{""Silk"": 100.0}",Fabric,manufacturer-style tag.txt,Backend/datasets/ibug_fabrics/Silk/775,Silk,ACCEPTED,,4,im_1; im_2; im_3; im_4,,
776,Silk,"Fabric
Silk 100  
",Silk,"{""Silk"": 100.0}",Fabric,manufacturer-style tag.txt,Backend/datasets/ibug_fabrics/Silk/776,Silk,ACCEPTED,,4,im_1; im_2; im_3; im_4,,
777,Silk,"Fabric
Silk 100  
",Silk,"{""Silk"": 100.0}",Fabric,manufacturer-style tag.txt,Backend/datasets/ibug_fabrics/Silk/777,Silk,ACCEPTED,,4,im_1; im_2; im_3; im_4,,
778,Silk,"Fabric
Silk 100  
",Silk,"{""Silk"": 100.0}",Fabric,manufacturer-style tag.txt,Backend/datasets/ibug_fabrics/Silk/778,Silk,ACCEPTED,,4,im_1; im_2; im_3; im_4,,
779,Silk,"Fabric
Silk 100  
",Silk,"{""Silk"": 100.0}",Fabric,manufacturer-style tag.txt,Backend/datasets/ibug_fabrics/Silk/779,Silk,ACCEPTED,,4,im_1; im_2; im_3; im_4,,
780,Silk,"Fabric
Silk 100  
",Silk,"{""Silk"": 100.0}",Fabric,manufacturer-style tag.txt,Backend/datasets/ibug_fabrics/Silk/780,Silk,ACCEPTED,,4,im_1; im_2; im_3; im_4,,
781,Silk,"Fabric
Silk 100  
",Silk,"{""Silk"": 100.0}",Fabric,manufacturer-style tag.txt,Backend/datasets/ibug_fabrics/Silk/781,Silk,ACCEPTED,,4,im_1; im_2; im_3; im_4,,
782,Silk,"Fabric
Silk 100  
",Silk,"{""Silk"": 100.0}",Fabric,manufacturer-style tag.txt,Backend/datasets/ibug_fabrics/Silk/782,Silk,ACCEPTED,,4,im_1; im_2; im_3; im_4,,
783,Silk,"Fabric
Silk 100  
",Silk,"{""Silk"": 100.0}",Fabric,manufacturer-style tag.txt,Backend/datasets/ibug_fabrics/Silk/783,Silk,ACCEPTED,,4,im_1; im_2; im_3; im_4,,
784,Silk,"Fabric
Silk 100  
",Silk,"{""Silk"": 100.0}",Fabric,manufacturer-style tag.txt,Backend/datasets/ibug_fabrics/Silk/784,Silk,ACCEPTED,,4,im_1; im_2; im_3; im_4,,
823,Silk,"Fabric
Silk 100
",Silk,"{""Silk"": 100.0}",Fabric,manufacturer-style tag.txt,Backend/datasets/ibug_fabrics/Silk/823,Silk,ACCEPTED,,4,im_1; im_2; im_3; im_4,,
824,Silk,"Fabric
Silk 100
",Silk,"{""Silk"": 100.0}",Fabric,manufacturer-style tag.txt,Backend/datasets/ibug_fabrics/Silk/824,Silk,ACCEPTED,,4,im_1; im_2; im_3; im_4,,
996,Silk,"Fabric
Silk 100  
",Silk,"{""Silk"": 100.0}",Fabric,manufacturer-style tag.txt,Backend/datasets/ibug_fabrics/Silk/996,Silk,ACCEPTED,,4,im_1; im_2; im_3; im_4,,
997,Silk,"Fabric
Silk 100  
",Silk,"{""Silk"": 100.0}",Fabric,manufacturer-style tag.txt,Backend/datasets/ibug_fabrics/Silk/997,Silk,ACCEPTED,,4,im_1; im_2; im_3; im_4,,
974,Suede,"Fabric
Polyester 67 Viscose 33 Suede jersey   
",Polyester; Viscose,"{""Polyester"": 67.0, ""Viscose"": 33.0}",Fabric,manufacturer-style tag.txt,Backend/datasets/ibug_fabrics/Suede/974,,REVIEW,MIXED_COMPOSITION_REVIEW,4,im_1; im_2; im_3; im_4,,
975,Suede,"Fabric
Polyester 67 Viscose 33 Suede jersey   
",Polyester; Viscose,"{""Polyester"": 67.0, ""Viscose"": 33.0}",Fabric,manufacturer-style tag.txt,Backend/datasets/ibug_fabrics/Suede/975,,REVIEW,MIXED_COMPOSITION_REVIEW,4,im_1; im_2; im_3; im_4,,
976,Suede,"Fabric
Polyester 67 Viscose 33 Suede jersey   
",Polyester; Viscose,"{""Polyester"": 67.0, ""Viscose"": 33.0}",Fabric,manufacturer-style tag.txt,Backend/datasets/ibug_fabrics/Suede/976,,REVIEW,MIXED_COMPOSITION_REVIEW,4,im_1; im_2; im_3; im_4,,
977,Suede,"Fabric
Polyester 67 Viscose 33 Suede jersey   
",Polyester; Viscose,"{""Polyester"": 67.0, ""Viscose"": 33.0}",Fabric,manufacturer-style tag.txt,Backend/datasets/ibug_fabrics/Suede/977,,REVIEW,MIXED_COMPOSITION_REVIEW,4,im_1; im_2; im_3; im_4,,
978,Suede,"Fabric
Polyester 67 Viscose 33 Suede jersey   
",Polyester; Viscose,"{""Polyester"": 67.0, ""Viscose"": 33.0}",Fabric,manufacturer-style tag.txt,Backend/datasets/ibug_fabrics/Suede/978,,REVIEW,MIXED_COMPOSITION_REVIEW,4,im_1; im_2; im_3; im_4,,
142,Terrycloth,"Towel
Cotton 100
",Cotton,"{""Cotton"": 100.0}",Towel,manufacturer-style tag.txt,Backend/datasets/ibug_fabrics/Terrycloth/142,Cotton,ACCEPTED,,4,im_1; im_2; im_3; im_4,,
143,Terrycloth,"Towel
Cotton 100
",Cotton,"{""Cotton"": 100.0}",Towel,manufacturer-style tag.txt,Backend/datasets/ibug_fabrics/Terrycloth/143,Cotton,ACCEPTED,,4,im_1; im_2; im_3; im_4,,
144,Terrycloth,"Towel
Cotton 100
",Cotton,"{""Cotton"": 100.0}",Towel,manufacturer-style tag.txt,Backend/datasets/ibug_fabrics/Terrycloth/144,Cotton,ACCEPTED,,4,im_1; im_2; im_3; im_4,,
145,Terrycloth,"Towel
Cotton 100
",Cotton,"{""Cotton"": 100.0}",Towel,manufacturer-style tag.txt,Backend/datasets/ibug_fabrics/Terrycloth/145,Cotton,ACCEPTED,,4,im_1; im_2; im_3; im_4,,
146,Terrycloth,"Towel
Cotton 100
",Cotton,"{""Cotton"": 100.0}",Towel,manufacturer-style tag.txt,Backend/datasets/ibug_fabrics/Terrycloth/146,Cotton,ACCEPTED,,4,im_1; im_2; im_3; im_4,,
147,Terrycloth,"Towel
Cotton 100
",Cotton,"{""Cotton"": 100.0}",Towel,manufacturer-style tag.txt,Backend/datasets/ibug_fabrics/Terrycloth/147,Cotton,ACCEPTED,,4,im_1; im_2; im_3; im_4,,
148,Terrycloth,"Towel
Cotton 100
",Cotton,"{""Cotton"": 100.0}",Towel,manufacturer-style tag.txt,Backend/datasets/ibug_fabrics/Terrycloth/148,Cotton,ACCEPTED,,4,im_1; im_2; im_3; im_4,,
149,Terrycloth,"Towel
Cotton 100
",Cotton,"{""Cotton"": 100.0}",Towel,manufacturer-style tag.txt,Backend/datasets/ibug_fabrics/Terrycloth/149,Cotton,ACCEPTED,,4,im_1; im_2; im_3; im_4,,
259,Terrycloth,"Towel
Cotton 100
",Cotton,"{""Cotton"": 100.0}",Towel,manufacturer-style tag.txt,Backend/datasets/ibug_fabrics/Terrycloth/259,Cotton,ACCEPTED,,4,im_1; im_2; im_3; im_4,,
260,Terrycloth,"Towel
Cotton 100
",Cotton,"{""Cotton"": 100.0}",Towel,manufacturer-style tag.txt,Backend/datasets/ibug_fabrics/Terrycloth/260,Cotton,ACCEPTED,,4,im_1; im_2; im_3; im_4,,
261,Terrycloth,"Towel
Cotton 100
",Cotton,"{""Cotton"": 100.0}",Towel,manufacturer-style tag.txt,Backend/datasets/ibug_fabrics/Terrycloth/261,Cotton,ACCEPTED,,4,im_1; im_2; im_3; im_4,,
262,Terrycloth,"Towel
Cotton 100
",Cotton,"{""Cotton"": 100.0}",Towel,manufacturer-style tag.txt,Backend/datasets/ibug_fabrics/Terrycloth/262,Cotton,ACCEPTED,,4,im_1; im_2; im_3; im_4,,
263,Terrycloth,"Towel
Cotton 100
",Cotton,"{""Cotton"": 100.0}",Towel,manufacturer-style tag.txt,Backend/datasets/ibug_fabrics/Terrycloth/263,Cotton,ACCEPTED,,4,im_1; im_2; im_3; im_4,,
264,Terrycloth,"Towel
Cotton 100
",Cotton,"{""Cotton"": 100.0}",Towel,manufacturer-style tag.txt,Backend/datasets/ibug_fabrics/Terrycloth/264,Cotton,ACCEPTED,,4,im_1; im_2; im_3; im_4,,
265,Terrycloth,"Towel
Cotton 100
",Cotton,"{""Cotton"": 100.0}",Towel,manufacturer-style tag.txt,Backend/datasets/ibug_fabrics/Terrycloth/265,Cotton,ACCEPTED,,4,im_1; im_2; im_3; im_4,,
266,Terrycloth,"Towel
Cotton 100
",Cotton,"{""Cotton"": 100.0}",Towel,manufacturer-style tag.txt,Backend/datasets/ibug_fabrics/Terrycloth/266,Cotton,ACCEPTED,,4,im_1; im_2; im_3; im_4,,
267,Terrycloth,"Towel
Cotton 100
",Cotton,"{""Cotton"": 100.0}",Towel,manufacturer-style tag.txt,Backend/datasets/ibug_fabrics/Terrycloth/267,Cotton,ACCEPTED,,4,im_1; im_2; im_3; im_4,,
268,Terrycloth,"Towel
Cotton 100
",Cotton,"{""Cotton"": 100.0}",Towel,manufacturer-style tag.txt,Backend/datasets/ibug_fabrics/Terrycloth/268,Cotton,ACCEPTED,,4,im_1; im_2; im_3; im_4,,
269,Terrycloth,"Towel
Cotton 100
",Cotton,"{""Cotton"": 100.0}",Towel,manufacturer-style tag.txt,Backend/datasets/ibug_fabrics/Terrycloth/269,Cotton,ACCEPTED,,4,im_1; im_2; im_3; im_4,,
270,Terrycloth,"Towel
Cotton 100
",Cotton,"{""Cotton"": 100.0}",Towel,manufacturer-style tag.txt,Backend/datasets/ibug_fabrics/Terrycloth/270,Cotton,ACCEPTED,,4,im_1; im_2; im_3; im_4,,
271,Terrycloth,"Towel
Cotton 100
",Cotton,"{""Cotton"": 100.0}",Towel,manufacturer-style tag.txt,Backend/datasets/ibug_fabrics/Terrycloth/271,Cotton,ACCEPTED,,4,im_1; im_2; im_3; im_4,,
272,Terrycloth,"Towel
Cotton 100
",Cotton,"{""Cotton"": 100.0}",Towel,manufacturer-style tag.txt,Backend/datasets/ibug_fabrics/Terrycloth/272,Cotton,ACCEPTED,,4,im_1; im_2; im_3; im_4,,
273,Terrycloth,"Towel
Cotton 100
",Cotton,"{""Cotton"": 100.0}",Towel,manufacturer-style tag.txt,Backend/datasets/ibug_fabrics/Terrycloth/273,Cotton,ACCEPTED,,4,im_1; im_2; im_3; im_4,,
453,Terrycloth,"Towel
Cotton 100
",Cotton,"{""Cotton"": 100.0}",Towel,manufacturer-style tag.txt,Backend/datasets/ibug_fabrics/Terrycloth/453,Cotton,ACCEPTED,,4,im_1; im_2; im_3; im_4,,
454,Terrycloth,"Towel
Cotton 100
",Cotton,"{""Cotton"": 100.0}",Towel,manufacturer-style tag.txt,Backend/datasets/ibug_fabrics/Terrycloth/454,Cotton,ACCEPTED,,4,im_1; im_2; im_3; im_4,,
455,Terrycloth,"Towel
Cotton 100
",Cotton,"{""Cotton"": 100.0}",Towel,manufacturer-style tag.txt,Backend/datasets/ibug_fabrics/Terrycloth/455,Cotton,ACCEPTED,,4,im_1; im_2; im_3; im_4,,
486,Terrycloth,"Towel
Cotton 100
",Cotton,"{""Cotton"": 100.0}",Towel,manufacturer-style tag.txt,Backend/datasets/ibug_fabrics/Terrycloth/486,Cotton,ACCEPTED,,4,im_1; im_2; im_3; im_4,,
487,Terrycloth,"Towel
Cotton 100
",Cotton,"{""Cotton"": 100.0}",Towel,manufacturer-style tag.txt,Backend/datasets/ibug_fabrics/Terrycloth/487,Cotton,ACCEPTED,,4,im_1; im_2; im_3; im_4,,
5,Terrycloth,"Towel
Cotton 100
",Cotton,"{""Cotton"": 100.0}",Towel,manufacturer-style tag.txt,Backend/datasets/ibug_fabrics/Terrycloth/5,Cotton,ACCEPTED,,4,im_1; im_2; im_3; im_4,,
532,Terrycloth,"Fabric
Cotton 100 (Cotton towelling)
",Cotton,"{""Cotton"": 100.0}",Fabric,manufacturer-style tag.txt,Backend/datasets/ibug_fabrics/Terrycloth/532,Cotton,ACCEPTED,,4,im_1; im_2; im_3; im_4,,
1670,Unclassified,"Jacket
Cotton 100
",Cotton,"{""Cotton"": 100.0}",Jacket,manufacturer-style tag.txt,Backend/datasets/ibug_fabrics/Unclassified/1670,Cotton,ACCEPTED,,4,im_1; im_2; im_3; im_4,,
1671,Unclassified,"Jacket
Cotton 100
",Cotton,"{""Cotton"": 100.0}",Jacket,manufacturer-style tag.txt,Backend/datasets/ibug_fabrics/Unclassified/1671,Cotton,ACCEPTED,,4,im_1; im_2; im_3; im_4,,
1797,Unclassified,"Shirt
Cotton 100 Corduroy?
",Cotton,"{""Cotton"": 100.0}",Shirt,manufacturer-style tag.txt,Backend/datasets/ibug_fabrics/Unclassified/1797,Cotton,ACCEPTED,,4,im_1; im_2; im_3; im_4,,
1798,Unclassified,"Shirt
Cotton 100 Corduroy?
",Cotton,"{""Cotton"": 100.0}",Shirt,manufacturer-style tag.txt,Backend/datasets/ibug_fabrics/Unclassified/1798,Cotton,ACCEPTED,,4,im_1; im_2; im_3; im_4,,
1799,Unclassified,"Shirt
Cotton 100
",Cotton,"{""Cotton"": 100.0}",Shirt,manufacturer-style tag.txt,Backend/datasets/ibug_fabrics/Unclassified/1799,Cotton,ACCEPTED,,4,im_1; im_2; im_3; im_4,,
1800,Unclassified,"Shirt
Cotton 100
",Cotton,"{""Cotton"": 100.0}",Shirt,manufacturer-style tag.txt,Backend/datasets/ibug_fabrics/Unclassified/1800,Cotton,ACCEPTED,,4,im_1; im_2; im_3; im_4,,
27,Unclassified,"Fabric
Velvet 100",Velvet,"{""Velvet"": 100.0}",Fabric,manufacturer-style tag.txt,Backend/datasets/ibug_fabrics/Unclassified/27,,REJECTED,UNSUPPORTED_MATERIAL,4,im_1; im_2; im_3; im_4,,
28,Unclassified,"Fabric
Velvet 100",Velvet,"{""Velvet"": 100.0}",Fabric,manufacturer-style tag.txt,Backend/datasets/ibug_fabrics/Unclassified/28,,REJECTED,UNSUPPORTED_MATERIAL,4,im_1; im_2; im_3; im_4,,
282,Unclassified,"Blouse
Polyamide 90  Elastane 10",Elastane; Polyamide,"{""Polyamide"": 90.0, ""Elastane"": 10.0}",Blouse,manufacturer-style tag.txt,Backend/datasets/ibug_fabrics/Unclassified/282,,REVIEW,MIXED_COMPOSITION_REVIEW,4,im_1; im_2; im_3; im_4,,
283,Unclassified,"Blouse
Polyamide 90  Elastane 10 
",Elastane; Polyamide,"{""Polyamide"": 90.0, ""Elastane"": 10.0}",Blouse,manufacturer-style tag.txt,Backend/datasets/ibug_fabrics/Unclassified/283,,REVIEW,MIXED_COMPOSITION_REVIEW,4,im_1; im_2; im_3; im_4,,
286,Unclassified,"Other
SETA 100  
",,{},Other,missing/unparseable,Backend/datasets/ibug_fabrics/Unclassified/286,,REVIEW,UNPARSEABLE_OR_MISSING_COMPOSITION,4,im_1; im_2; im_3; im_4,,
287,Unclassified,"Other
SETA 100  
",,{},Other,missing/unparseable,Backend/datasets/ibug_fabrics/Unclassified/287,,REVIEW,UNPARSEABLE_OR_MISSING_COMPOSITION,4,im_1; im_2; im_3; im_4,,
29,Unclassified,"Fabric
Linatsa 100
",,{},Fabric,missing/unparseable,Backend/datasets/ibug_fabrics/Unclassified/29,,REVIEW,UNPARSEABLE_OR_MISSING_COMPOSITION,4,im_1; im_2; im_3; im_4,,
294,Unclassified,"Blouse
Supplex 87 Lycra 13
",,{},Blouse,missing/unparseable,Backend/datasets/ibug_fabrics/Unclassified/294,,REVIEW,UNPARSEABLE_OR_MISSING_COMPOSITION,4,im_1; im_2; im_3; im_4,,
295,Unclassified,"Blouse
Supplex 87 Lycra 13
",,{},Blouse,missing/unparseable,Backend/datasets/ibug_fabrics/Unclassified/295,,REVIEW,UNPARSEABLE_OR_MISSING_COMPOSITION,4,im_1; im_2; im_3; im_4,,
30,Unclassified,"Fabric
linatsa 100",,{},Fabric,missing/unparseable,Backend/datasets/ibug_fabrics/Unclassified/30,,REVIEW,UNPARSEABLE_OR_MISSING_COMPOSITION,4,im_1; im_2; im_3; im_4,,
31,Unclassified,"Fabric
satin 100
",Satin,"{""Satin"": 100.0}",Fabric,manufacturer-style tag.txt,Backend/datasets/ibug_fabrics/Unclassified/31,,REJECTED,UNSUPPORTED_MATERIAL,4,im_1; im_2; im_3; im_4,,
32,Unclassified,"Fabric
satin 100",Satin,"{""Satin"": 100.0}",Fabric,manufacturer-style tag.txt,Backend/datasets/ibug_fabrics/Unclassified/32,,REJECTED,UNSUPPORTED_MATERIAL,4,im_1; im_2; im_3; im_4,,
360,Unclassified,"Other
Seta 100  
",,{},Other,missing/unparseable,Backend/datasets/ibug_fabrics/Unclassified/360,,REVIEW,UNPARSEABLE_OR_MISSING_COMPOSITION,4,im_1; im_2; im_3; im_4,,
361,Unclassified,"Other
Seta 100  
",,{},Other,missing/unparseable,Backend/datasets/ibug_fabrics/Unclassified/361,,REVIEW,UNPARSEABLE_OR_MISSING_COMPOSITION,4,im_1; im_2; im_3; im_4,,
38,Unclassified,"Other
",,{},Other,missing/unparseable,Backend/datasets/ibug_fabrics/Unclassified/38,,REVIEW,UNPARSEABLE_OR_MISSING_COMPOSITION,4,im_1; im_2; im_3; im_4,,
39,Unclassified,"Other
 100  0
",,{},Other,missing/unparseable,Backend/datasets/ibug_fabrics/Unclassified/39,,REVIEW,UNPARSEABLE_OR_MISSING_COMPOSITION,4,im_1; im_2; im_3; im_4,,
4,Unclassified,"Blouse
Cotton 100
",Cotton,"{""Cotton"": 100.0}",Blouse,manufacturer-style tag.txt,Backend/datasets/ibug_fabrics/Unclassified/4,Cotton,ACCEPTED,,4,im_1; im_2; im_3; im_4,,
40,Unclassified,"Other
 100  0
",,{},Other,missing/unparseable,Backend/datasets/ibug_fabrics/Unclassified/40,,REVIEW,UNPARSEABLE_OR_MISSING_COMPOSITION,4,im_1; im_2; im_3; im_4,Unclassified/40; Unclassified/41,Unclassified/40; Unclassified/41
41,Unclassified,"Other
 100  0
",,{},Other,missing/unparseable,Backend/datasets/ibug_fabrics/Unclassified/41,,REVIEW,UNPARSEABLE_OR_MISSING_COMPOSITION,4,im_1; im_2; im_3; im_4,Unclassified/40; Unclassified/41,Unclassified/40; Unclassified/41
43,Unclassified,"Fabric
 100  0
",,{},Fabric,missing/unparseable,Backend/datasets/ibug_fabrics/Unclassified/43,,REVIEW,UNPARSEABLE_OR_MISSING_COMPOSITION,4,im_1; im_2; im_3; im_4,,
44,Unclassified,"Other
 100  0
",,{},Other,missing/unparseable,Backend/datasets/ibug_fabrics/Unclassified/44,,REVIEW,UNPARSEABLE_OR_MISSING_COMPOSITION,4,im_1; im_2; im_3; im_4,,
45,Unclassified,"Other
 100  0
",,{},Other,missing/unparseable,Backend/datasets/ibug_fabrics/Unclassified/45,,REVIEW,UNPARSEABLE_OR_MISSING_COMPOSITION,4,im_1; im_2; im_3; im_4,,
49,Unclassified,"Other
 100  0
",,{},Other,missing/unparseable,Backend/datasets/ibug_fabrics/Unclassified/49,,REVIEW,UNPARSEABLE_OR_MISSING_COMPOSITION,4,im_1; im_2; im_3; im_4,,
527,Unclassified,"Fabric
Flax 100  
",,{},Fabric,missing/unparseable,Backend/datasets/ibug_fabrics/Unclassified/527,,REVIEW,UNPARSEABLE_OR_MISSING_COMPOSITION,4,im_1; im_2; im_3; im_4,,
528,Unclassified,"Fabric
Acetate 100  
",,{},Fabric,missing/unparseable,Backend/datasets/ibug_fabrics/Unclassified/528,,REVIEW,UNPARSEABLE_OR_MISSING_COMPOSITION,4,im_1; im_2; im_3; im_4,,
537,Unclassified,"Fabric
Poluamid (Nylon) 100 Tulle 
",Nylon,{},Fabric,missing/unparseable,Backend/datasets/ibug_fabrics/Unclassified/537,Nylon,REVIEW,UNPARSEABLE_OR_MISSING_COMPOSITION,4,im_1; im_2; im_3; im_4,,
560,Unclassified,"Fabric
CS 100  
",,{},Fabric,missing/unparseable,Backend/datasets/ibug_fabrics/Unclassified/560,,REVIEW,UNPARSEABLE_OR_MISSING_COMPOSITION,4,im_1; im_2; im_3; im_4,,
561,Unclassified,"Fabric
CS 100  
",,{},Fabric,missing/unparseable,Backend/datasets/ibug_fabrics/Unclassified/561,,REVIEW,UNPARSEABLE_OR_MISSING_COMPOSITION,4,im_1; im_2; im_3; im_4,,
562,Unclassified,"Fabric
CS 100  
",,{},Fabric,missing/unparseable,Backend/datasets/ibug_fabrics/Unclassified/562,,REVIEW,UNPARSEABLE_OR_MISSING_COMPOSITION,4,im_1; im_2; im_3; im_4,,
563,Unclassified,"Fabric
CS 100  
",,{},Fabric,missing/unparseable,Backend/datasets/ibug_fabrics/Unclassified/563,,REVIEW,UNPARSEABLE_OR_MISSING_COMPOSITION,4,im_1; im_2; im_3; im_4,,
564,Unclassified,"Fabric
CS 100  
",,{},Fabric,missing/unparseable,Backend/datasets/ibug_fabrics/Unclassified/564,,REVIEW,UNPARSEABLE_OR_MISSING_COMPOSITION,4,im_1; im_2; im_3; im_4,,
565,Unclassified,"Fabric
CS 100  
",,{},Fabric,missing/unparseable,Backend/datasets/ibug_fabrics/Unclassified/565,,REVIEW,UNPARSEABLE_OR_MISSING_COMPOSITION,4,im_1; im_2; im_3; im_4,,
566,Unclassified,"Fabric
CS 100  
",,{},Fabric,missing/unparseable,Backend/datasets/ibug_fabrics/Unclassified/566,,REVIEW,UNPARSEABLE_OR_MISSING_COMPOSITION,4,im_1; im_2; im_3; im_4,,
567,Unclassified,"Fabric
CS 100  
",,{},Fabric,missing/unparseable,Backend/datasets/ibug_fabrics/Unclassified/567,,REVIEW,UNPARSEABLE_OR_MISSING_COMPOSITION,4,im_1; im_2; im_3; im_4,,
568,Unclassified,"Fabric
CS 100  
",,{},Fabric,missing/unparseable,Backend/datasets/ibug_fabrics/Unclassified/568,,REVIEW,UNPARSEABLE_OR_MISSING_COMPOSITION,4,im_1; im_2; im_3; im_4,,
569,Unclassified,"Fabric
CS 100  
",,{},Fabric,missing/unparseable,Backend/datasets/ibug_fabrics/Unclassified/569,,REVIEW,UNPARSEABLE_OR_MISSING_COMPOSITION,4,im_1; im_2; im_3; im_4,,
570,Unclassified,"Fabric
CS 100  
",,{},Fabric,missing/unparseable,Backend/datasets/ibug_fabrics/Unclassified/570,,REVIEW,UNPARSEABLE_OR_MISSING_COMPOSITION,4,im_1; im_2; im_3; im_4,,
571,Unclassified,"Fabric
CS 100  
",,{},Fabric,missing/unparseable,Backend/datasets/ibug_fabrics/Unclassified/571,,REVIEW,UNPARSEABLE_OR_MISSING_COMPOSITION,4,im_1; im_2; im_3; im_4,,
572,Unclassified,"Fabric
CS 100  
",,{},Fabric,missing/unparseable,Backend/datasets/ibug_fabrics/Unclassified/572,,REVIEW,UNPARSEABLE_OR_MISSING_COMPOSITION,4,im_1; im_2; im_3; im_4,,
573,Unclassified,"Fabric
CS 100  
",,{},Fabric,missing/unparseable,Backend/datasets/ibug_fabrics/Unclassified/573,,REVIEW,UNPARSEABLE_OR_MISSING_COMPOSITION,4,im_1; im_2; im_3; im_4,,
574,Unclassified,"Fabric
CS 100  
",,{},Fabric,missing/unparseable,Backend/datasets/ibug_fabrics/Unclassified/574,,REVIEW,UNPARSEABLE_OR_MISSING_COMPOSITION,4,im_1; im_2; im_3; im_4,,
600,Unclassified,"Fabric
Tafta 100  
",,{},Fabric,missing/unparseable,Backend/datasets/ibug_fabrics/Unclassified/600,,REVIEW,UNPARSEABLE_OR_MISSING_COMPOSITION,4,im_1; im_2; im_3; im_4,,
601,Unclassified,"Fabric
Tafta 100  
",,{},Fabric,missing/unparseable,Backend/datasets/ibug_fabrics/Unclassified/601,,REVIEW,UNPARSEABLE_OR_MISSING_COMPOSITION,4,im_1; im_2; im_3; im_4,,
602,Unclassified,"Fabric
Tafta 100  
",,{},Fabric,missing/unparseable,Backend/datasets/ibug_fabrics/Unclassified/602,,REVIEW,UNPARSEABLE_OR_MISSING_COMPOSITION,4,im_1; im_2; im_3; im_4,,
603,Unclassified,"Fabric
Tafta 100  
",,{},Fabric,missing/unparseable,Backend/datasets/ibug_fabrics/Unclassified/603,,REVIEW,UNPARSEABLE_OR_MISSING_COMPOSITION,4,im_1; im_2; im_3; im_4,,
604,Unclassified,"Fabric
Alkantra 100  
",,{},Fabric,missing/unparseable,Backend/datasets/ibug_fabrics/Unclassified/604,,REVIEW,UNPARSEABLE_OR_MISSING_COMPOSITION,4,im_1; im_2; im_3; im_4,,
605,Unclassified,"Fabric
Alkantra 100  
",,{},Fabric,missing/unparseable,Backend/datasets/ibug_fabrics/Unclassified/605,,REVIEW,UNPARSEABLE_OR_MISSING_COMPOSITION,4,im_1; im_2; im_3; im_4,,
606,Unclassified,"Fabric
Alkantra 100  
",,{},Fabric,missing/unparseable,Backend/datasets/ibug_fabrics/Unclassified/606,,REVIEW,UNPARSEABLE_OR_MISSING_COMPOSITION,4,im_1; im_2; im_3; im_4,,
607,Unclassified,"Fabric
Alkantra 100  
",,{},Fabric,missing/unparseable,Backend/datasets/ibug_fabrics/Unclassified/607,,REVIEW,UNPARSEABLE_OR_MISSING_COMPOSITION,4,im_1; im_2; im_3; im_4,,
608,Unclassified,"Fabric
Alkantra 100  
",,{},Fabric,missing/unparseable,Backend/datasets/ibug_fabrics/Unclassified/608,,REVIEW,UNPARSEABLE_OR_MISSING_COMPOSITION,4,im_1; im_2; im_3; im_4,,
609,Unclassified,"Fabric
Alkantra 100  
",,{},Fabric,missing/unparseable,Backend/datasets/ibug_fabrics/Unclassified/609,,REVIEW,UNPARSEABLE_OR_MISSING_COMPOSITION,4,im_1; im_2; im_3; im_4,,
610,Unclassified,"Fabric
Alkantra 100  
",,{},Fabric,missing/unparseable,Backend/datasets/ibug_fabrics/Unclassified/610,,REVIEW,UNPARSEABLE_OR_MISSING_COMPOSITION,4,im_1; im_2; im_3; im_4,,
611,Unclassified,"Fabric
Alkantra 100  
",,{},Fabric,missing/unparseable,Backend/datasets/ibug_fabrics/Unclassified/611,,REVIEW,UNPARSEABLE_OR_MISSING_COMPOSITION,4,im_1; im_2; im_3; im_4,,
612,Unclassified,"Fabric
Alkantra 100  
",,{},Fabric,missing/unparseable,Backend/datasets/ibug_fabrics/Unclassified/612,,REVIEW,UNPARSEABLE_OR_MISSING_COMPOSITION,4,im_1; im_2; im_3; im_4,,
613,Unclassified,"Fabric
Alkantra 100  
",,{},Fabric,missing/unparseable,Backend/datasets/ibug_fabrics/Unclassified/613,,REVIEW,UNPARSEABLE_OR_MISSING_COMPOSITION,4,im_1; im_2; im_3; im_4,,
614,Unclassified,"Fabric
Alkantra 100  
",,{},Fabric,missing/unparseable,Backend/datasets/ibug_fabrics/Unclassified/614,,REVIEW,UNPARSEABLE_OR_MISSING_COMPOSITION,4,im_1; im_2; im_3; im_4,,
615,Unclassified,"Fabric
Alkantra 100  
",,{},Fabric,missing/unparseable,Backend/datasets/ibug_fabrics/Unclassified/615,,REVIEW,UNPARSEABLE_OR_MISSING_COMPOSITION,4,im_1; im_2; im_3; im_4,,
616,Unclassified,"Fabric
Hasir 100  
",,{},Fabric,missing/unparseable,Backend/datasets/ibug_fabrics/Unclassified/616,,REVIEW,UNPARSEABLE_OR_MISSING_COMPOSITION,4,im_1; im_2; im_3; im_4,,
630,Unclassified,"Fabric
MANDARINE 100  
",,{},Fabric,missing/unparseable,Backend/datasets/ibug_fabrics/Unclassified/630,,REVIEW,UNPARSEABLE_OR_MISSING_COMPOSITION,4,im_1; im_2; im_3; im_4,,
631,Unclassified,"Fabric
MANDARINE 100  
",,{},Fabric,missing/unparseable,Backend/datasets/ibug_fabrics/Unclassified/631,,REVIEW,UNPARSEABLE_OR_MISSING_COMPOSITION,4,im_1; im_2; im_3; im_4,,
632,Unclassified,"Fabric
MANDARINE 100  
",,{},Fabric,missing/unparseable,Backend/datasets/ibug_fabrics/Unclassified/632,,REVIEW,UNPARSEABLE_OR_MISSING_COMPOSITION,4,im_1; im_2; im_3; im_4,,
633,Unclassified,"Fabric
MANDARINE 100  
",,{},Fabric,missing/unparseable,Backend/datasets/ibug_fabrics/Unclassified/633,,REVIEW,UNPARSEABLE_OR_MISSING_COMPOSITION,4,im_1; im_2; im_3; im_4,,
634,Unclassified,"Fabric
MANDARINE 100  
",,{},Fabric,missing/unparseable,Backend/datasets/ibug_fabrics/Unclassified/634,,REVIEW,UNPARSEABLE_OR_MISSING_COMPOSITION,4,im_1; im_2; im_3; im_4,,
635,Unclassified,"Fabric
MANDARINE 100  
",,{},Fabric,missing/unparseable,Backend/datasets/ibug_fabrics/Unclassified/635,,REVIEW,UNPARSEABLE_OR_MISSING_COMPOSITION,4,im_1; im_2; im_3; im_4,,
636,Unclassified,"Fabric
MANDARINE 100  
",,{},Fabric,missing/unparseable,Backend/datasets/ibug_fabrics/Unclassified/636,,REVIEW,UNPARSEABLE_OR_MISSING_COMPOSITION,4,im_1; im_2; im_3; im_4,,
637,Unclassified,"Fabric
MANDARINE 100  
",,{},Fabric,missing/unparseable,Backend/datasets/ibug_fabrics/Unclassified/637,,REVIEW,UNPARSEABLE_OR_MISSING_COMPOSITION,4,im_1; im_2; im_3; im_4,,
638,Unclassified,"Fabric
MANDARINE 100  
",,{},Fabric,missing/unparseable,Backend/datasets/ibug_fabrics/Unclassified/638,,REVIEW,UNPARSEABLE_OR_MISSING_COMPOSITION,4,im_1; im_2; im_3; im_4,,
639,Unclassified,"Fabric
MANDARINE 100  
",,{},Fabric,missing/unparseable,Backend/datasets/ibug_fabrics/Unclassified/639,,REVIEW,UNPARSEABLE_OR_MISSING_COMPOSITION,4,im_1; im_2; im_3; im_4,,
640,Unclassified,"Fabric
MANDARINE 100  
",,{},Fabric,missing/unparseable,Backend/datasets/ibug_fabrics/Unclassified/640,,REVIEW,UNPARSEABLE_OR_MISSING_COMPOSITION,4,im_1; im_2; im_3; im_4,,
641,Unclassified,"Fabric
MANDARINE 100  
",,{},Fabric,missing/unparseable,Backend/datasets/ibug_fabrics/Unclassified/641,,REVIEW,UNPARSEABLE_OR_MISSING_COMPOSITION,4,im_1; im_2; im_3; im_4,,
642,Unclassified,"Fabric
MANDARINE 100  
",,{},Fabric,missing/unparseable,Backend/datasets/ibug_fabrics/Unclassified/642,,REVIEW,UNPARSEABLE_OR_MISSING_COMPOSITION,4,im_1; im_2; im_3; im_4,,
643,Unclassified,"Fabric
MANDARINE 100  
",,{},Fabric,missing/unparseable,Backend/datasets/ibug_fabrics/Unclassified/643,,REVIEW,UNPARSEABLE_OR_MISSING_COMPOSITION,4,im_1; im_2; im_3; im_4,,
644,Unclassified,"Fabric
MANDARINE 100  
",,{},Fabric,missing/unparseable,Backend/datasets/ibug_fabrics/Unclassified/644,,REVIEW,UNPARSEABLE_OR_MISSING_COMPOSITION,4,im_1; im_2; im_3; im_4,,
645,Unclassified,"Fabric
MANDARINE 100  
",,{},Fabric,missing/unparseable,Backend/datasets/ibug_fabrics/Unclassified/645,,REVIEW,UNPARSEABLE_OR_MISSING_COMPOSITION,4,im_1; im_2; im_3; im_4,,
646,Unclassified,"Fabric
MANDARINE 100  
",,{},Fabric,missing/unparseable,Backend/datasets/ibug_fabrics/Unclassified/646,,REVIEW,UNPARSEABLE_OR_MISSING_COMPOSITION,4,im_1; im_2; im_3; im_4,,
647,Unclassified,"Fabric
MANDARINE 100  
",,{},Fabric,missing/unparseable,Backend/datasets/ibug_fabrics/Unclassified/647,,REVIEW,UNPARSEABLE_OR_MISSING_COMPOSITION,4,im_1; im_2; im_3; im_4,,
648,Unclassified,"Fabric
MANDARINE 100  
",,{},Fabric,missing/unparseable,Backend/datasets/ibug_fabrics/Unclassified/648,,REVIEW,UNPARSEABLE_OR_MISSING_COMPOSITION,4,im_1; im_2; im_3; im_4,,
649,Unclassified,"Fabric
MANDARINE 100  
",,{},Fabric,missing/unparseable,Backend/datasets/ibug_fabrics/Unclassified/649,,REVIEW,UNPARSEABLE_OR_MISSING_COMPOSITION,4,im_1; im_2; im_3; im_4,,
650,Unclassified,"Fabric
MANDARINE 100  
",,{},Fabric,missing/unparseable,Backend/datasets/ibug_fabrics/Unclassified/650,,REVIEW,UNPARSEABLE_OR_MISSING_COMPOSITION,4,im_1; im_2; im_3; im_4,,
651,Unclassified,"Fabric
MANDARINE 100  
",,{},Fabric,missing/unparseable,Backend/datasets/ibug_fabrics/Unclassified/651,,REVIEW,UNPARSEABLE_OR_MISSING_COMPOSITION,4,im_1; im_2; im_3; im_4,,
652,Unclassified,"Fabric
MANDARINE 100  
",,{},Fabric,missing/unparseable,Backend/datasets/ibug_fabrics/Unclassified/652,,REVIEW,UNPARSEABLE_OR_MISSING_COMPOSITION,4,im_1; im_2; im_3; im_4,,
658,Unclassified,"Fabric
W.V. 100 ",,{},Fabric,missing/unparseable,Backend/datasets/ibug_fabrics/Unclassified/658,,REVIEW,UNPARSEABLE_OR_MISSING_COMPOSITION,4,im_1; im_2; im_3; im_4,,
659,Unclassified,"Fabric
W.V. 100  0
",,{},Fabric,missing/unparseable,Backend/datasets/ibug_fabrics/Unclassified/659,,REVIEW,UNPARSEABLE_OR_MISSING_COMPOSITION,4,im_1; im_2; im_3; im_4,,
716,Unclassified,"T-shirt
Tsoxa 100  0
",,{},T-shirt,missing/unparseable,Backend/datasets/ibug_fabrics/Unclassified/716,,REVIEW,UNPARSEABLE_OR_MISSING_COMPOSITION,4,im_1; im_2; im_3; im_4,,
717,Unclassified,"T-shirt
Tsoxa 100  0
",,{},T-shirt,missing/unparseable,Backend/datasets/ibug_fabrics/Unclassified/717,,REVIEW,UNPARSEABLE_OR_MISSING_COMPOSITION,4,im_1; im_2; im_3; im_4,,
718,Unclassified,"T-shirt
Tsoxa 100  0
",,{},T-shirt,missing/unparseable,Backend/datasets/ibug_fabrics/Unclassified/718,,REVIEW,UNPARSEABLE_OR_MISSING_COMPOSITION,4,im_1; im_2; im_3; im_4,,
719,Unclassified,"T-shirt
Tsoxa 100  0
",,{},T-shirt,missing/unparseable,Backend/datasets/ibug_fabrics/Unclassified/719,,REVIEW,UNPARSEABLE_OR_MISSING_COMPOSITION,4,im_1; im_2; im_3; im_4,,
720,Unclassified,"T-shirt
Tsoxa 100  0
",,{},T-shirt,missing/unparseable,Backend/datasets/ibug_fabrics/Unclassified/720,,REVIEW,UNPARSEABLE_OR_MISSING_COMPOSITION,4,im_1; im_2; im_3; im_4,,
721,Unclassified,"T-shirt
Tsoxa 100  0
",,{},T-shirt,missing/unparseable,Backend/datasets/ibug_fabrics/Unclassified/721,,REVIEW,UNPARSEABLE_OR_MISSING_COMPOSITION,4,im_1; im_2; im_3; im_4,,
722,Unclassified,"T-shirt
Tsoxa 100  0
",,{},T-shirt,missing/unparseable,Backend/datasets/ibug_fabrics/Unclassified/722,,REVIEW,UNPARSEABLE_OR_MISSING_COMPOSITION,4,im_1; im_2; im_3; im_4,,
723,Unclassified,"T-shirt
Tsoxa 100  0
",,{},T-shirt,missing/unparseable,Backend/datasets/ibug_fabrics/Unclassified/723,,REVIEW,UNPARSEABLE_OR_MISSING_COMPOSITION,4,im_1; im_2; im_3; im_4,,
724,Unclassified,"T-shirt
Tsoxa 100  0
",,{},T-shirt,missing/unparseable,Backend/datasets/ibug_fabrics/Unclassified/724,,REVIEW,UNPARSEABLE_OR_MISSING_COMPOSITION,4,im_1; im_2; im_3; im_4,,
725,Unclassified,"T-shirt
Tsoxa 100  0
",,{},T-shirt,missing/unparseable,Backend/datasets/ibug_fabrics/Unclassified/725,,REVIEW,UNPARSEABLE_OR_MISSING_COMPOSITION,4,im_1; im_2; im_3; im_4,,
726,Unclassified,"T-shirt
Tsoxa 100  0
",,{},T-shirt,missing/unparseable,Backend/datasets/ibug_fabrics/Unclassified/726,,REVIEW,UNPARSEABLE_OR_MISSING_COMPOSITION,4,im_1; im_2; im_3; im_4,,
727,Unclassified,"T-shirt
Tsoxa 100  0
",,{},T-shirt,missing/unparseable,Backend/datasets/ibug_fabrics/Unclassified/727,,REVIEW,UNPARSEABLE_OR_MISSING_COMPOSITION,4,im_1; im_2; im_3; im_4,,
807,Unclassified,"Fabric
plekto 100
",,{},Fabric,missing/unparseable,Backend/datasets/ibug_fabrics/Unclassified/807,,REVIEW,UNPARSEABLE_OR_MISSING_COMPOSITION,4,im_1; im_2; im_3; im_4,,
810,Unclassified,"Fabric
Synthetic 100
",,{},Fabric,missing/unparseable,Backend/datasets/ibug_fabrics/Unclassified/810,,REVIEW,UNPARSEABLE_OR_MISSING_COMPOSITION,4,im_1; im_2; im_3; im_4,,
815,Unclassified,"Fabric
velvet sifon 100",Velvet,{},Fabric,missing/unparseable,Backend/datasets/ibug_fabrics/Unclassified/815,,REVIEW,UNPARSEABLE_OR_MISSING_COMPOSITION,4,im_1; im_2; im_3; im_4,,
816,Unclassified,"Fabric
velvet sifon 100",Velvet,{},Fabric,missing/unparseable,Backend/datasets/ibug_fabrics/Unclassified/816,,REVIEW,UNPARSEABLE_OR_MISSING_COMPOSITION,4,im_1; im_2; im_3; im_4,,
827,Unclassified,"Fabric
Synthetic 100
",,{},Fabric,missing/unparseable,Backend/datasets/ibug_fabrics/Unclassified/827,,REVIEW,UNPARSEABLE_OR_MISSING_COMPOSITION,4,im_1; im_2; im_3; im_4,,
828,Unclassified,"Fabric
Synthetic 100
",,{},Fabric,missing/unparseable,Backend/datasets/ibug_fabrics/Unclassified/828,,REVIEW,UNPARSEABLE_OR_MISSING_COMPOSITION,4,im_1; im_2; im_3; im_4,,
829,Unclassified,"Fabric
Dantela 100
",,{},Fabric,missing/unparseable,Backend/datasets/ibug_fabrics/Unclassified/829,,REVIEW,UNPARSEABLE_OR_MISSING_COMPOSITION,4,im_1; im_2; im_3; im_4,,
83,Unclassified,"Other
Viscose 60 Rayon 40  
",Rayon; Viscose,"{""Viscose"": 60.0, ""Rayon"": 40.0}",Other,manufacturer-style tag.txt,Backend/datasets/ibug_fabrics/Unclassified/83,,REVIEW,MIXED_COMPOSITION_REVIEW,4,im_1; im_2; im_3; im_4,,
830,Unclassified,"Fabric
Dantela 100
",,{},Fabric,missing/unparseable,Backend/datasets/ibug_fabrics/Unclassified/830,,REVIEW,UNPARSEABLE_OR_MISSING_COMPOSITION,4,im_1; im_2; im_3; im_4,,
831,Unclassified,"Fabric
Dantela 100
",,{},Fabric,missing/unparseable,Backend/datasets/ibug_fabrics/Unclassified/831,,REVIEW,UNPARSEABLE_OR_MISSING_COMPOSITION,4,im_1; im_2; im_3; im_4,,
84,Unclassified,"Other
Viscose 60 Rayon 40  
",Rayon; Viscose,"{""Viscose"": 60.0, ""Rayon"": 40.0}",Other,manufacturer-style tag.txt,Backend/datasets/ibug_fabrics/Unclassified/84,,REVIEW,MIXED_COMPOSITION_REVIEW,4,im_1; im_2; im_3; im_4,,
85,Unclassified,"Other
Viscose 60 Rayon 40  
",Rayon; Viscose,"{""Viscose"": 60.0, ""Rayon"": 40.0}",Other,manufacturer-style tag.txt,Backend/datasets/ibug_fabrics/Unclassified/85,,REVIEW,MIXED_COMPOSITION_REVIEW,4,im_1; im_2; im_3; im_4,,
895,Unclassified,"Fabric
T. IANAI 100  0",,{},Fabric,missing/unparseable,Backend/datasets/ibug_fabrics/Unclassified/895,,REVIEW,UNPARSEABLE_OR_MISSING_COMPOSITION,4,im_1; im_2; im_3; im_4,,
896,Unclassified,"Fabric
T. IANAI 100  0
",,{},Fabric,missing/unparseable,Backend/datasets/ibug_fabrics/Unclassified/896,,REVIEW,UNPARSEABLE_OR_MISSING_COMPOSITION,4,im_1; im_2; im_3; im_4,,
897,Unclassified,"Fabric
T. IANAI 100  0
",,{},Fabric,missing/unparseable,Backend/datasets/ibug_fabrics/Unclassified/897,,REVIEW,UNPARSEABLE_OR_MISSING_COMPOSITION,4,im_1; im_2; im_3; im_4,,
898,Unclassified,"Fabric
T. IANAI 100  0
",,{},Fabric,missing/unparseable,Backend/datasets/ibug_fabrics/Unclassified/898,,REVIEW,UNPARSEABLE_OR_MISSING_COMPOSITION,4,im_1; im_2; im_3; im_4,,
899,Unclassified,"Fabric
T. IANAI 100  0
",,{},Fabric,missing/unparseable,Backend/datasets/ibug_fabrics/Unclassified/899,,REVIEW,UNPARSEABLE_OR_MISSING_COMPOSITION,4,im_1; im_2; im_3; im_4,,
900,Unclassified,"Fabric
T. IANAI 100  0
",,{},Fabric,missing/unparseable,Backend/datasets/ibug_fabrics/Unclassified/900,,REVIEW,UNPARSEABLE_OR_MISSING_COMPOSITION,4,im_1; im_2; im_3; im_4,,
901,Unclassified,"Fabric
T. IANAI 100  0
",,{},Fabric,missing/unparseable,Backend/datasets/ibug_fabrics/Unclassified/901,,REVIEW,UNPARSEABLE_OR_MISSING_COMPOSITION,4,im_1; im_2; im_3; im_4,,
902,Unclassified,"Fabric
T. IANAI 100  0
",,{},Fabric,missing/unparseable,Backend/datasets/ibug_fabrics/Unclassified/902,,REVIEW,UNPARSEABLE_OR_MISSING_COMPOSITION,4,im_1; im_2; im_3; im_4,,
994,Unclassified,"Fabric
Checkered
",,{},Fabric,missing/unparseable,Backend/datasets/ibug_fabrics/Unclassified/994,,REVIEW,UNPARSEABLE_OR_MISSING_COMPOSITION,4,im_1; im_2; im_3; im_4,,
995,Unclassified,"Fabric
Checkered  
",,{},Fabric,missing/unparseable,Backend/datasets/ibug_fabrics/Unclassified/995,,REVIEW,UNPARSEABLE_OR_MISSING_COMPOSITION,4,im_1; im_2; im_3; im_4,,
FF,Utilities,,,{},,missing/unparseable,Backend/datasets/ibug_fabrics/Utilities/FF,,REVIEW,MISSING_TAG; UNPARSEABLE_OR_MISSING_COMPOSITION,4,ff_1; ff_2; ff_3; ff_4,,Nylon/1203; Nylon/1204; Nylon/1205; Nylon/1206; Nylon/1207; Nylon/1446; Nylon/1449; Nylon/1450; Polyester/1263; Polyester/1264; Polyester/1681; Polyester/1682; Utilities/FF
spheres_glossy,Utilities,,,{},,missing/unparseable,Backend/datasets/ibug_fabrics/Utilities/spheres_glossy,,REVIEW,MISSING_TAG; UNPARSEABLE_OR_MISSING_COMPOSITION,4,1; 2; 3; 4,,
1931,Velvet,"Jacket
Polyester 100 Velvet   
",Polyester; Velvet,"{""Polyester"": 100.0}",Jacket,manufacturer-style tag.txt,Backend/datasets/ibug_fabrics/Velvet/1931,,REVIEW,MIXED_COMPOSITION_REVIEW,4,im_1; im_2; im_3; im_4,,
1932,Velvet,"Jacket
Polyester 100 Velvet   
",Polyester; Velvet,"{""Polyester"": 100.0}",Jacket,manufacturer-style tag.txt,Backend/datasets/ibug_fabrics/Velvet/1932,,REVIEW,MIXED_COMPOSITION_REVIEW,4,im_1; im_2; im_3; im_4,,
1933,Velvet,"Jacket
Polyester 100 Velvet   
",Polyester; Velvet,"{""Polyester"": 100.0}",Jacket,manufacturer-style tag.txt,Backend/datasets/ibug_fabrics/Velvet/1933,,REVIEW,MIXED_COMPOSITION_REVIEW,4,im_1; im_2; im_3; im_4,,
1934,Velvet,"Jacket
Polyester 100 Velvet   
",Polyester; Velvet,"{""Polyester"": 100.0}",Jacket,manufacturer-style tag.txt,Backend/datasets/ibug_fabrics/Velvet/1934,,REVIEW,MIXED_COMPOSITION_REVIEW,4,im_1; im_2; im_3; im_4,,
1935,Velvet,"Jacket
Polyester 100 Velvet   
",Polyester; Velvet,"{""Polyester"": 100.0}",Jacket,manufacturer-style tag.txt,Backend/datasets/ibug_fabrics/Velvet/1935,,REVIEW,MIXED_COMPOSITION_REVIEW,4,im_1; im_2; im_3; im_4,,
1936,Velvet,"Jacket
Polyester 100 Velvet   
",Polyester; Velvet,"{""Polyester"": 100.0}",Jacket,manufacturer-style tag.txt,Backend/datasets/ibug_fabrics/Velvet/1936,,REVIEW,MIXED_COMPOSITION_REVIEW,4,im_1; im_2; im_3; im_4,,
1937,Velvet,"Jacket
Polyester 100 Velvet   
",Polyester; Velvet,"{""Polyester"": 100.0}",Jacket,manufacturer-style tag.txt,Backend/datasets/ibug_fabrics/Velvet/1937,,REVIEW,MIXED_COMPOSITION_REVIEW,4,im_1; im_2; im_3; im_4,,
1938,Velvet,"Jacket
Polyester 100 Velvet   
",Polyester; Velvet,"{""Polyester"": 100.0}",Jacket,manufacturer-style tag.txt,Backend/datasets/ibug_fabrics/Velvet/1938,,REVIEW,MIXED_COMPOSITION_REVIEW,4,im_1; im_2; im_3; im_4,,
1939,Velvet,"Jacket
Polyester 100 Velvet   
",Polyester; Velvet,"{""Polyester"": 100.0}",Jacket,manufacturer-style tag.txt,Backend/datasets/ibug_fabrics/Velvet/1939,,REVIEW,MIXED_COMPOSITION_REVIEW,4,im_1; im_2; im_3; im_4,,
965,Velvet,"Fabric
Cotton 100 Velvet   
",Cotton; Velvet,"{""Cotton"": 100.0}",Fabric,manufacturer-style tag.txt,Backend/datasets/ibug_fabrics/Velvet/965,,REVIEW,MIXED_COMPOSITION_REVIEW,4,im_1; im_2; im_3; im_4,,
966,Velvet,"Fabric
Cotton 100 Velvet   
",Cotton; Velvet,"{""Cotton"": 100.0}",Fabric,manufacturer-style tag.txt,Backend/datasets/ibug_fabrics/Velvet/966,,REVIEW,MIXED_COMPOSITION_REVIEW,4,im_1; im_2; im_3; im_4,,
118,Viscose,"T-shirt
Viscose 100
",Viscose,"{""Viscose"": 100.0}",T-shirt,manufacturer-style tag.txt,Backend/datasets/ibug_fabrics/Viscose/118,,REJECTED,UNSUPPORTED_MATERIAL,4,im_1; im_2; im_3; im_4,,
119,Viscose,"T-shirt
Viscose 100
",Viscose,"{""Viscose"": 100.0}",T-shirt,manufacturer-style tag.txt,Backend/datasets/ibug_fabrics/Viscose/119,,REJECTED,UNSUPPORTED_MATERIAL,4,im_1; im_2; im_3; im_4,,
136,Viscose,"Skirt
Viscose 95 Elastane 5
",Elastane; Viscose,"{""Viscose"": 95.0, ""Elastane"": 5.0}",Skirt,manufacturer-style tag.txt,Backend/datasets/ibug_fabrics/Viscose/136,,REVIEW,MIXED_COMPOSITION_REVIEW,4,im_1; im_2; im_3; im_4,,
137,Viscose,"Skirt
Viscose 95 Elastane 5
",Elastane; Viscose,"{""Viscose"": 95.0, ""Elastane"": 5.0}",Skirt,manufacturer-style tag.txt,Backend/datasets/ibug_fabrics/Viscose/137,,REVIEW,MIXED_COMPOSITION_REVIEW,4,im_1; im_2; im_3; im_4,,
155,Viscose,"Dress
Viscose 95 Elastane 5
",Elastane; Viscose,"{""Viscose"": 95.0, ""Elastane"": 5.0}",Dress,manufacturer-style tag.txt,Backend/datasets/ibug_fabrics/Viscose/155,,REVIEW,MIXED_COMPOSITION_REVIEW,4,im_1; im_2; im_3; im_4,,
156,Viscose,"Dress
Viscose 95 Elastane 5
",Elastane; Viscose,"{""Viscose"": 95.0, ""Elastane"": 5.0}",Dress,manufacturer-style tag.txt,Backend/datasets/ibug_fabrics/Viscose/156,,REVIEW,MIXED_COMPOSITION_REVIEW,4,im_1; im_2; im_3; im_4,,
157,Viscose,"Dress
Viscose 95 Elastane 5
",Elastane; Viscose,"{""Viscose"": 95.0, ""Elastane"": 5.0}",Dress,manufacturer-style tag.txt,Backend/datasets/ibug_fabrics/Viscose/157,,REVIEW,MIXED_COMPOSITION_REVIEW,4,im_1; im_2; im_3; im_4,,
158,Viscose,"Dress
Viscose 95 Elastane 5
",Elastane; Viscose,"{""Viscose"": 95.0, ""Elastane"": 5.0}",Dress,manufacturer-style tag.txt,Backend/datasets/ibug_fabrics/Viscose/158,,REVIEW,MIXED_COMPOSITION_REVIEW,4,im_1; im_2; im_3; im_4,,
171,Viscose,"Dress
Viscose 95 Elastane 5
",Elastane; Viscose,"{""Viscose"": 95.0, ""Elastane"": 5.0}",Dress,manufacturer-style tag.txt,Backend/datasets/ibug_fabrics/Viscose/171,,REVIEW,MIXED_COMPOSITION_REVIEW,4,im_1; im_2; im_3; im_4,,
172,Viscose,"Dress
Viscose 95 Elastane 5
",Elastane; Viscose,"{""Viscose"": 95.0, ""Elastane"": 5.0}",Dress,manufacturer-style tag.txt,Backend/datasets/ibug_fabrics/Viscose/172,,REVIEW,MIXED_COMPOSITION_REVIEW,4,im_1; im_2; im_3; im_4,,
185,Viscose,"Dress
Viscose 95 Elastane 5
",Elastane; Viscose,"{""Viscose"": 95.0, ""Elastane"": 5.0}",Dress,manufacturer-style tag.txt,Backend/datasets/ibug_fabrics/Viscose/185,,REVIEW,MIXED_COMPOSITION_REVIEW,4,im_1; im_2; im_3; im_4,,
186,Viscose,"Dress
Viscose 95 Elastane 5
",Elastane; Viscose,"{""Viscose"": 95.0, ""Elastane"": 5.0}",Dress,manufacturer-style tag.txt,Backend/datasets/ibug_fabrics/Viscose/186,,REVIEW,MIXED_COMPOSITION_REVIEW,4,im_1; im_2; im_3; im_4,,
189,Viscose,"Blouse
Viscose 95 Elastane 5
",Elastane; Viscose,"{""Viscose"": 95.0, ""Elastane"": 5.0}",Blouse,manufacturer-style tag.txt,Backend/datasets/ibug_fabrics/Viscose/189,,REVIEW,MIXED_COMPOSITION_REVIEW,4,im_1; im_2; im_3; im_4,,
190,Viscose,"Blouse
Viscose 95 Elastane 5
",Elastane; Viscose,"{""Viscose"": 95.0, ""Elastane"": 5.0}",Blouse,manufacturer-style tag.txt,Backend/datasets/ibug_fabrics/Viscose/190,,REVIEW,MIXED_COMPOSITION_REVIEW,4,im_1; im_2; im_3; im_4,,
191,Viscose,"Blouse
Viscose 95 Elastane 5
",Elastane; Viscose,"{""Viscose"": 95.0, ""Elastane"": 5.0}",Blouse,manufacturer-style tag.txt,Backend/datasets/ibug_fabrics/Viscose/191,,REVIEW,MIXED_COMPOSITION_REVIEW,4,im_1; im_2; im_3; im_4,,
196,Viscose,"Other
Viscose 95 Elastane 5
",Elastane; Viscose,"{""Viscose"": 95.0, ""Elastane"": 5.0}",Other,manufacturer-style tag.txt,Backend/datasets/ibug_fabrics/Viscose/196,,REVIEW,MIXED_COMPOSITION_REVIEW,4,im_1; im_2; im_3; im_4,,
197,Viscose,"Other
Viscose 95 Elastane 5
",Elastane; Viscose,"{""Viscose"": 95.0, ""Elastane"": 5.0}",Other,manufacturer-style tag.txt,Backend/datasets/ibug_fabrics/Viscose/197,,REVIEW,MIXED_COMPOSITION_REVIEW,4,im_1; im_2; im_3; im_4,,
198,Viscose,"Dress
Viscose 95 Elastane 5
",Elastane; Viscose,"{""Viscose"": 95.0, ""Elastane"": 5.0}",Dress,manufacturer-style tag.txt,Backend/datasets/ibug_fabrics/Viscose/198,,REVIEW,MIXED_COMPOSITION_REVIEW,4,im_1; im_2; im_3; im_4,,
199,Viscose,"Dress
Viscose 95 Elastane 5
",Elastane; Viscose,"{""Viscose"": 95.0, ""Elastane"": 5.0}",Dress,manufacturer-style tag.txt,Backend/datasets/ibug_fabrics/Viscose/199,,REVIEW,MIXED_COMPOSITION_REVIEW,4,im_1; im_2; im_3; im_4,,
200,Viscose,"Dress
Viscose 95 Elastane 5
",Elastane; Viscose,"{""Viscose"": 95.0, ""Elastane"": 5.0}",Dress,manufacturer-style tag.txt,Backend/datasets/ibug_fabrics/Viscose/200,,REVIEW,MIXED_COMPOSITION_REVIEW,4,im_1; im_2; im_3; im_4,,
201,Viscose,"Dress
Viscose 95 Elastane 5
",Elastane; Viscose,"{""Viscose"": 95.0, ""Elastane"": 5.0}",Dress,manufacturer-style tag.txt,Backend/datasets/ibug_fabrics/Viscose/201,,REVIEW,MIXED_COMPOSITION_REVIEW,4,im_1; im_2; im_3; im_4,,
207,Viscose,"Blouse
Viscose 95 Elastane 5
",Elastane; Viscose,"{""Viscose"": 95.0, ""Elastane"": 5.0}",Blouse,manufacturer-style tag.txt,Backend/datasets/ibug_fabrics/Viscose/207,,REVIEW,MIXED_COMPOSITION_REVIEW,4,im_1; im_2; im_3; im_4,,
208,Viscose,"Blouse
Viscose 95 Elastane 5
",Elastane; Viscose,"{""Viscose"": 95.0, ""Elastane"": 5.0}",Blouse,manufacturer-style tag.txt,Backend/datasets/ibug_fabrics/Viscose/208,,REVIEW,MIXED_COMPOSITION_REVIEW,4,im_1; im_2; im_3; im_4,,
26,Viscose,"Fabric
Viscose 100
",Viscose,"{""Viscose"": 100.0}",Fabric,manufacturer-style tag.txt,Backend/datasets/ibug_fabrics/Viscose/26,,REJECTED,UNSUPPORTED_MATERIAL,4,im_1; im_2; im_3; im_4,,
279,Viscose,"Blouse
Viscose 100
",Viscose,"{""Viscose"": 100.0}",Blouse,manufacturer-style tag.txt,Backend/datasets/ibug_fabrics/Viscose/279,,REJECTED,UNSUPPORTED_MATERIAL,4,im_1; im_2; im_3; im_4,,
280,Viscose,"Blouse
Viscose 100
",Viscose,"{""Viscose"": 100.0}",Blouse,manufacturer-style tag.txt,Backend/datasets/ibug_fabrics/Viscose/280,,REJECTED,UNSUPPORTED_MATERIAL,4,im_1; im_2; im_3; im_4,,
281,Viscose,"Blouse
Viscose 100
",Viscose,"{""Viscose"": 100.0}",Blouse,manufacturer-style tag.txt,Backend/datasets/ibug_fabrics/Viscose/281,,REJECTED,UNSUPPORTED_MATERIAL,4,im_1; im_2; im_3; im_4,,
42,Viscose,"Fabric
Viscose 100",Viscose,"{""Viscose"": 100.0}",Fabric,manufacturer-style tag.txt,Backend/datasets/ibug_fabrics/Viscose/42,,REJECTED,UNSUPPORTED_MATERIAL,4,im_1; im_2; im_3; im_4,,
46,Viscose,"Fabric
Viscose 100",Viscose,"{""Viscose"": 100.0}",Fabric,manufacturer-style tag.txt,Backend/datasets/ibug_fabrics/Viscose/46,,REJECTED,UNSUPPORTED_MATERIAL,4,im_1; im_2; im_3; im_4,,
47,Viscose,"Fabric
Viscose 100",Viscose,"{""Viscose"": 100.0}",Fabric,manufacturer-style tag.txt,Backend/datasets/ibug_fabrics/Viscose/47,,REJECTED,UNSUPPORTED_MATERIAL,4,im_1; im_2; im_3; im_4,,
48,Viscose,"Fabric
Viscose 100",Viscose,"{""Viscose"": 100.0}",Fabric,manufacturer-style tag.txt,Backend/datasets/ibug_fabrics/Viscose/48,,REJECTED,UNSUPPORTED_MATERIAL,4,im_1; im_2; im_3; im_4,,
54,Viscose,"Other
Viscose 100 100  0
",Viscose,"{""Viscose"": 100.0}",Other,manufacturer-style tag.txt,Backend/datasets/ibug_fabrics/Viscose/54,,REJECTED,UNSUPPORTED_MATERIAL,4,im_1; im_2; im_3; im_4,,
819,Viscose,"Fabric
Rayon 100
",Rayon,"{""Rayon"": 100.0}",Fabric,manufacturer-style tag.txt,Backend/datasets/ibug_fabrics/Viscose/819,,REJECTED,UNSUPPORTED_MATERIAL,4,im_1; im_2; im_3; im_4,,
90,Viscose,"Other
Viscose 95 Elastane 5
",Elastane; Viscose,"{""Viscose"": 95.0, ""Elastane"": 5.0}",Other,manufacturer-style tag.txt,Backend/datasets/ibug_fabrics/Viscose/90,,REVIEW,MIXED_COMPOSITION_REVIEW,4,im_1; im_2; im_3; im_4,,
91,Viscose,"Other
Viscose 95 Elastane 5
",Elastane; Viscose,"{""Viscose"": 95.0, ""Elastane"": 5.0}",Other,manufacturer-style tag.txt,Backend/datasets/ibug_fabrics/Viscose/91,,REVIEW,MIXED_COMPOSITION_REVIEW,4,im_1; im_2; im_3; im_4,,
97,Viscose,"Shirt
Viscose 100
",Viscose,"{""Viscose"": 100.0}",Shirt,manufacturer-style tag.txt,Backend/datasets/ibug_fabrics/Viscose/97,,REJECTED,UNSUPPORTED_MATERIAL,4,im_1; im_2; im_3; im_4,,
98,Viscose,"Shirt
Viscose 100
",Viscose,"{""Viscose"": 100.0}",Shirt,manufacturer-style tag.txt,Backend/datasets/ibug_fabrics/Viscose/98,,REJECTED,UNSUPPORTED_MATERIAL,4,im_1; im_2; im_3; im_4,,
1403,Wool,"Blouse
Wool 100 knitwear   
",Wool,"{""Wool"": 100.0}",Blouse,manufacturer-style tag.txt,Backend/datasets/ibug_fabrics/Wool/1403,Wool,ACCEPTED,,4,im_1; im_2; im_3; im_4,,
1404,Wool,"Blouse
Wool 100 knitwear   
",Wool,"{""Wool"": 100.0}",Blouse,manufacturer-style tag.txt,Backend/datasets/ibug_fabrics/Wool/1404,Wool,ACCEPTED,,4,im_1; im_2; im_3; im_4,,
1405,Wool,"Blouse
Wool 100 knitwear   
",Wool,"{""Wool"": 100.0}",Blouse,manufacturer-style tag.txt,Backend/datasets/ibug_fabrics/Wool/1405,Wool,ACCEPTED,,4,im_1; im_2; im_3; im_4,,
1406,Wool,"Blouse
Wool 100 knitwear   
",Wool,"{""Wool"": 100.0}",Blouse,manufacturer-style tag.txt,Backend/datasets/ibug_fabrics/Wool/1406,Wool,ACCEPTED,,4,im_1; im_2; im_3; im_4,,
1407,Wool,"Blouse
Wool 100 knitwear   
",Wool,"{""Wool"": 100.0}",Blouse,manufacturer-style tag.txt,Backend/datasets/ibug_fabrics/Wool/1407,Wool,REVIEW,CROSS_SAMPLE_DUPLICATE_REVIEW,4,im_1; im_2; im_3; im_4,Wool/1407; Wool/1408,Wool/1407; Wool/1408
1408,Wool,"Blouse
Wool 100 knitwear   
",Wool,"{""Wool"": 100.0}",Blouse,manufacturer-style tag.txt,Backend/datasets/ibug_fabrics/Wool/1408,Wool,REVIEW,CROSS_SAMPLE_DUPLICATE_REVIEW,4,im_1; im_2; im_3; im_4,Wool/1407; Wool/1408,Wool/1407; Wool/1408
1409,Wool,"Blouse
Wool 100 knitwear   
",Wool,"{""Wool"": 100.0}",Blouse,manufacturer-style tag.txt,Backend/datasets/ibug_fabrics/Wool/1409,Wool,ACCEPTED,,4,im_1; im_2; im_3; im_4,,
1410,Wool,"Blouse
Wool 100 knitwear   
",Wool,"{""Wool"": 100.0}",Blouse,manufacturer-style tag.txt,Backend/datasets/ibug_fabrics/Wool/1410,Wool,ACCEPTED,,4,im_1; im_2; im_3; im_4,,
1411,Wool,"Blouse
Wool 100 knitwear   
",Wool,"{""Wool"": 100.0}",Blouse,manufacturer-style tag.txt,Backend/datasets/ibug_fabrics/Wool/1411,Wool,ACCEPTED,,4,im_1; im_2; im_3; im_4,,
1412,Wool,"Blouse
Wool 100 knitwear   
",Wool,"{""Wool"": 100.0}",Blouse,manufacturer-style tag.txt,Backend/datasets/ibug_fabrics/Wool/1412,Wool,ACCEPTED,,4,im_1; im_2; im_3; im_4,,
1413,Wool,"Blouse
Wool 100 knitwear   
",Wool,"{""Wool"": 100.0}",Blouse,manufacturer-style tag.txt,Backend/datasets/ibug_fabrics/Wool/1413,Wool,ACCEPTED,,4,im_1; im_2; im_3; im_4,,
1414,Wool,"Blouse
Wool 100 knitwear   
",Wool,"{""Wool"": 100.0}",Blouse,manufacturer-style tag.txt,Backend/datasets/ibug_fabrics/Wool/1414,Wool,ACCEPTED,,4,im_1; im_2; im_3; im_4,,
1415,Wool,"Blouse
Wool 100 knitwear   
",Wool,"{""Wool"": 100.0}",Blouse,manufacturer-style tag.txt,Backend/datasets/ibug_fabrics/Wool/1415,Wool,ACCEPTED,,4,im_1; im_2; im_3; im_4,,
1418,Wool,"Blouse
Wool 100 knitwear   
",Wool,"{""Wool"": 100.0}",Blouse,manufacturer-style tag.txt,Backend/datasets/ibug_fabrics/Wool/1418,Wool,ACCEPTED,,4,im_1; im_2; im_3; im_4,,
1419,Wool,"Blouse
Wool 100 knitwear   
",Wool,"{""Wool"": 100.0}",Blouse,manufacturer-style tag.txt,Backend/datasets/ibug_fabrics/Wool/1419,Wool,ACCEPTED,,4,im_1; im_2; im_3; im_4,,
1420,Wool,"Blouse
Wool 100 knitwear   
",Wool,"{""Wool"": 100.0}",Blouse,manufacturer-style tag.txt,Backend/datasets/ibug_fabrics/Wool/1420,Wool,ACCEPTED,,4,im_1; im_2; im_3; im_4,,
1421,Wool,"Blouse
Wool 100 knitwear   
",Wool,"{""Wool"": 100.0}",Blouse,manufacturer-style tag.txt,Backend/datasets/ibug_fabrics/Wool/1421,Wool,ACCEPTED,,4,im_1; im_2; im_3; im_4,,
1422,Wool,"Blouse
Wool 100 knitwear   
",Wool,"{""Wool"": 100.0}",Blouse,manufacturer-style tag.txt,Backend/datasets/ibug_fabrics/Wool/1422,Wool,ACCEPTED,,4,im_1; im_2; im_3; im_4,,
1423,Wool,"Blouse
Wool 100 knitwear   
",Wool,"{""Wool"": 100.0}",Blouse,manufacturer-style tag.txt,Backend/datasets/ibug_fabrics/Wool/1423,Wool,ACCEPTED,,4,im_1; im_2; im_3; im_4,,
1424,Wool,"Blouse
Wool 100 knitwear   
",Wool,"{""Wool"": 100.0}",Blouse,manufacturer-style tag.txt,Backend/datasets/ibug_fabrics/Wool/1424,Wool,ACCEPTED,,4,im_1; im_2; im_3; im_4,,
1425,Wool,"Blouse
Wool 100 knitwear   
",Wool,"{""Wool"": 100.0}",Blouse,manufacturer-style tag.txt,Backend/datasets/ibug_fabrics/Wool/1425,Wool,ACCEPTED,,4,im_1; im_2; im_3; im_4,,
1426,Wool,"Blouse
Wool 100 knitwear   
",Wool,"{""Wool"": 100.0}",Blouse,manufacturer-style tag.txt,Backend/datasets/ibug_fabrics/Wool/1426,Wool,ACCEPTED,,4,im_1; im_2; im_3; im_4,,
1427,Wool,"Blouse
Wool 100 knitwear   
",Wool,"{""Wool"": 100.0}",Blouse,manufacturer-style tag.txt,Backend/datasets/ibug_fabrics/Wool/1427,Wool,ACCEPTED,,4,im_1; im_2; im_3; im_4,,
1428,Wool,"Blouse
Wool 100 knitwear   
",Wool,"{""Wool"": 100.0}",Blouse,manufacturer-style tag.txt,Backend/datasets/ibug_fabrics/Wool/1428,Wool,ACCEPTED,,4,im_1; im_2; im_3; im_4,,
1429,Wool,"Blouse
Wool 100 knitwear   
",Wool,"{""Wool"": 100.0}",Blouse,manufacturer-style tag.txt,Backend/datasets/ibug_fabrics/Wool/1429,Wool,ACCEPTED,,4,im_1; im_2; im_3; im_4,,
1430,Wool,"Blouse
Wool 100 knitwear   
",Wool,"{""Wool"": 100.0}",Blouse,manufacturer-style tag.txt,Backend/datasets/ibug_fabrics/Wool/1430,Wool,REVIEW,CROSS_SAMPLE_DUPLICATE_REVIEW,4,im_1; im_2; im_3; im_4,Wool/1430; Wool/1431,Wool/1430; Wool/1431
1431,Wool,"Blouse
Wool 100 knitwear   
",Wool,"{""Wool"": 100.0}",Blouse,manufacturer-style tag.txt,Backend/datasets/ibug_fabrics/Wool/1431,Wool,REVIEW,CROSS_SAMPLE_DUPLICATE_REVIEW,4,im_1; im_2; im_3; im_4,Wool/1430; Wool/1431,Wool/1430; Wool/1431
1432,Wool,"Blouse
Wool 100 knitwear   
",Wool,"{""Wool"": 100.0}",Blouse,manufacturer-style tag.txt,Backend/datasets/ibug_fabrics/Wool/1432,Wool,ACCEPTED,,4,im_1; im_2; im_3; im_4,,
1433,Wool,"Blouse
Wool 100 knitwear   
",Wool,"{""Wool"": 100.0}",Blouse,manufacturer-style tag.txt,Backend/datasets/ibug_fabrics/Wool/1433,Wool,ACCEPTED,,4,im_1; im_2; im_3; im_4,,
1434,Wool,"Blouse
Wool 100 knitwear   
",Wool,"{""Wool"": 100.0}",Blouse,manufacturer-style tag.txt,Backend/datasets/ibug_fabrics/Wool/1434,Wool,ACCEPTED,,4,im_1; im_2; im_3; im_4,,
1435,Wool,"Blouse
Wool 100 knitwear   
",Wool,"{""Wool"": 100.0}",Blouse,manufacturer-style tag.txt,Backend/datasets/ibug_fabrics/Wool/1435,Wool,ACCEPTED,,4,im_1; im_2; im_3; im_4,,
1436,Wool,"Blouse
Wool 100 knitwear   
",Wool,"{""Wool"": 100.0}",Blouse,manufacturer-style tag.txt,Backend/datasets/ibug_fabrics/Wool/1436,Wool,ACCEPTED,,4,im_1; im_2; im_3; im_4,,
1437,Wool,"Blouse
Wool 100 knitwear   
",Wool,"{""Wool"": 100.0}",Blouse,manufacturer-style tag.txt,Backend/datasets/ibug_fabrics/Wool/1437,Wool,ACCEPTED,,4,im_1; im_2; im_3; im_4,,
1438,Wool,"Blouse
Wool 100 knitwear   
",Wool,"{""Wool"": 100.0}",Blouse,manufacturer-style tag.txt,Backend/datasets/ibug_fabrics/Wool/1438,Wool,ACCEPTED,,4,im_1; im_2; im_3; im_4,,
1439,Wool,"Blouse
Wool 100 knitwear   
",Wool,"{""Wool"": 100.0}",Blouse,manufacturer-style tag.txt,Backend/datasets/ibug_fabrics/Wool/1439,Wool,ACCEPTED,,4,im_1; im_2; im_3; im_4,,
1440,Wool,"Blouse
Wool 100 knitwear   
",Wool,"{""Wool"": 100.0}",Blouse,manufacturer-style tag.txt,Backend/datasets/ibug_fabrics/Wool/1440,Wool,ACCEPTED,,4,im_1; im_2; im_3; im_4,,
22,Wool,"Fabric
Wool 100
",Wool,"{""Wool"": 100.0}",Fabric,manufacturer-style tag.txt,Backend/datasets/ibug_fabrics/Wool/22,Wool,ACCEPTED,,4,im_1; im_2; im_3; im_4,,
23,Wool,"Fabric
Wool 100
",Wool,"{""Wool"": 100.0}",Fabric,manufacturer-style tag.txt,Backend/datasets/ibug_fabrics/Wool/23,Wool,ACCEPTED,,4,im_1; im_2; im_3; im_4,,
33,Wool,"Fabric
Wool 100
",Wool,"{""Wool"": 100.0}",Fabric,manufacturer-style tag.txt,Backend/datasets/ibug_fabrics/Wool/33,Wool,ACCEPTED,,4,im_1; im_2; im_3; im_4,,
336,Wool,"Jacket
Wool 100
",Wool,"{""Wool"": 100.0}",Jacket,manufacturer-style tag.txt,Backend/datasets/ibug_fabrics/Wool/336,Wool,ACCEPTED,,4,im_1; im_2; im_3; im_4,,
337,Wool,"Jacket
Wool 100
",Wool,"{""Wool"": 100.0}",Jacket,manufacturer-style tag.txt,Backend/datasets/ibug_fabrics/Wool/337,Wool,ACCEPTED,,4,im_1; im_2; im_3; im_4,,
338,Wool,"Jacket
Wool 100
",Wool,"{""Wool"": 100.0}",Jacket,manufacturer-style tag.txt,Backend/datasets/ibug_fabrics/Wool/338,Wool,ACCEPTED,,4,im_1; im_2; im_3; im_4,,
34,Wool,"Fabric
Wool 100
",Wool,"{""Wool"": 100.0}",Fabric,manufacturer-style tag.txt,Backend/datasets/ibug_fabrics/Wool/34,Wool,ACCEPTED,,4,im_1; im_2; im_3; im_4,,
35,Wool,"Fabric
Wool 100
",Wool,"{""Wool"": 100.0}",Fabric,manufacturer-style tag.txt,Backend/datasets/ibug_fabrics/Wool/35,Wool,ACCEPTED,,4,im_1; im_2; im_3; im_4,,
355,Wool,"Jacket
Wool 100
",Wool,"{""Wool"": 100.0}",Jacket,manufacturer-style tag.txt,Backend/datasets/ibug_fabrics/Wool/355,Wool,ACCEPTED,,4,im_1; im_2; im_3; im_4,,
356,Wool,"Jacket
Wool 100
",Wool,"{""Wool"": 100.0}",Jacket,manufacturer-style tag.txt,Backend/datasets/ibug_fabrics/Wool/356,Wool,ACCEPTED,,4,im_1; im_2; im_3; im_4,,
357,Wool,"Jacket
Wool 100
",Wool,"{""Wool"": 100.0}",Jacket,manufacturer-style tag.txt,Backend/datasets/ibug_fabrics/Wool/357,Wool,ACCEPTED,,4,im_1; im_2; im_3; im_4,,
358,Wool,"Jacket
Wool 100
",Wool,"{""Wool"": 100.0}",Jacket,manufacturer-style tag.txt,Backend/datasets/ibug_fabrics/Wool/358,Wool,ACCEPTED,,4,im_1; im_2; im_3; im_4,,
359,Wool,"Jacket
Wool 100
",Wool,"{""Wool"": 100.0}",Jacket,manufacturer-style tag.txt,Backend/datasets/ibug_fabrics/Wool/359,Wool,ACCEPTED,,4,im_1; im_2; im_3; im_4,,
372,Wool,"Jacket
Wool 100
",Wool,"{""Wool"": 100.0}",Jacket,manufacturer-style tag.txt,Backend/datasets/ibug_fabrics/Wool/372,Wool,ACCEPTED,,4,im_1; im_2; im_3; im_4,,
373,Wool,"Jacket
Wool 100
",Wool,"{""Wool"": 100.0}",Jacket,manufacturer-style tag.txt,Backend/datasets/ibug_fabrics/Wool/373,Wool,ACCEPTED,,4,im_1; im_2; im_3; im_4,,
381,Wool,"Jacket
Wool 100
",Wool,"{""Wool"": 100.0}",Jacket,manufacturer-style tag.txt,Backend/datasets/ibug_fabrics/Wool/381,Wool,ACCEPTED,,4,im_1; im_2; im_3; im_4,,
382,Wool,"Jacket
Wool 100
",Wool,"{""Wool"": 100.0}",Jacket,manufacturer-style tag.txt,Backend/datasets/ibug_fabrics/Wool/382,Wool,ACCEPTED,,4,im_1; im_2; im_3; im_4,,
444,Wool,"Blouse
Wool 100
",Wool,"{""Wool"": 100.0}",Blouse,manufacturer-style tag.txt,Backend/datasets/ibug_fabrics/Wool/444,Wool,ACCEPTED,,4,im_1; im_2; im_3; im_4,,
445,Wool,"Blouse
Wool 100
",Wool,"{""Wool"": 100.0}",Blouse,manufacturer-style tag.txt,Backend/datasets/ibug_fabrics/Wool/445,Wool,ACCEPTED,,4,im_1; im_2; im_3; im_4,,
446,Wool,"Blouse
Wool 100
",Wool,"{""Wool"": 100.0}",Blouse,manufacturer-style tag.txt,Backend/datasets/ibug_fabrics/Wool/446,Wool,ACCEPTED,,4,im_1; im_2; im_3; im_4,,
503,Wool,"Blouse
Wool 100
",Wool,"{""Wool"": 100.0}",Blouse,manufacturer-style tag.txt,Backend/datasets/ibug_fabrics/Wool/503,Wool,ACCEPTED,,4,im_1; im_2; im_3; im_4,,
504,Wool,"Blouse
Wool 100
",Wool,"{""Wool"": 100.0}",Blouse,manufacturer-style tag.txt,Backend/datasets/ibug_fabrics/Wool/504,Wool,ACCEPTED,,4,im_1; im_2; im_3; im_4,,
526,Wool,"Fabric
Wool 100
",Wool,"{""Wool"": 100.0}",Fabric,manufacturer-style tag.txt,Backend/datasets/ibug_fabrics/Wool/526,Wool,ACCEPTED,,4,im_1; im_2; im_3; im_4,,
57,Wool,"Fabric
Wool 100
",Wool,"{""Wool"": 100.0}",Fabric,manufacturer-style tag.txt,Backend/datasets/ibug_fabrics/Wool/57,Wool,ACCEPTED,,4,im_1; im_2; im_3; im_4,,
59,Wool,"Fabric
Wool 100
",Wool,"{""Wool"": 100.0}",Fabric,manufacturer-style tag.txt,Backend/datasets/ibug_fabrics/Wool/59,Wool,ACCEPTED,,4,im_1; im_2; im_3; im_4,,
60,Wool,"Fabric
Wool 100
",Wool,"{""Wool"": 100.0}",Fabric,manufacturer-style tag.txt,Backend/datasets/ibug_fabrics/Wool/60,Wool,ACCEPTED,,4,im_1; im_2; im_3; im_4,,
660,Wool,"Fabric
Wool 100
",Wool,"{""Wool"": 100.0}",Fabric,manufacturer-style tag.txt,Backend/datasets/ibug_fabrics/Wool/660,Wool,REVIEW,CROSS_SAMPLE_DUPLICATE_REVIEW,4,im_1; im_2; im_3; im_4,Wool/660; Wool/661,Wool/660; Wool/661
661,Wool,"Fabric
Wool 100 Erion 100",Wool,"{""Wool"": 100.0}",Fabric,manufacturer-style tag.txt,Backend/datasets/ibug_fabrics/Wool/661,Wool,REVIEW,CROSS_SAMPLE_DUPLICATE_REVIEW,4,im_1; im_2; im_3; im_4,Wool/660; Wool/661,Wool/660; Wool/661
662,Wool,"Fabric
Wool 100 Erion 100",Wool,"{""Wool"": 100.0}",Fabric,manufacturer-style tag.txt,Backend/datasets/ibug_fabrics/Wool/662,Wool,ACCEPTED,,4,im_1; im_2; im_3; im_4,,
7,Wool,"Blouse
Wool 100
",Wool,"{""Wool"": 100.0}",Blouse,manufacturer-style tag.txt,Backend/datasets/ibug_fabrics/Wool/7,Wool,ACCEPTED,,4,im_1; im_2; im_3; im_4,,
808,Wool,"Fabric
Wool 100
",Wool,"{""Wool"": 100.0}",Fabric,manufacturer-style tag.txt,Backend/datasets/ibug_fabrics/Wool/808,Wool,ACCEPTED,,4,im_1; im_2; im_3; im_4,,
809,Wool,"Fabric
Wool 100
",Wool,"{""Wool"": 100.0}",Fabric,manufacturer-style tag.txt,Backend/datasets/ibug_fabrics/Wool/809,Wool,ACCEPTED,,4,im_1; im_2; im_3; im_4,,
811,Wool,"Fabric
Wool 100
",Wool,"{""Wool"": 100.0}",Fabric,manufacturer-style tag.txt,Backend/datasets/ibug_fabrics/Wool/811,Wool,ACCEPTED,,4,im_1; im_2; im_3; im_4,,
817,Wool,"Fabric
Wool 100
",Wool,"{""Wool"": 100.0}",Fabric,manufacturer-style tag.txt,Backend/datasets/ibug_fabrics/Wool/817,Wool,ACCEPTED,,4,im_1; im_2; im_3; im_4,,
818,Wool,"Fabric
Wool 100
",Wool,"{""Wool"": 100.0}",Fabric,manufacturer-style tag.txt,Backend/datasets/ibug_fabrics/Wool/818,Wool,ACCEPTED,,4,im_1; im_2; im_3; im_4,,
825,Wool,"Fabric
Wool 100
",Wool,"{""Wool"": 100.0}",Fabric,manufacturer-style tag.txt,Backend/datasets/ibug_fabrics/Wool/825,Wool,ACCEPTED,,4,im_1; im_2; im_3; im_4,,
826,Wool,"Fabric
Wool 100
",Wool,"{""Wool"": 100.0}",Fabric,manufacturer-style tag.txt,Backend/datasets/ibug_fabrics/Wool/826,Wool,ACCEPTED,,4,im_1; im_2; im_3; im_4,,
967,Wool,"Fabric
Wool 100 Plekto   
",Wool,"{""Wool"": 100.0}",Fabric,manufacturer-style tag.txt,Backend/datasets/ibug_fabrics/Wool/967,Wool,ACCEPTED,,4,im_1; im_2; im_3; im_4,,
968,Wool,"Fabric
Wool 100 Plekto",Wool,"{""Wool"": 100.0}",Fabric,manufacturer-style tag.txt,Backend/datasets/ibug_fabrics/Wool/968,Wool,ACCEPTED,,4,im_1; im_2; im_3; im_4,,
969,Wool,"Fabric
Wool 100 Plekto   
",Wool,"{""Wool"": 100.0}",Fabric,manufacturer-style tag.txt,Backend/datasets/ibug_fabrics/Wool/969,Wool,ACCEPTED,,4,im_1; im_2; im_3; im_4,,
970,Wool,"Fabric
Wool 100 Plekto   
",Wool,"{""Wool"": 100.0}",Fabric,manufacturer-style tag.txt,Backend/datasets/ibug_fabrics/Wool/970,Wool,ACCEPTED,,4,im_1; im_2; im_3; im_4,,
971,Wool,"Fabric
Wool 100 Plekto   
",Wool,"{""Wool"": 100.0}",Fabric,manufacturer-style tag.txt,Backend/datasets/ibug_fabrics/Wool/971,Wool,ACCEPTED,,4,im_1; im_2; im_3; im_4,,
972,Wool,"Fabric
Wool 100 Plekto   
",Wool,"{""Wool"": 100.0}",Fabric,manufacturer-style tag.txt,Backend/datasets/ibug_fabrics/Wool/972,Wool,ACCEPTED,,4,im_1; im_2; im_3; im_4,,
973,Wool,"Fabric
Wool 100 Plekto   
",Wool,"{""Wool"": 100.0}",Fabric,manufacturer-style tag.txt,Backend/datasets/ibug_fabrics/Wool/973,Wool,ACCEPTED,,4,im_1; im_2; im_3; im_4,,
979,Wool,"Fabric
Wool 100
",Wool,"{""Wool"": 100.0}",Fabric,manufacturer-style tag.txt,Backend/datasets/ibug_fabrics/Wool/979,Wool,ACCEPTED,,4,im_1; im_2; im_3; im_4,,
980,Wool,"Fabric
Wool 100
",Wool,"{""Wool"": 100.0}",Fabric,manufacturer-style tag.txt,Backend/datasets/ibug_fabrics/Wool/980,Wool,ACCEPTED,,4,im_1; im_2; im_3; im_4,,
981,Wool,"Fabric
Wool 100
",Wool,"{""Wool"": 100.0}",Fabric,manufacturer-style tag.txt,Backend/datasets/ibug_fabrics/Wool/981,Wool,REVIEW,CROSS_SAMPLE_DUPLICATE_REVIEW,4,im_1; im_2; im_3; im_4,Wool/981; Wool/982,Wool/981; Wool/982
982,Wool,"Fabric
Wool 100
",Wool,"{""Wool"": 100.0}",Fabric,manufacturer-style tag.txt,Backend/datasets/ibug_fabrics/Wool/982,Wool,REVIEW,CROSS_SAMPLE_DUPLICATE_REVIEW,4,im_1; im_2; im_3; im_4,Wool/981; Wool/982,Wool/981; Wool/982
983,Wool,"Fabric
Wool 100
",Wool,"{""Wool"": 100.0}",Fabric,manufacturer-style tag.txt,Backend/datasets/ibug_fabrics/Wool/983,Wool,ACCEPTED,,4,im_1; im_2; im_3; im_4,,
984,Wool,"Fabric
Wool 100
",Wool,"{""Wool"": 100.0}",Fabric,manufacturer-style tag.txt,Backend/datasets/ibug_fabrics/Wool/984,Wool,ACCEPTED,,4,im_1; im_2; im_3; im_4,,
985,Wool,"Fabric
Wool 100
",Wool,"{""Wool"": 100.0}",Fabric,manufacturer-style tag.txt,Backend/datasets/ibug_fabrics/Wool/985,Wool,ACCEPTED,,4,im_1; im_2; im_3; im_4,,
986,Wool,"Fabric
Wool 100
",Wool,"{""Wool"": 100.0}",Fabric,manufacturer-style tag.txt,Backend/datasets/ibug_fabrics/Wool/986,Wool,ACCEPTED,,4,im_1; im_2; im_3; im_4,,
987,Wool,"Fabric
Wool 100
",Wool,"{""Wool"": 100.0}",Fabric,manufacturer-style tag.txt,Backend/datasets/ibug_fabrics/Wool/987,Wool,ACCEPTED,,4,im_1; im_2; im_3; im_4,,
988,Wool,"Fabric
Wool 100
",Wool,"{""Wool"": 100.0}",Fabric,manufacturer-style tag.txt,Backend/datasets/ibug_fabrics/Wool/988,Wool,ACCEPTED,,4,im_1; im_2; im_3; im_4,,
