image_path,current_label,caption,material_mentions,confidence,garment_id,split,reason
Backend\data\processed\material_deepfashion\Cotton\MEN-Jackets_Vests-id_00006912-06_3_back.jpg,Cotton,"The sweater this guy wears has long sleeves and its fabric is mixed. The pattern of it is other. The gentleman also wears an outer clothing, with cott",,LOW,00006912-06,validation,caption does not support assigned label
Backend\data\processed\material_deepfashion\Cotton\MEN-Sweatshirts_Hoodies-id_00004423-01_1_front.jpg,Cotton,The person is wearing a tank tank shirt with other patterns. The tank shirt is with other fabric. It has a round neckline. The outer clothing is with ,,LOW,00004423-01,train,caption does not support assigned label
Backend\data\processed\material_deepfashion\Cotton\WOMEN-Blouses_Shirts-id_00000414-02_1_front.jpg,Cotton,This person is wearing a sleeveless tank top with solid color patterns and a long trousers. The tank top is with chiffon fabric and its neckline is su,,LOW,00000414-02,test,caption does not support assigned label
Backend\data\processed\material_deepfashion\Cotton\WOMEN-Blouses_Shirts-id_00002304-01_1_front.jpg,Cotton,"Her tank top has no sleeves, chiffon fabric and graphic patterns. It has a crew neckline. This woman wears a three-point pants. The pants are with cot",,LOW,00002304-01,train,caption does not support assigned label
Backend\data\processed\material_deepfashion\Cotton\WOMEN-Blouses_Shirts-id_00004189-05_1_front.jpg,Cotton,"Her tank top has sleeves cut off, chiffon fabric and graphic patterns. The neckline of it is suspenders. The shorts this woman wears is of three-point",,LOW,00004189-05,train,caption does not support assigned label
Backend\data\processed\material_deepfashion\Cotton\WOMEN-Cardigans-id_00000920-02_1_front.jpg,Cotton,"The upper clothing has sleeves cut off, chiffon fabric and graphic patterns. It has a v-shape neckline. This person also wears an outer clothing, with",,LOW,00000920-02,test,caption does not support assigned label
Backend\data\processed\material_deepfashion\Cotton\WOMEN-Cardigans-id_00003542-03_1_front.jpg,Cotton,The person is wearing a medium-sleeve shirt with solid color patterns. The shirt is with chiffon fabric. It has a round neckline. The outer clothing t,,LOW,00003542-03,train,caption does not support assigned label
Backend\data\processed\material_deepfashion\Cotton\WOMEN-Jackets_Coats-id_00003201-01_4_full.jpg,Cotton,The female is wearing a long-sleeve shirt with other patterns. The shirt is with mixed fabric. It has a lapel neckline. The female wears a long pants.,,LOW,00003201-01,test,caption does not support assigned label
Backend\data\processed\material_deepfashion\Cotton\WOMEN-Jackets_Coats-id_00004828-01_3_back.jpg,Cotton,"The person is wearing a long-sleeve sweater with other patterns. The sweater is with mixed fabric. The person also wears an outer clothing, with cotto",,LOW,00004828-01,train,caption does not support assigned label
Backend\data\processed\material_deepfashion\Cotton\WOMEN-Jackets_Coats-id_00005263-06_3_back.jpg,Cotton,This woman wears a long-sleeve shirt with pure color patterns. The shirt is with chiffon fabric and it has a v-shape neckline. The outer clothing is w,,LOW,00005263-06,train,caption does not support assigned label
Backend\data\processed\material_deepfashion\Cotton\WOMEN-Jackets_Coats-id_00005842-02_2_side.jpg,Cotton,The lady is wearing a long-sleeve sweater with pure color patterns. The sweater is with leather fabric. The lady wears a three-point pants. The pants ,,LOW,00005842-02,train,caption does not support assigned label
Backend\data\processed\material_deepfashion\Cotton\WOMEN-Jackets_Coats-id_00006054-04_3_back.jpg,Cotton,"Her sweater has long sleeves, other fabric and mixed patterns. It has a lapel neckline. The shorts the lady wears is of three-point length. The shorts",,LOW,00006054-04,train,caption does not support assigned label
Backend\data\processed\material_deepfashion\Cotton\WOMEN-Pants-id_00004271-03_4_full.jpg,Cotton,This lady wears a long-sleeve shirt with solid color patterns. The shirt is with knitting fabric. It has a crew neckline. This lady wears a long trous,,LOW,00004271-03,test,caption does not support assigned label
Backend\data\processed\material_deepfashion\Cotton\WOMEN-Shorts-id_00005953-02_4_full.jpg,Cotton,"The tank top this lady wears has no sleeves, its fabric is knitting, and it has other patterns. The tank top has a suspenders neckline. This lady wear",,LOW,00005953-02,train,caption does not support assigned label
Backend\data\processed\material_deepfashion\Cotton\WOMEN-Shorts-id_00007500-03_1_front.jpg,Cotton,This lady is wearing a sleeveless tank top with graphic patterns and a three-point shorts. The tank top is with knitting fabric and its neckline is su,,LOW,00007500-03,train,caption does not support assigned label
Backend\data\processed\material_deepfashion\Cotton\WOMEN-Sweaters-id_00000760-01_7_additional.jpg,Cotton,This woman is wearing a long-sleeve sweater with stripe patterns. The sweater is with knitting fabric. It has a crew neckline. This woman wears a long,,LOW,00000760-01,train,caption does not support assigned label
Backend\data\processed\material_deepfashion\Cotton\WOMEN-Sweaters-id_00001626-01_1_front.jpg,Cotton,The lady is wearing a long-sleeve shirt with graphic patterns. The shirt is with knitting fabric. It has a stand neckline. The lady wears a three-poin,,LOW,00001626-01,train,caption does not support assigned label
Backend\data\processed\material_deepfashion\Cotton\WOMEN-Sweaters-id_00003168-03_7_additional.jpg,Cotton,The lady is wearing a medium-sleeve shirt with graphic patterns. The shirt is with knitting fabric and its neckline is crew. The lady wears a three-po,,LOW,00003168-03,train,caption does not support assigned label
Backend\data\processed\material_deepfashion\Cotton\WOMEN-Sweaters-id_00003733-02_3_back.jpg,Cotton,This lady wears a long-sleeve shirt with mixed patterns and a three-quarter trousers. The shirt is with other fabric. The trousers are with other fabr,,LOW,00003733-02,train,caption does not support assigned label
Backend\data\processed\material_deepfashion\Cotton\WOMEN-Sweaters-id_00004655-01_7_additional.jpg,Cotton,"The upper clothing has long sleeves, knitting fabric and stripe patterns. It has a lapel neckline. The lower clothing is of three-point length. The fa",,LOW,00004655-01,test,caption does not support assigned label
Backend\data\processed\material_deepfashion\Cotton\WOMEN-Sweaters-id_00006427-03_2_side.jpg,Cotton,"Her shirt has long sleeves, knitting fabric and other patterns. It has a v-shape neckline. This female wears a three-point shorts. The shorts are with",,LOW,00006427-03,train,caption does not support assigned label
Backend\data\processed\material_deepfashion\Cotton\WOMEN-Sweatshirts_Hoodies-id_00001326-03_3_back.jpg,Cotton,This person wears a long-sleeve sweater with pure color patterns. The sweater is with knitting fabric. The pants this person wears is of three-point l,,LOW,00001326-03,validation,caption does not support assigned label
Backend\data\processed\material_deepfashion\Cotton\WOMEN-Tees_Tanks-id_00000871-02_7_additional.jpg,Cotton,The lady wears a medium-sleeve shirt with pure color patterns. The shirt is with knitting fabric. It has a crew neckline. The pants the lady wears is ,,LOW,00000871-02,train,caption does not support assigned label
Backend\data\processed\material_deepfashion\Denim\MEN-Shirts_Polos-id_00004917-01_2_side.jpg,Denim,The person wears a long-sleeve shirt with mixed patterns. The shirt is with mixed fabric. The neckline of the shirt is lapel. This guy also wears an o,,LOW,00004917-01,validation,caption does not support assigned label
Backend\data\processed\material_deepfashion\Denim\WOMEN-Blouses_Shirts-id_00000043-01_1_front.jpg,Denim,The female is wearing a tank tank shirt with graphic patterns. The tank shirt is with chiffon fabric and its neckline is crew. The pants the female we,,LOW,00000043-01,test,caption does not support assigned label
Backend\data\processed\material_deepfashion\Denim\WOMEN-Blouses_Shirts-id_00000043-01_2_side.jpg,Denim,"The tank top this female wears has no sleeves and it is with chiffon fabric and solid color patterns. This female wears a three-point shorts, with den",,LOW,00000043-01,test,caption does not support assigned label
Backend\data\processed\material_deepfashion\Denim\WOMEN-Blouses_Shirts-id_00000190-02_4_full.jpg,Denim,"The tank top the female wears has sleeves cut off, its fabric is chiffon, and it has graphic patterns. The tank top has a round neckline. The female w",,LOW,00000190-02,train,caption does not support assigned label
Backend\data\processed\material_deepfashion\Denim\WOMEN-Blouses_Shirts-id_00000232-02_4_full.jpg,Denim,"Her T-shirt has short sleeves, chiffon fabric and graphic patterns. The neckline of it is crew. This female wears a long trousers. The trousers are wi",,LOW,00000232-02,train,caption does not support assigned label
Backend\data\processed\material_deepfashion\Denim\WOMEN-Blouses_Shirts-id_00000402-02_4_full.jpg,Denim,The sweater this person wears has long sleeves and it is with chiffon fabric and graphic patterns. The neckline of the sweater is crew. This person we,,LOW,00000402-02,train,caption does not support assigned label
Backend\data\processed\material_deepfashion\Denim\WOMEN-Blouses_Shirts-id_00000433-05_4_full.jpg,Denim,"Her tank shirt has sleeves cut off, chiffon fabric and pure color patterns. The neckline of it is suspenders. This female wears a long pants. The pant",,LOW,00000433-05,train,caption does not support assigned label
Backend\data\processed\material_deepfashion\Denim\WOMEN-Blouses_Shirts-id_00000443-04_4_full.jpg,Denim,This person wears a tank tank shirt with floral patterns. The tank shirt is with chiffon fabric. It has a suspenders neckline. This person wears a lon,,LOW,00000443-04,validation,caption does not support assigned label
Backend\data\processed\material_deepfashion\Denim\WOMEN-Blouses_Shirts-id_00000510-02_2_side.jpg,Denim,"Her tank top has sleeves cut off, chiffon fabric and pure color patterns. It has a lapel neckline. This woman wears a three-point shorts. The shorts a",,LOW,00000510-02,train,caption does not support assigned label
Backend\data\processed\material_deepfashion\Denim\WOMEN-Blouses_Shirts-id_00000510-02_4_full.jpg,Denim,"Her tank top has sleeves cut off, chiffon fabric and solid color patterns. The neckline of it is lapel. The lady wears a three-point shorts. The short",,LOW,00000510-02,train,caption does not support assigned label
Backend\data\processed\material_deepfashion\Denim\WOMEN-Blouses_Shirts-id_00000556-03_4_full.jpg,Denim,The female is wearing a sleeveless tank top with graphic patterns and a long pants. The tank top is with chiffon fabric. The neckline of the tank top ,,LOW,00000556-03,test,caption does not support assigned label
Backend\data\processed\material_deepfashion\Denim\WOMEN-Blouses_Shirts-id_00000997-01_1_front.jpg,Denim,This female is wearing a medium-sleeve shirt with graphic patterns. The shirt is with chiffon fabric. It has a round neckline. The pants this female w,,LOW,00000997-01,validation,caption does not support assigned label
Backend\data\processed\material_deepfashion\Denim\WOMEN-Blouses_Shirts-id_00001196-03_4_full.jpg,Denim,The lady is wearing a tank tank top with graphic patterns and a three-point pants. The tank top is with chiffon fabric and its neckline is round. The ,,LOW,00001196-03,train,caption does not support assigned label
Backend\data\processed\material_deepfashion\Denim\WOMEN-Blouses_Shirts-id_00001214-01_1_front.jpg,Denim,This person is wearing a long-sleeve shirt with other patterns and a long pants. The shirt is with other fabric. The neckline of the shirt is round. T,,LOW,00001214-01,train,caption does not support assigned label
Backend\data\processed\material_deepfashion\Denim\WOMEN-Blouses_Shirts-id_00001217-03_4_full.jpg,Denim,The person wears a sleeveless tank top with graphic patterns. The tank top is with chiffon fabric. It has a suspenders neckline. The trousers the pers,,LOW,00001217-03,validation,caption does not support assigned label
Backend\data\processed\material_deepfashion\Denim\WOMEN-Blouses_Shirts-id_00001233-03_4_full.jpg,Denim,This woman is wearing a long-sleeve shirt with graphic patterns. The shirt is with chiffon fabric and its neckline is square. This woman wears a long ,,LOW,00001233-03,train,caption does not support assigned label
Backend\data\processed\material_deepfashion\Denim\WOMEN-Blouses_Shirts-id_00001334-05_2_side.jpg,Denim,This female wears a tank tank top with solid color patterns and a three-point shorts. The tank top is with chiffon fabric and its neckline is suspende,,LOW,00001334-05,train,caption does not support assigned label
Backend\data\processed\material_deepfashion\Denim\WOMEN-Blouses_Shirts-id_00001334-06_7_additional.jpg,Denim,This lady wears a tank tank shirt with solid color patterns. The tank shirt is with chiffon fabric. This lady wears a three-point shorts. The shorts a,,LOW,00001334-06,train,caption does not support assigned label
Backend\data\processed\material_deepfashion\Denim\WOMEN-Blouses_Shirts-id_00001421-03_4_full.jpg,Denim,The person wears a sleeveless tank top with solid color patterns and long pants. The tank top is with chiffon fabric and it has a suspenders neckline.,,LOW,00001421-03,train,caption does not support assigned label
Backend\data\processed\material_deepfashion\Denim\WOMEN-Blouses_Shirts-id_00001446-05_1_front.jpg,Denim,The person is wearing a tank tank top with solid color patterns. The tank top is with chiffon fabric. It has a suspenders neckline. The person wears a,,LOW,00001446-05,train,caption does not support assigned label
Backend\data\processed\material_deepfashion\Denim\WOMEN-Blouses_Shirts-id_00001446-06_4_full.jpg,Denim,The lady is wearing a sleeveless tank top with pure color patterns and a three-point pants. The tank top is with chiffon fabric and its neckline is su,,LOW,00001446-06,train,caption does not support assigned label
Backend\data\processed\material_deepfashion\Denim\WOMEN-Blouses_Shirts-id_00001446-07_1_front.jpg,Denim,This woman wears a sleeveless tank top with solid color patterns and a three-point shorts. The tank top is with chiffon fabric. The neckline of the ta,,LOW,00001446-07,train,caption does not support assigned label
Backend\data\processed\material_deepfashion\Denim\WOMEN-Blouses_Shirts-id_00001446-07_7_additional.jpg,Denim,This lady is wearing a sleeveless tank top with pure color patterns and a three-point pants. The tank top is with chiffon fabric. The pants are with d,,LOW,00001446-07,train,caption does not support assigned label
Backend\data\processed\material_deepfashion\Denim\WOMEN-Blouses_Shirts-id_00001446-08_4_full.jpg,Denim,The tank top this female wears has no sleeves and its fabric is chiffon. The pattern of it is solid color. It has a suspenders neckline. This female w,,LOW,00001446-08,validation,caption does not support assigned label
Backend\data\processed\material_deepfashion\Denim\WOMEN-Blouses_Shirts-id_00001529-01_7_additional.jpg,Denim,"The tank shirt this lady wears has sleeves cut off and its fabric is chiffon. The pattern of it is pure color. This lady wears a three-point pants, wi",,LOW,00001529-01,test,caption does not support assigned label
Backend\data\processed\material_deepfashion\Denim\WOMEN-Blouses_Shirts-id_00001760-02_3_back.jpg,Denim,"The tank shirt the female wears has no sleeves and its fabric is mixed. The pattern of it is pure color. The female wears a three-point shorts, with d",,LOW,00001760-02,train,caption does not support assigned label
Backend\data\processed\material_deepfashion\Denim\WOMEN-Blouses_Shirts-id_00001790-01_4_full.jpg,Denim,This woman wears a sleeveless tank shirt with graphic patterns. The tank shirt is with chiffon fabric. It has a suspenders neckline. This woman wears ,,LOW,00001790-01,train,caption does not support assigned label
Backend\data\processed\material_deepfashion\Denim\WOMEN-Blouses_Shirts-id_00001790-02_2_side.jpg,Denim,This woman wears a tank tank top with graphic patterns. The tank top is with chiffon fabric. It has a suspenders neckline. The pants this woman wears ,,LOW,00001790-02,train,caption does not support assigned label
Backend\data\processed\material_deepfashion\Denim\WOMEN-Blouses_Shirts-id_00001846-01_1_front.jpg,Denim,This female wears a tank tank top with graphic patterns and a long pants. The tank top is with chiffon fabric and its neckline is crew. The pants are ,,LOW,00001846-01,validation,caption does not support assigned label
Backend\data\processed\material_deepfashion\Denim\WOMEN-Blouses_Shirts-id_00001860-02_4_full.jpg,Denim,The person is wearing a short-sleeve T-shirt with pure color patterns. The T-shirt is with chiffon fabric and its neckline is v-shape. The pants the p,,LOW,00001860-02,train,caption does not support assigned label
Backend\data\processed\material_deepfashion\Denim\WOMEN-Blouses_Shirts-id_00001874-04_7_additional.jpg,Denim,The female wears a short-sleeve T-shirt with graphic patterns. The T-shirt is with chiffon fabric. It has a suspenders neckline. The pants the female ,,LOW,00001874-04,train,caption does not support assigned label
Backend\data\processed\material_deepfashion\Denim\WOMEN-Blouses_Shirts-id_00002140-02_2_side.jpg,Denim,This woman is wearing a long-sleeve sweater with striped patterns and a three-point shorts. The sweater is with chiffon fabric. The shorts are with de,,LOW,00002140-02,train,caption does not support assigned label
Backend\data\processed\material_deepfashion\Denim\WOMEN-Blouses_Shirts-id_00002140-02_3_back.jpg,Denim,The female is wearing a long-sleeve sweater with stripe patterns. The sweater is with chiffon fabric. The shorts the female wears is of three-point le,,LOW,00002140-02,train,caption does not support assigned label
Backend\data\processed\material_deepfashion\Denim\WOMEN-Blouses_Shirts-id_00002218-01_7_additional.jpg,Denim,The shirt this lady wears has long sleeves and it is with chiffon fabric and solid color patterns. The neckline of the shirt is v-shape. This lady wea,,LOW,00002218-01,train,caption does not support assigned label
Backend\data\processed\material_deepfashion\Denim\WOMEN-Blouses_Shirts-id_00002351-02_2_side.jpg,Denim,"The upper clothing has no sleeves, chiffon fabric and graphic patterns. The neckline of it is suspenders. The lower clothing is of three-point length.",,LOW,00002351-02,test,caption does not support assigned label
Backend\data\processed\material_deepfashion\Denim\WOMEN-Blouses_Shirts-id_00002351-02_7_additional.jpg,Denim,This woman is wearing a sleeveless tank shirt with graphic patterns. The tank shirt is with chiffon fabric. The shorts this woman wears is of three-po,,LOW,00002351-02,test,caption does not support assigned label
Backend\data\processed\material_deepfashion\Denim\WOMEN-Blouses_Shirts-id_00002436-02_4_full.jpg,Denim,"Her shirt has medium sleeves, chiffon fabric and floral patterns. It has a square neckline. The pants the female wears is of long length. The pants ar",,LOW,00002436-02,train,caption does not support assigned label
Backend\data\processed\material_deepfashion\Denim\WOMEN-Blouses_Shirts-id_00002546-02_1_front.jpg,Denim,This female wears a tank tank shirt with graphic patterns and a three-point pants. The tank shirt is with chiffon fabric. The neckline of the tank shi,,LOW,00002546-02,validation,caption does not support assigned label
Backend\data\processed\material_deepfashion\Denim\WOMEN-Blouses_Shirts-id_00002546-02_4_full.jpg,Denim,This person is wearing a tank tank shirt with graphic patterns. The tank shirt is with chiffon fabric and its neckline is v-shape. This person wears a,,LOW,00002546-02,validation,caption does not support assigned label
Backend\data\processed\material_deepfashion\Denim\WOMEN-Blouses_Shirts-id_00002616-06_1_front.jpg,Denim,This female is wearing a tank tank top with floral patterns. The tank top is with chiffon fabric. It has a suspenders neckline. The pants this female ,,LOW,00002616-06,test,caption does not support assigned label
Backend\data\processed\material_deepfashion\Denim\WOMEN-Blouses_Shirts-id_00002649-01_2_side.jpg,Denim,This lady is wearing a long-sleeve shirt with pure color patterns. The shirt is with chiffon fabric. It has a lapel neckline. This lady wears a three-,,LOW,00002649-01,validation,caption does not support assigned label
Backend\data\processed\material_deepfashion\Denim\WOMEN-Blouses_Shirts-id_00002703-04_1_front.jpg,Denim,"The tank shirt this person wears has no sleeves, its fabric is chiffon, and it has solid color patterns. The tank shirt has a round neckline. This per",,LOW,00002703-04,train,caption does not support assigned label
Backend\data\processed\material_deepfashion\Denim\WOMEN-Blouses_Shirts-id_00002704-05_4_full.jpg,Denim,This person is wearing a sleeveless tank shirt with graphic patterns. The tank shirt is with chiffon fabric and its neckline is crew. The pants this p,,LOW,00002704-05,train,caption does not support assigned label
Backend\data\processed\material_deepfashion\Denim\WOMEN-Blouses_Shirts-id_00002771-02_4_full.jpg,Denim,This lady is wearing a short-sleeve T-shirt with graphic patterns and a long trousers. The T-shirt is with chiffon fabric and its neckline is round. T,,LOW,00002771-02,train,caption does not support assigned label
Backend\data\processed\material_deepfashion\Denim\WOMEN-Blouses_Shirts-id_00002772-01_4_full.jpg,Denim,This woman wears a sleeveless tank shirt with graphic patterns. The tank shirt is with chiffon fabric. It has a round neckline. This woman wears a thr,,LOW,00002772-01,train,caption does not support assigned label
Backend\data\processed\material_deepfashion\Denim\WOMEN-Blouses_Shirts-id_00002772-01_7_additional.jpg,Denim,"The tank shirt this female wears has sleeves cut off, its fabric is chiffon, and it has graphic patterns. The tank shirt has a crew neckline. This fem",,LOW,00002772-01,train,caption does not support assigned label
Backend\data\processed\material_deepfashion\Denim\WOMEN-Blouses_Shirts-id_00002900-01_4_full.jpg,Denim,"The upper clothing has no sleeves, chiffon fabric and solid color patterns. The neckline of it is lapel. The lower clothing is of long length. The fab",,LOW,00002900-01,train,caption does not support assigned label
Backend\data\processed\material_deepfashion\Denim\WOMEN-Blouses_Shirts-id_00002959-02_1_front.jpg,Denim,"The upper clothing has sleeves cut off, chiffon fabric and graphic patterns. It has a suspenders neckline. The lower clothing is of three-point length",,LOW,00002959-02,train,caption does not support assigned label
Backend\data\processed\material_deepfashion\Denim\WOMEN-Blouses_Shirts-id_00002972-01_4_full.jpg,Denim,The tank top this lady wears has no sleeves and it is with knitting fabric and graphic patterns. The neckline of the tank top is crew. This lady wears,,LOW,00002972-01,train,caption does not support assigned label
Backend\data\processed\material_deepfashion\Denim\WOMEN-Blouses_Shirts-id_00003230-02_3_back.jpg,Denim,This woman wears a long-sleeve shirt with graphic patterns. The shirt is with chiffon fabric. The shorts this woman wears is of three-point length. Th,,LOW,00003230-02,train,caption does not support assigned label
Backend\data\processed\material_deepfashion\Denim\WOMEN-Blouses_Shirts-id_00003298-04_1_front.jpg,Denim,The lady is wearing a sleeveless tank top with solid color patterns and a three-point pants. The tank top is with chiffon fabric and its neckline is c,,LOW,00003298-04,test,caption does not support assigned label
Backend\data\processed\material_deepfashion\Denim\WOMEN-Blouses_Shirts-id_00003364-03_2_side.jpg,Denim,"Her tank shirt has no sleeves, chiffon fabric and floral patterns. It has a suspenders neckline. The person wears a three-point pants. The pants are w",,LOW,00003364-03,train,caption does not support assigned label
Backend\data\processed\material_deepfashion\Denim\WOMEN-Blouses_Shirts-id_00003814-05_4_full.jpg,Denim,This woman is wearing a sleeveless tank shirt with pure color patterns. The tank shirt is with chiffon fabric. It has a crew neckline. This woman wear,,LOW,00003814-05,validation,caption does not support assigned label
Backend\data\processed\material_deepfashion\Denim\WOMEN-Blouses_Shirts-id_00003820-02_1_front.jpg,Denim,This woman is wearing a long-sleeve shirt with graphic patterns. The shirt is with chiffon fabric and its neckline is v-shape. This woman wears a thre,,LOW,00003820-02,test,caption does not support assigned label
Backend\data\processed\material_deepfashion\Denim\WOMEN-Blouses_Shirts-id_00003820-02_4_full.jpg,Denim,This woman is wearing a long-sleeve sweater with graphic patterns. The sweater is with chiffon fabric. It has a v-shape neckline. This woman wears a t,,LOW,00003820-02,test,caption does not support assigned label
Backend\data\processed\material_deepfashion\Denim\WOMEN-Blouses_Shirts-id_00003822-03_1_front.jpg,Denim,The female is wearing a tank tank shirt with solid color patterns. The tank shirt is with chiffon fabric. It has a round neckline. The pants the femal,,LOW,00003822-03,train,caption does not support assigned label
Backend\data\processed\material_deepfashion\Denim\WOMEN-Blouses_Shirts-id_00003822-04_1_front.jpg,Denim,The female is wearing a sleeveless tank shirt with solid color patterns. The tank shirt is with chiffon fabric. It has a round neckline. The female we,,LOW,00003822-04,train,caption does not support assigned label
Backend\data\processed\material_deepfashion\Denim\WOMEN-Blouses_Shirts-id_00003900-05_4_full.jpg,Denim,This person is wearing a tank tank top with graphic patterns and a long pants. The tank top is with chiffon fabric and its neckline is suspenders. The,,LOW,00003900-05,train,caption does not support assigned label
Backend\data\processed\material_deepfashion\Denim\WOMEN-Blouses_Shirts-id_00003927-06_4_full.jpg,Denim,"Her shirt has long sleeves, chiffon fabric and solid color patterns. It has a lapel neckline. This female wears a long trousers. The trousers are with",,LOW,00003927-06,train,caption does not support assigned label
Backend\data\processed\material_deepfashion\Denim\WOMEN-Blouses_Shirts-id_00003927-07_4_full.jpg,Denim,The female is wearing a long-sleeve shirt with pure color patterns. The shirt is with chiffon fabric. It has a lapel neckline. The female wears a long,,LOW,00003927-07,train,caption does not support assigned label
Backend\data\processed\material_deepfashion\Denim\WOMEN-Blouses_Shirts-id_00004157-01_7_additional.jpg,Denim,This lady is wearing a tank tank shirt with pure color patterns. The tank shirt is with chiffon fabric and its neckline is crew. The pants this lady w,,LOW,00004157-01,train,caption does not support assigned label
Backend\data\processed\material_deepfashion\Denim\WOMEN-Blouses_Shirts-id_00004224-02_4_full.jpg,Denim,"Her tank top has no sleeves, chiffon fabric and graphic patterns. The neckline of it is round. The lady wears a long trousers. The trousers are with d",,LOW,00004224-02,test,caption does not support assigned label
Backend\data\processed\material_deepfashion\Denim\WOMEN-Blouses_Shirts-id_00004274-04_4_full.jpg,Denim,This woman is wearing a tank tank shirt with graphic patterns and a long trousers. The tank shirt is with chiffon fabric and its neckline is suspender,,LOW,00004274-04,train,caption does not support assigned label
Backend\data\processed\material_deepfashion\Denim\WOMEN-Blouses_Shirts-id_00004277-03_1_front.jpg,Denim,"Her shirt has medium sleeves, chiffon fabric and graphic patterns. The neckline of it is square. The female wears a three-point shorts. The shorts are",,LOW,00004277-03,train,caption does not support assigned label
Backend\data\processed\material_deepfashion\Denim\WOMEN-Blouses_Shirts-id_00004277-03_2_side.jpg,Denim,"Her shirt has medium sleeves, chiffon fabric and graphic patterns. The neckline of it is square. The shorts this person wears is of three-point length",,LOW,00004277-03,train,caption does not support assigned label
Backend\data\processed\material_deepfashion\Denim\WOMEN-Blouses_Shirts-id_00004356-03_4_full.jpg,Denim,The shirt the person wears has medium sleeves and it is with chiffon fabric and graphic patterns. The neckline of the shirt is crew. The person wears ,,LOW,00004356-03,train,caption does not support assigned label
Backend\data\processed\material_deepfashion\Denim\WOMEN-Blouses_Shirts-id_00004425-01_1_front.jpg,Denim,This person is wearing a sleeveless tank top with graphic patterns and a three-point shorts. The tank top is with chiffon fabric. The neckline of the ,,LOW,00004425-01,train,caption does not support assigned label
Backend\data\processed\material_deepfashion\Denim\WOMEN-Blouses_Shirts-id_00004425-01_4_full.jpg,Denim,This woman is wearing a tank tank top with graphic patterns and a three-point pants. The tank top is with chiffon fabric and its neckline is crew. The,,LOW,00004425-01,train,caption does not support assigned label
Backend\data\processed\material_deepfashion\Denim\WOMEN-Blouses_Shirts-id_00004433-01_2_side.jpg,Denim,This woman wears a tank tank top with graphic patterns. The tank top is with knitting fabric. It has a suspenders neckline. This woman wears a three-p,,LOW,00004433-01,validation,caption does not support assigned label
Backend\data\processed\material_deepfashion\Denim\WOMEN-Blouses_Shirts-id_00004433-02_1_front.jpg,Denim,"The tank shirt this woman wears has no sleeves, its fabric is knitting, and it has graphic patterns. The tank shirt has a suspenders neckline. This wo",,LOW,00004433-02,train,caption does not support assigned label
Backend\data\processed\material_deepfashion\Denim\WOMEN-Blouses_Shirts-id_00004433-02_4_full.jpg,Denim,"Her tank top has no sleeves, knitting fabric and graphic patterns. It has a suspenders neckline. This lady wears a three-point pants. The pants are wi",,LOW,00004433-02,train,caption does not support assigned label
Backend\data\processed\material_deepfashion\Denim\WOMEN-Blouses_Shirts-id_00004433-02_7_additional.jpg,Denim,"The tank shirt this person wears has no sleeves, its fabric is knitting, and it has graphic patterns. This person wears a three-point pants, with deni",,LOW,00004433-02,train,caption does not support assigned label
Backend\data\processed\material_deepfashion\Denim\WOMEN-Blouses_Shirts-id_00004479-02_2_side.jpg,Denim,"Her T-shirt has short sleeves, other fabric and other patterns. It has a crew neckline. The pants the person wears is of long length. The pants are wi",,LOW,00004479-02,validation,caption does not support assigned label
Backend\data\processed\material_deepfashion\Denim\WOMEN-Blouses_Shirts-id_00004491-07_1_front.jpg,Denim,The person wears a sleeveless tank top with solid color patterns and a three-point shorts. The tank top is with chiffon fabric and its neckline is sus,,LOW,00004491-07,train,caption does not support assigned label
Backend\data\processed\material_deepfashion\Denim\WOMEN-Blouses_Shirts-id_00004491-08_3_back.jpg,Denim,This woman is wearing a sleeveless tank shirt with solid color patterns. The tank shirt is with chiffon fabric. The shorts this woman wears is of thre,,LOW,00004491-08,validation,caption does not support assigned label
Backend\data\processed\material_deepfashion\Denim\WOMEN-Blouses_Shirts-id_00004491-08_7_additional.jpg,Denim,"Her tank top has sleeves cut off, chiffon fabric and solid color patterns. The neckline of it is suspenders. The female wears a three-point pants. The",,LOW,00004491-08,validation,caption does not support assigned label
Backend\data\processed\material_deepfashion\Denim\WOMEN-Blouses_Shirts-id_00004617-03_4_full.jpg,Denim,The shirt the lady wears has short sleeves and its fabric is chiffon. The pattern of it is solid color. It has a round neckline. The lady wears a long,,LOW,00004617-03,train,caption does not support assigned label
Backend\data\processed\material_deepfashion\Denim\WOMEN-Blouses_Shirts-id_00004617-04_4_full.jpg,Denim,"The T-shirt the lady wears has short sleeves, its fabric is chiffon, and it has pure color patterns. The T-shirt has a round neckline. The lady wears ",,LOW,00004617-04,train,caption does not support assigned label
Backend\data\processed\material_deepfashion\Denim\WOMEN-Blouses_Shirts-id_00004687-04_4_full.jpg,Denim,This lady is wearing a sleeveless tank top with graphic patterns and a long trousers. The tank top is with chiffon fabric. The neckline of the tank to,,LOW,00004687-04,train,caption does not support assigned label
Backend\data\processed\material_deepfashion\Denim\WOMEN-Blouses_Shirts-id_00004693-03_1_front.jpg,Denim,"Her shirt has short sleeves, chiffon fabric and solid color patterns. The neckline of it is v-shape. The person wears a three-point shorts. The shorts",,LOW,00004693-03,train,caption does not support assigned label
Backend\data\processed\material_deepfashion\Denim\WOMEN-Blouses_Shirts-id_00004693-04_1_front.jpg,Denim,The T-shirt the lady wears has short sleeves and it is with chiffon fabric and pure color patterns. The neckline of the T-shirt is v-shape. The lady w,,LOW,00004693-04,train,caption does not support assigned label
Backend\data\processed\material_deepfashion\Denim\WOMEN-Blouses_Shirts-id_00004693-04_4_full.jpg,Denim,The lady wears a short-sleeve shirt with pure color patterns. The shirt is with chiffon fabric. It has a v-shape neckline. The shorts the lady wears i,,LOW,00004693-04,train,caption does not support assigned label
Backend\data\processed\material_deepfashion\Denim\WOMEN-Blouses_Shirts-id_00004760-02_2_side.jpg,Denim,"The upper clothing has short sleeves, chiffon fabric and floral patterns. It has a v-shape neckline. The lower clothing is of three-point length. The ",,LOW,00004760-02,train,caption does not support assigned label
Backend\data\processed\material_deepfashion\Denim\WOMEN-Blouses_Shirts-id_00004760-02_4_full.jpg,Denim,The T-shirt the person wears has short sleeves and it is with chiffon fabric and floral patterns. The neckline of the T-shirt is v-shape. The person w,,LOW,00004760-02,train,caption does not support assigned label
Backend\data\processed\material_deepfashion\Denim\WOMEN-Blouses_Shirts-id_00004839-02_1_front.jpg,Denim,The sweater this lady wears has long sleeves and it is with chiffon fabric and pure color patterns. The neckline of the sweater is v-shape. This lady ,,LOW,00004839-02,train,caption does not support assigned label
Backend\data\processed\material_deepfashion\Denim\WOMEN-Blouses_Shirts-id_00004839-02_3_back.jpg,Denim,The female is wearing a long-sleeve shirt with pure color patterns. The shirt is with chiffon fabric. The pants the female wears is of three-point len,,LOW,00004839-02,train,caption does not support assigned label
Backend\data\processed\material_deepfashion\Denim\WOMEN-Blouses_Shirts-id_00004839-02_7_additional.jpg,Denim,This woman is wearing a long-sleeve sweater with solid color patterns and a three-point shorts. The sweater is with chiffon fabric. The neckline of th,,LOW,00004839-02,train,caption does not support assigned label
Backend\data\processed\material_deepfashion\Denim\WOMEN-Blouses_Shirts-id_00004893-03_3_back.jpg,Denim,"The tank top this woman wears has sleeves cut off, its fabric is chiffon, and it has graphic patterns. This woman wears a three-point pants, with deni",,LOW,00004893-03,train,caption does not support assigned label
Backend\data\processed\material_deepfashion\Denim\WOMEN-Blouses_Shirts-id_00004897-05_4_full.jpg,Denim,This person is wearing a tank tank shirt with solid color patterns. The tank shirt is with chiffon fabric and its neckline is suspenders. The pants th,,LOW,00004897-05,train,caption does not support assigned label
Backend\data\processed\material_deepfashion\Denim\WOMEN-Blouses_Shirts-id_00004897-05_7_additional.jpg,Denim,This woman wears a tank tank top with solid color patterns. The tank top is with chiffon fabric. The shorts this woman wears is of three-point length.,,LOW,00004897-05,train,caption does not support assigned label
Backend\data\processed\material_deepfashion\Denim\WOMEN-Blouses_Shirts-id_00004897-07_4_full.jpg,Denim,"Her tank top has no sleeves, chiffon fabric and solid color patterns. The neckline of it is suspenders. The shorts this lady wears is of three-point l",,LOW,00004897-07,train,caption does not support assigned label
Backend\data\processed\material_deepfashion\Denim\WOMEN-Blouses_Shirts-id_00004897-08_3_back.jpg,Denim,The lady is wearing a tank tank shirt with pure color patterns and a three-point shorts. The tank shirt is with chiffon fabric. The shorts are with de,,LOW,00004897-08,train,caption does not support assigned label
Backend\data\processed\material_deepfashion\Denim\WOMEN-Blouses_Shirts-id_00004921-02_3_back.jpg,Denim,The female is wearing a tank tank shirt with graphic patterns. The tank shirt is with chiffon fabric. The female wears a three-point shorts. The short,,LOW,00004921-02,train,caption does not support assigned label
Backend\data\processed\material_deepfashion\Denim\WOMEN-Blouses_Shirts-id_00004921-02_4_full.jpg,Denim,"The upper clothing has no sleeves, chiffon fabric and graphic patterns. It has a suspenders neckline. The lower clothing is of three-point length. The",,LOW,00004921-02,train,caption does not support assigned label
Backend\data\processed\material_deepfashion\Denim\WOMEN-Blouses_Shirts-id_00004921-04_2_side.jpg,Denim,The tank shirt this woman wears has no sleeves and it is with chiffon fabric and graphic patterns. The neckline of the tank shirt is suspenders. This ,,LOW,00004921-04,train,caption does not support assigned label
Backend\data\processed\material_deepfashion\Denim\WOMEN-Blouses_Shirts-id_00004921-04_4_full.jpg,Denim,The tank shirt the female wears has no sleeves and its fabric is chiffon. The pattern of it is graphic. It has a suspenders neckline. The female wears,,LOW,00004921-04,train,caption does not support assigned label
Backend\data\processed\material_deepfashion\Denim\WOMEN-Blouses_Shirts-id_00004960-02_7_additional.jpg,Denim,The lady wears a tank tank top with graphic patterns. The tank top is with chiffon fabric. The pants the lady wears is of three-point length. The pant,,LOW,00004960-02,train,caption does not support assigned label
Backend\data\processed\material_deepfashion\Denim\WOMEN-Blouses_Shirts-id_00004963-01_3_back.jpg,Denim,This woman wears a tank tank top with solid color patterns. The tank top is with chiffon fabric. The pants this woman wears is of three-point length. ,,LOW,00004963-01,train,caption does not support assigned label
Backend\data\processed\material_deepfashion\Denim\WOMEN-Blouses_Shirts-id_00004972-01_4_full.jpg,Denim,The lady wears a sleeveless tank shirt with solid color patterns and three-quarter trousers. The tank shirt is with chiffon fabric and it has a v-shap,,LOW,00004972-01,validation,caption does not support assigned label
Backend\data\processed\material_deepfashion\Denim\WOMEN-Blouses_Shirts-id_00004977-02_4_full.jpg,Denim,"The upper clothing has sleeves cut off, chiffon fabric and graphic patterns. It has a suspenders neckline. The lower clothing is of three-point length",,LOW,00004977-02,train,caption does not support assigned label
Backend\data\processed\material_deepfashion\Denim\WOMEN-Blouses_Shirts-id_00004977-03_1_front.jpg,Denim,This female wears a sleeveless tank top with graphic patterns and three-point shorts. The tank top is with chiffon fabric and it has a suspenders neck,,LOW,00004977-03,test,caption does not support assigned label
Backend\data\processed\material_deepfashion\Denim\WOMEN-Blouses_Shirts-id_00004977-03_4_full.jpg,Denim,This person is wearing a sleeveless tank shirt with graphic patterns. The tank shirt is with chiffon fabric. It has a suspenders neckline. This person,,LOW,00004977-03,test,caption does not support assigned label
Backend\data\processed\material_deepfashion\Denim\WOMEN-Blouses_Shirts-id_00005045-02_1_front.jpg,Denim,This woman wears a sleeveless tank top with graphic patterns. The tank top is with chiffon fabric. The shorts this woman wears is of three-point lengt,,LOW,00005045-02,validation,caption does not support assigned label
Backend\data\processed\material_deepfashion\Denim\WOMEN-Blouses_Shirts-id_00005045-02_2_side.jpg,Denim,This person is wearing a tank tank shirt with graphic patterns. The tank shirt is with chiffon fabric. The pants this person wears is of three-point l,,LOW,00005045-02,validation,caption does not support assigned label
Backend\data\processed\material_deepfashion\Denim\WOMEN-Blouses_Shirts-id_00005060-01_7_additional.jpg,Denim,The female is wearing a sleeveless tank shirt with solid color patterns. The tank shirt is with chiffon fabric and its neckline is round. The trousers,,LOW,00005060-01,train,caption does not support assigned label
Backend\data\processed\material_deepfashion\Denim\WOMEN-Blouses_Shirts-id_00005105-02_1_front.jpg,Denim,"Her tank top has no sleeves, chiffon fabric and graphic patterns. It has a suspenders neckline. The pants this lady wears is of three-point length. Th",,LOW,00005105-02,test,caption does not support assigned label
Backend\data\processed\material_deepfashion\Denim\WOMEN-Blouses_Shirts-id_00005105-02_4_full.jpg,Denim,"The upper clothing has sleeves cut off, chiffon fabric and graphic patterns. It has a suspenders neckline. The lower clothing is of three-point length",,LOW,00005105-02,test,caption does not support assigned label
Backend\data\processed\material_deepfashion\Denim\WOMEN-Blouses_Shirts-id_00005194-01_4_full.jpg,Denim,"The upper clothing has long sleeves, chiffon fabric and graphic patterns. The neckline of it is v-shape. The lower clothing is of three-quarter length",,LOW,00005194-01,train,caption does not support assigned label
Backend\data\processed\material_deepfashion\Denim\WOMEN-Blouses_Shirts-id_00005274-06_1_front.jpg,Denim,"Her shirt has medium sleeves, chiffon fabric and pure color patterns. It has a v-shape neckline. The person wears a long trousers. The trousers are wi",,LOW,00005274-06,train,caption does not support assigned label
Backend\data\processed\material_deepfashion\Denim\WOMEN-Blouses_Shirts-id_00005306-05_4_full.jpg,Denim,"Her shirt has long sleeves, chiffon fabric and pure color patterns. It has a round neckline. The person wears a three-point shorts. The shorts are wit",,LOW,00005306-05,train,caption does not support assigned label
Backend\data\processed\material_deepfashion\Denim\WOMEN-Blouses_Shirts-id_00005329-02_3_back.jpg,Denim,The person is wearing a sleeveless tank shirt with pure color patterns. The tank shirt is with chiffon fabric. The pants the person wears is of three-,,LOW,00005329-02,train,caption does not support assigned label
Backend\data\processed\material_deepfashion\Denim\WOMEN-Blouses_Shirts-id_00005466-09_4_full.jpg,Denim,This person wears a tank tank top with solid color patterns and a long pants. The tank top is with chiffon fabric. The neckline of the tank top is sus,,LOW,00005466-09,validation,caption does not support assigned label
Backend\data\processed\material_deepfashion\Denim\WOMEN-Blouses_Shirts-id_00005500-02_7_additional.jpg,Denim,This female is wearing a sleeveless tank shirt with floral patterns. The tank shirt is with chiffon fabric. This female wears a three-point shorts. Th,,LOW,00005500-02,train,caption does not support assigned label
Backend\data\processed\material_deepfashion\Denim\WOMEN-Blouses_Shirts-id_00005593-03_7_additional.jpg,Denim,The tank top the lady wears has sleeves cut off and its fabric is chiffon. The pattern of it is graphic. It has a crew neckline. The lady wears a long,,LOW,00005593-03,train,caption does not support assigned label
Backend\data\processed\material_deepfashion\Denim\WOMEN-Blouses_Shirts-id_00005619-01_1_front.jpg,Denim,This woman is wearing a tank tank shirt with graphic patterns and a three-point shorts. The tank shirt is with chiffon fabric. The neckline of the tan,,LOW,00005619-01,train,caption does not support assigned label
Backend\data\processed\material_deepfashion\Denim\WOMEN-Blouses_Shirts-id_00005619-01_4_full.jpg,Denim,This female wears a sleeveless tank top with graphic patterns and a three-point pants. The tank top is with chiffon fabric. The neckline of the tank t,,LOW,00005619-01,train,caption does not support assigned label
Backend\data\processed\material_deepfashion\Denim\WOMEN-Blouses_Shirts-id_00005619-03_1_front.jpg,Denim,This person is wearing a tank tank shirt with graphic patterns and a three-point shorts. The tank shirt is with chiffon fabric and its neckline is sus,,LOW,00005619-03,train,caption does not support assigned label
Backend\data\processed\material_deepfashion\Denim\WOMEN-Blouses_Shirts-id_00005620-03_2_side.jpg,Denim,This female is wearing a sleeveless tank top with floral patterns. The tank top is with chiffon fabric. This female wears a three-point shorts. The sh,,LOW,00005620-03,train,caption does not support assigned label
Backend\data\processed\material_deepfashion\Denim\WOMEN-Blouses_Shirts-id_00005620-04_4_full.jpg,Denim,This female is wearing a sleeveless tank top with floral patterns. The tank top is with chiffon fabric. It has a suspenders neckline. This female wear,,LOW,00005620-04,validation,caption does not support assigned label
Backend\data\processed\material_deepfashion\Denim\WOMEN-Blouses_Shirts-id_00005696-02_7_additional.jpg,Denim,"Her sweater has long sleeves, chiffon fabric and pure color patterns. It has a v-shape neckline. The lady wears a long trousers. The trousers are with",,LOW,00005696-02,train,caption does not support assigned label
Backend\data\processed\material_deepfashion\Denim\WOMEN-Blouses_Shirts-id_00005726-01_2_side.jpg,Denim,The person is wearing a medium-sleeve shirt with graphic patterns. The shirt is with chiffon fabric and its neckline is v-shape. The shorts the person,,LOW,00005726-01,train,caption does not support assigned label
Backend\data\processed\material_deepfashion\Denim\WOMEN-Blouses_Shirts-id_00005726-02_1_front.jpg,Denim,This woman is wearing a medium-sleeve shirt with graphic patterns. The shirt is with chiffon fabric and its neckline is v-shape. This woman wears a th,,LOW,00005726-02,train,caption does not support assigned label
Backend\data\processed\material_deepfashion\Denim\WOMEN-Blouses_Shirts-id_00005726-02_2_side.jpg,Denim,The lady wears a medium-sleeve shirt with graphic patterns. The shirt is with chiffon fabric. It has a v-shape neckline. The lady wears a three-point ,,LOW,00005726-02,train,caption does not support assigned label
Backend\data\processed\material_deepfashion\Denim\WOMEN-Blouses_Shirts-id_00005774-03_4_full.jpg,Denim,"Her shirt has long sleeves, chiffon fabric and solid color patterns. The neckline of it is crew. The pants this female wears is of long length. The pa",,LOW,00005774-03,train,caption does not support assigned label
Backend\data\processed\material_deepfashion\Denim\WOMEN-Blouses_Shirts-id_00005823-01_7_additional.jpg,Denim,The lady wears a short-sleeve shirt with graphic patterns and a long pants. The shirt is with chiffon fabric. The neckline of the shirt is round. The ,,LOW,00005823-01,test,caption does not support assigned label
Backend\data\processed\material_deepfashion\Denim\WOMEN-Blouses_Shirts-id_00005886-03_7_additional.jpg,Denim,"Her tank top has no sleeves, chiffon fabric and graphic patterns. The neckline of it is suspenders. The female wears a three-point pants. The pants ar",,LOW,00005886-03,train,caption does not support assigned label
Backend\data\processed\material_deepfashion\Denim\WOMEN-Blouses_Shirts-id_00005909-02_7_additional.jpg,Denim,"The upper clothing has sleeves cut off, chiffon fabric and graphic patterns. The neckline of it is lapel. The lower clothing is of long length. The fa",,LOW,00005909-02,train,caption does not support assigned label
Backend\data\processed\material_deepfashion\Denim\WOMEN-Blouses_Shirts-id_00005926-01_4_full.jpg,Denim,"Her T-shirt has short sleeves, chiffon fabric and graphic patterns. The neckline of it is v-shape. This woman wears a three-point pants. The pants are",,LOW,00005926-01,train,caption does not support assigned label
Backend\data\processed\material_deepfashion\Denim\WOMEN-Blouses_Shirts-id_00005942-02_4_full.jpg,Denim,The shirt this person wears has short sleeves and its fabric is chiffon. The pattern of it is graphic. It has a v-shape neckline. This person wears a ,,LOW,00005942-02,train,caption does not support assigned label
Backend\data\processed\material_deepfashion\Denim\WOMEN-Blouses_Shirts-id_00005957-03_4_full.jpg,Denim,The person wears a short-sleeve T-shirt with pure color patterns and long trousers. The T-shirt is with chiffon fabric and it has a round neckline. Th,,LOW,00005957-03,train,caption does not support assigned label
Backend\data\processed\material_deepfashion\Denim\WOMEN-Blouses_Shirts-id_00005972-02_2_side.jpg,Denim,This person is wearing a tank tank top with graphic patterns. The tank top is with chiffon fabric and its neckline is round. The shorts this person we,,LOW,00005972-02,test,caption does not support assigned label
Backend\data\processed\material_deepfashion\Denim\WOMEN-Blouses_Shirts-id_00006016-02_3_back.jpg,Denim,This lady wears a sleeveless tank top with pure color patterns. The tank top is with chiffon fabric. The shorts this lady wears is of three-point leng,,LOW,00006016-02,train,caption does not support assigned label
Backend\data\processed\material_deepfashion\Denim\WOMEN-Blouses_Shirts-id_00006016-02_7_additional.jpg,Denim,The person wears a tank tank shirt with solid color patterns. The tank shirt is with chiffon fabric. The person wears a three-point pants. The pants a,,LOW,00006016-02,train,caption does not support assigned label
Backend\data\processed\material_deepfashion\Denim\WOMEN-Blouses_Shirts-id_00006211-02_1_front.jpg,Denim,"Her shirt has short sleeves, chiffon fabric and graphic patterns. The neckline of it is crew. The pants the lady wears is of three-point length. The p",,LOW,00006211-02,train,caption does not support assigned label
Backend\data\processed\material_deepfashion\Denim\WOMEN-Blouses_Shirts-id_00006211-02_3_back.jpg,Denim,The person wears a short-sleeve shirt with graphic patterns. The shirt is with chiffon fabric. The person wears a three-point pants. The pants are wit,,LOW,00006211-02,train,caption does not support assigned label
Backend\data\processed\material_deepfashion\Denim\WOMEN-Blouses_Shirts-id_00006285-02_1_front.jpg,Denim,This woman wears a sleeveless tank top with graphic patterns and three-point pants. The tank top is with chiffon fabric and it has a suspenders neckli,,LOW,00006285-02,train,caption does not support assigned label
Backend\data\processed\material_deepfashion\Denim\WOMEN-Blouses_Shirts-id_00006308-01_1_front.jpg,Denim,"The upper clothing has sleeves cut off, knitting fabric and solid color patterns. It has a crew neckline. The lower clothing is of three-point length.",,LOW,00006308-01,test,caption does not support assigned label
Backend\data\processed\material_deepfashion\Denim\WOMEN-Blouses_Shirts-id_00006308-01_2_side.jpg,Denim,The person wears a sleeveless tank top with solid color patterns. The tank top is with knitting fabric. The person wears a three-point pants. The pant,,LOW,00006308-01,test,caption does not support assigned label
Backend\data\processed\material_deepfashion\Denim\WOMEN-Blouses_Shirts-id_00006350-03_1_front.jpg,Denim,The shirt this woman wears has short sleeves and its fabric is chiffon. The pattern of it is graphic. It has a round neckline. This woman wears a thre,,LOW,00006350-03,train,caption does not support assigned label
Backend\data\processed\material_deepfashion\Denim\WOMEN-Blouses_Shirts-id_00006354-02_4_full.jpg,Denim,The person is wearing a long-sleeve shirt with pure color patterns. The shirt is with chiffon fabric and its neckline is v-shape. The person wears a l,,LOW,00006354-02,train,caption does not support assigned label
Backend\data\processed\material_deepfashion\Denim\WOMEN-Blouses_Shirts-id_00006372-01_7_additional.jpg,Denim,This female wears a long-sleeve shirt with graphic patterns. The shirt is with chiffon fabric. The shorts this female wears is of three-point length. ,,LOW,00006372-01,train,caption does not support assigned label
Backend\data\processed\material_deepfashion\Denim\WOMEN-Blouses_Shirts-id_00006389-07_3_back.jpg,Denim,This person wears a long-sleeve sweater with solid color patterns. The sweater is with chiffon fabric. The pants this person wears is of three-point l,,LOW,00006389-07,train,caption does not support assigned label
Backend\data\processed\material_deepfashion\Denim\WOMEN-Blouses_Shirts-id_00006466-05_4_full.jpg,Denim,"The upper clothing has sleeves cut off, chiffon fabric and solid color patterns. The neckline of it is suspenders. The lower clothing is of long lengt",,LOW,00006466-05,test,caption does not support assigned label
Backend\data\processed\material_deepfashion\Denim\WOMEN-Blouses_Shirts-id_00006474-02_2_side.jpg,Denim,"The T-shirt this female wears has short sleeves and it is with chiffon fabric and pure color patterns. This female wears a three-point pants, with den",,LOW,00006474-02,train,caption does not support assigned label
Backend\data\processed\material_deepfashion\Denim\WOMEN-Blouses_Shirts-id_00006506-05_7_additional.jpg,Denim,This lady is wearing a short-sleeve shirt with solid color patterns. The shirt is with chiffon fabric and its neckline is lapel. The trousers this lad,,LOW,00006506-05,validation,caption does not support assigned label
Backend\data\processed\material_deepfashion\Denim\WOMEN-Blouses_Shirts-id_00006537-04_4_full.jpg,Denim,"Her shirt has long sleeves, chiffon fabric and graphic patterns. The neckline of it is lapel. This female wears a long trousers. The trousers are with",,LOW,00006537-04,train,caption does not support assigned label
Backend\data\processed\material_deepfashion\Denim\WOMEN-Blouses_Shirts-id_00006591-03_1_front.jpg,Denim,"Her tank shirt has sleeves cut off, chiffon fabric and graphic patterns. It has a suspenders neckline. The female wears a three-point shorts. The shor",,LOW,00006591-03,train,caption does not support assigned label
Backend\data\processed\material_deepfashion\Denim\WOMEN-Blouses_Shirts-id_00006591-03_2_side.jpg,Denim,The female wears a tank tank shirt with graphic patterns. The tank shirt is with chiffon fabric. The pants the female wears is of three-point length. ,,LOW,00006591-03,train,caption does not support assigned label
Backend\data\processed\material_deepfashion\Denim\WOMEN-Blouses_Shirts-id_00006606-05_4_full.jpg,Denim,"The upper clothing has no sleeves, chiffon fabric and solid color patterns. It has a round neckline. The lower clothing is of long length. The fabric ",,LOW,00006606-05,train,caption does not support assigned label
Backend\data\processed\material_deepfashion\Denim\WOMEN-Blouses_Shirts-id_00006662-02_4_full.jpg,Denim,This female wears a sleeveless tank top with graphic patterns and a three-point shorts. The tank top is with chiffon fabric and its neckline is lapel.,,LOW,00006662-02,train,caption does not support assigned label
Backend\data\processed\material_deepfashion\Denim\WOMEN-Blouses_Shirts-id_00006695-02_4_full.jpg,Denim,The female wears a long-sleeve shirt with solid color patterns and a long pants. The shirt is with chiffon fabric and its neckline is v-shape. The pan,,LOW,00006695-02,train,caption does not support assigned label
Backend\data\processed\material_deepfashion\Denim\WOMEN-Blouses_Shirts-id_00006744-02_4_full.jpg,Denim,"The upper clothing has no sleeves, chiffon fabric and graphic patterns. It has a square neckline. The lower clothing is of long length. The fabric is ",,LOW,00006744-02,train,caption does not support assigned label
Backend\data\processed\material_deepfashion\Denim\WOMEN-Blouses_Shirts-id_00006778-05_4_full.jpg,Denim,This person is wearing a tank tank shirt with pure color patterns. The tank shirt is with chiffon fabric. It has a round neckline. The trousers this p,,LOW,00006778-05,train,caption does not support assigned label
Backend\data\processed\material_deepfashion\Denim\WOMEN-Blouses_Shirts-id_00006806-01_4_full.jpg,Denim,"Her shirt has long sleeves, chiffon fabric and pure color patterns. The neckline of it is v-shape. This female wears a long pants. The pants are with ",,LOW,00006806-01,train,caption does not support assigned label
Backend\data\processed\material_deepfashion\Denim\WOMEN-Blouses_Shirts-id_00006821-03_1_front.jpg,Denim,This person wears a tank tank shirt with graphic patterns and a long pants. The tank shirt is with chiffon fabric and its neckline is suspenders. The ,,LOW,00006821-03,train,caption does not support assigned label
Backend\data\processed\material_deepfashion\Denim\WOMEN-Blouses_Shirts-id_00006927-02_1_front.jpg,Denim,The lady is wearing a sleeveless tank shirt with graphic patterns. The tank shirt is with chiffon fabric and its neckline is round. The shorts the lad,,LOW,00006927-02,train,caption does not support assigned label
Backend\data\processed\material_deepfashion\Denim\WOMEN-Blouses_Shirts-id_00006927-02_2_side.jpg,Denim,This female wears a sleeveless tank shirt with graphic patterns and a three-point pants. The tank shirt is with chiffon fabric. The neckline of the ta,,LOW,00006927-02,train,caption does not support assigned label
Backend\data\processed\material_deepfashion\Denim\WOMEN-Blouses_Shirts-id_00007011-04_3_back.jpg,Denim,This woman wears a sleeveless tank top with pure color patterns and a three-point shorts. The tank top is with chiffon fabric. The shorts are with den,,LOW,00007011-04,test,caption does not support assigned label
Backend\data\processed\material_deepfashion\Denim\WOMEN-Blouses_Shirts-id_00007011-07_1_front.jpg,Denim,This woman wears a tank tank shirt with pure color patterns and a three-point shorts. The tank shirt is with chiffon fabric. The neckline of the tank ,,LOW,00007011-07,train,caption does not support assigned label
Backend\data\processed\material_deepfashion\Denim\WOMEN-Blouses_Shirts-id_00007049-01_4_full.jpg,Denim,"Her tank shirt has sleeves cut off, chiffon fabric and graphic patterns. It has a suspenders neckline. The pants the person wears is of long length. T",,LOW,00007049-01,train,caption does not support assigned label
Backend\data\processed\material_deepfashion\Denim\WOMEN-Blouses_Shirts-id_00007091-04_4_full.jpg,Denim,"The upper clothing has long sleeves, chiffon fabric and solid color patterns. The neckline of it is lapel. The lower clothing is of long length. The f",,LOW,00007091-04,train,caption does not support assigned label
Backend\data\processed\material_deepfashion\Denim\WOMEN-Blouses_Shirts-id_00007161-02_1_front.jpg,Denim,The person wears a tank tank shirt with graphic patterns and a three-point pants. The tank shirt is with chiffon fabric. The neckline of the tank shir,,LOW,00007161-02,train,caption does not support assigned label
Backend\data\processed\material_deepfashion\Denim\WOMEN-Blouses_Shirts-id_00007196-03_4_full.jpg,Denim,The tank shirt the person wears has no sleeves and its fabric is chiffon. The pattern of it is pure color. It has a crew neckline. The person wears a ,,LOW,00007196-03,train,caption does not support assigned label
Backend\data\processed\material_deepfashion\Denim\WOMEN-Blouses_Shirts-id_00007196-05_4_full.jpg,Denim,The person is wearing a sleeveless tank shirt with pure color patterns and a three-quarter pants. The tank shirt is with chiffon fabric and its neckli,,LOW,00007196-05,validation,caption does not support assigned label
Backend\data\processed\material_deepfashion\Denim\WOMEN-Blouses_Shirts-id_00007201-02_4_full.jpg,Denim,This person wears a short-sleeve T-shirt with pure color patterns and a long pants. The T-shirt is with chiffon fabric and its neckline is crew. The p,,LOW,00007201-02,test,caption does not support assigned label
Backend\data\processed\material_deepfashion\Denim\WOMEN-Blouses_Shirts-id_00007227-02_1_front.jpg,Denim,This person is wearing a sleeveless tank top with graphic patterns. The tank top is with chiffon fabric and its neckline is suspenders. The pants this,,LOW,00007227-02,test,caption does not support assigned label
Backend\data\processed\material_deepfashion\Denim\WOMEN-Blouses_Shirts-id_00007261-06_7_additional.jpg,Denim,The female is wearing a long-sleeve sweater with graphic patterns and a long pants. The sweater is with chiffon fabric. The neckline of the sweater is,,LOW,00007261-06,test,caption does not support assigned label
Backend\data\processed\material_deepfashion\Denim\WOMEN-Blouses_Shirts-id_00007267-04_7_additional.jpg,Denim,The shirt this female wears has short sleeves and its fabric is chiffon. The pattern of it is solid color. It has a crew neckline. This female wears a,,LOW,00007267-04,train,caption does not support assigned label
Backend\data\processed\material_deepfashion\Denim\WOMEN-Blouses_Shirts-id_00007271-04_4_full.jpg,Denim,"Her shirt has long sleeves, chiffon fabric and graphic patterns. It has a v-shape neckline. The pants the person wears is of long length. The pants ar",,LOW,00007271-04,train,caption does not support assigned label
Backend\data\processed\material_deepfashion\Denim\WOMEN-Blouses_Shirts-id_00007303-01_3_back.jpg,Denim,This woman wears a long-sleeve shirt with pure color patterns. The shirt is with chiffon fabric. This woman wears a three-point pants. The pants are w,,LOW,00007303-01,test,caption does not support assigned label
Backend\data\processed\material_deepfashion\Denim\WOMEN-Blouses_Shirts-id_00007402-04_4_full.jpg,Denim,"Her shirt has long sleeves, chiffon fabric and graphic patterns. It has a lapel neckline. The pants this person wears is of three-point length. The pa",,LOW,00007402-04,validation,caption does not support assigned label
Backend\data\processed\material_deepfashion\Denim\WOMEN-Blouses_Shirts-id_00007407-02_1_front.jpg,Denim,This female is wearing a sleeveless tank shirt with graphic patterns. The tank shirt is with chiffon fabric and its neckline is suspenders. The pants ,,LOW,00007407-02,test,caption does not support assigned label
Backend\data\processed\material_deepfashion\Denim\WOMEN-Blouses_Shirts-id_00007410-01_1_front.jpg,Denim,The person is wearing a long-sleeve shirt with plaid patterns and a long pants. The shirt is with chiffon fabric. The neckline of the shirt is lapel. ,,LOW,00007410-01,train,caption does not support assigned label
Backend\data\processed\material_deepfashion\Denim\WOMEN-Blouses_Shirts-id_00007412-01_4_full.jpg,Denim,The female wears a long-sleeve sweater with graphic patterns and a three-point pants. The sweater is with chiffon fabric. The neckline of the sweater ,,LOW,00007412-01,train,caption does not support assigned label
Backend\data\processed\material_deepfashion\Denim\WOMEN-Blouses_Shirts-id_00007418-02_4_full.jpg,Denim,The shirt the female wears has medium sleeves and it is with chiffon fabric and graphic patterns. The neckline of the shirt is crew. The female wears ,,LOW,00007418-02,train,caption does not support assigned label
Backend\data\processed\material_deepfashion\Denim\WOMEN-Blouses_Shirts-id_00007432-03_4_full.jpg,Denim,"The upper clothing has medium sleeves, chiffon fabric and graphic patterns. It has a suspenders neckline. The lower clothing is of long length. The fa",,LOW,00007432-03,validation,caption does not support assigned label
Backend\data\processed\material_deepfashion\Denim\WOMEN-Blouses_Shirts-id_00007463-03_4_full.jpg,Denim,The person wears a sleeveless tank shirt with solid color patterns and a long trousers. The tank shirt is with chiffon fabric and its neckline is susp,,LOW,00007463-03,train,caption does not support assigned label
Backend\data\processed\material_deepfashion\Denim\WOMEN-Blouses_Shirts-id_00007465-01_2_side.jpg,Denim,This woman wears a long-sleeve shirt with graphic patterns. The shirt is with chiffon fabric. It has a crew neckline. The pants this woman wears is of,,LOW,00007465-01,train,caption does not support assigned label
Backend\data\processed\material_deepfashion\Denim\WOMEN-Blouses_Shirts-id_00007465-01_4_full.jpg,Denim,This woman is wearing a long-sleeve sweater with graphic patterns. The sweater is with chiffon fabric. It has a round neckline. The shorts this woman ,,LOW,00007465-01,train,caption does not support assigned label
Backend\data\processed\material_deepfashion\Denim\WOMEN-Blouses_Shirts-id_00007489-02_4_full.jpg,Denim,This female wears a medium-sleeve shirt with pure color patterns and a long pants. The shirt is with chiffon fabric and its neckline is crew. The pant,,LOW,00007489-02,validation,caption does not support assigned label
Backend\data\processed\material_deepfashion\Denim\WOMEN-Blouses_Shirts-id_00007489-03_4_full.jpg,Denim,The female wears a medium-sleeve shirt with solid color patterns. The shirt is with chiffon fabric. It has a round neckline. The female wears a long p,,LOW,00007489-03,test,caption does not support assigned label
Backend\data\processed\material_deepfashion\Denim\WOMEN-Blouses_Shirts-id_00007612-02_4_full.jpg,Denim,"The upper clothing has medium sleeves, chiffon fabric and solid color patterns. The neckline of it is round. The lower clothing is of long length. The",,LOW,00007612-02,validation,caption does not support assigned label
Backend\data\processed\material_deepfashion\Denim\WOMEN-Blouses_Shirts-id_00007619-03_3_back.jpg,Denim,"The tank top the female wears has sleeves cut off, its fabric is chiffon, and it has solid color patterns. The female wears a three-point shorts, with",,LOW,00007619-03,train,caption does not support assigned label
Backend\data\processed\material_deepfashion\Denim\WOMEN-Blouses_Shirts-id_00007619-03_7_additional.jpg,Denim,The person wears a sleeveless tank shirt with solid color patterns and a three-point shorts. The tank shirt is with chiffon fabric and its neckline is,,LOW,00007619-03,train,caption does not support assigned label
Backend\data\processed\material_deepfashion\Denim\WOMEN-Blouses_Shirts-id_00007619-04_1_front.jpg,Denim,"The upper clothing has sleeves cut off, chiffon fabric and solid color patterns. It has a round neckline. The lower clothing is of long length. The fa",,LOW,00007619-04,train,caption does not support assigned label
Backend\data\processed\material_deepfashion\Denim\WOMEN-Blouses_Shirts-id_00007638-02_1_front.jpg,Denim,"Her tank shirt has sleeves cut off, chiffon fabric and graphic patterns. It has a round neckline. The pants this person wears is of three-point length",,LOW,00007638-02,train,caption does not support assigned label
Backend\data\processed\material_deepfashion\Denim\WOMEN-Blouses_Shirts-id_00007678-02_4_full.jpg,Denim,"The upper clothing has short sleeves, chiffon fabric and floral patterns. It has a round neckline. The lower clothing is of long length. The fabric is",,LOW,00007678-02,validation,caption does not support assigned label
Backend\data\processed\material_deepfashion\Denim\WOMEN-Blouses_Shirts-id_00007702-03_7_additional.jpg,Denim,"The tank top this female wears has no sleeves, its fabric is chiffon, and it has solid color patterns. The tank top has a round neckline. This female ",,LOW,00007702-03,train,caption does not support assigned label
Backend\data\processed\material_deepfashion\Denim\WOMEN-Blouses_Shirts-id_00007749-02_1_front.jpg,Denim,"Her T-shirt has short sleeves, chiffon fabric and graphic patterns. It has a round neckline. The shorts the person wears is of three-point length. The",,LOW,00007749-02,validation,caption does not support assigned label
Backend\data\processed\material_deepfashion\Denim\WOMEN-Blouses_Shirts-id_00007749-02_3_back.jpg,Denim,The lady is wearing a sleeveless tank shirt with graphic patterns. The tank shirt is with chiffon fabric. The shorts the lady wears is of three-point ,,LOW,00007749-02,validation,caption does not support assigned label
Backend\data\processed\material_deepfashion\Denim\WOMEN-Blouses_Shirts-id_00007749-02_4_full.jpg,Denim,The lady is wearing a short-sleeve T-shirt with graphic patterns. The T-shirt is with chiffon fabric and its neckline is round. The lady wears a three,,LOW,00007749-02,validation,caption does not support assigned label
Backend\data\processed\material_deepfashion\Denim\WOMEN-Blouses_Shirts-id_00007773-02_1_front.jpg,Denim,The T-shirt this person wears has short sleeves and it is with chiffon fabric and floral patterns. The neckline of the T-shirt is round. This person w,,LOW,00007773-02,train,caption does not support assigned label
Backend\data\processed\material_deepfashion\Denim\WOMEN-Blouses_Shirts-id_00007773-04_4_full.jpg,Denim,The shirt the lady wears has short sleeves and its fabric is chiffon. The pattern of it is floral. It has a round neckline. The lady wears a three-poi,,LOW,00007773-04,train,caption does not support assigned label
Backend\data\processed\material_deepfashion\Denim\WOMEN-Blouses_Shirts-id_00007773-04_7_additional.jpg,Denim,The female wears a short-sleeve shirt with floral patterns. The shirt is with chiffon fabric. It has a crew neckline. The shorts the female wears is o,,LOW,00007773-04,train,caption does not support assigned label
Backend\data\processed\material_deepfashion\Denim\WOMEN-Blouses_Shirts-id_00007815-03_4_full.jpg,Denim,"The upper clothing has no sleeves, chiffon fabric and graphic patterns. The neckline of it is suspenders. The lower clothing is of three-point length.",,LOW,00007815-03,train,caption does not support assigned label
Backend\data\processed\material_deepfashion\Denim\WOMEN-Blouses_Shirts-id_00007830-04_4_full.jpg,Denim,"The upper clothing has no sleeves, chiffon fabric and floral patterns. The neckline of it is suspenders. The lower clothing is of long length. The fab",,LOW,00007830-04,test,caption does not support assigned label
Backend\data\processed\material_deepfashion\Denim\WOMEN-Blouses_Shirts-id_00007841-03_4_full.jpg,Denim,This woman wears a medium-sleeve shirt with solid color patterns and a long trousers. The shirt is with chiffon fabric and its neckline is round. The ,,LOW,00007841-03,train,caption does not support assigned label
Backend\data\processed\material_deepfashion\Denim\WOMEN-Blouses_Shirts-id_00007851-01_4_full.jpg,Denim,The lady is wearing a sleeveless tank shirt with floral patterns and a three-point pants. The tank shirt is with chiffon fabric and its neckline is la,,LOW,00007851-01,train,caption does not support assigned label
Backend\data\processed\material_deepfashion\Denim\WOMEN-Blouses_Shirts-id_00007900-03_4_full.jpg,Denim,"Her shirt has long sleeves, chiffon fabric and pure color patterns. It has a round neckline. The person wears a long trousers. The trousers are with d",,LOW,00007900-03,train,caption does not support assigned label
Backend\data\processed\material_deepfashion\Denim\WOMEN-Blouses_Shirts-id_00007973-01_4_full.jpg,Denim,The person is wearing a medium-sleeve shirt with graphic patterns. The shirt is with chiffon fabric and its neckline is crew. The person wears a three,,LOW,00007973-01,validation,caption does not support assigned label
Backend\data\processed\material_deepfashion\Denim\WOMEN-Cardigans-id_00000070-03_4_full.jpg,Denim,"The upper clothing has long sleeves, chiffon fabric and pure color patterns. It has a lapel neckline. The lower clothing is of long length. The fabric",,LOW,00000070-03,train,caption does not support assigned label
Backend\data\processed\material_deepfashion\Denim\WOMEN-Cardigans-id_00000521-02_4_full.jpg,Denim,"The tank shirt this lady wears has no sleeves, its fabric is chiffon, and it has graphic patterns. The tank shirt has a crew neckline. This lady wears",,LOW,00000521-02,train,caption does not support assigned label
Backend\data\processed\material_deepfashion\Denim\WOMEN-Cardigans-id_00000909-01_4_full.jpg,Denim,The person wears a long-sleeve sweater with pure color patterns and a long pants. The sweater is with chiffon fabric and its neckline is round. The pa,,LOW,00000909-01,validation,caption does not support assigned label
Backend\data\processed\material_deepfashion\Denim\WOMEN-Cardigans-id_00001415-06_3_back.jpg,Denim,The female wears a long-sleeve shirt with complicated patterns. The shirt is with knitting fabric. The pants the female wears is of three-point length,,LOW,00001415-06,validation,caption does not support assigned label
Backend\data\processed\material_deepfashion\Denim\WOMEN-Cardigans-id_00001436-02_4_full.jpg,Denim,"The shirt this lady wears has long sleeves, its fabric is chiffon, and it has solid color patterns. The shirt has a lapel neckline. This lady wears a ",,LOW,00001436-02,train,caption does not support assigned label
Backend\data\processed\material_deepfashion\Denim\WOMEN-Cardigans-id_00001765-01_7_additional.jpg,Denim,The lady wears a long-sleeve sweater with stripe patterns. The sweater is with knitting fabric. The lady wears a three-point shorts. The shorts are wi,,LOW,00001765-01,train,caption does not support assigned label
Backend\data\processed\material_deepfashion\Denim\WOMEN-Cardigans-id_00001967-02_3_back.jpg,Denim,The female wears a long-sleeve shirt with solid color patterns. The shirt is with knitting fabric. The female wears a long pants. The pants are with d,,LOW,00001967-02,train,caption does not support assigned label
Backend\data\processed\material_deepfashion\Denim\WOMEN-Cardigans-id_00002215-02_3_back.jpg,Denim,This person wears a medium-sleeve shirt with graphic patterns. The shirt is with knitting fabric. This person wears a three-point shorts. The shorts a,,LOW,00002215-02,train,caption does not support assigned label
Backend\data\processed\material_deepfashion\Denim\WOMEN-Denim-id_00005892-08_1_front.jpg,Denim,"Her sweater has long sleeves, chiffon fabric and graphic patterns. It has a round neckline. The trousers the lady wears is of long length. The trouser",,LOW,00005892-08,train,caption does not support assigned label
Backend\data\processed\material_deepfashion\Denim\WOMEN-Denim-id_00006152-01_1_front.jpg,Denim,The T-shirt this person wears has short sleeves and it is with chiffon fabric and solid color patterns. The neckline of the T-shirt is lapel. This per,,LOW,00006152-01,train,caption does not support assigned label
Backend\data\processed\material_deepfashion\Denim\WOMEN-Dresses-id_00001392-03_1_front.jpg,Denim,The person wears a short-sleeve shirt with graphic patterns and a three-quarter trousers. The shirt is with chiffon fabric. The neckline of the shirt ,,LOW,00001392-03,train,caption does not support assigned label
Backend\data\processed\material_deepfashion\Denim\WOMEN-Dresses-id_00007176-01_4_full.jpg,Denim,This female is wearing a sleeveless tank top with graphic patterns and a three-point pants. The tank top is with chiffon fabric. The neckline of the t,,LOW,00007176-01,validation,caption does not support assigned label
Backend\data\processed\material_deepfashion\Denim\WOMEN-Graphic_Tees-id_00005848-02_2_side.jpg,Denim,The female is wearing a sleeveless tank top with graphic patterns and a three-point pants. The tank top is with chiffon fabric. The pants are with den,,LOW,00005848-02,train,caption does not support assigned label
Backend\data\processed\material_deepfashion\Denim\WOMEN-Jackets_Coats-id_00000590-02_7_additional.jpg,Denim,This lady wears a long-sleeve sweater with other patterns. The sweater is with other fabric. This lady wears a long trousers. The trousers are with de,,LOW,00000590-02,train,caption does not support assigned label
Backend\data\processed\material_deepfashion\Denim\WOMEN-Jackets_Coats-id_00000764-01_3_back.jpg,Denim,This female is wearing a long-sleeve sweater with other patterns. The sweater is with mixed fabric. The neckline of the sweater is lapel. The lady als,,LOW,00000764-01,train,caption does not support assigned label
Backend\data\processed\material_deepfashion\Denim\WOMEN-Jackets_Coats-id_00002311-01_3_back.jpg,Denim,This person wears a long-sleeve shirt with mixed patterns. The shirt is with other fabric and it has a lapel neckline. The outer clothing is with deni,,LOW,00002311-01,train,caption does not support assigned label
Backend\data\processed\material_deepfashion\Denim\WOMEN-Jackets_Coats-id_00002677-01_3_back.jpg,Denim,"Her sweater has long sleeves, mixed fabric and mixed patterns. The neckline of it is lapel. The pants the female wears is of long length. The pants ar",,LOW,00002677-01,train,caption does not support assigned label
Backend\data\processed\material_deepfashion\Denim\WOMEN-Jackets_Coats-id_00004155-02_3_back.jpg,Denim,This lady is wearing a medium-sleeve shirt with mixed patterns. The shirt is with mixed fabric. This lady wears a three-point shorts. The shorts are w,,LOW,00004155-02,test,caption does not support assigned label
Backend\data\processed\material_deepfashion\Denim\WOMEN-Leggings-id_00001063-01_1_front.jpg,Denim,"The upper clothing has short sleeves, chiffon fabric and graphic patterns. The neckline of it is round. The lower clothing is of long length. The fabr",,LOW,00001063-01,train,caption does not support assigned label
Backend\data\processed\material_deepfashion\Denim\WOMEN-Rompers_Jumpsuits-id_00005347-01_2_side.jpg,Denim,"The upper clothing has short sleeves, chiffon fabric and solid color patterns. The neckline of it is lapel. The lower clothing is of long length. The ",,LOW,00005347-01,train,caption does not support assigned label
Backend\data\processed\material_deepfashion\Denim\WOMEN-Rompers_Jumpsuits-id_00005347-01_3_back.jpg,Denim,"Her shirt has short sleeves, chiffon fabric and solid color patterns. It has a lapel neckline. The trousers the lady wears is of long length. The trou",,LOW,00005347-01,train,caption does not support assigned label
Backend\data\processed\material_deepfashion\Denim\WOMEN-Rompers_Jumpsuits-id_00005347-01_4_full.jpg,Denim,The female is wearing a short-sleeve shirt with solid color patterns. The shirt is with chiffon fabric. It has a lapel neckline. The pants the female ,,LOW,00005347-01,train,caption does not support assigned label
Backend\data\processed\material_deepfashion\Denim\WOMEN-Shorts-id_00002038-11_1_front.jpg,Denim,The tank top the female wears has no sleeves and it is with knitting fabric and stripe patterns. The neckline of the tank top is crew. The female wear,,LOW,00002038-11,train,caption does not support assigned label
Backend\data\processed\material_deepfashion\Denim\WOMEN-Shorts-id_00002038-11_4_full.jpg,Denim,This woman is wearing a tank tank top with striped patterns. The tank top is with knitting fabric. It has a crew neckline. The shorts this woman wears,,LOW,00002038-11,train,caption does not support assigned label
Backend\data\processed\material_deepfashion\Denim\WOMEN-Shorts-id_00002038-12_4_full.jpg,Denim,This woman is wearing a tank tank shirt with stripe patterns. The tank shirt is with knitting fabric and its neckline is crew. This woman wears a thre,,LOW,00002038-12,train,caption does not support assigned label
Backend\data\processed\material_deepfashion\Denim\WOMEN-Shorts-id_00002928-04_1_front.jpg,Denim,The lady wears a long-sleeve shirt with pure color patterns and three-point shorts. The shirt is with chiffon fabric and it has a v-shape neckline. Th,,LOW,00002928-04,validation,caption does not support assigned label
Backend\data\processed\material_deepfashion\Denim\WOMEN-Shorts-id_00002928-04_4_full.jpg,Denim,The shirt the lady wears has long sleeves and it is with chiffon fabric and solid color patterns. The neckline of the shirt is v-shape. The lady wears,,LOW,00002928-04,validation,caption does not support assigned label
Backend\data\processed\material_deepfashion\Denim\WOMEN-Shorts-id_00003333-01_4_full.jpg,Denim,This lady wears a sleeveless tank top with complicated patterns and three-point pants. The tank top is with knitting fabric and it has a round necklin,,LOW,00003333-01,validation,caption does not support assigned label
Backend\data\processed\material_deepfashion\Denim\WOMEN-Shorts-id_00003432-04_1_front.jpg,Denim,This person is wearing a sleeveless tank shirt with pure color patterns and a three-point shorts. The tank shirt is with chiffon fabric and its neckli,,LOW,00003432-04,train,caption does not support assigned label
Backend\data\processed\material_deepfashion\Denim\WOMEN-Shorts-id_00003432-06_4_full.jpg,Denim,"Her tank top has sleeves cut off, chiffon fabric and pure color patterns. It has a v-shape neckline. This female wears a three-point shorts. The short",,LOW,00003432-06,train,caption does not support assigned label
Backend\data\processed\material_deepfashion\Denim\WOMEN-Shorts-id_00003657-01_1_front.jpg,Denim,"Her tank shirt has no sleeves, chiffon fabric and solid color patterns. It has a round neckline. The shorts this female wears is of three-point length",,LOW,00003657-01,train,caption does not support assigned label
Backend\data\processed\material_deepfashion\Denim\WOMEN-Shorts-id_00004444-01_1_front.jpg,Denim,The lady wears a long-sleeve sweater with graphic patterns. The sweater is with knitting fabric. It has a round neckline. The lady wears a three-point,,LOW,00004444-01,train,caption does not support assigned label
Backend\data\processed\material_deepfashion\Denim\WOMEN-Shorts-id_00004444-01_4_full.jpg,Denim,The person is wearing a long-sleeve shirt with graphic patterns and a three-point pants. The shirt is with knitting fabric. The neckline of the shirt ,,LOW,00004444-01,train,caption does not support assigned label
Backend\data\processed\material_deepfashion\Denim\WOMEN-Shorts-id_00005116-02_7_additional.jpg,Denim,This lady is wearing a long-sleeve shirt with solid color patterns. The shirt is with knitting fabric. It has a crew neckline. The shorts this lady we,,LOW,00005116-02,validation,caption does not support assigned label
Backend\data\processed\material_deepfashion\Denim\WOMEN-Shorts-id_00006567-04_1_front.jpg,Denim,The lady wears a sleeveless tank top with graphic patterns and a three-point pants. The tank top is with chiffon fabric and its neckline is suspenders,,LOW,00006567-04,train,caption does not support assigned label
Backend\data\processed\material_deepfashion\Denim\WOMEN-Shorts-id_00006567-04_4_full.jpg,Denim,This woman wears a sleeveless tank shirt with graphic patterns and a three-point shorts. The tank shirt is with chiffon fabric. The neckline of the ta,,LOW,00006567-04,train,caption does not support assigned label
Backend\data\processed\material_deepfashion\Denim\WOMEN-Sweaters-id_00000821-03_1_front.jpg,Denim,This female wears a long-sleeve sweater with striped patterns and long trousers. The sweater is with furry fabric and it has a round neckline. The tro,,LOW,00000821-03,validation,caption does not support assigned label
Backend\data\processed\material_deepfashion\Denim\WOMEN-Sweaters-id_00000821-04_1_front.jpg,Denim,"Her shirt has long sleeves, furry fabric and striped patterns. The neckline of it is round. The lady wears a long trousers. The trousers are with deni",,LOW,00000821-04,test,caption does not support assigned label
Backend\data\processed\material_deepfashion\Denim\WOMEN-Sweaters-id_00000840-04_4_full.jpg,Denim,The female is wearing a long-sleeve shirt with complicated patterns. The shirt is with knitting fabric. It has a crew neckline. The pants the female w,,LOW,00000840-04,train,caption does not support assigned label
Backend\data\processed\material_deepfashion\Denim\WOMEN-Sweaters-id_00000981-06_4_full.jpg,Denim,This lady wears a long-sleeve shirt with graphic patterns and a long pants. The shirt is with knitting fabric and its neckline is stand. The pants are,,LOW,00000981-06,train,caption does not support assigned label
Backend\data\processed\material_deepfashion\Denim\WOMEN-Sweaters-id_00001123-02_1_front.jpg,Denim,"The sweater this female wears has long sleeves and it is with knitting fabric and pure color patterns. This female wears a three-point shorts, with de",,LOW,00001123-02,train,caption does not support assigned label
Backend\data\processed\material_deepfashion\Denim\WOMEN-Sweaters-id_00001255-02_1_front.jpg,Denim,The shirt this lady wears has long sleeves and its fabric is knitting. The pattern of it is graphic. It has a v-shape neckline. This lady wears a thre,,LOW,00001255-02,train,caption does not support assigned label
Backend\data\processed\material_deepfashion\Denim\WOMEN-Sweaters-id_00001255-02_3_back.jpg,Denim,"The sweater this female wears has long sleeves and its fabric is knitting. The pattern of it is solid color. This female wears a three-point shorts, w",,LOW,00001255-02,train,caption does not support assigned label
Backend\data\processed\material_deepfashion\Denim\WOMEN-Sweaters-id_00001255-03_2_side.jpg,Denim,"Her shirt has long sleeves, knitting fabric and graphic patterns. It has a v-shape neckline. The person wears a three-point shorts. The shorts are wit",,LOW,00001255-03,validation,caption does not support assigned label
Backend\data\processed\material_deepfashion\Denim\WOMEN-Sweaters-id_00001262-09_1_front.jpg,Denim,The female wears a long-sleeve sweater with solid color patterns. The sweater is with knitting fabric. It has a crew neckline. The female wears a long,,LOW,00001262-09,train,caption does not support assigned label
Backend\data\processed\material_deepfashion\Denim\WOMEN-Sweaters-id_00001284-01_4_full.jpg,Denim,The person wears a long-sleeve sweater with other patterns and long pants. The sweater is with knitting fabric and it has a crew neckline. The pants a,,LOW,00001284-01,validation,caption does not support assigned label
Backend\data\processed\material_deepfashion\Denim\WOMEN-Sweaters-id_00001528-01_7_additional.jpg,Denim,"Her shirt has long sleeves, knitting fabric and graphic patterns. It has a round neckline. The trousers the person wears is of long length. The trouse",,LOW,00001528-01,train,caption does not support assigned label
Backend\data\processed\material_deepfashion\Denim\WOMEN-Sweaters-id_00001615-04_1_front.jpg,Denim,This person is wearing a long-sleeve sweater with pure color patterns. The sweater is with knitting fabric. It has a round neckline. The pants this pe,,LOW,00001615-04,validation,caption does not support assigned label
Backend\data\processed\material_deepfashion\Denim\WOMEN-Sweaters-id_00001615-05_1_front.jpg,Denim,"The sweater the person wears has long sleeves, its fabric is knitting, and it has striped patterns. The sweater has a round neckline. The person wears",,LOW,00001615-05,train,caption does not support assigned label
Backend\data\processed\material_deepfashion\Denim\WOMEN-Sweaters-id_00001615-05_4_full.jpg,Denim,"The upper clothing has long sleeves, knitting fabric and stripe patterns. It has a crew neckline. The lower clothing is of three-point length. The fab",,LOW,00001615-05,train,caption does not support assigned label
Backend\data\processed\material_deepfashion\Denim\WOMEN-Sweaters-id_00001615-06_1_front.jpg,Denim,"Her sweater has long sleeves, knitting fabric and striped patterns. The neckline of it is round. The pants the person wears is of three-point length. ",,LOW,00001615-06,train,caption does not support assigned label
Backend\data\processed\material_deepfashion\Denim\WOMEN-Sweaters-id_00001615-06_7_additional.jpg,Denim,This woman is wearing a long-sleeve sweater with striped patterns. The sweater is with knitting fabric and its neckline is round. This woman wears a t,,LOW,00001615-06,train,caption does not support assigned label
Backend\data\processed\material_deepfashion\Denim\WOMEN-Sweaters-id_00001781-01_1_front.jpg,Denim,The shirt the person wears has medium sleeves and its fabric is knitting. The pattern of it is graphic. It has a crew neckline. The person wears a thr,,LOW,00001781-01,train,caption does not support assigned label
Backend\data\processed\material_deepfashion\Denim\WOMEN-Sweaters-id_00001947-02_7_additional.jpg,Denim,The sweater the female wears has long sleeves and its fabric is knitting. The pattern of it is complicated. It has a stand neckline. The female wears ,,LOW,00001947-02,train,caption does not support assigned label
Backend\data\processed\material_deepfashion\Denim\WOMEN-Sweaters-id_00002287-05_3_back.jpg,Denim,The lady wears a long-sleeve sweater with other patterns. The sweater is with mixed fabric. The pants the lady wears is of three-point length. The pan,,LOW,00002287-05,validation,caption does not support assigned label
Backend\data\processed\material_deepfashion\Denim\WOMEN-Sweaters-id_00002502-02_2_side.jpg,Denim,The shirt the female wears has long sleeves and its fabric is knitting. The pattern of it is striped. It has a round neckline. The female wears a thre,,LOW,00002502-02,train,caption does not support assigned label
Backend\data\processed\material_deepfashion\Denim\WOMEN-Sweaters-id_00002515-03_4_full.jpg,Denim,"The shirt this lady wears has long sleeves, its fabric is knitting, and it has pure color patterns. The shirt has a stand neckline. This lady wears a ",,LOW,00002515-03,train,caption does not support assigned label
Backend\data\processed\material_deepfashion\Denim\WOMEN-Sweaters-id_00002608-05_7_additional.jpg,Denim,"Her sweater has long sleeves, knitting fabric and graphic patterns. The neckline of it is round. The person wears a long trousers. The trousers are wi",,LOW,00002608-05,train,caption does not support assigned label
Backend\data\processed\material_deepfashion\Denim\WOMEN-Sweaters-id_00002608-08_1_front.jpg,Denim,"The upper clothing has long sleeves, knitting fabric and graphic patterns. It has a crew neckline. The lower clothing is of long length. The fabric is",,LOW,00002608-08,train,caption does not support assigned label
Backend\data\processed\material_deepfashion\Denim\WOMEN-Sweaters-id_00002684-07_7_additional.jpg,Denim,This lady wears a long-sleeve sweater with graphic patterns and a long trousers. The sweater is with knitting fabric and its neckline is crew. The tro,,LOW,00002684-07,validation,caption does not support assigned label
Backend\data\processed\material_deepfashion\Denim\WOMEN-Sweaters-id_00003373-02_4_full.jpg,Denim,"The upper clothing has medium sleeves, knitting fabric and graphic patterns. It has a crew neckline. The lower clothing is of long length. The fabric ",,LOW,00003373-02,validation,caption does not support assigned label
Backend\data\processed\material_deepfashion\Denim\WOMEN-Sweaters-id_00003466-04_1_front.jpg,Denim,The sweater this lady wears has long sleeves and it is with knitting fabric and pure color patterns. The neckline of the sweater is lapel. This lady w,,LOW,00003466-04,validation,caption does not support assigned label
Backend\data\processed\material_deepfashion\Denim\WOMEN-Sweaters-id_00003466-04_2_side.jpg,Denim,This female wears a long-sleeve sweater with pure color patterns. The sweater is with knitting fabric. It has a lapel neckline. The shorts this female,,LOW,00003466-04,validation,caption does not support assigned label
Backend\data\processed\material_deepfashion\Denim\WOMEN-Sweaters-id_00003466-04_3_back.jpg,Denim,This lady wears a long-sleeve sweater with solid color patterns. The sweater is with knitting fabric. This lady wears a three-point shorts. The shorts,,LOW,00003466-04,validation,caption does not support assigned label
Backend\data\processed\material_deepfashion\Denim\WOMEN-Sweaters-id_00003466-06_2_side.jpg,Denim,"The upper clothing has long sleeves, knitting fabric and solid color patterns. The neckline of it is lapel. The lower clothing is of three-point lengt",,LOW,00003466-06,train,caption does not support assigned label
Backend\data\processed\material_deepfashion\Denim\WOMEN-Sweaters-id_00003479-04_4_full.jpg,Denim,The person is wearing a long-sleeve sweater with solid color patterns. The sweater is with knitting fabric and its neckline is crew. The pants the per,,LOW,00003479-04,train,caption does not support assigned label
Backend\data\processed\material_deepfashion\Denim\WOMEN-Sweaters-id_00003479-07_4_full.jpg,Denim,"The sweater the female wears has long sleeves, its fabric is knitting, and it has solid color patterns. The sweater has a crew neckline. The female we",,LOW,00003479-07,train,caption does not support assigned label
Backend\data\processed\material_deepfashion\Denim\WOMEN-Sweaters-id_00003479-08_4_full.jpg,Denim,This lady wears a long-sleeve sweater with pure color patterns. The sweater is with knitting fabric. It has a round neckline. This lady wears a long p,,LOW,00003479-08,train,caption does not support assigned label
Backend\data\processed\material_deepfashion\Denim\WOMEN-Sweaters-id_00003547-01_4_full.jpg,Denim,"The T-shirt this female wears has short sleeves, its fabric is knitting, and it has graphic patterns. The T-shirt has a round neckline. This female we",,LOW,00003547-01,validation,caption does not support assigned label
Backend\data\processed\material_deepfashion\Denim\WOMEN-Sweaters-id_00003569-02_4_full.jpg,Denim,"Her shirt has medium sleeves, knitting fabric and pure color patterns. It has a round neckline. The pants this person wears is of long length. The pan",,LOW,00003569-02,train,caption does not support assigned label
Backend\data\processed\material_deepfashion\Denim\WOMEN-Sweaters-id_00003693-03_4_full.jpg,Denim,The lady wears a long-sleeve shirt with graphic patterns and a long trousers. The shirt is with knitting fabric and its neckline is crew. The trousers,,LOW,00003693-03,train,caption does not support assigned label
Backend\data\processed\material_deepfashion\Denim\WOMEN-Sweaters-id_00003728-01_4_full.jpg,Denim,"Her tank top has no sleeves, knitting fabric and graphic patterns. The neckline of it is round. The trousers this female wears is of long length. The ",,LOW,00003728-01,test,caption does not support assigned label
Backend\data\processed\material_deepfashion\Denim\WOMEN-Sweaters-id_00003984-03_1_front.jpg,Denim,This person wears a medium-sleeve shirt with pure color patterns. The shirt is with knitting fabric. It has a stand neckline. This person wears a long,,LOW,00003984-03,train,caption does not support assigned label
Backend\data\processed\material_deepfashion\Denim\WOMEN-Sweaters-id_00004095-02_1_front.jpg,Denim,"Her shirt has long sleeves, knitting fabric and stripe patterns. It has a round neckline. The shorts this female wears is of three-point length. The s",,LOW,00004095-02,train,caption does not support assigned label
Backend\data\processed\material_deepfashion\Denim\WOMEN-Sweaters-id_00004095-02_4_full.jpg,Denim,"The shirt this lady wears has long sleeves, its fabric is knitting, and it has striped patterns. The shirt has a round neckline. This lady wears a thr",,LOW,00004095-02,train,caption does not support assigned label
Backend\data\processed\material_deepfashion\Denim\WOMEN-Sweaters-id_00004103-02_4_full.jpg,Denim,"The upper clothing has medium sleeves, knitting fabric and complicated patterns. The neckline of it is crew. The lower clothing is of long length. The",,LOW,00004103-02,test,caption does not support assigned label
Backend\data\processed\material_deepfashion\Denim\WOMEN-Sweaters-id_00004119-04_7_additional.jpg,Denim,"The shirt the lady wears has long sleeves, its fabric is knitting, and it has graphic patterns. The shirt has a crew neckline. The lady wears a long t",,LOW,00004119-04,test,caption does not support assigned label
Backend\data\processed\material_deepfashion\Denim\WOMEN-Sweaters-id_00004403-06_7_additional.jpg,Denim,The sweater this lady wears has long sleeves and it is with knitting fabric and complicated patterns. The neckline of the sweater is round. This lady ,,LOW,00004403-06,validation,caption does not support assigned label
Backend\data\processed\material_deepfashion\Denim\WOMEN-Sweaters-id_00004667-01_4_full.jpg,Denim,The sweater the female wears has long sleeves and its fabric is knitting. The pattern of it is complicated. It has a crew neckline. The female wears a,,LOW,00004667-01,train,caption does not support assigned label
Backend\data\processed\material_deepfashion\Denim\WOMEN-Sweaters-id_00004787-10_7_additional.jpg,Denim,This person wears a long-sleeve shirt with graphic patterns. The shirt is with knitting fabric. It has a crew neckline. The trousers this person wears,,LOW,00004787-10,train,caption does not support assigned label
Backend\data\processed\material_deepfashion\Denim\WOMEN-Sweaters-id_00004787-12_7_additional.jpg,Denim,The lady wears a long-sleeve sweater with graphic patterns and long trousers. The sweater is with knitting fabric and it has a crew neckline. The trou,,LOW,00004787-12,validation,caption does not support assigned label
Backend\data\processed\material_deepfashion\Denim\WOMEN-Sweaters-id_00004836-02_1_front.jpg,Denim,This woman is wearing a long-sleeve shirt with lattice patterns. The shirt is with knitting fabric. It has a round neckline. This woman wears a long t,,LOW,00004836-02,test,caption does not support assigned label
Backend\data\processed\material_deepfashion\Denim\WOMEN-Sweaters-id_00004861-03_4_full.jpg,Denim,"The upper clothing has long sleeves, knitting fabric and stripe patterns. It has a round neckline. The lower clothing is of long length. The fabric is",,LOW,00004861-03,train,caption does not support assigned label
Backend\data\processed\material_deepfashion\Denim\WOMEN-Sweaters-id_00005242-02_4_full.jpg,Denim,This lady is wearing a long-sleeve shirt with pure color patterns. The shirt is with furry fabric and its neckline is round. This lady wears a long tr,,LOW,00005242-02,test,caption does not support assigned label
Backend\data\processed\material_deepfashion\Denim\WOMEN-Sweaters-id_00005434-03_1_front.jpg,Denim,"Her shirt has long sleeves, knitting fabric and graphic patterns. It has a stand neckline. The shorts this lady wears is of three-point length. The sh",,LOW,00005434-03,test,caption does not support assigned label
Backend\data\processed\material_deepfashion\Denim\WOMEN-Sweaters-id_00005520-01_1_front.jpg,Denim,This lady is wearing a long-sleeve shirt with graphic patterns. The shirt is with knitting fabric and its neckline is round. The shorts this lady wear,,LOW,00005520-01,train,caption does not support assigned label
Backend\data\processed\material_deepfashion\Denim\WOMEN-Sweaters-id_00005951-02_7_additional.jpg,Denim,This woman wears a long-sleeve sweater with other patterns. The sweater is with other fabric. The trousers this woman wears is of long length. The tro,,LOW,00005951-02,test,caption does not support assigned label
Backend\data\processed\material_deepfashion\Denim\WOMEN-Sweaters-id_00006205-01_4_full.jpg,Denim,This female wears a short-sleeve T-shirt with solid color patterns and a long trousers. The T-shirt is with knitting fabric. The neckline of the T-shi,,LOW,00006205-01,test,caption does not support assigned label
Backend\data\processed\material_deepfashion\Denim\WOMEN-Sweaters-id_00006219-04_3_back.jpg,Denim,This woman wears a long-sleeve sweater with graphic patterns. The sweater is with knitting fabric. The pants this woman wears is of three-point length,,LOW,00006219-04,train,caption does not support assigned label
Backend\data\processed\material_deepfashion\Denim\WOMEN-Sweaters-id_00006734-07_7_additional.jpg,Denim,The shirt the female wears has long sleeves and its fabric is knitting. The pattern of it is solid color. It has a round neckline. The female wears a ,,LOW,00006734-07,validation,caption does not support assigned label
Backend\data\processed\material_deepfashion\Denim\WOMEN-Sweaters-id_00006734-10_4_full.jpg,Denim,"The sweater this person wears has long sleeves, its fabric is knitting, and it has solid color patterns. The sweater has a round neckline. This person",,LOW,00006734-10,train,caption does not support assigned label
Backend\data\processed\material_deepfashion\Denim\WOMEN-Sweaters-id_00006849-04_4_full.jpg,Denim,"The upper clothing has long sleeves, knitting fabric and solid color patterns. It has a crew neckline. The lower clothing is of long length. The fabri",,LOW,00006849-04,test,caption does not support assigned label
Backend\data\processed\material_deepfashion\Denim\WOMEN-Sweaters-id_00006849-05_4_full.jpg,Denim,The person is wearing a long-sleeve sweater with solid color patterns. The sweater is with knitting fabric. It has a round neckline. The person wears ,,LOW,00006849-05,train,caption does not support assigned label
Backend\data\processed\material_deepfashion\Denim\WOMEN-Sweaters-id_00006882-02_4_full.jpg,Denim,The female is wearing a long-sleeve sweater with graphic patterns and a long trousers. The sweater is with knitting fabric. The neckline of the sweate,,LOW,00006882-02,train,caption does not support assigned label
Backend\data\processed\material_deepfashion\Denim\WOMEN-Sweaters-id_00006975-01_4_full.jpg,Denim,This person is wearing a long-sleeve sweater with pure color patterns. The sweater is with knitting fabric. It has a round neckline. The trousers this,,LOW,00006975-01,train,caption does not support assigned label
Backend\data\processed\material_deepfashion\Denim\WOMEN-Sweaters-id_00007015-03_4_full.jpg,Denim,The sweater this person wears has long sleeves and it is with knitting fabric and graphic patterns. The neckline of the sweater is crew. This person w,,LOW,00007015-03,validation,caption does not support assigned label
Backend\data\processed\material_deepfashion\Denim\WOMEN-Sweaters-id_00007015-04_4_full.jpg,Denim,This female wears a long-sleeve sweater with graphic patterns and a long trousers. The sweater is with knitting fabric. The neckline of the sweater is,,LOW,00007015-04,test,caption does not support assigned label
Backend\data\processed\material_deepfashion\Denim\WOMEN-Sweaters-id_00007221-04_4_full.jpg,Denim,"The upper clothing has long sleeves, knitting fabric and graphic patterns. The neckline of it is crew. The lower clothing is of long length. The fabri",,LOW,00007221-04,train,caption does not support assigned label
Backend\data\processed\material_deepfashion\Denim\WOMEN-Sweaters-id_00007855-04_1_front.jpg,Denim,This person wears a long-sleeve shirt with pure color patterns and long pants. The shirt is with knitting fabric and it has a crew neckline. The pants,,LOW,00007855-04,train,caption does not support assigned label
Backend\data\processed\material_deepfashion\Denim\WOMEN-Sweatshirts_Hoodies-id_00000126-04_4_full.jpg,Denim,The person wears a long-sleeve sweater with stripe patterns. The sweater is with knitting fabric. It has a v-shape neckline. The person wears a long t,,LOW,00000126-04,train,caption does not support assigned label
Backend\data\processed\material_deepfashion\Denim\WOMEN-Sweatshirts_Hoodies-id_00000469-02_3_back.jpg,Denim,The lady is wearing a long-sleeve sweater with solid color patterns and a three-point pants. The sweater is with knitting fabric. The pants are with d,,LOW,00000469-02,train,caption does not support assigned label
Backend\data\processed\material_deepfashion\Denim\WOMEN-Sweatshirts_Hoodies-id_00004430-04_4_full.jpg,Denim,This woman wears a long-sleeve shirt with other patterns and a long trousers. The shirt is with knitting fabric and its neckline is round. The trouser,,LOW,00004430-04,train,caption does not support assigned label
Backend\data\processed\material_deepfashion\Denim\WOMEN-Sweatshirts_Hoodies-id_00004830-02_7_additional.jpg,Denim,This lady wears a long-sleeve sweater with striped patterns and a three-point pants. The sweater is with knitting fabric. The neckline of the sweater ,,LOW,00004830-02,train,caption does not support assigned label
Backend\data\processed\material_deepfashion\Denim\WOMEN-Tees_Tanks-id_00000503-01_7_additional.jpg,Denim,"The shirt this female wears has short sleeves and its fabric is chiffon. The pattern of it is other. This female wears a three-point shorts, with deni",,LOW,00000503-01,train,caption does not support assigned label
Backend\data\processed\material_deepfashion\Denim\WOMEN-Tees_Tanks-id_00000573-08_7_additional.jpg,Denim,The lady is wearing a long-sleeve sweater with complicated patterns. The sweater is with knitting fabric and its neckline is round. The trousers the l,,LOW,00000573-08,train,caption does not support assigned label
Backend\data\processed\material_deepfashion\Denim\WOMEN-Tees_Tanks-id_00000676-01_1_front.jpg,Denim,The lady is wearing a sleeveless tank top with graphic patterns. The tank top is with chiffon fabric. It has a crew neckline. The lady wears a three-p,,LOW,00000676-01,test,caption does not support assigned label
Backend\data\processed\material_deepfashion\Denim\WOMEN-Tees_Tanks-id_00000676-02_1_front.jpg,Denim,"The upper clothing has no sleeves, chiffon fabric and graphic patterns. It has a round neckline. The lower clothing is of three-point length. The fabr",,LOW,00000676-02,validation,caption does not support assigned label
Backend\data\processed\material_deepfashion\Denim\WOMEN-Tees_Tanks-id_00000676-02_2_side.jpg,Denim,"Her tank top has sleeves cut off, chiffon fabric and graphic patterns. The neckline of it is crew. The shorts this person wears is of three-point leng",,LOW,00000676-02,validation,caption does not support assigned label
Backend\data\processed\material_deepfashion\Denim\WOMEN-Tees_Tanks-id_00001111-01_1_front.jpg,Denim,"Her tank top has sleeves cut off, chiffon fabric and graphic patterns. The neckline of it is crew. The shorts this person wears is of three-point leng",,LOW,00001111-01,train,caption does not support assigned label
Backend\data\processed\material_deepfashion\Denim\WOMEN-Tees_Tanks-id_00002201-06_7_additional.jpg,Denim,The female wears a long-sleeve shirt with solid color patterns and a three-point shorts. The shirt is with leather fabric and its neckline is suspende,,LOW,00002201-06,test,caption does not support assigned label
Backend\data\processed\material_deepfashion\Denim\WOMEN-Tees_Tanks-id_00003449-04_4_full.jpg,Denim,This lady is wearing a sleeveless tank shirt with graphic patterns. The tank shirt is with chiffon fabric. It has a suspenders neckline. This lady wea,,LOW,00003449-04,validation,caption does not support assigned label
Backend\data\processed\material_deepfashion\Denim\WOMEN-Tees_Tanks-id_00003449-06_4_full.jpg,Denim,The sweater this woman wears has long sleeves and it is with chiffon fabric and graphic patterns. The neckline of the sweater is suspenders. This woma,,LOW,00003449-06,test,caption does not support assigned label
Backend\data\processed\material_deepfashion\Denim\WOMEN-Tees_Tanks-id_00003449-07_4_full.jpg,Denim,The person is wearing a long-sleeve sweater with graphic patterns and a long trousers. The sweater is with chiffon fabric. The neckline of the sweater,,LOW,00003449-07,train,caption does not support assigned label
Backend\data\processed\material_deepfashion\Denim\WOMEN-Tees_Tanks-id_00003449-09_1_front.jpg,Denim,This person is wearing a sleeveless tank shirt with graphic patterns. The tank shirt is with chiffon fabric and its neckline is suspenders. This perso,,LOW,00003449-09,train,caption does not support assigned label
Backend\data\processed\material_deepfashion\Denim\WOMEN-Tees_Tanks-id_00003770-04_4_full.jpg,Denim,This woman wears a tank tank top with graphic patterns and a three-point pants. The tank top is with knitting fabric and its neckline is v-shape. The ,,LOW,00003770-04,train,caption does not support assigned label
Backend\data\processed\material_deepfashion\Denim\WOMEN-Tees_Tanks-id_00003770-06_1_front.jpg,Denim,"Her tank shirt has no sleeves, knitting fabric and graphic patterns. The neckline of it is v-shape. The shorts this female wears is of three-point len",,LOW,00003770-06,train,caption does not support assigned label
Backend\data\processed\material_deepfashion\Denim\WOMEN-Tees_Tanks-id_00004099-04_1_front.jpg,Denim,The lady is wearing a sleeveless tank shirt with graphic patterns. The tank shirt is with knitting fabric and its neckline is round. The shorts the la,,LOW,00004099-04,validation,caption does not support assigned label
Backend\data\processed\material_deepfashion\Denim\WOMEN-Tees_Tanks-id_00004159-04_4_full.jpg,Denim,This person wears a tank tank shirt with pure color patterns and a three-point pants. The tank shirt is with knitting fabric and its neckline is suspe,,LOW,00004159-04,train,caption does not support assigned label
Backend\data\processed\material_deepfashion\Denim\WOMEN-Tees_Tanks-id_00004231-03_2_side.jpg,Denim,This woman is wearing a short-sleeve shirt with solid color patterns. The shirt is with knitting fabric and its neckline is round. The pants this woma,,LOW,00004231-03,train,caption does not support assigned label
Backend\data\processed\material_deepfashion\Denim\WOMEN-Tees_Tanks-id_00004231-04_4_full.jpg,Denim,The T-shirt the lady wears has short sleeves and its fabric is knitting. The pattern of it is pure color. It has a round neckline. The lady wears a th,,LOW,00004231-04,train,caption does not support assigned label
Backend\data\processed\material_deepfashion\Denim\WOMEN-Tees_Tanks-id_00004773-02_1_front.jpg,Denim,The female wears a tank tank top with other patterns and a three-point pants. The tank top is with chiffon fabric and its neckline is suspenders. The ,,LOW,00004773-02,test,caption does not support assigned label
Backend\data\processed\material_deepfashion\Denim\WOMEN-Tees_Tanks-id_00004773-02_7_additional.jpg,Denim,The lady wears a tank tank top with complicated patterns. The tank top is with chiffon fabric. The lady wears a three-point pants. The pants are with ,,LOW,00004773-02,test,caption does not support assigned label
Backend\data\processed\material_deepfashion\Denim\WOMEN-Tees_Tanks-id_00005328-02_1_front.jpg,Denim,The lady wears a tank tank shirt with graphic patterns. The tank shirt is with knitting fabric. It has a suspenders neckline. The lady wears a three-p,,LOW,00005328-02,train,caption does not support assigned label
Backend\data\processed\material_deepfashion\Denim\WOMEN-Tees_Tanks-id_00005671-02_3_back.jpg,Denim,"The tank shirt this woman wears has no sleeves, its fabric is chiffon, and it has pure color patterns. This woman wears a three-point shorts, with den",,LOW,00005671-02,train,caption does not support assigned label
Backend\data\processed\material_deepfashion\Denim\WOMEN-Tees_Tanks-id_00005757-01_4_full.jpg,Denim,"The upper clothing has short sleeves, chiffon fabric and graphic patterns. It has a round neckline. The lower clothing is of three-point length. The f",,LOW,00005757-01,train,caption does not support assigned label
Backend\data\processed\material_deepfashion\Denim\WOMEN-Tees_Tanks-id_00005827-04_4_full.jpg,Denim,"The shirt this female wears has long sleeves, its fabric is chiffon, and it has graphic patterns. The shirt has a crew neckline. This female wears a l",,LOW,00005827-04,train,caption does not support assigned label
Backend\data\processed\material_deepfashion\Denim\WOMEN-Tees_Tanks-id_00005827-05_4_full.jpg,Denim,This lady is wearing a long-sleeve shirt with graphic patterns. The shirt is with chiffon fabric and its neckline is round. This lady wears a long tro,,LOW,00005827-05,train,caption does not support assigned label
Backend\data\processed\material_deepfashion\Denim\WOMEN-Tees_Tanks-id_00006015-03_1_front.jpg,Denim,"Her tank top has no sleeves, knitting fabric and graphic patterns. It has a crew neckline. The shorts the female wears is of three-point length. The s",,LOW,00006015-03,train,caption does not support assigned label
Backend\data\processed\material_deepfashion\Denim\WOMEN-Tees_Tanks-id_00006145-04_4_full.jpg,Denim,"The upper clothing has short sleeves, knitting fabric and graphic patterns. It has a crew neckline. The lower clothing is of long length. The fabric i",,LOW,00006145-04,train,caption does not support assigned label
Backend\data\processed\material_deepfashion\Denim\WOMEN-Tees_Tanks-id_00006797-02_4_full.jpg,Denim,"Her tank shirt has sleeves cut off, knitting fabric and solid color patterns. It has a crew neckline. The female wears a three-point pants. The pants ",,LOW,00006797-02,train,caption does not support assigned label
Backend\data\processed\material_deepfashion\Denim\WOMEN-Tees_Tanks-id_00006867-02_1_front.jpg,Denim,The shirt the lady wears has short sleeves and it is with knitting fabric and pure color patterns. The neckline of the shirt is crew. The lady wears a,,LOW,00006867-02,validation,caption does not support assigned label
Backend\data\processed\material_deepfashion\Denim\WOMEN-Tees_Tanks-id_00006867-03_4_full.jpg,Denim,"Her T-shirt has short sleeves, knitting fabric and solid color patterns. The neckline of it is crew. The shorts the female wears is of three-point len",,LOW,00006867-03,train,caption does not support assigned label
Backend\data\processed\material_deepfashion\Mixed Fabrics\MEN-Denim-id_00000826-04_7_additional.jpg,Mixed Fabrics,"His tank shirt has sleeves cut off, cotton fabric and solid color patterns. It has a crew neckline. The trousers this person wears is of long length. ",Cotton,LOW,00000826-04,train,caption does not support assigned label
Backend\data\processed\material_deepfashion\Mixed Fabrics\MEN-Denim-id_00002760-01_2_side.jpg,Mixed Fabrics,This person wears a long-sleeve shirt with solid color patterns. The shirt is with cotton fabric. The trousers this person wears is of long length. Th,Cotton,LOW,00002760-01,train,caption does not support assigned label
Backend\data\processed\material_deepfashion\Mixed Fabrics\MEN-Jackets_Vests-id_00000763-01_4_full.jpg,Mixed Fabrics,The person is wearing a long-sleeve sweater with solid color patterns. The sweater is with cotton fabric and its neckline is round. The person wears a,Cotton,LOW,00000763-01,train,caption does not support assigned label
Backend\data\processed\material_deepfashion\Mixed Fabrics\MEN-Jackets_Vests-id_00003336-05_7_additional.jpg,Mixed Fabrics,The gentleman is wearing a long-sleeve shirt with solid color patterns. The shirt is with cotton fabric and its neckline is crew. The trousers the gen,Cotton,LOW,00003336-05,test,caption does not support assigned label
Backend\data\processed\material_deepfashion\Mixed Fabrics\MEN-Pants-id_00001207-07_4_full.jpg,Mixed Fabrics,"The sweater this man wears has long sleeves, its fabric is cotton, and it has solid color patterns. The sweater has a crew neckline. This man wears a ",Cotton,LOW,00001207-07,validation,caption does not support assigned label
Backend\data\processed\material_deepfashion\Mixed Fabrics\MEN-Shirts_Polos-id_00004917-03_4_full.jpg,Mixed Fabrics,"The shirt this person wears has long sleeves, its fabric is denim, and it has pure color patterns. The shirt has a lapel neckline. This person wears a",Denim,LOW,00004917-03,train,caption does not support assigned label
Backend\data\processed\material_deepfashion\Mixed Fabrics\MEN-Shirts_Polos-id_00005986-07_4_full.jpg,Mixed Fabrics,The gentleman wears a short-sleeve shirt with solid color patterns. The shirt is with cotton fabric. It has a lapel neckline. The trousers the gentlem,Cotton,LOW,00005986-07,train,caption does not support assigned label
Backend\data\processed\material_deepfashion\Mixed Fabrics\MEN-Sweaters-id_00003692-01_4_full.jpg,Mixed Fabrics,"His sweater has long sleeves, cotton fabric and solid color patterns. It has a lapel neckline. The guy wears a long trousers. The trousers are with de",Cotton,LOW,00003692-01,train,caption does not support assigned label
Backend\data\processed\material_deepfashion\Mixed Fabrics\MEN-Sweaters-id_00003692-06_4_full.jpg,Mixed Fabrics,"The upper clothing has long sleeves, cotton fabric and solid color patterns. The neckline of it is lapel. The lower clothing is of long length. The fa",Cotton,LOW,00003692-06,train,caption does not support assigned label
Backend\data\processed\material_deepfashion\Mixed Fabrics\MEN-Sweatshirts_Hoodies-id_00003060-05_7_additional.jpg,Mixed Fabrics,The sweater this man wears has long sleeves and its fabric is cotton. The pattern of it is plaid. It has a lapel neckline. This man wears a long pants,Cotton,LOW,00003060-05,train,caption does not support assigned label
Backend\data\processed\material_deepfashion\Mixed Fabrics\MEN-Tees_Tanks-id_00000390-13_4_full.jpg,Mixed Fabrics,The gentleman wears a long-sleeve shirt with color block patterns. The shirt is with cotton fabric. It has a crew neckline. The trousers the gentleman,Cotton,LOW,00000390-13,train,caption does not support assigned label
Backend\data\processed\material_deepfashion\Mixed Fabrics\MEN-Tees_Tanks-id_00001021-04_4_full.jpg,Mixed Fabrics,This guy is wearing a short-sleeve T-shirt with color block patterns and a long trousers. The T-shirt is with cotton fabric and its neckline is crew. ,Cotton,LOW,00001021-04,train,caption does not support assigned label
Backend\data\processed\material_deepfashion\Mixed Fabrics\MEN-Tees_Tanks-id_00001137-01_4_full.jpg,Mixed Fabrics,The person wears a short-sleeve shirt with solid color patterns. The shirt is with cotton fabric. It has a crew neckline. The person wears a long pant,Cotton,LOW,00001137-01,validation,caption does not support assigned label
Backend\data\processed\material_deepfashion\Mixed Fabrics\MEN-Tees_Tanks-id_00001881-02_4_full.jpg,Mixed Fabrics,"His tank top has sleeves cut off, cotton fabric and pure color patterns. It has a round neckline. The guy wears a long trousers. The trousers are with",Cotton,LOW,00001881-02,train,caption does not support assigned label
Backend\data\processed\material_deepfashion\Mixed Fabrics\MEN-Tees_Tanks-id_00002096-01_4_full.jpg,Mixed Fabrics,"The upper clothing has short sleeves, cotton fabric and plaid patterns. It has a round neckline. The lower clothing is of short length. The fabric is ",Cotton,LOW,00002096-01,train,caption does not support assigned label
Backend\data\processed\material_deepfashion\Mixed Fabrics\MEN-Tees_Tanks-id_00002249-02_4_full.jpg,Mixed Fabrics,"His sweater has long sleeves, cotton fabric and pure color patterns. It has a round neckline. This person wears a long trousers. The trousers are with",Cotton,LOW,00002249-02,train,caption does not support assigned label
Backend\data\processed\material_deepfashion\Mixed Fabrics\MEN-Tees_Tanks-id_00003434-01_4_full.jpg,Mixed Fabrics,This guy wears a short-sleeve T-shirt with color block patterns. The T-shirt is with cotton fabric. It has a round neckline. This guy wears a short pa,Cotton,LOW,00003434-01,train,caption does not support assigned label
Backend\data\processed\material_deepfashion\Mixed Fabrics\MEN-Tees_Tanks-id_00004117-01_4_full.jpg,Mixed Fabrics,This person wears a short-sleeve T-shirt with pure color patterns and a long trousers. The T-shirt is with cotton fabric and its neckline is v-shape. ,Cotton,LOW,00004117-01,train,caption does not support assigned label
Backend\data\processed\material_deepfashion\Mixed Fabrics\MEN-Tees_Tanks-id_00004740-08_7_additional.jpg,Mixed Fabrics,The guy wears a short-sleeve T-shirt with color block patterns. The T-shirt is with cotton fabric. It has a round neckline. The guy wears a long pants,Cotton,LOW,00004740-08,test,caption does not support assigned label
Backend\data\processed\material_deepfashion\Mixed Fabrics\MEN-Tees_Tanks-id_00006131-01_4_full.jpg,Mixed Fabrics,The person is wearing a short-sleeve shirt with color block patterns. The shirt is with cotton fabric. It has a crew neckline. The person wears a long,Cotton,LOW,00006131-01,validation,caption does not support assigned label
Backend\data\processed\material_deepfashion\Mixed Fabrics\MEN-Tees_Tanks-id_00007075-01_4_full.jpg,Mixed Fabrics,This guy wears a short-sleeve T-shirt with graphic patterns and a medium pants. The T-shirt is with cotton fabric and its neckline is crew. The pants ,Cotton,LOW,00007075-01,train,caption does not support assigned label
Backend\data\processed\material_deepfashion\Mixed Fabrics\MEN-Tees_Tanks-id_00007224-21_7_additional.jpg,Mixed Fabrics,This guy is wearing a short-sleeve shirt with solid color patterns. The shirt is with cotton fabric. It has a crew neckline. The trousers this guy wea,Cotton,LOW,00007224-21,validation,caption does not support assigned label
Backend\data\processed\material_deepfashion\Mixed Fabrics\MEN-Tees_Tanks-id_00007966-01_4_full.jpg,Mixed Fabrics,The T-shirt this man wears has short sleeves and it is with cotton fabric and graphic patterns. The neckline of the T-shirt is round. This man wears a,Cotton,LOW,00007966-01,train,caption does not support assigned label
Backend\data\processed\material_deepfashion\Mixed Fabrics\WOMEN-Blouses_Shirts-id_00000259-02_2_side.jpg,Mixed Fabrics,"The upper clothing has long sleeves, cotton fabric and pure color patterns. The neckline of it is crew. The lower clothing is of three-point length. T",Cotton,LOW,00000259-02,train,caption does not support assigned label
Backend\data\processed\material_deepfashion\Mixed Fabrics\WOMEN-Blouses_Shirts-id_00000276-07_4_full.jpg,Mixed Fabrics,The lady is wearing a long-sleeve sweater with graphic patterns. The sweater is with cotton fabric. It has a round neckline. The lady wears a long tro,Cotton,LOW,00000276-07,train,caption does not support assigned label
Backend\data\processed\material_deepfashion\Mixed Fabrics\WOMEN-Blouses_Shirts-id_00000377-03_1_front.jpg,Mixed Fabrics,"Her sweater has long sleeves, cotton fabric and pure color patterns. The neckline of it is round. The shorts this female wears is of three-point lengt",Cotton,LOW,00000377-03,train,caption does not support assigned label
Backend\data\processed\material_deepfashion\Mixed Fabrics\WOMEN-Blouses_Shirts-id_00000539-02_1_front.jpg,Mixed Fabrics,This female wears a long-sleeve sweater with pure color patterns. The sweater is with cotton fabric. The trousers this female wears is of three-quarte,Cotton,LOW,00000539-02,train,caption does not support assigned label
Backend\data\processed\material_deepfashion\Mixed Fabrics\WOMEN-Blouses_Shirts-id_00000721-03_3_back.jpg,Mixed Fabrics,This person wears a medium-sleeve shirt with graphic patterns. The shirt is with cotton fabric. The trousers this person wears is of long length. The ,Cotton,LOW,00000721-03,train,caption does not support assigned label
Backend\data\processed\material_deepfashion\Mixed Fabrics\WOMEN-Blouses_Shirts-id_00000721-03_4_full.jpg,Mixed Fabrics,The female wears a medium-sleeve shirt with solid color patterns and a long trousers. The shirt is with cotton fabric. The neckline of the shirt is ro,Cotton,LOW,00000721-03,train,caption does not support assigned label
Backend\data\processed\material_deepfashion\Mixed Fabrics\WOMEN-Blouses_Shirts-id_00000890-02_1_front.jpg,Mixed Fabrics,The person is wearing a tank tank shirt with graphic patterns. The tank shirt is with cotton fabric. It has a round neckline. The person wears a three,Cotton,LOW,00000890-02,train,caption does not support assigned label
Backend\data\processed\material_deepfashion\Mixed Fabrics\WOMEN-Blouses_Shirts-id_00000890-02_4_full.jpg,Mixed Fabrics,This person is wearing a sleeveless tank shirt with graphic patterns. The tank shirt is with cotton fabric and its neckline is round. This person wear,Cotton,LOW,00000890-02,train,caption does not support assigned label
Backend\data\processed\material_deepfashion\Mixed Fabrics\WOMEN-Blouses_Shirts-id_00000906-01_1_front.jpg,Mixed Fabrics,This woman wears a medium-sleeve shirt with graphic patterns and a three-point pants. The shirt is with cotton fabric and its neckline is round. The p,Cotton,LOW,00000906-01,test,caption does not support assigned label
Backend\data\processed\material_deepfashion\Mixed Fabrics\WOMEN-Blouses_Shirts-id_00001078-01_7_additional.jpg,Mixed Fabrics,"The shirt the female wears has medium sleeves, its fabric is cotton, and it has graphic patterns. The shirt has a crew neckline. The female wears a lo",Cotton,LOW,00001078-01,train,caption does not support assigned label
Backend\data\processed\material_deepfashion\Mixed Fabrics\WOMEN-Blouses_Shirts-id_00001165-01_4_full.jpg,Mixed Fabrics,"Her tank shirt has sleeves cut off, cotton fabric and graphic patterns. It has a crew neckline. The trousers the female wears is of long length. The t",Cotton,LOW,00001165-01,train,caption does not support assigned label
Backend\data\processed\material_deepfashion\Mixed Fabrics\WOMEN-Blouses_Shirts-id_00001194-05_7_additional.jpg,Mixed Fabrics,This female is wearing a sleeveless tank shirt with pure color patterns. The tank shirt is with cotton fabric. It has a v-shape neckline. This female ,Cotton,LOW,00001194-05,train,caption does not support assigned label
Backend\data\processed\material_deepfashion\Mixed Fabrics\WOMEN-Blouses_Shirts-id_00001364-01_1_front.jpg,Mixed Fabrics,"Her shirt has medium sleeves, cotton fabric and pure color patterns. The neckline of it is lapel. The pants this person wears is of three-point length",Cotton,LOW,00001364-01,train,caption does not support assigned label
Backend\data\processed\material_deepfashion\Mixed Fabrics\WOMEN-Blouses_Shirts-id_00001455-01_4_full.jpg,Mixed Fabrics,The female wears a tank tank shirt with pure color patterns and a three-point pants. The tank shirt is with denim fabric. The neckline of the tank shi,Denim,LOW,00001455-01,test,caption does not support assigned label
Backend\data\processed\material_deepfashion\Mixed Fabrics\WOMEN-Blouses_Shirts-id_00001530-01_4_full.jpg,Mixed Fabrics,This female wears a sleeveless tank top with solid color patterns. The tank top is with cotton fabric. It has a round neckline. This female wears a th,Cotton,LOW,00001530-01,train,caption does not support assigned label
Backend\data\processed\material_deepfashion\Mixed Fabrics\WOMEN-Blouses_Shirts-id_00001570-02_2_side.jpg,Mixed Fabrics,"Her tank top has no sleeves, denim fabric and pure color patterns. It has a lapel neckline. This lady wears a three-point shorts. The shorts are with ",Denim,LOW,00001570-02,train,caption does not support assigned label
Backend\data\processed\material_deepfashion\Mixed Fabrics\WOMEN-Blouses_Shirts-id_00001570-02_7_additional.jpg,Mixed Fabrics,This lady wears a sleeveless tank shirt with solid color patterns and three-point shorts. The tank shirt is with denim fabric and it has a lapel neckl,Denim,LOW,00001570-02,train,caption does not support assigned label
Backend\data\processed\material_deepfashion\Mixed Fabrics\WOMEN-Blouses_Shirts-id_00001652-02_7_additional.jpg,Mixed Fabrics,The person wears a sleeveless tank top with lattice patterns. The tank top is with cotton fabric. It has a crew neckline. The shorts the person wears ,Cotton,LOW,00001652-02,test,caption does not support assigned label
Backend\data\processed\material_deepfashion\Mixed Fabrics\WOMEN-Blouses_Shirts-id_00001807-03_3_back.jpg,Mixed Fabrics,The person is wearing a tank tank shirt with graphic patterns and a three-point shorts. The tank shirt is with cotton fabric. The shorts are with deni,Cotton,LOW,00001807-03,validation,caption does not support assigned label
Backend\data\processed\material_deepfashion\Mixed Fabrics\WOMEN-Blouses_Shirts-id_00001898-01_4_full.jpg,Mixed Fabrics,This woman is wearing a long-sleeve sweater with plaid patterns. The sweater is with cotton fabric. It has a stand neckline. The pants this woman wear,Cotton,LOW,00001898-01,train,caption does not support assigned label
Backend\data\processed\material_deepfashion\Mixed Fabrics\WOMEN-Blouses_Shirts-id_00001921-01_4_full.jpg,Mixed Fabrics,This female is wearing a long-sleeve shirt with graphic patterns and a three-point pants. The shirt is with cotton fabric and its neckline is crew. Th,Cotton,LOW,00001921-01,train,caption does not support assigned label
Backend\data\processed\material_deepfashion\Mixed Fabrics\WOMEN-Blouses_Shirts-id_00001939-02_2_side.jpg,Mixed Fabrics,This person is wearing a long-sleeve shirt with graphic patterns. The shirt is with cotton fabric and its neckline is suspenders. This person wears a ,Cotton,LOW,00001939-02,validation,caption does not support assigned label
Backend\data\processed\material_deepfashion\Mixed Fabrics\WOMEN-Blouses_Shirts-id_00001962-02_4_full.jpg,Mixed Fabrics,"Her tank shirt has sleeves cut off, cotton fabric and graphic patterns. The neckline of it is suspenders. The female wears a long pants. The pants are",Cotton,LOW,00001962-02,train,caption does not support assigned label
Backend\data\processed\material_deepfashion\Mixed Fabrics\WOMEN-Blouses_Shirts-id_00001969-01_4_full.jpg,Mixed Fabrics,The lady is wearing a long-sleeve sweater with graphic patterns and a long trousers. The sweater is with cotton fabric and its neckline is round. The ,Cotton,LOW,00001969-01,test,caption does not support assigned label
Backend\data\processed\material_deepfashion\Mixed Fabrics\WOMEN-Blouses_Shirts-id_00002113-02_3_back.jpg,Mixed Fabrics,This woman is wearing a sleeveless tank top with solid color patterns. The tank top is with cotton fabric. This woman wears a three-point shorts. The ,Cotton,LOW,00002113-02,validation,caption does not support assigned label
Backend\data\processed\material_deepfashion\Mixed Fabrics\WOMEN-Blouses_Shirts-id_00002773-02_4_full.jpg,Mixed Fabrics,This female is wearing a long-sleeve shirt with stripe patterns. The shirt is with cotton fabric and its neckline is round. This female wears a long t,Cotton,LOW,00002773-02,validation,caption does not support assigned label
Backend\data\processed\material_deepfashion\Mixed Fabrics\WOMEN-Blouses_Shirts-id_00002846-01_4_full.jpg,Mixed Fabrics,"Her sweater has long sleeves, cotton fabric and pure color patterns. The neckline of it is crew. The trousers this person wears is of long length. The",Cotton,LOW,00002846-01,test,caption does not support assigned label
Backend\data\processed\material_deepfashion\Mixed Fabrics\WOMEN-Blouses_Shirts-id_00003016-01_7_additional.jpg,Mixed Fabrics,The tank top this lady wears has sleeves cut off and its fabric is denim. The pattern of it is pure color. It has a suspenders neckline. This lady wea,Denim,LOW,00003016-01,test,caption does not support assigned label
Backend\data\processed\material_deepfashion\Mixed Fabrics\WOMEN-Blouses_Shirts-id_00003053-03_7_additional.jpg,Mixed Fabrics,The female wears a short-sleeve T-shirt with graphic patterns. The T-shirt is with cotton fabric. The female wears a three-point pants. The pants are ,Cotton,LOW,00003053-03,validation,caption does not support assigned label
Backend\data\processed\material_deepfashion\Mixed Fabrics\WOMEN-Blouses_Shirts-id_00003192-06_7_additional.jpg,Mixed Fabrics,The tank top this person wears has sleeves cut off and its fabric is cotton. The pattern of it is solid color. It has a v-shape neckline. This person ,Cotton,LOW,00003192-06,train,caption does not support assigned label
Backend\data\processed\material_deepfashion\Mixed Fabrics\WOMEN-Blouses_Shirts-id_00003298-05_1_front.jpg,Mixed Fabrics,The tank shirt this female wears has no sleeves and it is with cotton fabric and pure color patterns. The neckline of the tank shirt is round. This fe,Cotton,LOW,00003298-05,train,caption does not support assigned label
Backend\data\processed\material_deepfashion\Mixed Fabrics\WOMEN-Blouses_Shirts-id_00003370-02_4_full.jpg,Mixed Fabrics,The shirt this female wears has long sleeves and it is with cotton fabric and pure color patterns. The neckline of the shirt is v-shape. This female w,Cotton,LOW,00003370-02,train,caption does not support assigned label
Backend\data\processed\material_deepfashion\Mixed Fabrics\WOMEN-Blouses_Shirts-id_00003475-01_7_additional.jpg,Mixed Fabrics,"The tank top the female wears has sleeves cut off and it is with cotton fabric and graphic patterns. The female wears a three-quarter pants, with deni",Cotton,LOW,00003475-01,train,caption does not support assigned label
Backend\data\processed\material_deepfashion\Mixed Fabrics\WOMEN-Blouses_Shirts-id_00003792-02_1_front.jpg,Mixed Fabrics,The tank top this lady wears has sleeves cut off and it is with cotton fabric and floral patterns. The neckline of the tank top is suspenders. This la,Cotton,LOW,00003792-02,train,caption does not support assigned label
Backend\data\processed\material_deepfashion\Mixed Fabrics\WOMEN-Blouses_Shirts-id_00004020-01_2_side.jpg,Mixed Fabrics,This female wears a long-sleeve shirt with pure color patterns. The shirt is with cotton fabric. It has a lapel neckline. The pants this female wears ,Cotton,LOW,00004020-01,train,caption does not support assigned label
Backend\data\processed\material_deepfashion\Mixed Fabrics\WOMEN-Blouses_Shirts-id_00004067-01_7_additional.jpg,Mixed Fabrics,The sweater the female wears has long sleeves and its fabric is cotton. The pattern of it is plaid. It has a lapel neckline. The female wears a long p,Cotton,LOW,00004067-01,validation,caption does not support assigned label
Backend\data\processed\material_deepfashion\Mixed Fabrics\WOMEN-Blouses_Shirts-id_00004116-02_1_front.jpg,Mixed Fabrics,The lady is wearing a short-sleeve T-shirt with graphic patterns. The T-shirt is with cotton fabric. It has a round neckline. The lady wears a three-p,Cotton,LOW,00004116-02,train,caption does not support assigned label
Backend\data\processed\material_deepfashion\Mixed Fabrics\WOMEN-Blouses_Shirts-id_00004122-02_1_front.jpg,Mixed Fabrics,"The tank shirt this female wears has sleeves cut off, its fabric is cotton, and it has graphic patterns. The tank shirt has a suspenders neckline. Thi",Cotton,LOW,00004122-02,train,caption does not support assigned label
Backend\data\processed\material_deepfashion\Mixed Fabrics\WOMEN-Blouses_Shirts-id_00004183-01_4_full.jpg,Mixed Fabrics,The lady wears a long-sleeve shirt with graphic patterns and long pants. The shirt is with cotton fabric and it has a v-shape neckline. The pants are ,Cotton,LOW,00004183-01,test,caption does not support assigned label
Backend\data\processed\material_deepfashion\Mixed Fabrics\WOMEN-Blouses_Shirts-id_00004303-01_7_additional.jpg,Mixed Fabrics,"Her tank shirt has no sleeves, cotton fabric and graphic patterns. The neckline of it is suspenders. The person wears a three-point shorts. The shorts",Cotton,LOW,00004303-01,train,caption does not support assigned label
Backend\data\processed\material_deepfashion\Mixed Fabrics\WOMEN-Blouses_Shirts-id_00004344-02_1_front.jpg,Mixed Fabrics,The lady wears a long-sleeve shirt with graphic patterns. The shirt is with cotton fabric. It has a v-shape neckline. The lady wears a three-point sho,Cotton,LOW,00004344-02,train,caption does not support assigned label
Backend\data\processed\material_deepfashion\Mixed Fabrics\WOMEN-Blouses_Shirts-id_00004472-01_1_front.jpg,Mixed Fabrics,"Her shirt has medium sleeves, cotton fabric and graphic patterns. It has a round neckline. The female wears a three-point pants. The pants are with de",Cotton,LOW,00004472-01,train,caption does not support assigned label
Backend\data\processed\material_deepfashion\Mixed Fabrics\WOMEN-Blouses_Shirts-id_00004472-02_3_back.jpg,Mixed Fabrics,This lady is wearing a medium-sleeve shirt with solid color patterns. The shirt is with cotton fabric. The pants this lady wears is of three-point len,Cotton,LOW,00004472-02,train,caption does not support assigned label
Backend\data\processed\material_deepfashion\Mixed Fabrics\WOMEN-Blouses_Shirts-id_00004546-01_4_full.jpg,Mixed Fabrics,"The upper clothing has short sleeves, cotton fabric and pure color patterns. The neckline of it is square. The lower clothing is of three-point length",Cotton,LOW,00004546-01,train,caption does not support assigned label
Backend\data\processed\material_deepfashion\Mixed Fabrics\WOMEN-Blouses_Shirts-id_00004556-02_7_additional.jpg,Mixed Fabrics,This lady wears a medium-sleeve shirt with color block patterns and a long pants. The shirt is with cotton fabric and its neckline is lapel. The pants,Cotton,LOW,00004556-02,train,caption does not support assigned label
Backend\data\processed\material_deepfashion\Mixed Fabrics\WOMEN-Blouses_Shirts-id_00004602-03_3_back.jpg,Mixed Fabrics,This woman is wearing a medium-sleeve shirt with solid color patterns and a three-point pants. The shirt is with cotton fabric. The pants are with den,Cotton,LOW,00004602-03,train,caption does not support assigned label
Backend\data\processed\material_deepfashion\Mixed Fabrics\WOMEN-Blouses_Shirts-id_00004652-02_4_full.jpg,Mixed Fabrics,The shirt this woman wears has long sleeves and its fabric is cotton. The pattern of it is graphic. It has a crew neckline. This woman wears a long pa,Cotton,LOW,00004652-02,validation,caption does not support assigned label
Backend\data\processed\material_deepfashion\Mixed Fabrics\WOMEN-Blouses_Shirts-id_00004761-03_2_side.jpg,Mixed Fabrics,The female is wearing a tank tank top with floral patterns. The tank top is with cotton fabric and its neckline is stand. The pants the female wears i,Cotton,LOW,00004761-03,validation,caption does not support assigned label
Backend\data\processed\material_deepfashion\Mixed Fabrics\WOMEN-Blouses_Shirts-id_00004766-02_1_front.jpg,Mixed Fabrics,"The upper clothing has no sleeves, cotton fabric and pure color patterns. The neckline of it is v-shape. The lower clothing is of three-point length. ",Cotton,LOW,00004766-02,train,caption does not support assigned label
Backend\data\processed\material_deepfashion\Mixed Fabrics\WOMEN-Blouses_Shirts-id_00004881-02_4_full.jpg,Mixed Fabrics,"Her tank top has no sleeves, cotton fabric and pure color patterns. The neckline of it is round. The shorts this woman wears is of three-point length.",Cotton,LOW,00004881-02,validation,caption does not support assigned label
Backend\data\processed\material_deepfashion\Mixed Fabrics\WOMEN-Blouses_Shirts-id_00005084-01_1_front.jpg,Mixed Fabrics,This female is wearing a long-sleeve shirt with solid color patterns. The shirt is with cotton fabric and its neckline is round. The pants this female,Cotton,LOW,00005084-01,train,caption does not support assigned label
Backend\data\processed\material_deepfashion\Mixed Fabrics\WOMEN-Blouses_Shirts-id_00005180-02_7_additional.jpg,Mixed Fabrics,The person is wearing a sleeveless tank shirt with graphic patterns and a three-point shorts. The tank shirt is with cotton fabric. The shorts are wit,Cotton,LOW,00005180-02,train,caption does not support assigned label
Backend\data\processed\material_deepfashion\Mixed Fabrics\WOMEN-Blouses_Shirts-id_00005210-01_7_additional.jpg,Mixed Fabrics,The female wears a sleeveless tank shirt with pure color patterns and a long trousers. The tank shirt is with denim fabric and its neckline is lapel. ,Denim,LOW,00005210-01,train,caption does not support assigned label
Backend\data\processed\material_deepfashion\Mixed Fabrics\WOMEN-Blouses_Shirts-id_00005478-04_4_full.jpg,Mixed Fabrics,The lady wears a medium-sleeve shirt with stripe patterns and long pants. The shirt is with cotton fabric and it has a lapel neckline. The pants are w,Cotton,LOW,00005478-04,test,caption does not support assigned label
Backend\data\processed\material_deepfashion\Mixed Fabrics\WOMEN-Blouses_Shirts-id_00005583-02_2_side.jpg,Mixed Fabrics,This woman wears a tank tank shirt with graphic patterns and three-point shorts. The tank shirt is with cotton fabric and it has a suspenders neckline,Cotton,LOW,00005583-02,train,caption does not support assigned label
Backend\data\processed\material_deepfashion\Mixed Fabrics\WOMEN-Blouses_Shirts-id_00005855-02_1_front.jpg,Mixed Fabrics,The person wears a sleeveless tank top with graphic patterns and a three-point pants. The tank top is with cotton fabric. The neckline of the tank top,Cotton,LOW,00005855-02,test,caption does not support assigned label
Backend\data\processed\material_deepfashion\Mixed Fabrics\WOMEN-Blouses_Shirts-id_00006036-05_4_full.jpg,Mixed Fabrics,This woman wears a sleeveless tank top with graphic patterns and a long pants. The tank top is with cotton fabric and its neckline is round. The pants,Cotton,LOW,00006036-05,test,caption does not support assigned label
Backend\data\processed\material_deepfashion\Mixed Fabrics\WOMEN-Blouses_Shirts-id_00006511-01_4_full.jpg,Mixed Fabrics,This woman is wearing a short-sleeve shirt with graphic patterns. The shirt is with cotton fabric. This woman wears a long pants. The pants are with d,Cotton,LOW,00006511-01,test,caption does not support assigned label
Backend\data\processed\material_deepfashion\Mixed Fabrics\WOMEN-Blouses_Shirts-id_00007416-03_2_side.jpg,Mixed Fabrics,This woman is wearing a short-sleeve T-shirt with graphic patterns and a three-point shorts. The T-shirt is with cotton fabric. The neckline of the T-,Cotton,LOW,00007416-03,train,caption does not support assigned label
Backend\data\processed\material_deepfashion\Mixed Fabrics\WOMEN-Blouses_Shirts-id_00007533-02_1_front.jpg,Mixed Fabrics,"Her shirt has medium sleeves, cotton fabric and lattice patterns. It has a lapel neckline. The pants this female wears is of three-point length. The p",Cotton,LOW,00007533-02,train,caption does not support assigned label
Backend\data\processed\material_deepfashion\Mixed Fabrics\WOMEN-Cardigans-id_00000284-01_1_front.jpg,Mixed Fabrics,"The upper clothing has no sleeves, cotton fabric and pure color patterns. The neckline of it is round. The lower clothing is of three-point length. Th",Cotton,LOW,00000284-01,validation,caption does not support assigned label
Backend\data\processed\material_deepfashion\Mixed Fabrics\WOMEN-Cardigans-id_00001150-01_1_front.jpg,Mixed Fabrics,This person wears a sleeveless tank shirt with graphic patterns and a three-point shorts. The tank shirt is with cotton fabric and its neckline is rou,Cotton,LOW,00001150-01,train,caption does not support assigned label
Backend\data\processed\material_deepfashion\Mixed Fabrics\WOMEN-Cardigans-id_00001150-01_2_side.jpg,Mixed Fabrics,The female wears a tank tank top with graphic patterns. The tank top is with cotton fabric. The female wears a three-point pants. The pants are with d,Cotton,LOW,00001150-01,train,caption does not support assigned label
Backend\data\processed\material_deepfashion\Mixed Fabrics\WOMEN-Cardigans-id_00001209-01_1_front.jpg,Mixed Fabrics,"Her sweater has long sleeves, cotton fabric and pure color patterns. The neckline of it is round. The person wears a three-point shorts. The shorts ar",Cotton,LOW,00001209-01,test,caption does not support assigned label
Backend\data\processed\material_deepfashion\Mixed Fabrics\WOMEN-Cardigans-id_00001627-06_7_additional.jpg,Mixed Fabrics,The lady wears a long-sleeve sweater with solid color patterns. The sweater is with cotton fabric. It has a round neckline. The lady wears a long trou,Cotton,LOW,00001627-06,train,caption does not support assigned label
Backend\data\processed\material_deepfashion\Mixed Fabrics\WOMEN-Cardigans-id_00001877-06_1_front.jpg,Mixed Fabrics,"The upper clothing has long sleeves, cotton fabric and stripe patterns. It has a round neckline. The lower clothing is of three-point length. The fabr",Cotton,LOW,00001877-06,train,caption does not support assigned label
Backend\data\processed\material_deepfashion\Mixed Fabrics\WOMEN-Cardigans-id_00002121-16_7_additional.jpg,Mixed Fabrics,The female wears a long-sleeve shirt with pure color patterns. The shirt is with cotton fabric. It has a crew neckline. The female wears a long trouse,Cotton,LOW,00002121-16,train,caption does not support assigned label
Backend\data\processed\material_deepfashion\Mixed Fabrics\WOMEN-Cardigans-id_00002121-30_7_additional.jpg,Mixed Fabrics,This person wears a long-sleeve sweater with pure color patterns. The sweater is with cotton fabric. It has a crew neckline. The trousers this person ,Cotton,LOW,00002121-30,train,caption does not support assigned label
Backend\data\processed\material_deepfashion\Mixed Fabrics\WOMEN-Cardigans-id_00002215-03_1_front.jpg,Mixed Fabrics,"Her shirt has medium sleeves, cotton fabric and lattice patterns. The neckline of it is crew. The pants the lady wears is of three-point length. The p",Cotton,LOW,00002215-03,train,caption does not support assigned label
Backend\data\processed\material_deepfashion\Mixed Fabrics\WOMEN-Cardigans-id_00002215-03_2_side.jpg,Mixed Fabrics,The female is wearing a medium-sleeve shirt with lattice patterns. The shirt is with cotton fabric. It has a round neckline. The female wears a three-,Cotton,LOW,00002215-03,train,caption does not support assigned label
Backend\data\processed\material_deepfashion\Mixed Fabrics\WOMEN-Cardigans-id_00002620-02_4_full.jpg,Mixed Fabrics,The sweater this female wears has long sleeves and it is with cotton fabric and other patterns. The neckline of the sweater is crew. This female wears,Cotton,LOW,00002620-02,train,caption does not support assigned label
Backend\data\processed\material_deepfashion\Mixed Fabrics\WOMEN-Cardigans-id_00003492-04_7_additional.jpg,Mixed Fabrics,This lady wears a long-sleeve shirt with pure color patterns. The shirt is with cotton fabric. It has a crew neckline. The trousers this lady wears is,Cotton,LOW,00003492-04,validation,caption does not support assigned label
Backend\data\processed\material_deepfashion\Mixed Fabrics\WOMEN-Cardigans-id_00003778-04_4_full.jpg,Mixed Fabrics,The sweater this lady wears has long sleeves and its fabric is cotton. The pattern of it is solid color. It has a round neckline. This lady wears a lo,Cotton,LOW,00003778-04,train,caption does not support assigned label
Backend\data\processed\material_deepfashion\Mixed Fabrics\WOMEN-Cardigans-id_00003939-02_2_side.jpg,Mixed Fabrics,The lady is wearing a sleeveless tank shirt with pure color patterns. The tank shirt is with cotton fabric and its neckline is crew. The lady wears a ,Cotton,LOW,00003939-02,test,caption does not support assigned label
Backend\data\processed\material_deepfashion\Mixed Fabrics\WOMEN-Cardigans-id_00004057-02_7_additional.jpg,Mixed Fabrics,This person wears a long-sleeve shirt with pure color patterns. The shirt is with cotton fabric. It has a round neckline. This person wears a long pan,Cotton,LOW,00004057-02,train,caption does not support assigned label
Backend\data\processed\material_deepfashion\Mixed Fabrics\WOMEN-Cardigans-id_00004490-01_2_side.jpg,Mixed Fabrics,The T-shirt this woman wears has short sleeves and its fabric is cotton. The pattern of it is solid color. It has a round neckline. This woman wears a,Cotton,LOW,00004490-01,test,caption does not support assigned label
Backend\data\processed\material_deepfashion\Mixed Fabrics\WOMEN-Cardigans-id_00005344-03_4_full.jpg,Mixed Fabrics,The lady wears a long-sleeve shirt with pure color patterns and three-quarter trousers. The shirt is with cotton fabric and it has a round neckline. T,Cotton,LOW,00005344-03,validation,caption does not support assigned label
Backend\data\processed\material_deepfashion\Mixed Fabrics\WOMEN-Cardigans-id_00005365-04_1_front.jpg,Mixed Fabrics,The lady is wearing a medium-sleeve shirt with solid color patterns. The shirt is with cotton fabric. It has a crew neckline. The shorts the lady wear,Cotton,LOW,00005365-04,train,caption does not support assigned label
Backend\data\processed\material_deepfashion\Mixed Fabrics\WOMEN-Cardigans-id_00006595-03_7_additional.jpg,Mixed Fabrics,This person wears a long-sleeve sweater with graphic patterns. The sweater is with cotton fabric. It has a round neckline. This person wears a long pa,Cotton,LOW,00006595-03,train,caption does not support assigned label
Backend\data\processed\material_deepfashion\Mixed Fabrics\WOMEN-Cardigans-id_00007012-03_4_full.jpg,Mixed Fabrics,The person wears a long-sleeve shirt with pure color patterns. The shirt is with cotton fabric. It has a v-shape neckline. The pants the person wears ,Cotton,LOW,00007012-03,train,caption does not support assigned label
Backend\data\processed\material_deepfashion\Mixed Fabrics\WOMEN-Cardigans-id_00007012-04_7_additional.jpg,Mixed Fabrics,The person is wearing a long-sleeve sweater with solid color patterns. The sweater is with cotton fabric. The person wears a three-point pants. The pa,Cotton,LOW,00007012-04,train,caption does not support assigned label
Backend\data\processed\material_deepfashion\Mixed Fabrics\WOMEN-Cardigans-id_00007012-05_4_full.jpg,Mixed Fabrics,"Her shirt has long sleeves, cotton fabric and pure color patterns. It has a v-shape neckline. The pants this person wears is of three-point length. Th",Cotton,LOW,00007012-05,train,caption does not support assigned label
Backend\data\processed\material_deepfashion\Mixed Fabrics\WOMEN-Cardigans-id_00007437-01_7_additional.jpg,Mixed Fabrics,The shirt this person wears has medium sleeves and it is with cotton fabric and graphic patterns. The neckline of the shirt is crew. This person wears,Cotton,LOW,00007437-01,test,caption does not support assigned label
Backend\data\processed\material_deepfashion\Mixed Fabrics\WOMEN-Denim-id_00000152-03_1_front.jpg,Mixed Fabrics,"The upper clothing has short sleeves, cotton fabric and solid color patterns. The neckline of it is crew. The lower clothing is of three-quarter lengt",Cotton,LOW,00000152-03,train,caption does not support assigned label
Backend\data\processed\material_deepfashion\Mixed Fabrics\WOMEN-Denim-id_00005070-02_2_side.jpg,Mixed Fabrics,The person is wearing a sleeveless tank top with striped patterns and a long pants. The tank top is with cotton fabric and its neckline is crew. The p,Cotton,LOW,00005070-02,train,caption does not support assigned label
Backend\data\processed\material_deepfashion\Mixed Fabrics\WOMEN-Denim-id_00005377-01_1_front.jpg,Mixed Fabrics,The female wears a tank tank top with pure color patterns and a long trousers. The tank top is with cotton fabric. The neckline of the tank top is rou,Cotton,LOW,00005377-01,train,caption does not support assigned label
Backend\data\processed\material_deepfashion\Mixed Fabrics\WOMEN-Denim-id_00006138-03_1_front.jpg,Mixed Fabrics,The sweater this person wears has long sleeves and its fabric is cotton. The pattern of it is plaid. It has a lapel neckline. This person wears a long,Cotton,LOW,00006138-03,test,caption does not support assigned label
Backend\data\processed\material_deepfashion\Mixed Fabrics\WOMEN-Dresses-id_00006363-01_4_full.jpg,Mixed Fabrics,The shirt this female wears has medium sleeves and it is with cotton fabric and plaid patterns. The neckline of the shirt is lapel. This female wears ,Cotton,LOW,00006363-01,test,caption does not support assigned label
Backend\data\processed\material_deepfashion\Mixed Fabrics\WOMEN-Graphic_Tees-id_00000205-01_4_full.jpg,Mixed Fabrics,This female is wearing a sleeveless tank shirt with graphic patterns and a three-point pants. The tank shirt is with cotton fabric and its neckline is,Cotton,LOW,00000205-01,test,caption does not support assigned label
Backend\data\processed\material_deepfashion\Mixed Fabrics\WOMEN-Graphic_Tees-id_00000249-01_1_front.jpg,Mixed Fabrics,This person is wearing a short-sleeve T-shirt with graphic patterns and a three-point pants. The T-shirt is with cotton fabric and its neckline is rou,Cotton,LOW,00000249-01,validation,caption does not support assigned label
Backend\data\processed\material_deepfashion\Mixed Fabrics\WOMEN-Graphic_Tees-id_00000449-01_1_front.jpg,Mixed Fabrics,The lady is wearing a short-sleeve T-shirt with graphic patterns. The T-shirt is with cotton fabric. It has a round neckline. The shorts the lady wear,Cotton,LOW,00000449-01,test,caption does not support assigned label
Backend\data\processed\material_deepfashion\Mixed Fabrics\WOMEN-Graphic_Tees-id_00001182-01_4_full.jpg,Mixed Fabrics,This lady wears a long-sleeve shirt with graphic patterns. The shirt is with cotton fabric. It has a round neckline. This lady wears a long trousers. ,Cotton,LOW,00001182-01,train,caption does not support assigned label
Backend\data\processed\material_deepfashion\Mixed Fabrics\WOMEN-Graphic_Tees-id_00002369-01_2_side.jpg,Mixed Fabrics,"Her tank top has no sleeves, cotton fabric and graphic patterns. It has a round neckline. The female wears a three-point shorts. The shorts are with d",Cotton,LOW,00002369-01,train,caption does not support assigned label
Backend\data\processed\material_deepfashion\Mixed Fabrics\WOMEN-Graphic_Tees-id_00003024-01_4_full.jpg,Mixed Fabrics,"The tank shirt this female wears has sleeves cut off, its fabric is cotton, and it has graphic patterns. The tank shirt has a round neckline. This fem",Cotton,LOW,00003024-01,train,caption does not support assigned label
Backend\data\processed\material_deepfashion\Mixed Fabrics\WOMEN-Graphic_Tees-id_00003094-01_1_front.jpg,Mixed Fabrics,This female is wearing a sleeveless tank top with graphic patterns. The tank top is with cotton fabric and its neckline is crew. The shorts this femal,Cotton,LOW,00003094-01,train,caption does not support assigned label
Backend\data\processed\material_deepfashion\Mixed Fabrics\WOMEN-Graphic_Tees-id_00003244-01_2_side.jpg,Mixed Fabrics,The female is wearing a short-sleeve T-shirt with graphic patterns. The T-shirt is with cotton fabric. The female wears a three-point pants. The pants,Cotton,LOW,00003244-01,validation,caption does not support assigned label
Backend\data\processed\material_deepfashion\Mixed Fabrics\WOMEN-Graphic_Tees-id_00003244-01_3_back.jpg,Mixed Fabrics,This person wears a short-sleeve T-shirt with solid color patterns. The T-shirt is with cotton fabric. The pants this person wears is of three-point l,Cotton,LOW,00003244-01,validation,caption does not support assigned label
Backend\data\processed\material_deepfashion\Mixed Fabrics\WOMEN-Graphic_Tees-id_00003256-02_7_additional.jpg,Mixed Fabrics,The lady wears a long-sleeve shirt with graphic patterns. The shirt is with cotton fabric. It has a crew neckline. The lady wears a long trousers. The,Cotton,LOW,00003256-02,test,caption does not support assigned label
Backend\data\processed\material_deepfashion\Mixed Fabrics\WOMEN-Graphic_Tees-id_00003282-01_4_full.jpg,Mixed Fabrics,The shirt this person wears has short sleeves and it is with cotton fabric and graphic patterns. The neckline of the shirt is crew. This person wears ,Cotton,LOW,00003282-01,train,caption does not support assigned label
Backend\data\processed\material_deepfashion\Mixed Fabrics\WOMEN-Graphic_Tees-id_00004417-01_4_full.jpg,Mixed Fabrics,The lady is wearing a short-sleeve T-shirt with graphic patterns and a long pants. The T-shirt is with cotton fabric and its neckline is crew. The pan,Cotton,LOW,00004417-01,train,caption does not support assigned label
Backend\data\processed\material_deepfashion\Mixed Fabrics\WOMEN-Graphic_Tees-id_00004854-01_4_full.jpg,Mixed Fabrics,This person is wearing a short-sleeve T-shirt with graphic patterns. The T-shirt is with cotton fabric. It has a round neckline. The trousers this per,Cotton,LOW,00004854-01,train,caption does not support assigned label
Backend\data\processed\material_deepfashion\Mixed Fabrics\WOMEN-Graphic_Tees-id_00004978-01_4_full.jpg,Mixed Fabrics,"Her shirt has short sleeves, cotton fabric and graphic patterns. It has a crew neckline. The pants the lady wears is of long length. The pants are wit",Cotton,LOW,00004978-01,test,caption does not support assigned label
Backend\data\processed\material_deepfashion\Mixed Fabrics\WOMEN-Graphic_Tees-id_00005565-01_7_additional.jpg,Mixed Fabrics,"The tank shirt this person wears has no sleeves and its fabric is cotton. The pattern of it is graphic. This person wears a three-point pants, with de",Cotton,LOW,00005565-01,test,caption does not support assigned label
Backend\data\processed\material_deepfashion\Mixed Fabrics\WOMEN-Graphic_Tees-id_00005791-01_4_full.jpg,Mixed Fabrics,This female is wearing a short-sleeve shirt with graphic patterns and a three-point pants. The shirt is with cotton fabric. The neckline of the shirt ,Cotton,LOW,00005791-01,train,caption does not support assigned label
Backend\data\processed\material_deepfashion\Mixed Fabrics\WOMEN-Graphic_Tees-id_00005871-01_2_side.jpg,Mixed Fabrics,The female is wearing a sleeveless tank top with graphic patterns. The tank top is with cotton fabric. The female wears a three-point pants. The pants,Cotton,LOW,00005871-01,test,caption does not support assigned label
Backend\data\processed\material_deepfashion\Mixed Fabrics\WOMEN-Graphic_Tees-id_00005911-01_4_full.jpg,Mixed Fabrics,This lady is wearing a short-sleeve T-shirt with graphic patterns. The T-shirt is with cotton fabric and its neckline is crew. This lady wears a long ,Cotton,LOW,00005911-01,train,caption does not support assigned label
Backend\data\processed\material_deepfashion\Mixed Fabrics\WOMEN-Graphic_Tees-id_00006270-01_1_front.jpg,Mixed Fabrics,"The shirt this female wears has short sleeves, its fabric is cotton, and it has graphic patterns. The shirt has a round neckline. This female wears a ",Cotton,LOW,00006270-01,train,caption does not support assigned label
Backend\data\processed\material_deepfashion\Mixed Fabrics\WOMEN-Graphic_Tees-id_00006415-01_4_full.jpg,Mixed Fabrics,This woman is wearing a tank tank shirt with graphic patterns and a three-point shorts. The tank shirt is with cotton fabric. The neckline of the tank,Cotton,LOW,00006415-01,validation,caption does not support assigned label
Backend\data\processed\material_deepfashion\Mixed Fabrics\WOMEN-Graphic_Tees-id_00006434-02_2_side.jpg,Mixed Fabrics,"The upper clothing has short sleeves, cotton fabric and graphic patterns. The neckline of it is round. The lower clothing is of three-point length. Th",Cotton,LOW,00006434-02,train,caption does not support assigned label
Backend\data\processed\material_deepfashion\Mixed Fabrics\WOMEN-Graphic_Tees-id_00006671-01_4_full.jpg,Mixed Fabrics,The T-shirt this person wears has short sleeves and its fabric is cotton. The pattern of it is graphic. It has a crew neckline. This person wears a th,Cotton,LOW,00006671-01,validation,caption does not support assigned label
Backend\data\processed\material_deepfashion\Mixed Fabrics\WOMEN-Graphic_Tees-id_00006884-01_2_side.jpg,Mixed Fabrics,"The T-shirt the person wears has short sleeves and its fabric is cotton. The pattern of it is graphic. The person wears a three-point shorts, with den",Cotton,LOW,00006884-01,train,caption does not support assigned label
Backend\data\processed\material_deepfashion\Mixed Fabrics\WOMEN-Graphic_Tees-id_00007971-01_1_front.jpg,Mixed Fabrics,This person wears a short-sleeve T-shirt with graphic patterns. The T-shirt is with cotton fabric. It has a round neckline. The shorts this person wea,Cotton,LOW,00007971-01,train,caption does not support assigned label
Backend\data\processed\material_deepfashion\Mixed Fabrics\WOMEN-Jackets_Coats-id_00000356-03_3_back.jpg,Mixed Fabrics,This lady is wearing a long-sleeve sweater with mixed patterns and a three-point shorts. The sweater is with mixed fabric and its neckline is lapel. T,,LOW,00000356-03,train,caption does not support assigned label
Backend\data\processed\material_deepfashion\Mixed Fabrics\WOMEN-Jackets_Coats-id_00001073-01_1_front.jpg,Mixed Fabrics,This female wears a long-sleeve shirt with pure color patterns. The shirt is with cotton fabric and it has a round neckline. The outer clothing is wit,Cotton,LOW,00001073-01,train,caption does not support assigned label
Backend\data\processed\material_deepfashion\Mixed Fabrics\WOMEN-Jackets_Coats-id_00001664-02_7_additional.jpg,Mixed Fabrics,This female wears a long-sleeve shirt with pure color patterns and a long pants. The shirt is with cotton fabric. The neckline of the shirt is crew. T,Cotton,LOW,00001664-02,train,caption does not support assigned label
Backend\data\processed\material_deepfashion\Mixed Fabrics\WOMEN-Jackets_Coats-id_00002196-03_1_front.jpg,Mixed Fabrics,This female wears a long-sleeve sweater with solid color patterns. The sweater is with cotton fabric. It has a crew neckline. This female wears a shor,Cotton,LOW,00002196-03,train,caption does not support assigned label
Backend\data\processed\material_deepfashion\Mixed Fabrics\WOMEN-Jackets_Coats-id_00002325-03_4_full.jpg,Mixed Fabrics,The female is wearing a long-sleeve shirt with other patterns and a long pants. The shirt is with mixed fabric. The pants are with denim fabric and pu,Denim,LOW,00002325-03,test,caption does not support assigned label
Backend\data\processed\material_deepfashion\Mixed Fabrics\WOMEN-Jackets_Coats-id_00002416-01_4_full.jpg,Mixed Fabrics,"Her shirt has long sleeves, cotton fabric and lattice patterns. It has a v-shape neckline. The person wears a three-point shorts. The shorts are with ",Cotton,LOW,00002416-01,train,caption does not support assigned label
Backend\data\processed\material_deepfashion\Mixed Fabrics\WOMEN-Jackets_Coats-id_00002666-01_4_full.jpg,Mixed Fabrics,This person is wearing a sleeveless tank shirt with pure color patterns and a long pants. The tank shirt is with cotton fabric. The neckline of the ta,Cotton,LOW,00002666-01,test,caption does not support assigned label
Backend\data\processed\material_deepfashion\Mixed Fabrics\WOMEN-Jackets_Coats-id_00004614-02_3_back.jpg,Mixed Fabrics,This person is wearing a long-sleeve shirt with other patterns. The shirt is with mixed fabric. This person wears a three-quarter pants. The pants are,,LOW,00004614-02,validation,caption does not support assigned label
Backend\data\processed\material_deepfashion\Mixed Fabrics\WOMEN-Jackets_Coats-id_00004752-01_1_front.jpg,Mixed Fabrics,The sweater the female wears has long sleeves and it is with other fabric and other patterns. The neckline of the sweater is suspenders. The female we,,LOW,00004752-01,train,caption does not support assigned label
Backend\data\processed\material_deepfashion\Mixed Fabrics\WOMEN-Jackets_Coats-id_00005061-02_1_front.jpg,Mixed Fabrics,The lady is wearing a long-sleeve shirt with other patterns. The shirt is with cotton fabric and its neckline is crew. The trousers the lady wears is ,Cotton,LOW,00005061-02,validation,caption does not support assigned label
Backend\data\processed\material_deepfashion\Mixed Fabrics\WOMEN-Jackets_Coats-id_00005091-02_3_back.jpg,Mixed Fabrics,The female wears a long-sleeve sweater with graphic patterns. The sweater is with cotton fabric. It has a lapel neckline. This female also wears an ou,Cotton,LOW,00005091-02,train,caption does not support assigned label
Backend\data\processed\material_deepfashion\Mixed Fabrics\WOMEN-Jackets_Coats-id_00005263-04_2_side.jpg,Mixed Fabrics,"The upper clothing has long sleeves, cotton fabric and pure color patterns. It has a v-shape neckline. The lower clothing is of three-point length. Th",Cotton,LOW,00005263-04,train,caption does not support assigned label
Backend\data\processed\material_deepfashion\Mixed Fabrics\WOMEN-Jackets_Coats-id_00006460-02_1_front.jpg,Mixed Fabrics,The lady is wearing a long-sleeve sweater with striped patterns. The sweater is with cotton fabric and its neckline is crew. The shorts the lady wears,Cotton,LOW,00006460-02,validation,caption does not support assigned label
Backend\data\processed\material_deepfashion\Mixed Fabrics\WOMEN-Jackets_Coats-id_00006499-01_7_additional.jpg,Mixed Fabrics,This lady wears a long-sleeve shirt with striped patterns. The shirt is with cotton fabric. It has a crew neckline. This lady wears a three-point pant,Cotton,LOW,00006499-01,train,caption does not support assigned label
Backend\data\processed\material_deepfashion\Mixed Fabrics\WOMEN-Jackets_Coats-id_00007187-02_1_front.jpg,Mixed Fabrics,"Her tank top has sleeves cut off, cotton fabric and pure color patterns. It has a crew neckline. The shorts this lady wears is of three-point length. ",Cotton,LOW,00007187-02,train,caption does not support assigned label
Backend\data\processed\material_deepfashion\Mixed Fabrics\WOMEN-Jackets_Coats-id_00007674-05_7_additional.jpg,Mixed Fabrics,"The shirt this female wears has long sleeves, its fabric is cotton, and it has solid color patterns. The shirt has a crew neckline. This female wears ",Cotton,LOW,00007674-05,train,caption does not support assigned label
Backend\data\processed\material_deepfashion\Mixed Fabrics\WOMEN-Leggings-id_00001032-05_7_additional.jpg,Mixed Fabrics,"The upper clothing has long sleeves, cotton fabric and graphic patterns. The neckline of it is v-shape. The lower clothing is of long length. The fabr",Cotton,LOW,00001032-05,train,caption does not support assigned label
Backend\data\processed\material_deepfashion\Mixed Fabrics\WOMEN-Leggings-id_00005576-01_7_additional.jpg,Mixed Fabrics,The person is wearing a short-sleeve shirt with color block patterns. The shirt is with cotton fabric. It has a crew neckline. The person wears a long,Cotton,LOW,00005576-01,train,caption does not support assigned label
Backend\data\processed\material_deepfashion\Mixed Fabrics\WOMEN-Pants-id_00002469-03_1_front.jpg,Mixed Fabrics,The tank shirt the female wears has sleeves cut off and its fabric is cotton. The pattern of it is pure color. It has a round neckline. The female wea,Cotton,LOW,00002469-03,test,caption does not support assigned label
Backend\data\processed\material_deepfashion\Mixed Fabrics\WOMEN-Shorts-id_00000522-01_1_front.jpg,Mixed Fabrics,The female is wearing a tank tank shirt with solid color patterns. The tank shirt is with cotton fabric and its neckline is suspenders. The pants the ,Cotton,LOW,00000522-01,train,caption does not support assigned label
Backend\data\processed\material_deepfashion\Mixed Fabrics\WOMEN-Shorts-id_00000812-03_4_full.jpg,Mixed Fabrics,This woman wears a long-sleeve sweater with solid color patterns and a three-point pants. The sweater is with cotton fabric and its neckline is round.,Cotton,LOW,00000812-03,train,caption does not support assigned label
Backend\data\processed\material_deepfashion\Mixed Fabrics\WOMEN-Shorts-id_00000875-01_1_front.jpg,Mixed Fabrics,"Her tank top has sleeves cut off, cotton fabric and graphic patterns. It has a round neckline. The shorts the female wears is of three-point length. T",Cotton,LOW,00000875-01,train,caption does not support assigned label
Backend\data\processed\material_deepfashion\Mixed Fabrics\WOMEN-Shorts-id_00001081-02_1_front.jpg,Mixed Fabrics,This person is wearing a long-sleeve sweater with pure color patterns. The sweater is with cotton fabric and its neckline is round. The shorts this pe,Cotton,LOW,00001081-02,train,caption does not support assigned label
Backend\data\processed\material_deepfashion\Mixed Fabrics\WOMEN-Shorts-id_00001081-02_4_full.jpg,Mixed Fabrics,The sweater the lady wears has long sleeves and it is with cotton fabric and solid color patterns. The neckline of the sweater is round. The lady wear,Cotton,LOW,00001081-02,train,caption does not support assigned label
Backend\data\processed\material_deepfashion\Mixed Fabrics\WOMEN-Shorts-id_00001354-02_1_front.jpg,Mixed Fabrics,"Her tank top has no sleeves, cotton fabric and solid color patterns. It has a stand neckline. The pants this woman wears is of three-point length. The",Cotton,LOW,00001354-02,validation,caption does not support assigned label
Backend\data\processed\material_deepfashion\Mixed Fabrics\WOMEN-Shorts-id_00001354-04_4_full.jpg,Mixed Fabrics,This lady wears a long-sleeve shirt with pure color patterns. The shirt is with cotton fabric. It has a crew neckline. This lady wears a three-point s,Cotton,LOW,00001354-04,test,caption does not support assigned label
Backend\data\processed\material_deepfashion\Mixed Fabrics\WOMEN-Shorts-id_00001494-02_4_full.jpg,Mixed Fabrics,"Her shirt has short sleeves, cotton fabric and solid color patterns. It has a round neckline. This woman wears a three-point pants. The pants are with",Cotton,LOW,00001494-02,validation,caption does not support assigned label
Backend\data\processed\material_deepfashion\Mixed Fabrics\WOMEN-Shorts-id_00001692-01_1_front.jpg,Mixed Fabrics,This woman is wearing a sleeveless tank shirt with graphic patterns. The tank shirt is with cotton fabric. It has a crew neckline. The shorts this wom,Cotton,LOW,00001692-01,train,caption does not support assigned label
Backend\data\processed\material_deepfashion\Mixed Fabrics\WOMEN-Shorts-id_00003936-01_1_front.jpg,Mixed Fabrics,"The tank shirt this person wears has sleeves cut off, its fabric is cotton, and it has graphic patterns. The tank shirt has a crew neckline. This pers",Cotton,LOW,00003936-01,train,caption does not support assigned label
Backend\data\processed\material_deepfashion\Mixed Fabrics\WOMEN-Shorts-id_00004058-02_4_full.jpg,Mixed Fabrics,This lady wears a short-sleeve shirt with stripe patterns and three-point pants. The shirt is with cotton fabric and it has a round neckline. The pant,Cotton,LOW,00004058-02,train,caption does not support assigned label
Backend\data\processed\material_deepfashion\Mixed Fabrics\WOMEN-Shorts-id_00004784-05_4_full.jpg,Mixed Fabrics,The female is wearing a medium-sleeve shirt with complicated patterns. The shirt is with cotton fabric. It has a round neckline. The female wears a th,Cotton,LOW,00004784-05,train,caption does not support assigned label
Backend\data\processed\material_deepfashion\Mixed Fabrics\WOMEN-Shorts-id_00004784-07_4_full.jpg,Mixed Fabrics,The person is wearing a tank tank top with other patterns. The tank top is with cotton fabric and its neckline is round. The shorts the person wears i,Cotton,LOW,00004784-07,train,caption does not support assigned label
Backend\data\processed\material_deepfashion\Mixed Fabrics\WOMEN-Shorts-id_00004981-04_1_front.jpg,Mixed Fabrics,This female wears a tank tank shirt with pure color patterns and a three-point shorts. The tank shirt is with cotton fabric and its neckline is stand.,Cotton,LOW,00004981-04,train,caption does not support assigned label
Backend\data\processed\material_deepfashion\Mixed Fabrics\WOMEN-Shorts-id_00005211-04_1_front.jpg,Mixed Fabrics,This woman is wearing a sleeveless tank top with graphic patterns. The tank top is with cotton fabric. It has a round neckline. The pants this woman w,Cotton,LOW,00005211-04,train,caption does not support assigned label
Backend\data\processed\material_deepfashion\Mixed Fabrics\WOMEN-Shorts-id_00005506-02_4_full.jpg,Mixed Fabrics,The lady wears a long-sleeve shirt with solid color patterns and a three-point pants. The shirt is with cotton fabric and its neckline is v-shape. The,Cotton,LOW,00005506-02,test,caption does not support assigned label
Backend\data\processed\material_deepfashion\Mixed Fabrics\WOMEN-Shorts-id_00005599-03_1_front.jpg,Mixed Fabrics,"Her shirt has short sleeves, cotton fabric and color block patterns. The neckline of it is round. The person wears a three-point pants. The pants are ",Cotton,LOW,00005599-03,train,caption does not support assigned label
Backend\data\processed\material_deepfashion\Mixed Fabrics\WOMEN-Shorts-id_00005599-03_4_full.jpg,Mixed Fabrics,"The upper clothing has short sleeves, cotton fabric and color block patterns. It has a round neckline. The lower clothing is of three-point length. Th",Cotton,LOW,00005599-03,train,caption does not support assigned label
Backend\data\processed\material_deepfashion\Mixed Fabrics\WOMEN-Shorts-id_00005906-02_1_front.jpg,Mixed Fabrics,The sweater this lady wears has long sleeves and its fabric is cotton. The pattern of it is plaid. It has a lapel neckline. This lady wears a three-po,Cotton,LOW,00005906-02,train,caption does not support assigned label
Backend\data\processed\material_deepfashion\Mixed Fabrics\WOMEN-Shorts-id_00006063-02_1_front.jpg,Mixed Fabrics,This woman is wearing a sleeveless tank shirt with pure color patterns and a three-point pants. The tank shirt is with cotton fabric and its neckline ,Cotton,LOW,00006063-02,train,caption does not support assigned label
Backend\data\processed\material_deepfashion\Mixed Fabrics\WOMEN-Shorts-id_00006120-03_4_full.jpg,Mixed Fabrics,The lady is wearing a sleeveless tank shirt with stripe patterns. The tank shirt is with cotton fabric and its neckline is suspenders. The pants the l,Cotton,LOW,00006120-03,train,caption does not support assigned label
Backend\data\processed\material_deepfashion\Mixed Fabrics\WOMEN-Shorts-id_00006142-01_7_additional.jpg,Mixed Fabrics,"The upper clothing has medium sleeves, cotton fabric and solid color patterns. It has a suspenders neckline. The lower clothing is of three-point leng",Cotton,LOW,00006142-01,train,caption does not support assigned label
Backend\data\processed\material_deepfashion\Mixed Fabrics\WOMEN-Shorts-id_00006552-02_1_front.jpg,Mixed Fabrics,This person wears a medium-sleeve shirt with solid color patterns and a three-point shorts. The shirt is with cotton fabric and its neckline is v-shap,Cotton,LOW,00006552-02,train,caption does not support assigned label
Backend\data\processed\material_deepfashion\Mixed Fabrics\WOMEN-Shorts-id_00006574-01_7_additional.jpg,Mixed Fabrics,The female is wearing a sleeveless tank top with floral patterns. The tank top is with cotton fabric. It has a round neckline. The female wears a thre,Cotton,LOW,00006574-01,validation,caption does not support assigned label
Backend\data\processed\material_deepfashion\Mixed Fabrics\WOMEN-Shorts-id_00006729-02_4_full.jpg,Mixed Fabrics,"Her shirt has short sleeves, cotton fabric and pure color patterns. It has a square neckline. The pants the female wears is of three-point length. The",Cotton,LOW,00006729-02,test,caption does not support assigned label
Backend\data\processed\material_deepfashion\Mixed Fabrics\WOMEN-Skirts-id_00001376-01_1_front.jpg,Mixed Fabrics,The female is wearing a sleeveless tank top with solid color patterns. The tank top is with cotton fabric and its neckline is suspenders. The skirt th,Cotton,LOW,00001376-01,train,caption does not support assigned label
Backend\data\processed\material_deepfashion\Mixed Fabrics\WOMEN-Skirts-id_00003995-05_4_full.jpg,Mixed Fabrics,The lady is wearing a long-sleeve sweater with striped patterns. The sweater is with cotton fabric. It has a round neckline. The skirt the lady wears ,Cotton,LOW,00003995-05,test,caption does not support assigned label
Backend\data\processed\material_deepfashion\Mixed Fabrics\WOMEN-Skirts-id_00007127-02_1_front.jpg,Mixed Fabrics,The tank top this lady wears has sleeves cut off and its fabric is cotton. The pattern of it is pure color. It has a round neckline. This lady wears a,Cotton,LOW,00007127-02,train,caption does not support assigned label
Backend\data\processed\material_deepfashion\Mixed Fabrics\WOMEN-Sweaters-id_00000342-06_7_additional.jpg,Mixed Fabrics,"Her sweater has long sleeves, cotton fabric and pure color patterns. It has a crew neckline. The lady wears a three-point shorts. The shorts are with ",Cotton,LOW,00000342-06,train,caption does not support assigned label
Backend\data\processed\material_deepfashion\Mixed Fabrics\WOMEN-Sweaters-id_00000862-04_1_front.jpg,Mixed Fabrics,The female wears a long-sleeve shirt with solid color patterns. The shirt is with cotton fabric. It has a round neckline. The female wears a three-poi,Cotton,LOW,00000862-04,train,caption does not support assigned label
Backend\data\processed\material_deepfashion\Mixed Fabrics\WOMEN-Sweaters-id_00001813-08_7_additional.jpg,Mixed Fabrics,The lady wears a long-sleeve sweater with solid color patterns. The sweater is with cotton fabric. It has a v-shape neckline. The pants the lady wears,Cotton,LOW,00001813-08,train,caption does not support assigned label
Backend\data\processed\material_deepfashion\Mixed Fabrics\WOMEN-Sweaters-id_00002089-11_1_front.jpg,Mixed Fabrics,"The upper clothing has long sleeves, cotton fabric and solid color patterns. The neckline of it is round. The lower clothing is of long length. The fa",Cotton,LOW,00002089-11,train,caption does not support assigned label
Backend\data\processed\material_deepfashion\Mixed Fabrics\WOMEN-Sweaters-id_00002089-21_7_additional.jpg,Mixed Fabrics,"The shirt this lady wears has long sleeves, its fabric is cotton, and it has solid color patterns. The shirt has a round neckline. This lady wears a l",Cotton,LOW,00002089-21,validation,caption does not support assigned label
Backend\data\processed\material_deepfashion\Mixed Fabrics\WOMEN-Sweaters-id_00002287-06_4_full.jpg,Mixed Fabrics,This lady wears a long-sleeve shirt with pure color patterns. The shirt is with cotton fabric. It has a round neckline. The trousers this lady wears i,Cotton,LOW,00002287-06,test,caption does not support assigned label
Backend\data\processed\material_deepfashion\Mixed Fabrics\WOMEN-Sweaters-id_00002451-01_2_side.jpg,Mixed Fabrics,The shirt this woman wears has short sleeves and its fabric is cotton. The pattern of it is graphic. It has a round neckline. This woman wears a three,Cotton,LOW,00002451-01,validation,caption does not support assigned label
Backend\data\processed\material_deepfashion\Mixed Fabrics\WOMEN-Sweaters-id_00002693-04_4_full.jpg,Mixed Fabrics,The female wears a long-sleeve shirt with complicated patterns and a long trousers. The shirt is with cotton fabric and its neckline is round. The tro,Cotton,LOW,00002693-04,train,caption does not support assigned label
Backend\data\processed\material_deepfashion\Mixed Fabrics\WOMEN-Sweaters-id_00002741-02_7_additional.jpg,Mixed Fabrics,The female is wearing a long-sleeve sweater with other patterns. The sweater is with cotton fabric. It has a round neckline. The female wears a long p,Cotton,LOW,00002741-02,test,caption does not support assigned label
Backend\data\processed\material_deepfashion\Mixed Fabrics\WOMEN-Sweaters-id_00002746-02_1_front.jpg,Mixed Fabrics,"Her shirt has long sleeves, cotton fabric and graphic patterns. The neckline of it is crew. This female wears a long trousers. The trousers are with d",Cotton,LOW,00002746-02,train,caption does not support assigned label
Backend\data\processed\material_deepfashion\Mixed Fabrics\WOMEN-Sweaters-id_00002801-02_2_side.jpg,Mixed Fabrics,This female wears a long-sleeve shirt with solid color patterns and a three-point shorts. The shirt is with cotton fabric and its neckline is stand. T,Cotton,LOW,00002801-02,test,caption does not support assigned label
Backend\data\processed\material_deepfashion\Mixed Fabrics\WOMEN-Sweaters-id_00003285-03_7_additional.jpg,Mixed Fabrics,The person is wearing a long-sleeve shirt with graphic patterns. The shirt is with knitting fabric and its neckline is crew. The pants the person wear,,LOW,00003285-03,train,caption does not support assigned label
Backend\data\processed\material_deepfashion\Mixed Fabrics\WOMEN-Sweaters-id_00003599-01_4_full.jpg,Mixed Fabrics,This female is wearing a long-sleeve shirt with solid color patterns. The shirt is with cotton fabric and its neckline is round. The shorts this femal,Cotton,LOW,00003599-01,train,caption does not support assigned label
Backend\data\processed\material_deepfashion\Mixed Fabrics\WOMEN-Sweaters-id_00004680-03_4_full.jpg,Mixed Fabrics,The lady is wearing a medium-sleeve shirt with pure color patterns. The shirt is with cotton fabric and its neckline is round. The shorts the lady wea,Cotton,LOW,00004680-03,train,caption does not support assigned label
Backend\data\processed\material_deepfashion\Mixed Fabrics\WOMEN-Sweaters-id_00005178-02_2_side.jpg,Mixed Fabrics,"Her shirt has short sleeves, cotton fabric and complicated patterns. The neckline of it is crew. The shorts this lady wears is of three-point length. ",Cotton,LOW,00005178-02,test,caption does not support assigned label
Backend\data\processed\material_deepfashion\Mixed Fabrics\WOMEN-Sweaters-id_00005720-06_4_full.jpg,Mixed Fabrics,This person wears a long-sleeve sweater with stripe patterns. The sweater is with cotton fabric. It has a crew neckline. This person wears a long pant,Cotton,LOW,00005720-06,test,caption does not support assigned label
Backend\data\processed\material_deepfashion\Mixed Fabrics\WOMEN-Sweaters-id_00006685-01_7_additional.jpg,Mixed Fabrics,This person is wearing a long-sleeve shirt with graphic patterns and a long pants. The shirt is with knitting fabric and its neckline is crew. The pan,,LOW,00006685-01,train,caption does not support assigned label
Backend\data\processed\material_deepfashion\Mixed Fabrics\WOMEN-Sweaters-id_00006737-02_1_front.jpg,Mixed Fabrics,This lady is wearing a long-sleeve sweater with graphic patterns. The sweater is with cotton fabric. It has a crew neckline. The pants this lady wears,Cotton,LOW,00006737-02,train,caption does not support assigned label
Backend\data\processed\material_deepfashion\Mixed Fabrics\WOMEN-Sweaters-id_00006737-02_2_side.jpg,Mixed Fabrics,"Her sweater has long sleeves, cotton fabric and graphic patterns. The neckline of it is round. The shorts this female wears is of three-point length. ",Cotton,LOW,00006737-02,train,caption does not support assigned label
Backend\data\processed\material_deepfashion\Mixed Fabrics\WOMEN-Sweatshirts_Hoodies-id_00000775-03_7_additional.jpg,Mixed Fabrics,This lady wears a long-sleeve sweater with other patterns and a long trousers. The sweater is with cotton fabric and its neckline is round. The trouse,Cotton,LOW,00000775-03,train,caption does not support assigned label
Backend\data\processed\material_deepfashion\Mixed Fabrics\WOMEN-Sweatshirts_Hoodies-id_00001249-02_3_back.jpg,Mixed Fabrics,The female wears a long-sleeve shirt with other patterns. The shirt is with mixed fabric. The female wears a three-point pants. The pants are with den,,LOW,00001249-02,train,caption does not support assigned label
Backend\data\processed\material_deepfashion\Mixed Fabrics\WOMEN-Sweatshirts_Hoodies-id_00001249-03_3_back.jpg,Mixed Fabrics,The female wears a long-sleeve sweater with mixed patterns. The sweater is with mixed fabric. The pants the female wears is of three-point length. The,,LOW,00001249-03,train,caption does not support assigned label
Backend\data\processed\material_deepfashion\Mixed Fabrics\WOMEN-Sweatshirts_Hoodies-id_00001249-04_3_back.jpg,Mixed Fabrics,"The shirt this lady wears has long sleeves and its fabric is mixed. The pattern of it is mixed. This lady wears a three-point pants, with denim fabric",Denim,LOW,00001249-04,train,caption does not support assigned label
Backend\data\processed\material_deepfashion\Mixed Fabrics\WOMEN-Sweatshirts_Hoodies-id_00002080-01_4_full.jpg,Mixed Fabrics,"Her shirt has long sleeves, cotton fabric and graphic patterns. The neckline of it is round. The trousers this lady wears is of long length. The trous",Cotton,LOW,00002080-01,train,caption does not support assigned label
Backend\data\processed\material_deepfashion\Mixed Fabrics\WOMEN-Sweatshirts_Hoodies-id_00003318-03_1_front.jpg,Mixed Fabrics,"Her shirt has long sleeves, cotton fabric and stripe patterns. It has a v-shape neckline. The trousers this female wears is of long length. The trouse",Cotton,LOW,00003318-03,train,caption does not support assigned label
Backend\data\processed\material_deepfashion\Mixed Fabrics\WOMEN-Sweatshirts_Hoodies-id_00003587-01_4_full.jpg,Mixed Fabrics,"Her shirt has long sleeves, cotton fabric and graphic patterns. The neckline of it is crew. The trousers this female wears is of long length. The trou",Cotton,LOW,00003587-01,validation,caption does not support assigned label
Backend\data\processed\material_deepfashion\Mixed Fabrics\WOMEN-Sweatshirts_Hoodies-id_00003660-04_1_front.jpg,Mixed Fabrics,This woman wears a long-sleeve shirt with solid color patterns and a three-point pants. The shirt is with cotton fabric. The neckline of the shirt is ,Cotton,LOW,00003660-04,train,caption does not support assigned label
Backend\data\processed\material_deepfashion\Mixed Fabrics\WOMEN-Sweatshirts_Hoodies-id_00003660-04_3_back.jpg,Mixed Fabrics,The person is wearing a long-sleeve shirt with other patterns. The shirt is with other fabric. The pants the person wears is of three-point length. Th,,LOW,00003660-04,train,caption does not support assigned label
Backend\data\processed\material_deepfashion\Mixed Fabrics\WOMEN-Sweatshirts_Hoodies-id_00003660-05_2_side.jpg,Mixed Fabrics,The person wears a long-sleeve shirt with mixed patterns and three-point shorts. The shirt is with other fabric. The shorts are with denim fabric and ,Denim,LOW,00003660-05,train,caption does not support assigned label
Backend\data\processed\material_deepfashion\Mixed Fabrics\WOMEN-Sweatshirts_Hoodies-id_00004008-04_4_full.jpg,Mixed Fabrics,"Her sweater has long sleeves, cotton fabric and pure color patterns. The neckline of it is round. The pants this woman wears is of long length. The pa",Cotton,LOW,00004008-04,train,caption does not support assigned label
Backend\data\processed\material_deepfashion\Mixed Fabrics\WOMEN-Sweatshirts_Hoodies-id_00004430-07_4_full.jpg,Mixed Fabrics,The person wears a long-sleeve shirt with complicated patterns and a long trousers. The shirt is with cotton fabric and its neckline is round. The tro,Cotton,LOW,00004430-07,train,caption does not support assigned label
Backend\data\processed\material_deepfashion\Mixed Fabrics\WOMEN-Tees_Tanks-id_00000060-06_4_full.jpg,Mixed Fabrics,The tank shirt the lady wears has sleeves cut off and it is with cotton fabric and graphic patterns. The neckline of the tank shirt is round. The lady,Cotton,LOW,00000060-06,train,caption does not support assigned label
Backend\data\processed\material_deepfashion\Mixed Fabrics\WOMEN-Tees_Tanks-id_00000061-06_1_front.jpg,Mixed Fabrics,This woman is wearing a short-sleeve shirt with graphic patterns. The shirt is with cotton fabric. It has a crew neckline. The shorts this woman wears,Cotton,LOW,00000061-06,validation,caption does not support assigned label
Backend\data\processed\material_deepfashion\Mixed Fabrics\WOMEN-Tees_Tanks-id_00000079-05_3_back.jpg,Mixed Fabrics,The lady is wearing a sleeveless tank shirt with pure color patterns. The tank shirt is with cotton fabric. The lady wears a three-point shorts. The s,Cotton,LOW,00000079-05,train,caption does not support assigned label
Backend\data\processed\material_deepfashion\Mixed Fabrics\WOMEN-Tees_Tanks-id_00000099-07_7_additional.jpg,Mixed Fabrics,"Her shirt has short sleeves, cotton fabric and striped patterns. The neckline of it is round. The lady wears a long trousers. The trousers are with de",Cotton,LOW,00000099-07,train,caption does not support assigned label
Backend\data\processed\material_deepfashion\Mixed Fabrics\WOMEN-Tees_Tanks-id_00000142-01_1_front.jpg,Mixed Fabrics,The lady is wearing a tank tank top with graphic patterns. The tank top is with cotton fabric and its neckline is round. The lady wears a three-point ,Cotton,LOW,00000142-01,train,caption does not support assigned label
Backend\data\processed\material_deepfashion\Mixed Fabrics\WOMEN-Tees_Tanks-id_00000220-02_1_front.jpg,Mixed Fabrics,"The upper clothing has short sleeves, cotton fabric and pure color patterns. The neckline of it is v-shape. The lower clothing is of long length. The ",Cotton,LOW,00000220-02,train,caption does not support assigned label
Backend\data\processed\material_deepfashion\Mixed Fabrics\WOMEN-Tees_Tanks-id_00000295-03_7_additional.jpg,Mixed Fabrics,"The upper clothing has long sleeves, cotton fabric and pure color patterns. It has a round neckline. The lower clothing is of long length. The fabric ",Cotton,LOW,00000295-03,train,caption does not support assigned label
Backend\data\processed\material_deepfashion\Mixed Fabrics\WOMEN-Tees_Tanks-id_00000330-03_1_front.jpg,Mixed Fabrics,"Her T-shirt has short sleeves, cotton fabric and pure color patterns. The neckline of it is round. The person wears a medium shorts. The shorts are wi",Cotton,LOW,00000330-03,train,caption does not support assigned label
Backend\data\processed\material_deepfashion\Mixed Fabrics\WOMEN-Tees_Tanks-id_00000330-03_3_back.jpg,Mixed Fabrics,This female is wearing a short-sleeve T-shirt with solid color patterns and a short shorts. The T-shirt is with cotton fabric. The shorts are with den,Cotton,LOW,00000330-03,train,caption does not support assigned label
Backend\data\processed\material_deepfashion\Mixed Fabrics\WOMEN-Tees_Tanks-id_00000340-01_4_full.jpg,Mixed Fabrics,This lady is wearing a long-sleeve shirt with graphic patterns. The shirt is with cotton fabric. It has a round neckline. The trousers this lady wears,Cotton,LOW,00000340-01,train,caption does not support assigned label
Backend\data\processed\material_deepfashion\Mixed Fabrics\WOMEN-Tees_Tanks-id_00000363-02_2_side.jpg,Mixed Fabrics,This person wears a long-sleeve sweater with graphic patterns and three-point shorts. The sweater is with cotton fabric and it has a crew neckline. Th,Cotton,LOW,00000363-02,test,caption does not support assigned label
Backend\data\processed\material_deepfashion\Mixed Fabrics\WOMEN-Tees_Tanks-id_00000371-06_7_additional.jpg,Mixed Fabrics,This lady is wearing a short-sleeve T-shirt with pure color patterns. The T-shirt is with cotton fabric. This lady wears a three-point shorts. The sho,Cotton,LOW,00000371-06,train,caption does not support assigned label
Backend\data\processed\material_deepfashion\Mixed Fabrics\WOMEN-Tees_Tanks-id_00000371-08_1_front.jpg,Mixed Fabrics,"Her T-shirt has short sleeves, cotton fabric and solid color patterns. The neckline of it is crew. The pants this lady wears is of three-point length.",Cotton,LOW,00000371-08,train,caption does not support assigned label
Backend\data\processed\material_deepfashion\Mixed Fabrics\WOMEN-Tees_Tanks-id_00000407-01_1_front.jpg,Mixed Fabrics,This lady wears a sleeveless tank shirt with pure color patterns. The tank shirt is with cotton fabric. It has a suspenders neckline. This lady wears ,Cotton,LOW,00000407-01,validation,caption does not support assigned label
Backend\data\processed\material_deepfashion\Mixed Fabrics\WOMEN-Tees_Tanks-id_00000430-03_7_additional.jpg,Mixed Fabrics,"The shirt the female wears has long sleeves, its fabric is cotton, and it has striped patterns. The shirt has a v-shape neckline. The female wears a l",Cotton,LOW,00000430-03,train,caption does not support assigned label
Backend\data\processed\material_deepfashion\Mixed Fabrics\WOMEN-Tees_Tanks-id_00000570-01_4_full.jpg,Mixed Fabrics,This lady wears a tank tank shirt with graphic patterns and a three-point shorts. The tank shirt is with cotton fabric. The neckline of the tank shirt,Cotton,LOW,00000570-01,train,caption does not support assigned label
Backend\data\processed\material_deepfashion\Mixed Fabrics\WOMEN-Tees_Tanks-id_00000603-03_1_front.jpg,Mixed Fabrics,"The upper clothing has short sleeves, cotton fabric and solid color patterns. It has a crew neckline. The lower clothing is of three-point length. The",Cotton,LOW,00000603-03,train,caption does not support assigned label
Backend\data\processed\material_deepfashion\Mixed Fabrics\WOMEN-Tees_Tanks-id_00000829-06_4_full.jpg,Mixed Fabrics,The lady wears a long-sleeve sweater with floral patterns. The sweater is with cotton fabric. It has a round neckline. The lady wears a long trousers.,Cotton,LOW,00000829-06,train,caption does not support assigned label
Backend\data\processed\material_deepfashion\Mixed Fabrics\WOMEN-Tees_Tanks-id_00000965-01_4_full.jpg,Mixed Fabrics,The tank shirt this person wears has sleeves cut off and its fabric is cotton. The pattern of it is graphic. It has a round neckline. This person wear,Cotton,LOW,00000965-01,train,caption does not support assigned label
Backend\data\processed\material_deepfashion\Mixed Fabrics\WOMEN-Tees_Tanks-id_00001028-01_4_full.jpg,Mixed Fabrics,"Her shirt has short sleeves, cotton fabric and solid color patterns. The neckline of it is round. The pants this person wears is of three-point length",Cotton,LOW,00001028-01,train,caption does not support assigned label
Backend\data\processed\material_deepfashion\Mixed Fabrics\WOMEN-Tees_Tanks-id_00001212-08_1_front.jpg,Mixed Fabrics,The female is wearing a sleeveless tank top with solid color patterns. The tank top is with cotton fabric. The shorts the female wears is of three-poi,Cotton,LOW,00001212-08,train,caption does not support assigned label
Backend\data\processed\material_deepfashion\Mixed Fabrics\WOMEN-Tees_Tanks-id_00001212-15_1_front.jpg,Mixed Fabrics,"The tank shirt this female wears has sleeves cut off, its fabric is cotton, and it has solid color patterns. This female wears a three-point shorts, w",Cotton,LOW,00001212-15,train,caption does not support assigned label
Backend\data\processed\material_deepfashion\Mixed Fabrics\WOMEN-Tees_Tanks-id_00001212-32_2_side.jpg,Mixed Fabrics,This woman is wearing a tank tank top with solid color patterns. The tank top is with cotton fabric. This woman wears a three-point pants. The pants a,Cotton,LOW,00001212-32,train,caption does not support assigned label
Backend\data\processed\material_deepfashion\Mixed Fabrics\WOMEN-Tees_Tanks-id_00001220-03_4_full.jpg,Mixed Fabrics,This woman is wearing a medium-sleeve shirt with color block patterns and a three-quarter trousers. The shirt is with cotton fabric and its neckline i,Cotton,LOW,00001220-03,train,caption does not support assigned label
Backend\data\processed\material_deepfashion\Mixed Fabrics\WOMEN-Tees_Tanks-id_00001260-01_4_full.jpg,Mixed Fabrics,"Her T-shirt has short sleeves, cotton fabric and graphic patterns. The neckline of it is crew. This person wears a long trousers. The trousers are wit",Cotton,LOW,00001260-01,train,caption does not support assigned label
Backend\data\processed\material_deepfashion\Mixed Fabrics\WOMEN-Tees_Tanks-id_00001310-01_2_side.jpg,Mixed Fabrics,This person is wearing a sleeveless tank top with graphic patterns and a three-point pants. The tank top is with cotton fabric. The neckline of the ta,Cotton,LOW,00001310-01,train,caption does not support assigned label
Backend\data\processed\material_deepfashion\Mixed Fabrics\WOMEN-Tees_Tanks-id_00001319-01_1_front.jpg,Mixed Fabrics,"Her tank top has no sleeves, cotton fabric and graphic patterns. The neckline of it is round. This person wears a three-point pants. The pants are wit",Cotton,LOW,00001319-01,train,caption does not support assigned label
Backend\data\processed\material_deepfashion\Mixed Fabrics\WOMEN-Tees_Tanks-id_00001384-04_7_additional.jpg,Mixed Fabrics,"Her shirt has long sleeves, cotton fabric and pure color patterns. It has a suspenders neckline. The pants this woman wears is of long length. The pan",Cotton,LOW,00001384-04,train,caption does not support assigned label
Backend\data\processed\material_deepfashion\Mixed Fabrics\WOMEN-Tees_Tanks-id_00001431-02_4_full.jpg,Mixed Fabrics,The person wears a sleeveless tank shirt with solid color patterns and long pants. The tank shirt is with cotton fabric and it has a v-shape neckline.,Cotton,LOW,00001431-02,train,caption does not support assigned label
Backend\data\processed\material_deepfashion\Mixed Fabrics\WOMEN-Tees_Tanks-id_00001469-13_4_full.jpg,Mixed Fabrics,"Her shirt has long sleeves, cotton fabric and pure color patterns. The neckline of it is v-shape. The shorts this person wears is of three-point lengt",Cotton,LOW,00001469-13,train,caption does not support assigned label
Backend\data\processed\material_deepfashion\Mixed Fabrics\WOMEN-Tees_Tanks-id_00001477-05_4_full.jpg,Mixed Fabrics,"Her tank shirt has sleeves cut off, cotton fabric and striped patterns. It has a crew neckline. The pants this person wears is of three-point length. ",Cotton,LOW,00001477-05,train,caption does not support assigned label
Backend\data\processed\material_deepfashion\Mixed Fabrics\WOMEN-Tees_Tanks-id_00001480-02_1_front.jpg,Mixed Fabrics,The lady is wearing a short-sleeve T-shirt with solid color patterns. The T-shirt is with cotton fabric. It has a crew neckline. The trousers the lady,Cotton,LOW,00001480-02,train,caption does not support assigned label
Backend\data\processed\material_deepfashion\Mixed Fabrics\WOMEN-Tees_Tanks-id_00001603-03_2_side.jpg,Mixed Fabrics,"Her shirt has long sleeves, cotton fabric and solid color patterns. The neckline of it is crew. This female wears a three-point shorts. The shorts are",Cotton,LOW,00001603-03,train,caption does not support assigned label
Backend\data\processed\material_deepfashion\Mixed Fabrics\WOMEN-Tees_Tanks-id_00001801-06_4_full.jpg,Mixed Fabrics,The tank top this person wears has sleeves cut off and its fabric is cotton. The pattern of it is pure color. It has a suspenders neckline. This perso,Cotton,LOW,00001801-06,train,caption does not support assigned label
Backend\data\processed\material_deepfashion\Mixed Fabrics\WOMEN-Tees_Tanks-id_00001820-02_7_additional.jpg,Mixed Fabrics,This female wears a tank tank shirt with graphic patterns and a three-point shorts. The tank shirt is with cotton fabric and its neckline is suspender,Cotton,LOW,00001820-02,test,caption does not support assigned label
Backend\data\processed\material_deepfashion\Mixed Fabrics\WOMEN-Tees_Tanks-id_00001943-04_3_back.jpg,Mixed Fabrics,"Her tank top has no sleeves, cotton fabric and pure color patterns. The neckline of it is round. The pants the female wears is of long length. The pan",Cotton,LOW,00001943-04,test,caption does not support assigned label
Backend\data\processed\material_deepfashion\Mixed Fabrics\WOMEN-Tees_Tanks-id_00001965-02_7_additional.jpg,Mixed Fabrics,"The upper clothing has short sleeves, cotton fabric and pure color patterns. It has a crew neckline. The lower clothing is of long length. The fabric ",Cotton,LOW,00001965-02,train,caption does not support assigned label
Backend\data\processed\material_deepfashion\Mixed Fabrics\WOMEN-Tees_Tanks-id_00002010-04_1_front.jpg,Mixed Fabrics,"The shirt this woman wears has long sleeves, its fabric is cotton, and it has color block patterns. The shirt has a crew neckline. This woman wears a ",Cotton,LOW,00002010-04,validation,caption does not support assigned label
Backend\data\processed\material_deepfashion\Mixed Fabrics\WOMEN-Tees_Tanks-id_00002010-04_2_side.jpg,Mixed Fabrics,"The sweater the person wears has long sleeves and its fabric is cotton. The pattern of it is color block. The person wears a three-point pants, with d",Cotton,LOW,00002010-04,validation,caption does not support assigned label
Backend\data\processed\material_deepfashion\Mixed Fabrics\WOMEN-Tees_Tanks-id_00002094-02_1_front.jpg,Mixed Fabrics,The female wears a long-sleeve sweater with floral patterns and a three-point pants. The sweater is with cotton fabric. The neckline of the sweater is,Cotton,LOW,00002094-02,test,caption does not support assigned label
Backend\data\processed\material_deepfashion\Mixed Fabrics\WOMEN-Tees_Tanks-id_00002094-03_2_side.jpg,Mixed Fabrics,This woman wears a long-sleeve shirt with floral patterns. The shirt is with cotton fabric. It has a crew neckline. The pants this woman wears is of t,Cotton,LOW,00002094-03,train,caption does not support assigned label
Backend\data\processed\material_deepfashion\Mixed Fabrics\WOMEN-Tees_Tanks-id_00002112-07_1_front.jpg,Mixed Fabrics,"The upper clothing has no sleeves, cotton fabric and pure color patterns. The neckline of it is suspenders. The lower clothing is of three-point lengt",Cotton,LOW,00002112-07,train,caption does not support assigned label
Backend\data\processed\material_deepfashion\Mixed Fabrics\WOMEN-Tees_Tanks-id_00002122-01_7_additional.jpg,Mixed Fabrics,This person wears a tank tank top with solid color patterns and three-point pants. The tank top is with cotton fabric and it has a round neckline. The,Cotton,LOW,00002122-01,train,caption does not support assigned label
Backend\data\processed\material_deepfashion\Mixed Fabrics\WOMEN-Tees_Tanks-id_00002151-08_4_full.jpg,Mixed Fabrics,The person is wearing a sleeveless tank top with solid color patterns and a three-point shorts. The tank top is with cotton fabric and its neckline is,Cotton,LOW,00002151-08,validation,caption does not support assigned label
Backend\data\processed\material_deepfashion\Mixed Fabrics\WOMEN-Tees_Tanks-id_00002162-33_4_full.jpg,Mixed Fabrics,The lady wears a tank tank shirt with pure color patterns. The tank shirt is with cotton fabric. It has a suspenders neckline. The trousers the lady w,Cotton,LOW,00002162-33,train,caption does not support assigned label
Backend\data\processed\material_deepfashion\Mixed Fabrics\WOMEN-Tees_Tanks-id_00002162-63_4_full.jpg,Mixed Fabrics,This person wears a tank tank shirt with solid color patterns and three-point shorts. The tank shirt is with cotton fabric and it has a suspenders nec,Cotton,LOW,00002162-63,train,caption does not support assigned label
Backend\data\processed\material_deepfashion\Mixed Fabrics\WOMEN-Tees_Tanks-id_00002172-01_4_full.jpg,Mixed Fabrics,"Her shirt has short sleeves, cotton fabric and graphic patterns. The neckline of it is round. The trousers this female wears is of long length. The tr",Cotton,LOW,00002172-01,train,caption does not support assigned label
Backend\data\processed\material_deepfashion\Mixed Fabrics\WOMEN-Tees_Tanks-id_00002185-01_1_front.jpg,Mixed Fabrics,This person is wearing a short-sleeve T-shirt with graphic patterns. The T-shirt is with cotton fabric. It has a crew neckline. The pants this person ,Cotton,LOW,00002185-01,train,caption does not support assigned label
Backend\data\processed\material_deepfashion\Mixed Fabrics\WOMEN-Tees_Tanks-id_00002201-01_7_additional.jpg,Mixed Fabrics,This lady is wearing a sleeveless tank top with pure color patterns and a long pants. The tank top is with cotton fabric. The neckline of the tank top,Cotton,LOW,00002201-01,validation,caption does not support assigned label
Backend\data\processed\material_deepfashion\Mixed Fabrics\WOMEN-Tees_Tanks-id_00002201-16_4_full.jpg,Mixed Fabrics,The tank shirt the female wears has no sleeves and its fabric is cotton. The pattern of it is solid color. It has a suspenders neckline. The female we,Cotton,LOW,00002201-16,train,caption does not support assigned label
Backend\data\processed\material_deepfashion\Mixed Fabrics\WOMEN-Tees_Tanks-id_00002201-46_3_back.jpg,Mixed Fabrics,"Her tank top has sleeves cut off, cotton fabric and solid color patterns. The pants this female wears is of three-point length. The pants are with den",Cotton,LOW,00002201-46,train,caption does not support assigned label
Backend\data\processed\material_deepfashion\Mixed Fabrics\WOMEN-Tees_Tanks-id_00002201-47_2_side.jpg,Mixed Fabrics,This person is wearing a tank tank shirt with solid color patterns. The tank shirt is with cotton fabric and its neckline is suspenders. This person w,Cotton,LOW,00002201-47,train,caption does not support assigned label
Backend\data\processed\material_deepfashion\Mixed Fabrics\WOMEN-Tees_Tanks-id_00002257-02_1_front.jpg,Mixed Fabrics,This female is wearing a medium-sleeve shirt with color block patterns. The shirt is with cotton fabric. It has a round neckline. The pants this femal,Cotton,LOW,00002257-02,test,caption does not support assigned label
Backend\data\processed\material_deepfashion\Mixed Fabrics\WOMEN-Tees_Tanks-id_00002260-01_7_additional.jpg,Mixed Fabrics,"Her tank shirt has sleeves cut off, cotton fabric and color block patterns. The neckline of it is crew. The pants this lady wears is of three-point le",Cotton,LOW,00002260-01,train,caption does not support assigned label
Backend\data\processed\material_deepfashion\Mixed Fabrics\WOMEN-Tees_Tanks-id_00002328-01_4_full.jpg,Mixed Fabrics,The T-shirt this female wears has short sleeves and it is with cotton fabric and solid color patterns. The neckline of the T-shirt is crew. This femal,Cotton,LOW,00002328-01,train,caption does not support assigned label
Backend\data\processed\material_deepfashion\Mixed Fabrics\WOMEN-Tees_Tanks-id_00002361-02_7_additional.jpg,Mixed Fabrics,This person is wearing a long-sleeve sweater with graphic patterns. The sweater is with cotton fabric and its neckline is crew. The trousers this pers,Cotton,LOW,00002361-02,validation,caption does not support assigned label
Backend\data\processed\material_deepfashion\Mixed Fabrics\WOMEN-Tees_Tanks-id_00002617-03_4_full.jpg,Mixed Fabrics,"Her tank shirt has sleeves cut off, cotton fabric and solid color patterns. The neckline of it is round. This woman wears a three-point shorts. The sh",Cotton,LOW,00002617-03,train,caption does not support assigned label
Backend\data\processed\material_deepfashion\Mixed Fabrics\WOMEN-Tees_Tanks-id_00002617-06_1_front.jpg,Mixed Fabrics,"Her tank top has sleeves cut off, cotton fabric and pure color patterns. The pants this female wears is of three-point length. The pants are with deni",Cotton,LOW,00002617-06,train,caption does not support assigned label
Backend\data\processed\material_deepfashion\Mixed Fabrics\WOMEN-Tees_Tanks-id_00002642-02_1_front.jpg,Mixed Fabrics,"The upper clothing has sleeves cut off, cotton fabric and stripe patterns. The neckline of it is crew. The lower clothing is of long length. The fabri",Cotton,LOW,00002642-02,train,caption does not support assigned label
Backend\data\processed\material_deepfashion\Mixed Fabrics\WOMEN-Tees_Tanks-id_00002678-47_7_additional.jpg,Mixed Fabrics,"The upper clothing has short sleeves, cotton fabric and pure color patterns. The neckline of it is v-shape. The lower clothing is of long length. The ",Cotton,LOW,00002678-47,train,caption does not support assigned label
Backend\data\processed\material_deepfashion\Mixed Fabrics\WOMEN-Tees_Tanks-id_00002678-51_7_additional.jpg,Mixed Fabrics,"The shirt this woman wears has short sleeves and its fabric is cotton. The pattern of it is solid color. This woman wears a three-point pants, with de",Cotton,LOW,00002678-51,train,caption does not support assigned label
Backend\data\processed\material_deepfashion\Mixed Fabrics\WOMEN-Tees_Tanks-id_00002810-02_4_full.jpg,Mixed Fabrics,The shirt this lady wears has long sleeves and its fabric is cotton. The pattern of it is striped. It has a v-shape neckline. This lady wears a long t,Cotton,LOW,00002810-02,train,caption does not support assigned label
Backend\data\processed\material_deepfashion\Mixed Fabrics\WOMEN-Tees_Tanks-id_00002824-03_1_front.jpg,Mixed Fabrics,This person is wearing a short-sleeve T-shirt with pure color patterns. The T-shirt is with cotton fabric and its neckline is crew. This person wears ,Cotton,LOW,00002824-03,train,caption does not support assigned label
Backend\data\processed\material_deepfashion\Mixed Fabrics\WOMEN-Tees_Tanks-id_00002831-02_1_front.jpg,Mixed Fabrics,The female wears a short-sleeve T-shirt with graphic patterns and a three-point pants. The T-shirt is with cotton fabric and its neckline is round. Th,Cotton,LOW,00002831-02,train,caption does not support assigned label
Backend\data\processed\material_deepfashion\Mixed Fabrics\WOMEN-Tees_Tanks-id_00002867-06_4_full.jpg,Mixed Fabrics,"Her tank top has sleeves cut off, cotton fabric and pure color patterns. It has a v-shape neckline. The shorts the female wears is of three-point leng",Cotton,LOW,00002867-06,train,caption does not support assigned label
Backend\data\processed\material_deepfashion\Mixed Fabrics\WOMEN-Tees_Tanks-id_00002882-01_7_additional.jpg,Mixed Fabrics,This lady is wearing a tank tank top with graphic patterns. The tank top is with cotton fabric. This lady wears a three-point pants. The pants are wit,Cotton,LOW,00002882-01,train,caption does not support assigned label
Backend\data\processed\material_deepfashion\Mixed Fabrics\WOMEN-Tees_Tanks-id_00002885-07_1_front.jpg,Mixed Fabrics,The tank shirt this person wears has sleeves cut off and it is with cotton fabric and striped patterns. The neckline of the tank shirt is round. This ,Cotton,LOW,00002885-07,train,caption does not support assigned label
Backend\data\processed\material_deepfashion\Mixed Fabrics\WOMEN-Tees_Tanks-id_00002906-05_2_side.jpg,Mixed Fabrics,"Her tank shirt has no sleeves, cotton fabric and stripe patterns. It has a suspenders neckline. The pants the person wears is of three-point length. T",Cotton,LOW,00002906-05,test,caption does not support assigned label
Backend\data\processed\material_deepfashion\Mixed Fabrics\WOMEN-Tees_Tanks-id_00002906-06_1_front.jpg,Mixed Fabrics,The lady is wearing a sleeveless tank top with solid color patterns. The tank top is with cotton fabric and its neckline is suspenders. The lady wears,Cotton,LOW,00002906-06,train,caption does not support assigned label
Backend\data\processed\material_deepfashion\Mixed Fabrics\WOMEN-Tees_Tanks-id_00002906-06_2_side.jpg,Mixed Fabrics,"The upper clothing has no sleeves, cotton fabric and striped patterns. It has a suspenders neckline. The lower clothing is of three-point length. The ",Cotton,LOW,00002906-06,train,caption does not support assigned label
Backend\data\processed\material_deepfashion\Mixed Fabrics\WOMEN-Tees_Tanks-id_00002927-05_1_front.jpg,Mixed Fabrics,The lady is wearing a sleeveless tank shirt with solid color patterns. The tank shirt is with cotton fabric. It has a v-shape neckline. The lady wears,Cotton,LOW,00002927-05,train,caption does not support assigned label
Backend\data\processed\material_deepfashion\Mixed Fabrics\WOMEN-Tees_Tanks-id_00002927-06_3_back.jpg,Mixed Fabrics,The female wears a sleeveless tank shirt with pure color patterns. The tank shirt is with cotton fabric. The female wears a three-point shorts. The sh,Cotton,LOW,00002927-06,train,caption does not support assigned label
Backend\data\processed\material_deepfashion\Mixed Fabrics\WOMEN-Tees_Tanks-id_00002927-08_2_side.jpg,Mixed Fabrics,This woman is wearing a sleeveless tank shirt with solid color patterns and a three-point pants. The tank shirt is with cotton fabric. The pants are w,Cotton,LOW,00002927-08,train,caption does not support assigned label
Backend\data\processed\material_deepfashion\Mixed Fabrics\WOMEN-Tees_Tanks-id_00002950-03_2_side.jpg,Mixed Fabrics,This lady wears a short-sleeve shirt with graphic patterns and three-point shorts. The shirt is with cotton fabric and it has a crew neckline. The sho,Cotton,LOW,00002950-03,train,caption does not support assigned label
Backend\data\processed\material_deepfashion\Mixed Fabrics\WOMEN-Tees_Tanks-id_00002957-01_7_additional.jpg,Mixed Fabrics,"The upper clothing has long sleeves, cotton fabric and stripe patterns. It has a crew neckline. The lower clothing is of long length. The fabric is de",Cotton,LOW,00002957-01,test,caption does not support assigned label
Backend\data\processed\material_deepfashion\Mixed Fabrics\WOMEN-Tees_Tanks-id_00003114-06_1_front.jpg,Mixed Fabrics,The female is wearing a long-sleeve shirt with striped patterns and a three-point shorts. The shirt is with cotton fabric. The neckline of the shirt i,Cotton,LOW,00003114-06,train,caption does not support assigned label
Backend\data\processed\material_deepfashion\Mixed Fabrics\WOMEN-Tees_Tanks-id_00003119-01_1_front.jpg,Mixed Fabrics,"The upper clothing has medium sleeves, cotton fabric and pure color patterns. The neckline of it is crew. The lower clothing is of three-point length.",Cotton,LOW,00003119-01,train,caption does not support assigned label
Backend\data\processed\material_deepfashion\Mixed Fabrics\WOMEN-Tees_Tanks-id_00003160-04_4_full.jpg,Mixed Fabrics,The person is wearing a medium-sleeve shirt with pure color patterns. The shirt is with cotton fabric and its neckline is crew. The person wears a lon,Cotton,LOW,00003160-04,train,caption does not support assigned label
Backend\data\processed\material_deepfashion\Mixed Fabrics\WOMEN-Tees_Tanks-id_00003338-09_7_additional.jpg,Mixed Fabrics,"Her tank top has sleeves cut off, cotton fabric and pure color patterns. The shorts the person wears is of three-point length. The shorts are with den",Cotton,LOW,00003338-09,train,caption does not support assigned label
Backend\data\processed\material_deepfashion\Mixed Fabrics\WOMEN-Tees_Tanks-id_00003343-13_4_full.jpg,Mixed Fabrics,"The upper clothing has no sleeves, cotton fabric and solid color patterns. The neckline of it is round. The lower clothing is of long length. The fabr",Cotton,LOW,00003343-13,train,caption does not support assigned label
Backend\data\processed\material_deepfashion\Mixed Fabrics\WOMEN-Tees_Tanks-id_00003343-14_1_front.jpg,Mixed Fabrics,This lady is wearing a tank tank top with pure color patterns. The tank top is with cotton fabric. It has a crew neckline. This lady wears a three-poi,Cotton,LOW,00003343-14,train,caption does not support assigned label
Backend\data\processed\material_deepfashion\Mixed Fabrics\WOMEN-Tees_Tanks-id_00003344-04_1_front.jpg,Mixed Fabrics,This lady is wearing a short-sleeve T-shirt with striped patterns and a three-point pants. The T-shirt is with cotton fabric and its neckline is round,Cotton,LOW,00003344-04,test,caption does not support assigned label
Backend\data\processed\material_deepfashion\Mixed Fabrics\WOMEN-Tees_Tanks-id_00003375-02_2_side.jpg,Mixed Fabrics,The person is wearing a sleeveless tank shirt with striped patterns and a three-point shorts. The tank shirt is with cotton fabric and its neckline is,Cotton,LOW,00003375-02,train,caption does not support assigned label
Backend\data\processed\material_deepfashion\Mixed Fabrics\WOMEN-Tees_Tanks-id_00003494-12_7_additional.jpg,Mixed Fabrics,"Her tank top has no sleeves, cotton fabric and pure color patterns. The neckline of it is round. The pants this female wears is of long length. The pa",Cotton,LOW,00003494-12,train,caption does not support assigned label
Backend\data\processed\material_deepfashion\Mixed Fabrics\WOMEN-Tees_Tanks-id_00003504-06_2_side.jpg,Mixed Fabrics,"Her tank shirt has no sleeves, cotton fabric and solid color patterns. It has a suspenders neckline. The lady wears a three-point pants. The pants are",Cotton,LOW,00003504-06,train,caption does not support assigned label
Backend\data\processed\material_deepfashion\Mixed Fabrics\WOMEN-Tees_Tanks-id_00003504-08_2_side.jpg,Mixed Fabrics,"Her tank shirt has no sleeves, cotton fabric and pure color patterns. It has a suspenders neckline. The lady wears a three-point shorts. The shorts ar",Cotton,LOW,00003504-08,train,caption does not support assigned label
Backend\data\processed\material_deepfashion\Mixed Fabrics\WOMEN-Tees_Tanks-id_00003523-01_1_front.jpg,Mixed Fabrics,This woman is wearing a short-sleeve T-shirt with solid color patterns. The T-shirt is with cotton fabric. It has a v-shape neckline. The pants this w,Cotton,LOW,00003523-01,train,caption does not support assigned label
Backend\data\processed\material_deepfashion\Mixed Fabrics\WOMEN-Tees_Tanks-id_00003523-08_1_front.jpg,Mixed Fabrics,"Her T-shirt has short sleeves, cotton fabric and solid color patterns. The neckline of it is v-shape. The lady wears a three-point shorts. The shorts ",Cotton,LOW,00003523-08,train,caption does not support assigned label
Backend\data\processed\material_deepfashion\Mixed Fabrics\WOMEN-Tees_Tanks-id_00003523-10_4_full.jpg,Mixed Fabrics,The female is wearing a short-sleeve shirt with pure color patterns and a three-point shorts. The shirt is with cotton fabric and its neckline is v-sh,Cotton,LOW,00003523-10,validation,caption does not support assigned label
Backend\data\processed\material_deepfashion\Mixed Fabrics\WOMEN-Tees_Tanks-id_00003523-13_1_front.jpg,Mixed Fabrics,The shirt the person wears has short sleeves and it is with cotton fabric and solid color patterns. The neckline of the shirt is v-shape. The person w,Cotton,LOW,00003523-13,test,caption does not support assigned label
Backend\data\processed\material_deepfashion\Mixed Fabrics\WOMEN-Tees_Tanks-id_00003523-39_3_back.jpg,Mixed Fabrics,"The T-shirt this woman wears has short sleeves and its fabric is cotton. The pattern of it is solid color. This woman wears a three-point pants, with ",Cotton,LOW,00003523-39,train,caption does not support assigned label
Backend\data\processed\material_deepfashion\Mixed Fabrics\WOMEN-Tees_Tanks-id_00003523-53_1_front.jpg,Mixed Fabrics,"The upper clothing has short sleeves, cotton fabric and pure color patterns. The neckline of it is v-shape. The lower clothing is of three-point lengt",Cotton,LOW,00003523-53,train,caption does not support assigned label
Backend\data\processed\material_deepfashion\Mixed Fabrics\WOMEN-Tees_Tanks-id_00003575-01_4_full.jpg,Mixed Fabrics,The female wears a tank tank top with graphic patterns. The tank top is with cotton fabric. It has a crew neckline. The trousers the female wears is o,Cotton,LOW,00003575-01,train,caption does not support assigned label
Backend\data\processed\material_deepfashion\Mixed Fabrics\WOMEN-Tees_Tanks-id_00003616-01_7_additional.jpg,Mixed Fabrics,The tank shirt this woman wears has sleeves cut off and its fabric is cotton. The pattern of it is complicated. It has a round neckline. This woman we,Cotton,LOW,00003616-01,train,caption does not support assigned label
Backend\data\processed\material_deepfashion\Mixed Fabrics\WOMEN-Tees_Tanks-id_00003616-02_1_front.jpg,Mixed Fabrics,"Her tank shirt has sleeves cut off, cotton fabric and other patterns. The neckline of it is crew. The pants this person wears is of three-point length",Cotton,LOW,00003616-02,train,caption does not support assigned label
Backend\data\processed\material_deepfashion\Mixed Fabrics\WOMEN-Tees_Tanks-id_00003682-03_7_additional.jpg,Mixed Fabrics,"The upper clothing has sleeves cut off, cotton fabric and pure color patterns. The neckline of it is suspenders. The lower clothing is of three-point ",Cotton,LOW,00003682-03,train,caption does not support assigned label
Backend\data\processed\material_deepfashion\Mixed Fabrics\WOMEN-Tees_Tanks-id_00003687-18_4_full.jpg,Mixed Fabrics,The lady wears a sleeveless tank top with solid color patterns. The tank top is with cotton fabric. It has a suspenders neckline. The trousers the lad,Cotton,LOW,00003687-18,validation,caption does not support assigned label
Backend\data\processed\material_deepfashion\Mixed Fabrics\WOMEN-Tees_Tanks-id_00003767-05_4_full.jpg,Mixed Fabrics,"The tank top this person wears has sleeves cut off, its fabric is cotton, and it has graphic patterns. The tank top has a stand neckline. This person ",Cotton,LOW,00003767-05,test,caption does not support assigned label
Backend\data\processed\material_deepfashion\Mixed Fabrics\WOMEN-Tees_Tanks-id_00003790-05_4_full.jpg,Mixed Fabrics,The tank shirt the lady wears has sleeves cut off and it is with cotton fabric and pure color patterns. The neckline of the tank shirt is crew. The la,Cotton,LOW,00003790-05,test,caption does not support assigned label
Backend\data\processed\material_deepfashion\Mixed Fabrics\WOMEN-Tees_Tanks-id_00003801-05_7_additional.jpg,Mixed Fabrics,The lady is wearing a long-sleeve shirt with pure color patterns. The shirt is with cotton fabric and its neckline is crew. The lady wears a long pant,Cotton,LOW,00003801-05,train,caption does not support assigned label
Backend\data\processed\material_deepfashion\Mixed Fabrics\WOMEN-Tees_Tanks-id_00003828-04_3_back.jpg,Mixed Fabrics,This woman wears a sleeveless tank shirt with graphic patterns and a three-point shorts. The tank shirt is with cotton fabric. The shorts are with den,Cotton,LOW,00003828-04,train,caption does not support assigned label
Backend\data\processed\material_deepfashion\Mixed Fabrics\WOMEN-Tees_Tanks-id_00003841-01_4_full.jpg,Mixed Fabrics,"The upper clothing has short sleeves, cotton fabric and other patterns. The neckline of it is crew. The lower clothing is of three-point length. The f",Cotton,LOW,00003841-01,train,caption does not support assigned label
Backend\data\processed\material_deepfashion\Mixed Fabrics\WOMEN-Tees_Tanks-id_00003865-02_7_additional.jpg,Mixed Fabrics,The female wears a tank tank top with graphic patterns and a three-point pants. The tank top is with cotton fabric. The neckline of the tank top is cr,Cotton,LOW,00003865-02,test,caption does not support assigned label
Backend\data\processed\material_deepfashion\Mixed Fabrics\WOMEN-Tees_Tanks-id_00003897-02_2_side.jpg,Mixed Fabrics,The person wears a sleeveless tank shirt with graphic patterns and a three-point shorts. The tank shirt is with cotton fabric. The shorts are with den,Cotton,LOW,00003897-02,train,caption does not support assigned label
Backend\data\processed\material_deepfashion\Mixed Fabrics\WOMEN-Tees_Tanks-id_00003915-03_2_side.jpg,Mixed Fabrics,The person wears a sleeveless tank shirt with graphic patterns. The tank shirt is with cotton fabric. It has a suspenders neckline. The shorts the per,Cotton,LOW,00003915-03,validation,caption does not support assigned label
Backend\data\processed\material_deepfashion\Mixed Fabrics\WOMEN-Tees_Tanks-id_00003943-03_1_front.jpg,Mixed Fabrics,This woman wears a tank tank shirt with solid color patterns and three-point shorts. The tank shirt is with cotton fabric and it has a suspenders neck,Cotton,LOW,00003943-03,train,caption does not support assigned label
Backend\data\processed\material_deepfashion\Mixed Fabrics\WOMEN-Tees_Tanks-id_00003943-04_1_front.jpg,Mixed Fabrics,"The tank shirt this person wears has sleeves cut off, its fabric is cotton, and it has solid color patterns. The tank shirt has a suspenders neckline.",Cotton,LOW,00003943-04,train,caption does not support assigned label
Backend\data\processed\material_deepfashion\Mixed Fabrics\WOMEN-Tees_Tanks-id_00004012-06_2_side.jpg,Mixed Fabrics,This lady is wearing a sleeveless tank top with solid color patterns. The tank top is with cotton fabric and its neckline is suspenders. This lady wea,Cotton,LOW,00004012-06,train,caption does not support assigned label
Backend\data\processed\material_deepfashion\Mixed Fabrics\WOMEN-Tees_Tanks-id_00004042-03_1_front.jpg,Mixed Fabrics,"Her tank shirt has no sleeves, cotton fabric and solid color patterns. The neckline of it is crew. This person wears a three-point pants. The pants ar",Cotton,LOW,00004042-03,validation,caption does not support assigned label
Backend\data\processed\material_deepfashion\Mixed Fabrics\WOMEN-Tees_Tanks-id_00004042-06_1_front.jpg,Mixed Fabrics,This lady wears a tank tank top with solid color patterns. The tank top is with cotton fabric. This lady wears a three-point shorts. The shorts are wi,Cotton,LOW,00004042-06,train,caption does not support assigned label
Backend\data\processed\material_deepfashion\Mixed Fabrics\WOMEN-Tees_Tanks-id_00004120-06_7_additional.jpg,Mixed Fabrics,The tank top this woman wears has no sleeves and it is with cotton fabric and solid color patterns. The neckline of the tank top is crew. This woman w,Cotton,LOW,00004120-06,train,caption does not support assigned label
Backend\data\processed\material_deepfashion\Mixed Fabrics\WOMEN-Tees_Tanks-id_00004142-01_2_side.jpg,Mixed Fabrics,The shirt this lady wears has medium sleeves and it is with cotton fabric and stripe patterns. The neckline of the shirt is crew. This lady wears a th,Cotton,LOW,00004142-01,train,caption does not support assigned label
Backend\data\processed\material_deepfashion\Mixed Fabrics\WOMEN-Tees_Tanks-id_00004142-01_7_additional.jpg,Mixed Fabrics,"Her shirt has medium sleeves, cotton fabric and striped patterns. It has a round neckline. This woman wears a three-point pants. The pants are with de",Cotton,LOW,00004142-01,train,caption does not support assigned label
Backend\data\processed\material_deepfashion\Mixed Fabrics\WOMEN-Tees_Tanks-id_00004153-03_4_full.jpg,Mixed Fabrics,The lady wears a long-sleeve shirt with pure color patterns. The shirt is with cotton fabric. It has a round neckline. The pants the lady wears is of ,Cotton,LOW,00004153-03,validation,caption does not support assigned label
Backend\data\processed\material_deepfashion\Mixed Fabrics\WOMEN-Tees_Tanks-id_00004236-01_2_side.jpg,Mixed Fabrics,"Her shirt has medium sleeves, cotton fabric and solid color patterns. It has a crew neckline. The shorts this female wears is of medium length. The sh",Cotton,LOW,00004236-01,train,caption does not support assigned label
Backend\data\processed\material_deepfashion\Mixed Fabrics\WOMEN-Tees_Tanks-id_00004349-04_3_back.jpg,Mixed Fabrics,The person wears a short-sleeve T-shirt with complicated patterns. The T-shirt is with cotton fabric. The shorts the person wears is of three-point le,Cotton,LOW,00004349-04,train,caption does not support assigned label
Backend\data\processed\material_deepfashion\Mixed Fabrics\WOMEN-Tees_Tanks-id_00004389-06_7_additional.jpg,Mixed Fabrics,The T-shirt the female wears has short sleeves and it is with cotton fabric and pure color patterns. The neckline of the T-shirt is round. The female ,Cotton,LOW,00004389-06,train,caption does not support assigned label
Backend\data\processed\material_deepfashion\Mixed Fabrics\WOMEN-Tees_Tanks-id_00004398-03_3_back.jpg,Mixed Fabrics,The lady is wearing a short-sleeve T-shirt with floral patterns. The T-shirt is with cotton fabric. The lady wears a three-point shorts. The shorts ar,Cotton,LOW,00004398-03,train,caption does not support assigned label
Backend\data\processed\material_deepfashion\Mixed Fabrics\WOMEN-Tees_Tanks-id_00004498-05_2_side.jpg,Mixed Fabrics,This person is wearing a short-sleeve T-shirt with color block patterns. The T-shirt is with cotton fabric. It has a round neckline. This person wears,Cotton,LOW,00004498-05,train,caption does not support assigned label
Backend\data\processed\material_deepfashion\Mixed Fabrics\WOMEN-Tees_Tanks-id_00004707-04_4_full.jpg,Mixed Fabrics,This female is wearing a tank tank top with complicated patterns. The tank top is with cotton fabric. It has a v-shape neckline. This female wears a t,Cotton,LOW,00004707-04,test,caption does not support assigned label
Backend\data\processed\material_deepfashion\Mixed Fabrics\WOMEN-Tees_Tanks-id_00004755-02_1_front.jpg,Mixed Fabrics,The lady wears a tank tank shirt with graphic patterns and three-point shorts. The tank shirt is with cotton fabric and it has a round neckline. The s,Cotton,LOW,00004755-02,train,caption does not support assigned label
Backend\data\processed\material_deepfashion\Mixed Fabrics\WOMEN-Tees_Tanks-id_00004764-04_4_full.jpg,Mixed Fabrics,"The upper clothing has no sleeves, cotton fabric and graphic patterns. The neckline of it is round. The lower clothing is of three-point length. The f",Cotton,LOW,00004764-04,test,caption does not support assigned label
Backend\data\processed\material_deepfashion\Mixed Fabrics\WOMEN-Tees_Tanks-id_00004826-01_1_front.jpg,Mixed Fabrics,The lady is wearing a tank tank top with graphic patterns and a three-point shorts. The tank top is with cotton fabric. The neckline of the tank top i,Cotton,LOW,00004826-01,train,caption does not support assigned label
Backend\data\processed\material_deepfashion\Mixed Fabrics\WOMEN-Tees_Tanks-id_00004869-06_1_front.jpg,Mixed Fabrics,The shirt the female wears has short sleeves and it is with cotton fabric and solid color patterns. The neckline of the shirt is v-shape. The female w,Cotton,LOW,00004869-06,train,caption does not support assigned label
Backend\data\processed\material_deepfashion\Mixed Fabrics\WOMEN-Tees_Tanks-id_00005020-06_2_side.jpg,Mixed Fabrics,The female wears a tank tank shirt with solid color patterns. The tank shirt is with cotton fabric. The shorts the female wears is of three-point leng,Cotton,LOW,00005020-06,test,caption does not support assigned label
Backend\data\processed\material_deepfashion\Mixed Fabrics\WOMEN-Tees_Tanks-id_00005040-02_2_side.jpg,Mixed Fabrics,The female wears a sleeveless tank shirt with graphic patterns. The tank shirt is with cotton fabric. The pants the female wears is of three-point len,Cotton,LOW,00005040-02,train,caption does not support assigned label
Backend\data\processed\material_deepfashion\Mixed Fabrics\WOMEN-Tees_Tanks-id_00005085-26_2_side.jpg,Mixed Fabrics,This person is wearing a tank tank shirt with solid color patterns and a three-point pants. The tank shirt is with cotton fabric. The neckline of the ,Cotton,LOW,00005085-26,validation,caption does not support assigned label
Backend\data\processed\material_deepfashion\Mixed Fabrics\WOMEN-Tees_Tanks-id_00005085-30_1_front.jpg,Mixed Fabrics,This person is wearing a tank tank shirt with pure color patterns and a three-point pants. The tank shirt is with cotton fabric. The neckline of the t,Cotton,LOW,00005085-30,test,caption does not support assigned label
Backend\data\processed\material_deepfashion\Mixed Fabrics\WOMEN-Tees_Tanks-id_00005085-31_4_full.jpg,Mixed Fabrics,The female is wearing a long-sleeve shirt with solid color patterns. The shirt is with cotton fabric and its neckline is v-shape. The trousers the fem,Cotton,LOW,00005085-31,train,caption does not support assigned label
Backend\data\processed\material_deepfashion\Mixed Fabrics\WOMEN-Tees_Tanks-id_00005085-34_4_full.jpg,Mixed Fabrics,This person is wearing a tank tank top with pure color patterns. The tank top is with cotton fabric. It has a suspenders neckline. This person wears a,Cotton,LOW,00005085-34,train,caption does not support assigned label
Backend\data\processed\material_deepfashion\Mixed Fabrics\WOMEN-Tees_Tanks-id_00005085-62_2_side.jpg,Mixed Fabrics,The tank top this lady wears has no sleeves and it is with cotton fabric and solid color patterns. The neckline of the tank top is suspenders. This la,Cotton,LOW,00005085-62,train,caption does not support assigned label
Backend\data\processed\material_deepfashion\Mixed Fabrics\WOMEN-Tees_Tanks-id_00005085-62_3_back.jpg,Mixed Fabrics,This person is wearing a sleeveless tank top with solid color patterns and a three-point shorts. The tank top is with cotton fabric. The shorts are wi,Cotton,LOW,00005085-62,train,caption does not support assigned label
Backend\data\processed\material_deepfashion\Mixed Fabrics\WOMEN-Tees_Tanks-id_00005085-63_4_full.jpg,Mixed Fabrics,This person is wearing a long-sleeve shirt with solid color patterns. The shirt is with cotton fabric. It has a lapel neckline. The pants this person ,Cotton,LOW,00005085-63,train,caption does not support assigned label
Backend\data\processed\material_deepfashion\Mixed Fabrics\WOMEN-Tees_Tanks-id_00005148-04_1_front.jpg,Mixed Fabrics,This lady wears a sleeveless tank shirt with striped patterns and three-point shorts. The tank shirt is with cotton fabric and it has a suspenders nec,Cotton,LOW,00005148-04,train,caption does not support assigned label
Backend\data\processed\material_deepfashion\Mixed Fabrics\WOMEN-Tees_Tanks-id_00005148-06_2_side.jpg,Mixed Fabrics,The tank shirt this woman wears has sleeves cut off and it is with cotton fabric and stripe patterns. The neckline of the tank shirt is suspenders. Th,Cotton,LOW,00005148-06,train,caption does not support assigned label
Backend\data\processed\material_deepfashion\Mixed Fabrics\WOMEN-Tees_Tanks-id_00005202-01_4_full.jpg,Mixed Fabrics,The person is wearing a sleeveless tank top with solid color patterns. The tank top is with cotton fabric and its neckline is round. The person wears ,Cotton,LOW,00005202-01,train,caption does not support assigned label
Backend\data\processed\material_deepfashion\Mixed Fabrics\WOMEN-Tees_Tanks-id_00005258-03_4_full.jpg,Mixed Fabrics,The shirt this person wears has short sleeves and its fabric is cotton. The pattern of it is striped. It has a round neckline. This person wears a thr,Cotton,LOW,00005258-03,train,caption does not support assigned label
Backend\data\processed\material_deepfashion\Mixed Fabrics\WOMEN-Tees_Tanks-id_00005258-04_1_front.jpg,Mixed Fabrics,The shirt this person wears has short sleeves and its fabric is cotton. The pattern of it is striped. It has a round neckline. This person wears a thr,Cotton,LOW,00005258-04,train,caption does not support assigned label
Backend\data\processed\material_deepfashion\Mixed Fabrics\WOMEN-Tees_Tanks-id_00005290-01_4_full.jpg,Mixed Fabrics,"Her tank top has sleeves cut off, cotton fabric and graphic patterns. The neckline of it is round. The trousers the female wears is of long length. Th",Cotton,LOW,00005290-01,train,caption does not support assigned label
Backend\data\processed\material_deepfashion\Mixed Fabrics\WOMEN-Tees_Tanks-id_00005364-05_4_full.jpg,Mixed Fabrics,The female wears a long-sleeve shirt with pure color patterns. The shirt is with cotton fabric. It has a crew neckline. The trousers the female wears ,Cotton,LOW,00005364-05,train,caption does not support assigned label
Backend\data\processed\material_deepfashion\Mixed Fabrics\WOMEN-Tees_Tanks-id_00005433-07_2_side.jpg,Mixed Fabrics,"The tank shirt the person wears has no sleeves, its fabric is cotton, and it has pure color patterns. The tank shirt has a crew neckline. The person w",Cotton,LOW,00005433-07,validation,caption does not support assigned label
Backend\data\processed\material_deepfashion\Mixed Fabrics\WOMEN-Tees_Tanks-id_00005501-01_7_additional.jpg,Mixed Fabrics,The lady is wearing a short-sleeve shirt with color block patterns. The shirt is with cotton fabric. It has a round neckline. The pants the lady wears,Cotton,LOW,00005501-01,train,caption does not support assigned label
Backend\data\processed\material_deepfashion\Mixed Fabrics\WOMEN-Tees_Tanks-id_00005501-02_1_front.jpg,Mixed Fabrics,The T-shirt this person wears has short sleeves and it is with cotton fabric and color block patterns. The neckline of the T-shirt is round. This pers,Cotton,LOW,00005501-02,validation,caption does not support assigned label
Backend\data\processed\material_deepfashion\Mixed Fabrics\WOMEN-Tees_Tanks-id_00005532-02_4_full.jpg,Mixed Fabrics,"Her tank top has no sleeves, cotton fabric and solid color patterns. It has a crew neckline. The pants the female wears is of long length. The pants a",Cotton,LOW,00005532-02,train,caption does not support assigned label
Backend\data\processed\material_deepfashion\Mixed Fabrics\WOMEN-Tees_Tanks-id_00005553-01_1_front.jpg,Mixed Fabrics,This lady wears a sleeveless tank shirt with graphic patterns. The tank shirt is with cotton fabric. It has a suspenders neckline. The pants this lady,Cotton,LOW,00005553-01,train,caption does not support assigned label
Backend\data\processed\material_deepfashion\Mixed Fabrics\WOMEN-Tees_Tanks-id_00005574-02_4_full.jpg,Mixed Fabrics,This person wears a short-sleeve T-shirt with floral patterns. The T-shirt is with cotton fabric. It has a round neckline. This person wears a long tr,Cotton,LOW,00005574-02,train,caption does not support assigned label
Backend\data\processed\material_deepfashion\Mixed Fabrics\WOMEN-Tees_Tanks-id_00005596-01_7_additional.jpg,Mixed Fabrics,"The upper clothing has sleeves cut off, cotton fabric and stripe patterns. The neckline of it is crew. The lower clothing is of three-point length. Th",Cotton,LOW,00005596-01,test,caption does not support assigned label
Backend\data\processed\material_deepfashion\Mixed Fabrics\WOMEN-Tees_Tanks-id_00005610-03_3_back.jpg,Mixed Fabrics,"The tank shirt the lady wears has sleeves cut off, its fabric is cotton, and it has pure color patterns. The lady wears a three-point pants, with deni",Cotton,LOW,00005610-03,train,caption does not support assigned label
Backend\data\processed\material_deepfashion\Mixed Fabrics\WOMEN-Tees_Tanks-id_00005610-04_1_front.jpg,Mixed Fabrics,"The upper clothing has no sleeves, cotton fabric and graphic patterns. The neckline of it is suspenders. The lower clothing is of three-point length. ",Cotton,LOW,00005610-04,test,caption does not support assigned label
Backend\data\processed\material_deepfashion\Mixed Fabrics\WOMEN-Tees_Tanks-id_00005610-04_2_side.jpg,Mixed Fabrics,"The tank top this person wears has no sleeves and its fabric is cotton. The pattern of it is graphic. This person wears a three-point shorts, with den",Cotton,LOW,00005610-04,test,caption does not support assigned label
Backend\data\processed\material_deepfashion\Mixed Fabrics\WOMEN-Tees_Tanks-id_00005633-04_3_back.jpg,Mixed Fabrics,This female wears a tank tank shirt with graphic patterns. The tank shirt is with cotton fabric. The shorts this female wears is of three-point length,Cotton,LOW,00005633-04,test,caption does not support assigned label
Backend\data\processed\material_deepfashion\Mixed Fabrics\WOMEN-Tees_Tanks-id_00005702-07_2_side.jpg,Mixed Fabrics,The person wears a tank tank top with pure color patterns. The tank top is with cotton fabric. The shorts the person wears is of three-point length. T,Cotton,LOW,00005702-07,test,caption does not support assigned label
Backend\data\processed\material_deepfashion\Mixed Fabrics\WOMEN-Tees_Tanks-id_00005716-04_2_side.jpg,Mixed Fabrics,This person wears a sleeveless tank shirt with solid color patterns. The tank shirt is with cotton fabric. This person wears a three-point shorts. The,Cotton,LOW,00005716-04,train,caption does not support assigned label
Backend\data\processed\material_deepfashion\Mixed Fabrics\WOMEN-Tees_Tanks-id_00005859-02_4_full.jpg,Mixed Fabrics,This woman is wearing a sleeveless tank top with floral patterns and a long pants. The tank top is with cotton fabric. The neckline of the tank top is,Cotton,LOW,00005859-02,train,caption does not support assigned label
Backend\data\processed\material_deepfashion\Mixed Fabrics\WOMEN-Tees_Tanks-id_00005867-05_4_full.jpg,Mixed Fabrics,"The upper clothing has short sleeves, cotton fabric and pure color patterns. The neckline of it is crew. The lower clothing is of long length. The fab",Cotton,LOW,00005867-05,validation,caption does not support assigned label
Backend\data\processed\material_deepfashion\Mixed Fabrics\WOMEN-Tees_Tanks-id_00005945-03_1_front.jpg,Mixed Fabrics,"Her sweater has long sleeves, cotton fabric and graphic patterns. It has a round neckline. The trousers the female wears is of long length. The trouse",Cotton,LOW,00005945-03,validation,caption does not support assigned label
Backend\data\processed\material_deepfashion\Mixed Fabrics\WOMEN-Tees_Tanks-id_00005958-02_2_side.jpg,Mixed Fabrics,The lady is wearing a short-sleeve T-shirt with graphic patterns. The T-shirt is with cotton fabric. It has a round neckline. The lady wears a three-p,Cotton,LOW,00005958-02,train,caption does not support assigned label
Backend\data\processed\material_deepfashion\Mixed Fabrics\WOMEN-Tees_Tanks-id_00006043-49_2_side.jpg,Mixed Fabrics,"The tank shirt the lady wears has sleeves cut off and its fabric is cotton. The pattern of it is pure color. The lady wears a three-point shorts, with",Cotton,LOW,00006043-49,validation,caption does not support assigned label
Backend\data\processed\material_deepfashion\Mixed Fabrics\WOMEN-Tees_Tanks-id_00006043-49_7_additional.jpg,Mixed Fabrics,This lady is wearing a sleeveless tank shirt with pure color patterns. The tank shirt is with cotton fabric. It has a suspenders neckline. The shorts ,Cotton,LOW,00006043-49,validation,caption does not support assigned label
Backend\data\processed\material_deepfashion\Mixed Fabrics\WOMEN-Tees_Tanks-id_00006084-05_4_full.jpg,Mixed Fabrics,"The shirt the female wears has short sleeves, its fabric is cotton, and it has striped patterns. The shirt has a crew neckline. The female wears a lon",Cotton,LOW,00006084-05,train,caption does not support assigned label
Backend\data\processed\material_deepfashion\Mixed Fabrics\WOMEN-Tees_Tanks-id_00006088-02_2_side.jpg,Mixed Fabrics,"The upper clothing has long sleeves, cotton fabric and plaid patterns. It has a round neckline. The lower clothing is of three-point length. The fabri",Cotton,LOW,00006088-02,train,caption does not support assigned label
Backend\data\processed\material_deepfashion\Mixed Fabrics\WOMEN-Tees_Tanks-id_00006093-05_4_full.jpg,Mixed Fabrics,The tank shirt this person wears has no sleeves and it is with cotton fabric and solid color patterns. The neckline of the tank shirt is suspenders. T,Cotton,LOW,00006093-05,train,caption does not support assigned label
Backend\data\processed\material_deepfashion\Mixed Fabrics\WOMEN-Tees_Tanks-id_00006093-07_1_front.jpg,Mixed Fabrics,The tank top this woman wears has sleeves cut off and its fabric is cotton. The pattern of it is solid color. It has a suspenders neckline. This woman,Cotton,LOW,00006093-07,validation,caption does not support assigned label
Backend\data\processed\material_deepfashion\Mixed Fabrics\WOMEN-Tees_Tanks-id_00006103-10_4_full.jpg,Mixed Fabrics,"Her tank shirt has sleeves cut off, cotton fabric and pure color patterns. It has a round neckline. The female wears a three-point shorts. The shorts ",Cotton,LOW,00006103-10,train,caption does not support assigned label
Backend\data\processed\material_deepfashion\Mixed Fabrics\WOMEN-Tees_Tanks-id_00006210-01_4_full.jpg,Mixed Fabrics,The lady is wearing a tank tank shirt with graphic patterns. The tank shirt is with cotton fabric. It has a crew neckline. The lady wears a three-poin,Cotton,LOW,00006210-01,train,caption does not support assigned label
Backend\data\processed\material_deepfashion\Mixed Fabrics\WOMEN-Tees_Tanks-id_00006240-01_4_full.jpg,Mixed Fabrics,This female is wearing a short-sleeve T-shirt with striped patterns and a short shorts. The T-shirt is with cotton fabric and its neckline is round. T,Cotton,LOW,00006240-01,train,caption does not support assigned label
Backend\data\processed\material_deepfashion\Mixed Fabrics\WOMEN-Tees_Tanks-id_00006317-07_2_side.jpg,Mixed Fabrics,This person wears a tank tank top with pure color patterns and a three-point shorts. The tank top is with cotton fabric. The neckline of the tank top ,Cotton,LOW,00006317-07,train,caption does not support assigned label
Backend\data\processed\material_deepfashion\Mixed Fabrics\WOMEN-Tees_Tanks-id_00006317-10_2_side.jpg,Mixed Fabrics,This lady is wearing a tank tank top with solid color patterns. The tank top is with cotton fabric. It has a crew neckline. The pants this lady wears ,Cotton,LOW,00006317-10,train,caption does not support assigned label
Backend\data\processed\material_deepfashion\Mixed Fabrics\WOMEN-Tees_Tanks-id_00006342-06_4_full.jpg,Mixed Fabrics,"Her tank shirt has no sleeves, cotton fabric and solid color patterns. The neckline of it is round. The trousers this person wears is of long length. ",Cotton,LOW,00006342-06,train,caption does not support assigned label
Backend\data\processed\material_deepfashion\Mixed Fabrics\WOMEN-Tees_Tanks-id_00006421-10_4_full.jpg,Mixed Fabrics,This person is wearing a sleeveless tank shirt with solid color patterns. The tank shirt is with cotton fabric and its neckline is suspenders. This pe,Cotton,LOW,00006421-10,test,caption does not support assigned label
Backend\data\processed\material_deepfashion\Mixed Fabrics\WOMEN-Tees_Tanks-id_00006507-02_1_front.jpg,Mixed Fabrics,The person is wearing a tank tank shirt with pure color patterns and a three-point shorts. The tank shirt is with cotton fabric and its neckline is cr,Cotton,LOW,00006507-02,train,caption does not support assigned label
Backend\data\processed\material_deepfashion\Mixed Fabrics\WOMEN-Tees_Tanks-id_00006507-02_3_back.jpg,Mixed Fabrics,"The tank top this person wears has no sleeves, its fabric is cotton, and it has pure color patterns. The tank top has a crew neckline. This person wea",Cotton,LOW,00006507-02,train,caption does not support assigned label
Backend\data\processed\material_deepfashion\Mixed Fabrics\WOMEN-Tees_Tanks-id_00006602-18_1_front.jpg,Mixed Fabrics,"Her tank shirt has sleeves cut off, cotton fabric and solid color patterns. It has a suspenders neckline. The pants the lady wears is of three-point l",Cotton,LOW,00006602-18,train,caption does not support assigned label
Backend\data\processed\material_deepfashion\Mixed Fabrics\WOMEN-Tees_Tanks-id_00006607-04_4_full.jpg,Mixed Fabrics,"Her tank top has no sleeves, cotton fabric and pure color patterns. The neckline of it is crew. The pants the person wears is of long length. The pant",Cotton,LOW,00006607-04,train,caption does not support assigned label
Backend\data\processed\material_deepfashion\Mixed Fabrics\WOMEN-Tees_Tanks-id_00006616-03_4_full.jpg,Mixed Fabrics,"The upper clothing has sleeves cut off, cotton fabric and other patterns. The neckline of it is round. The lower clothing is of three-point length. Th",Cotton,LOW,00006616-03,test,caption does not support assigned label
Backend\data\processed\material_deepfashion\Mixed Fabrics\WOMEN-Tees_Tanks-id_00006655-02_4_full.jpg,Mixed Fabrics,The tank top this person wears has no sleeves and its fabric is cotton. The pattern of it is graphic. It has a suspenders neckline. This person wears ,Cotton,LOW,00006655-02,test,caption does not support assigned label
Backend\data\processed\material_deepfashion\Mixed Fabrics\WOMEN-Tees_Tanks-id_00006687-04_3_back.jpg,Mixed Fabrics,This female is wearing a short-sleeve T-shirt with complicated patterns. The T-shirt is with cotton fabric. This female wears a three-point pants. The,Cotton,LOW,00006687-04,train,caption does not support assigned label
Backend\data\processed\material_deepfashion\Mixed Fabrics\WOMEN-Tees_Tanks-id_00006707-06_4_full.jpg,Mixed Fabrics,The tank top the lady wears has sleeves cut off and its fabric is cotton. The pattern of it is pure color. It has a crew neckline. The lady wears a lo,Cotton,LOW,00006707-06,test,caption does not support assigned label
Backend\data\processed\material_deepfashion\Mixed Fabrics\WOMEN-Tees_Tanks-id_00006709-06_2_side.jpg,Mixed Fabrics,"Her tank shirt has sleeves cut off, cotton fabric and stripe patterns. It has a crew neckline. The lady wears a three-point pants. The pants are with ",Cotton,LOW,00006709-06,train,caption does not support assigned label
Backend\data\processed\material_deepfashion\Mixed Fabrics\WOMEN-Tees_Tanks-id_00006713-02_4_full.jpg,Mixed Fabrics,"The tank top the person wears has no sleeves, its fabric is cotton, and it has graphic patterns. The tank top has a suspenders neckline. The person we",Cotton,LOW,00006713-02,train,caption does not support assigned label
Backend\data\processed\material_deepfashion\Mixed Fabrics\WOMEN-Tees_Tanks-id_00006847-03_4_full.jpg,Mixed Fabrics,The person is wearing a tank tank shirt with floral patterns. The tank shirt is with cotton fabric. It has a round neckline. The person wears a three-,Cotton,LOW,00006847-03,validation,caption does not support assigned label
Backend\data\processed\material_deepfashion\Mixed Fabrics\WOMEN-Tees_Tanks-id_00006863-12_4_full.jpg,Mixed Fabrics,This person wears a tank tank top with solid color patterns and long pants. The tank top is with cotton fabric and it has a suspenders neckline. The p,Cotton,LOW,00006863-12,train,caption does not support assigned label
Backend\data\processed\material_deepfashion\Mixed Fabrics\WOMEN-Tees_Tanks-id_00006863-16_4_full.jpg,Mixed Fabrics,This lady is wearing a tank tank shirt with solid color patterns. The tank shirt is with cotton fabric and its neckline is suspenders. The pants this ,Cotton,LOW,00006863-16,train,caption does not support assigned label
Backend\data\processed\material_deepfashion\Mixed Fabrics\WOMEN-Tees_Tanks-id_00006863-17_2_side.jpg,Mixed Fabrics,"The tank shirt this person wears has no sleeves, its fabric is cotton, and it has pure color patterns. This person wears a three-point shorts, with de",Cotton,LOW,00006863-17,train,caption does not support assigned label
Backend\data\processed\material_deepfashion\Mixed Fabrics\WOMEN-Tees_Tanks-id_00006901-06_7_additional.jpg,Mixed Fabrics,The lady is wearing a long-sleeve shirt with pure color patterns. The shirt is with cotton fabric and its neckline is crew. The pants the lady wears i,Cotton,LOW,00006901-06,train,caption does not support assigned label
Backend\data\processed\material_deepfashion\Mixed Fabrics\WOMEN-Tees_Tanks-id_00006932-03_1_front.jpg,Mixed Fabrics,The tank top this person wears has sleeves cut off and its fabric is cotton. The pattern of it is stripe. It has a suspenders neckline. This person we,Cotton,LOW,00006932-03,train,caption does not support assigned label
Backend\data\processed\material_deepfashion\Mixed Fabrics\WOMEN-Tees_Tanks-id_00006943-09_7_additional.jpg,Mixed Fabrics,This woman wears a sleeveless tank shirt with pure color patterns. The tank shirt is with cotton fabric. This woman wears a three-point shorts. The sh,Cotton,LOW,00006943-09,test,caption does not support assigned label
Backend\data\processed\material_deepfashion\Mixed Fabrics\WOMEN-Tees_Tanks-id_00006943-12_2_side.jpg,Mixed Fabrics,This female wears a tank tank top with solid color patterns. The tank top is with cotton fabric. The shorts this female wears is of three-point length,Cotton,LOW,00006943-12,train,caption does not support assigned label
Backend\data\processed\material_deepfashion\Mixed Fabrics\WOMEN-Tees_Tanks-id_00007074-02_1_front.jpg,Mixed Fabrics,This female is wearing a long-sleeve sweater with stripe patterns. The sweater is with cotton fabric. It has a crew neckline. The pants this female we,Cotton,LOW,00007074-02,train,caption does not support assigned label
Backend\data\processed\material_deepfashion\Mixed Fabrics\WOMEN-Tees_Tanks-id_00007082-08_2_side.jpg,Mixed Fabrics,The lady wears a sleeveless tank shirt with graphic patterns. The tank shirt is with cotton fabric. It has a suspenders neckline. The lady wears a thr,Cotton,LOW,00007082-08,train,caption does not support assigned label
Backend\data\processed\material_deepfashion\Mixed Fabrics\WOMEN-Tees_Tanks-id_00007195-06_2_side.jpg,Mixed Fabrics,"Her tank top has no sleeves, cotton fabric and pure color patterns. The neckline of it is crew. The person wears a three-point pants. The pants are wi",Cotton,LOW,00007195-06,train,caption does not support assigned label
Backend\data\processed\material_deepfashion\Mixed Fabrics\WOMEN-Tees_Tanks-id_00007277-03_4_full.jpg,Mixed Fabrics,This female is wearing a long-sleeve shirt with solid color patterns. The shirt is with cotton fabric and its neckline is round. This female wears a t,Cotton,LOW,00007277-03,train,caption does not support assigned label
Backend\data\processed\material_deepfashion\Mixed Fabrics\WOMEN-Tees_Tanks-id_00007476-03_1_front.jpg,Mixed Fabrics,This female wears a sleeveless tank shirt with complicated patterns and a three-point shorts. The tank shirt is with cotton fabric. The shorts are wit,Cotton,LOW,00007476-03,train,caption does not support assigned label
Backend\data\processed\material_deepfashion\Mixed Fabrics\WOMEN-Tees_Tanks-id_00007491-02_7_additional.jpg,Mixed Fabrics,The person wears a short-sleeve shirt with floral patterns and a three-point shorts. The shirt is with cotton fabric and its neckline is crew. The sho,Cotton,LOW,00007491-02,train,caption does not support assigned label
Backend\data\processed\material_deepfashion\Mixed Fabrics\WOMEN-Tees_Tanks-id_00007542-05_1_front.jpg,Mixed Fabrics,The female wears a long-sleeve sweater with color block patterns and a three-point pants. The sweater is with cotton fabric. The neckline of the sweat,Cotton,LOW,00007542-05,train,caption does not support assigned label
Backend\data\processed\material_deepfashion\Mixed Fabrics\WOMEN-Tees_Tanks-id_00007542-06_1_front.jpg,Mixed Fabrics,The lady is wearing a long-sleeve sweater with color block patterns. The sweater is with cotton fabric. It has a crew neckline. The shorts the lady we,Cotton,LOW,00007542-06,validation,caption does not support assigned label
Backend\data\processed\material_deepfashion\Mixed Fabrics\WOMEN-Tees_Tanks-id_00007542-07_4_full.jpg,Mixed Fabrics,"Her sweater has long sleeves, cotton fabric and color block patterns. The neckline of it is crew. The pants the person wears is of three-point length.",Cotton,LOW,00007542-07,test,caption does not support assigned label
Backend\data\processed\material_deepfashion\Mixed Fabrics\WOMEN-Tees_Tanks-id_00007579-03_1_front.jpg,Mixed Fabrics,This female is wearing a long-sleeve sweater with solid color patterns and a three-point pants. The sweater is with cotton fabric and its neckline is ,Cotton,LOW,00007579-03,train,caption does not support assigned label
Backend\data\processed\material_deepfashion\Mixed Fabrics\WOMEN-Tees_Tanks-id_00007639-04_1_front.jpg,Mixed Fabrics,The lady is wearing a long-sleeve sweater with solid color patterns. The sweater is with cotton fabric and its neckline is round. The pants the lady w,Cotton,LOW,00007639-04,train,caption does not support assigned label
Backend\data\processed\material_deepfashion\Mixed Fabrics\WOMEN-Tees_Tanks-id_00007639-04_3_back.jpg,Mixed Fabrics,This lady is wearing a short-sleeve T-shirt with solid color patterns and a three-point pants. The T-shirt is with cotton fabric. The pants are with d,Cotton,LOW,00007639-04,train,caption does not support assigned label
Backend\data\processed\material_deepfashion\Mixed Fabrics\WOMEN-Tees_Tanks-id_00007691-01_2_side.jpg,Mixed Fabrics,The female wears a short-sleeve shirt with solid color patterns and a three-point pants. The shirt is with cotton fabric. The neckline of the shirt is,Cotton,LOW,00007691-01,test,caption does not support assigned label
Backend\data\processed\material_deepfashion\Mixed Fabrics\WOMEN-Tees_Tanks-id_00007691-01_7_additional.jpg,Mixed Fabrics,This female wears a short-sleeve T-shirt with pure color patterns. The T-shirt is with cotton fabric. The shorts this female wears is of three-point l,Cotton,LOW,00007691-01,test,caption does not support assigned label
Backend\data\processed\material_deepfashion\Mixed Fabrics\WOMEN-Tees_Tanks-id_00007691-02_7_additional.jpg,Mixed Fabrics,This female is wearing a short-sleeve shirt with pure color patterns. The shirt is with cotton fabric. It has a crew neckline. The pants this female w,Cotton,LOW,00007691-02,test,caption does not support assigned label
Backend\data\processed\material_deepfashion\Mixed Fabrics\WOMEN-Tees_Tanks-id_00007721-30_4_full.jpg,Mixed Fabrics,"The upper clothing has no sleeves, cotton fabric and pure color patterns. The neckline of it is suspenders. The lower clothing is of long length. The ",Cotton,LOW,00007721-30,validation,caption does not support assigned label
Backend\data\processed\material_deepfashion\Mixed Fabrics\WOMEN-Tees_Tanks-id_00007779-09_1_front.jpg,Mixed Fabrics,"Her shirt has short sleeves, cotton fabric and solid color patterns. The neckline of it is crew. The person wears a three-point pants. The pants are w",Cotton,LOW,00007779-09,train,caption does not support assigned label
Backend\data\processed\material_deepfashion\Mixed Fabrics\WOMEN-Tees_Tanks-id_00007779-09_4_full.jpg,Mixed Fabrics,"Her shirt has short sleeves, cotton fabric and solid color patterns. It has a crew neckline. The pants the person wears is of three-point length. The ",Cotton,LOW,00007779-09,train,caption does not support assigned label
Backend\data\processed\material_deepfashion\Mixed Fabrics\WOMEN-Tees_Tanks-id_00007901-05_7_additional.jpg,Mixed Fabrics,The lady is wearing a long-sleeve shirt with solid color patterns. The shirt is with cotton fabric and its neckline is round. The lady wears a three-p,Cotton,LOW,00007901-05,train,caption does not support assigned label
Backend\data\processed\material_deepfashion\Mixed Fabrics\WOMEN-Tees_Tanks-id_00007961-07_7_additional.jpg,Mixed Fabrics,The female is wearing a tank tank shirt with solid color patterns. The tank shirt is with cotton fabric and its neckline is suspenders. The female wea,Cotton,LOW,00007961-07,train,caption does not support assigned label
Backend\data\processed\material_deepfashion\Mixed Fabrics\WOMEN-Tees_Tanks-id_00007962-05_7_additional.jpg,Mixed Fabrics,The person is wearing a short-sleeve T-shirt with solid color patterns and a long trousers. The T-shirt is with cotton fabric and its neckline is crew,Cotton,LOW,00007962-05,train,caption does not support assigned label
Backend\data\processed\material_deepfashion\Mixed Fabrics\WOMEN-Tees_Tanks-id_00007969-04_7_additional.jpg,Mixed Fabrics,"Her shirt has long sleeves, cotton fabric and pure color patterns. It has a round neckline. The pants this woman wears is of three-point length. The p",Cotton,LOW,00007969-04,train,caption does not support assigned label
Backend\data\processed\material_deepfashion\Mixed Fabrics\WOMEN-Tees_Tanks-id_00007976-01_4_full.jpg,Mixed Fabrics,"Her tank top has no sleeves, cotton fabric and color block patterns. It has a suspenders neckline. The female wears a long pants. The pants are with d",Cotton,LOW,00007976-01,test,caption does not support assigned label
