image_path,source_dataset,original_label,normalized_label,label_source,confidence,verification_status
C:\Users\sama\OneDrive\Desktop\naishtex\Textile\Backend\data\processed\material_deepfashion\Cotton\WOMEN-Tees_Tanks-id_00000220-01_7_additional.jpg,deepfashion,The shirt this person wears has short sleeves and its fabric is cotton. The pattern of it is pure color. It has a v-shape neckline. This person wears ,Cotton,caption_keyword,0.7,NOISY
C:\Users\sama\OneDrive\Desktop\naishtex\Textile\Backend\data\processed\material_deepfashion\Cotton\MEN-Tees_Tanks-id_00005013-02_1_front.jpg,deepfashion,"The shirt the person wears has short sleeves, its fabric is cotton, and it has pure color patterns. The shirt has a crew neckline. There is an accesso",Cotton,caption_keyword,0.7,NOISY
C:\Users\sama\OneDrive\Desktop\naishtex\Textile\Backend\data\processed\material_deepfashion\Cotton\MEN-Shirts_Polos-id_00004118-03_3_back.jpg,deepfashion,This gentleman is wearing a long-sleeve sweater with pure color patterns. The sweater is with cotton fabric and its neckline is lapel. The guy is wear,Cotton,caption_keyword,0.7,NOISY
C:\Users\sama\OneDrive\Desktop\naishtex\Textile\Backend\data\processed\material_deepfashion\Cotton\WOMEN-Tees_Tanks-id_00004083-03_2_side.jpg,deepfashion,The sweater this female wears has long sleeves and its fabric is cotton. The pattern of it is pure color. It has a round neckline. This female wears a,Cotton,caption_keyword,0.7,NOISY
C:\Users\sama\OneDrive\Desktop\naishtex\Textile\Backend\data\processed\material_deepfashion\Cotton\WOMEN-Dresses-id_00001060-01_3_back.jpg,deepfashion,The female is wearing a sleeveless tank top with stripe patterns and a medium pants. The tank top is with cotton fabric. The pants are with cotton fab,Cotton,caption_keyword,0.7,NOISY
C:\Users\sama\OneDrive\Desktop\naishtex\Textile\Backend\data\processed\material_deepfashion\Cotton\WOMEN-Cardigans-id_00003150-05_2_side.jpg,deepfashion,"Her shirt has long sleeves, cotton fabric and stripe patterns. The neckline of it is stand. The pants this female wears is of three-point length. The ",Cotton,caption_keyword,0.7,NOISY
C:\Users\sama\OneDrive\Desktop\naishtex\Textile\Backend\data\processed\material_deepfashion\Cotton\WOMEN-Blouses_Shirts-id_00007067-01_2_side.jpg,deepfashion,"The tank shirt this female wears has sleeves cut off, its fabric is cotton, and it has graphic patterns. There is an accessory on her wrist. This lady",Cotton,caption_keyword,0.7,NOISY
C:\Users\sama\OneDrive\Desktop\naishtex\Textile\Backend\data\processed\material_deepfashion\Cotton\WOMEN-Blouses_Shirts-id_00000387-03_1_front.jpg,deepfashion,The person wears a sleeveless tank shirt with plaid patterns. The tank shirt is with cotton fabric. The neckline of the tank shirt is lapel.,Cotton,caption_keyword,0.7,NOISY
C:\Users\sama\OneDrive\Desktop\naishtex\Textile\Backend\data\processed\material_deepfashion\Cotton\WOMEN-Tees_Tanks-id_00003917-45_3_back.jpg,deepfashion,The lady wears a sleeveless tank top with solid color patterns. The tank top is with cotton fabric. This woman wears a ring.,Cotton,caption_keyword,0.7,NOISY
C:\Users\sama\OneDrive\Desktop\naishtex\Textile\Backend\data\processed\material_deepfashion\Cotton\MEN-Tees_Tanks-id_00004117-23_1_front.jpg,deepfashion,The person wears a short-sleeve T-shirt with pure color patterns. The T-shirt is with cotton fabric. The neckline of the T-shirt is v-shape.,Cotton,caption_keyword,0.7,NOISY
C:\Users\sama\OneDrive\Desktop\naishtex\Textile\Backend\data\processed\material_deepfashion\Cotton\WOMEN-Tees_Tanks-id_00001882-02_2_side.jpg,deepfashion,The person wears a tank tank top with pure color patterns. The tank top is with cotton fabric and its neckline is round. There is an accessory on her ,Cotton,caption_keyword,0.7,NOISY
C:\Users\sama\OneDrive\Desktop\naishtex\Textile\Backend\data\processed\material_deepfashion\Cotton\WOMEN-Tees_Tanks-id_00004053-06_1_front.jpg,deepfashion,The person is wearing a short-sleeve shirt with complicated patterns. The shirt is with cotton fabric and its neckline is crew.,Cotton,caption_keyword,0.7,NOISY
C:\Users\sama\OneDrive\Desktop\naishtex\Textile\Backend\data\processed\material_deepfashion\Cotton\WOMEN-Shorts-id_00004213-01_3_back.jpg,deepfashion,The pants this lady wears is of three-point length. The pants are with cotton fabric and graphic patterns. There is an accessory on her wrist. This la,Cotton,caption_keyword,0.7,NOISY
C:\Users\sama\OneDrive\Desktop\naishtex\Textile\Backend\data\processed\material_deepfashion\Cotton\MEN-Tees_Tanks-id_00002381-01_3_back.jpg,deepfashion,The person is wearing a long-sleeve shirt with solid color patterns. The shirt is with cotton fabric. There is clothing on his waist.,Cotton,caption_keyword,0.7,NOISY
C:\Users\sama\OneDrive\Desktop\naishtex\Textile\Backend\data\processed\material_deepfashion\Cotton\WOMEN-Sweaters-id_00002089-09_7_additional.jpg,deepfashion,"The upper clothing has long sleeves, cotton fabric and pure color patterns. It has a crew neckline.",Cotton,caption_keyword,0.7,NOISY
C:\Users\sama\OneDrive\Desktop\naishtex\Textile\Backend\data\processed\material_deepfashion\Cotton\WOMEN-Graphic_Tees-id_00001888-01_2_side.jpg,deepfashion,This lady is wearing a short-sleeve T-shirt with graphic patterns. The T-shirt is with cotton fabric and its neckline is round.,Cotton,caption_keyword,0.7,NOISY
C:\Users\sama\OneDrive\Desktop\naishtex\Textile\Backend\data\processed\material_deepfashion\Cotton\MEN-Shorts-id_00001109-01_1_front.jpg,deepfashion,"The T-shirt this gentleman wears has short sleeves, its fabric is cotton, and it has solid color patterns. The T-shirt has a crew neckline. This gentl",Cotton,caption_keyword,0.7,NOISY
C:\Users\sama\OneDrive\Desktop\naishtex\Textile\Backend\data\processed\material_deepfashion\Cotton\MEN-Shirts_Polos-id_00005940-01_2_side.jpg,deepfashion,"The sweater the guy wears has long sleeves, its fabric is cotton, and it has lattice patterns.",Cotton,caption_keyword,0.7,NOISY
C:\Users\sama\OneDrive\Desktop\naishtex\Textile\Backend\data\processed\material_deepfashion\Cotton\MEN-Tees_Tanks-id_00003228-12_3_back.jpg,deepfashion,"The T-shirt this gentleman wears has short sleeves, its fabric is cotton, and it has pure color patterns.",Cotton,caption_keyword,0.7,NOISY
C:\Users\sama\OneDrive\Desktop\naishtex\Textile\Backend\data\processed\material_deepfashion\Cotton\WOMEN-Blouses_Shirts-id_00006531-02_1_front.jpg,deepfashion,"Her shirt has long sleeves, cotton fabric and graphic patterns. The neckline of it is lapel. This person wears a three-point pants. The pants are with",Cotton,caption_keyword,0.7,NOISY
C:\Users\sama\OneDrive\Desktop\naishtex\Textile\Backend\data\processed\material_deepfashion\Cotton\WOMEN-Cardigans-id_00000217-02_1_front.jpg,deepfashion,The female wears a long-sleeve sweater with pure color patterns and a three-point pants. The sweater is with cotton fabric. The neckline of the sweate,Cotton,caption_keyword,0.7,NOISY
C:\Users\sama\OneDrive\Desktop\naishtex\Textile\Backend\data\processed\material_deepfashion\Cotton\WOMEN-Rompers_Jumpsuits-id_00002385-03_3_back.jpg,deepfashion,"The tank top the female wears has sleeves cut off and it is with cotton fabric and graphic patterns. The female wears a long pants, with cotton fabric",Cotton,caption_keyword,0.7,NOISY
C:\Users\sama\OneDrive\Desktop\naishtex\Textile\Backend\data\processed\material_deepfashion\Cotton\WOMEN-Sweaters-id_00004412-04_2_side.jpg,deepfashion,"The upper clothing has long sleeves, cotton fabric and graphic patterns. The neckline of it is lapel. The lower clothing is of three-point length. The",Cotton,caption_keyword,0.7,NOISY
C:\Users\sama\OneDrive\Desktop\naishtex\Textile\Backend\data\processed\material_deepfashion\Cotton\MEN-Shirts_Polos-id_00004713-03_4_full.jpg,deepfashion,"The upper clothing has long sleeves, cotton fabric and graphic patterns. It has a lapel neckline. The lower clothing is of long length. The fabric is ",Cotton,caption_keyword,0.7,NOISY
C:\Users\sama\OneDrive\Desktop\naishtex\Textile\Backend\data\processed\material_deepfashion\Cotton\WOMEN-Skirts-id_00001503-06_4_full.jpg,deepfashion,This lady wears a long-sleeve sweater with solid color patterns and a three-point skirt. The sweater is with cotton fabric and its neckline is crew. T,Cotton,caption_keyword,0.7,NOISY
C:\Users\sama\OneDrive\Desktop\naishtex\Textile\Backend\data\processed\material_deepfashion\Cotton\WOMEN-Blouses_Shirts-id_00004810-03_3_back.jpg,deepfashion,The shirt this person wears has medium sleeves and it is with cotton fabric and pure color patterns. The lady is wearing a ring on her finger.,Cotton,caption_keyword,0.7,NOISY
C:\Users\sama\OneDrive\Desktop\naishtex\Textile\Backend\data\processed\material_deepfashion\Cotton\WOMEN-Tees_Tanks-id_00003343-16_3_back.jpg,deepfashion,The tank top the lady wears has no sleeves and it is with cotton fabric and solid color patterns.,Cotton,caption_keyword,0.7,NOISY
C:\Users\sama\OneDrive\Desktop\naishtex\Textile\Backend\data\processed\material_deepfashion\Cotton\WOMEN-Tees_Tanks-id_00000771-03_2_side.jpg,deepfashion,"The upper clothing has sleeves cut off, cotton fabric and solid color patterns. It has a suspenders neckline.",Cotton,caption_keyword,0.7,NOISY
C:\Users\sama\OneDrive\Desktop\naishtex\Textile\Backend\data\processed\material_deepfashion\Cotton\WOMEN-Tees_Tanks-id_00002642-02_7_additional.jpg,deepfashion,"The upper clothing has no sleeves, cotton fabric and striped patterns. It has a round neckline. This female wears a ring.",Cotton,caption_keyword,0.7,NOISY
C:\Users\sama\OneDrive\Desktop\naishtex\Textile\Backend\data\processed\material_deepfashion\Cotton\WOMEN-Shorts-id_00004066-02_1_front.jpg,deepfashion,The person wears a sleeveless tank top with pure color patterns. The tank top is with cotton fabric. It has a round neckline. The person wears a three,Cotton,caption_keyword,0.7,NOISY
C:\Users\sama\OneDrive\Desktop\naishtex\Textile\Backend\data\processed\material_deepfashion\Cotton\WOMEN-Graphic_Tees-id_00001330-01_1_front.jpg,deepfashion,The person is wearing a short-sleeve shirt with graphic patterns. The shirt is with cotton fabric. The neckline of the shirt is crew. The lady is wear,Cotton,caption_keyword,0.7,NOISY
C:\Users\sama\OneDrive\Desktop\naishtex\Textile\Backend\data\processed\material_deepfashion\Cotton\WOMEN-Blouses_Shirts-id_00006815-02_1_front.jpg,deepfashion,"The upper clothing has short sleeves, cotton fabric and graphic patterns. It has a round neckline. There is a ring on her finger. There is an accessor",Cotton,caption_keyword,0.7,NOISY
C:\Users\sama\OneDrive\Desktop\naishtex\Textile\Backend\data\processed\material_deepfashion\Cotton\WOMEN-Jackets_Coats-id_00002636-02_3_back.jpg,deepfashion,This female wears a long-sleeve shirt with pure color patterns. The shirt is with cotton fabric and its neckline is stand. This lady also wears an out,Cotton,caption_keyword,0.7,NOISY
C:\Users\sama\OneDrive\Desktop\naishtex\Textile\Backend\data\processed\material_deepfashion\Cotton\WOMEN-Sweaters-id_00001727-01_1_front.jpg,deepfashion,"The upper clothing has long sleeves, cotton fabric and pure color patterns. The neckline of it is stand. This woman also wears an outer clothing, with",Cotton,caption_keyword,0.7,NOISY
C:\Users\sama\OneDrive\Desktop\naishtex\Textile\Backend\data\processed\material_deepfashion\Cotton\WOMEN-Dresses-id_00001297-02_3_back.jpg,deepfashion,This female wears a three-point shorts. The shorts are with cotton fabric and graphic patterns. There is an accessory in his her neck.,Cotton,caption_keyword,0.7,NOISY
C:\Users\sama\OneDrive\Desktop\naishtex\Textile\Backend\data\processed\material_deepfashion\Cotton\WOMEN-Tees_Tanks-id_00006846-02_1_front.jpg,deepfashion,The person is wearing a tank tank shirt with graphic patterns. The tank shirt is with cotton fabric. It has a crew neckline. There is an accessory on ,Cotton,caption_keyword,0.7,NOISY
C:\Users\sama\OneDrive\Desktop\naishtex\Textile\Backend\data\processed\material_deepfashion\Cotton\MEN-Jackets_Vests-id_00005528-08_1_front.jpg,deepfashion,This person is wearing a long-sleeve sweater with solid color patterns. The sweater is with cotton fabric and its neckline is lapel. This guy also wea,Cotton,caption_keyword,0.7,NOISY
C:\Users\sama\OneDrive\Desktop\naishtex\Textile\Backend\data\processed\material_deepfashion\Cotton\WOMEN-Tees_Tanks-id_00004840-03_2_side.jpg,deepfashion,"Her shirt has short sleeves, cotton fabric and solid color patterns.",Cotton,caption_keyword,0.7,NOISY
C:\Users\sama\OneDrive\Desktop\naishtex\Textile\Backend\data\processed\material_deepfashion\Cotton\WOMEN-Tees_Tanks-id_00006679-03_7_additional.jpg,deepfashion,The tank top the female wears has sleeves cut off and its fabric is cotton. The pattern of it is graphic. The person has neckwear.,Cotton,caption_keyword,0.7,NOISY
C:\Users\sama\OneDrive\Desktop\naishtex\Textile\Backend\data\processed\material_deepfashion\Cotton\WOMEN-Blouses_Shirts-id_00001890-04_1_front.jpg,deepfashion,This female wears a sleeveless tank shirt with graphic patterns. The tank shirt is with cotton fabric. The neckline of the tank shirt is stand. The pe,Cotton,caption_keyword,0.7,NOISY
C:\Users\sama\OneDrive\Desktop\naishtex\Textile\Backend\data\processed\material_deepfashion\Cotton\WOMEN-Tees_Tanks-id_00002512-03_1_front.jpg,deepfashion,The person wears a long-sleeve shirt with graphic patterns. The shirt is with cotton fabric. The neckline of the shirt is crew. There is an accessory ,Cotton,caption_keyword,0.7,NOISY
C:\Users\sama\OneDrive\Desktop\naishtex\Textile\Backend\data\processed\material_deepfashion\Cotton\WOMEN-Graphic_Tees-id_00002066-01_1_front.jpg,deepfashion,This lady wears a short-sleeve T-shirt with graphic patterns. The T-shirt is with cotton fabric and its neckline is crew. There is an accessory on her,Cotton,caption_keyword,0.7,NOISY
C:\Users\sama\OneDrive\Desktop\naishtex\Textile\Backend\data\processed\material_deepfashion\Cotton\WOMEN-Dresses-id_00004743-02_1_front.jpg,deepfashion,"Her tank top has sleeves cut off, cotton fabric and stripe patterns. It has a round neckline. The shorts the lady wears is of three-point length. The ",Cotton,caption_keyword,0.7,NOISY
C:\Users\sama\OneDrive\Desktop\naishtex\Textile\Backend\data\processed\material_deepfashion\Cotton\WOMEN-Dresses-id_00001286-03_3_back.jpg,deepfashion,The person is wearing a sleeveless tank shirt with striped patterns. The tank shirt is with cotton fabric. The trousers the person wears is of three-q,Cotton,caption_keyword,0.7,NOISY
C:\Users\sama\OneDrive\Desktop\naishtex\Textile\Backend\data\processed\material_deepfashion\Cotton\WOMEN-Blouses_Shirts-id_00001583-02_4_full.jpg,deepfashion,The tank top this lady wears has no sleeves and its fabric is cotton. The pattern of it is graphic. It has a suspenders neckline. This lady wears a th,Cotton,caption_keyword,0.7,NOISY
C:\Users\sama\OneDrive\Desktop\naishtex\Textile\Backend\data\processed\material_deepfashion\Cotton\WOMEN-Blouses_Shirts-id_00006209-03_7_additional.jpg,deepfashion,"The upper clothing has long sleeves, cotton fabric and graphic patterns.",Cotton,caption_keyword,0.7,NOISY
C:\Users\sama\OneDrive\Desktop\naishtex\Textile\Backend\data\processed\material_deepfashion\Cotton\WOMEN-Tees_Tanks-id_00005017-41_4_full.jpg,deepfashion,This person wears a short-sleeve T-shirt with pure color patterns and a long trousers. The T-shirt is with cotton fabric. The neckline of the T-shirt ,Cotton,caption_keyword,0.7,NOISY
C:\Users\sama\OneDrive\Desktop\naishtex\Textile\Backend\data\processed\material_deepfashion\Cotton\WOMEN-Dresses-id_00004494-02_1_front.jpg,deepfashion,"The upper clothing has short sleeves, cotton fabric and floral patterns. The neckline of it is crew. The lower clothing is of long length. The fabric ",Cotton,caption_keyword,0.7,NOISY
C:\Users\sama\OneDrive\Desktop\naishtex\Textile\Backend\data\processed\material_deepfashion\Cotton\MEN-Tees_Tanks-id_00004117-11_1_front.jpg,deepfashion,"His shirt has short sleeves, cotton fabric and solid color patterns. The neckline of it is v-shape.",Cotton,caption_keyword,0.7,NOISY
C:\Users\sama\OneDrive\Desktop\naishtex\Textile\Backend\data\processed\material_deepfashion\Cotton\MEN-Tees_Tanks-id_00003148-01_2_side.jpg,deepfashion,"The upper clothing has short sleeves, cotton fabric and graphic patterns. It has a crew neckline.",Cotton,caption_keyword,0.7,NOISY
C:\Users\sama\OneDrive\Desktop\naishtex\Textile\Backend\data\processed\material_deepfashion\Cotton\WOMEN-Dresses-id_00006394-08_1_front.jpg,deepfashion,The person wears a sleeveless tank shirt with pure color patterns and a long pants. The tank shirt is with cotton fabric. The neckline of the tank shi,Cotton,caption_keyword,0.7,NOISY
C:\Users\sama\OneDrive\Desktop\naishtex\Textile\Backend\data\processed\material_deepfashion\Cotton\MEN-Tees_Tanks-id_00003470-05_2_side.jpg,deepfashion,"The upper clothing has sleeves cut off, cotton fabric and pure color patterns. There is an accessory on his wrist.",Cotton,caption_keyword,0.7,NOISY
C:\Users\sama\OneDrive\Desktop\naishtex\Textile\Backend\data\processed\material_deepfashion\Cotton\WOMEN-Dresses-id_00005649-05_2_side.jpg,deepfashion,The female wears a short-sleeve T-shirt with solid color patterns and a three-point pants. The T-shirt is with cotton fabric and its neckline is crew.,Cotton,caption_keyword,0.7,NOISY
C:\Users\sama\OneDrive\Desktop\naishtex\Textile\Backend\data\processed\material_deepfashion\Cotton\WOMEN-Dresses-id_00004930-02_1_front.jpg,deepfashion,This female wears a long-sleeve sweater with graphic patterns and three-point pants. The sweater is with cotton fabric and it has a round neckline. Th,Cotton,caption_keyword,0.7,NOISY
C:\Users\sama\OneDrive\Desktop\naishtex\Textile\Backend\data\processed\material_deepfashion\Cotton\WOMEN-Sweaters-id_00004655-01_7_additional.jpg,deepfashion,"The upper clothing has long sleeves, knitting fabric and stripe patterns. It has a lapel neckline. The lower clothing is of three-point length. The fa",Cotton,caption_keyword,0.7,NOISY
C:\Users\sama\OneDrive\Desktop\naishtex\Textile\Backend\data\processed\material_deepfashion\Cotton\WOMEN-Dresses-id_00000480-02_3_back.jpg,deepfashion,The lady is wearing a tank tank top with solid color patterns and a three-point pants. The tank top is with cotton fabric. The pants are with cotton f,Cotton,caption_keyword,0.7,NOISY
C:\Users\sama\OneDrive\Desktop\naishtex\Textile\Backend\data\processed\material_deepfashion\Cotton\WOMEN-Tees_Tanks-id_00006717-07_7_additional.jpg,deepfashion,The female wears a sleeveless tank shirt with solid color patterns. The tank shirt is with cotton fabric. The neckline of the tank shirt is suspenders,Cotton,caption_keyword,0.7,NOISY
C:\Users\sama\OneDrive\Desktop\naishtex\Textile\Backend\data\processed\material_deepfashion\Cotton\MEN-Sweaters-id_00002241-01_3_back.jpg,deepfashion,"The upper clothing has short sleeves, cotton fabric and graphic patterns. The neckline of it is lapel.",Cotton,caption_keyword,0.7,NOISY
C:\Users\sama\OneDrive\Desktop\naishtex\Textile\Backend\data\processed\material_deepfashion\Cotton\WOMEN-Tees_Tanks-id_00003687-18_2_side.jpg,deepfashion,The female is wearing a sleeveless tank top with solid color patterns. The tank top is with cotton fabric. The neckline of the tank top is suspenders.,Cotton,caption_keyword,0.7,NOISY
C:\Users\sama\OneDrive\Desktop\naishtex\Textile\Backend\data\processed\material_deepfashion\Cotton\WOMEN-Jackets_Coats-id_00004891-02_7_additional.jpg,deepfashion,"The upper clothing has long sleeves, mixed fabric and mixed patterns. The lower clothing is of three-quarter length. The fabric is cotton and it has p",Cotton,caption_keyword,0.7,NOISY
C:\Users\sama\OneDrive\Desktop\naishtex\Textile\Backend\data\processed\material_deepfashion\Cotton\WOMEN-Shorts-id_00001386-02_1_front.jpg,deepfashion,The lady wears a long-sleeve sweater with pure color patterns and a three-point pants. The sweater is with cotton fabric and its neckline is crew. The,Cotton,caption_keyword,0.7,NOISY
C:\Users\sama\OneDrive\Desktop\naishtex\Textile\Backend\data\processed\material_deepfashion\Cotton\MEN-Tees_Tanks-id_00007073-02_7_additional.jpg,deepfashion,The shirt the gentleman wears has short sleeves and its fabric is cotton. The pattern of it is pure color.,Cotton,caption_keyword,0.7,NOISY
C:\Users\sama\OneDrive\Desktop\naishtex\Textile\Backend\data\processed\material_deepfashion\Cotton\WOMEN-Dresses-id_00006323-02_2_side.jpg,deepfashion,"The upper clothing has no sleeves, cotton fabric and pure color patterns. The lower clothing is of three-point length. The fabric is cotton and it has",Cotton,caption_keyword,0.7,NOISY
C:\Users\sama\OneDrive\Desktop\naishtex\Textile\Backend\data\processed\material_deepfashion\Cotton\MEN-Tees_Tanks-id_00001571-05_3_back.jpg,deepfashion,The T-shirt the person wears has short sleeves and it is with cotton fabric and solid color patterns. There is an accessory on his wrist.,Cotton,caption_keyword,0.7,NOISY
C:\Users\sama\OneDrive\Desktop\naishtex\Textile\Backend\data\processed\material_deepfashion\Cotton\WOMEN-Shorts-id_00005999-04_1_front.jpg,deepfashion,The female is wearing a sleeveless tank shirt with graphic patterns and a three-point pants. The tank shirt is with cotton fabric. The neckline of the,Cotton,caption_keyword,0.7,NOISY
C:\Users\sama\OneDrive\Desktop\naishtex\Textile\Backend\data\processed\material_deepfashion\Cotton\WOMEN-Dresses-id_00002294-01_3_back.jpg,deepfashion,This lady wears a tank tank shirt with graphic patterns and long pants. The tank shirt is with cotton fabric. The pants are with cotton fabric and gra,Cotton,caption_keyword,0.7,NOISY
C:\Users\sama\OneDrive\Desktop\naishtex\Textile\Backend\data\processed\material_deepfashion\Cotton\WOMEN-Tees_Tanks-id_00007568-04_7_additional.jpg,deepfashion,The lady wears a tank tank shirt with stripe patterns. The tank shirt is with cotton fabric. There is a ring on her finger. There is an accessory in h,Cotton,caption_keyword,0.7,NOISY
C:\Users\sama\OneDrive\Desktop\naishtex\Textile\Backend\data\processed\material_deepfashion\Cotton\WOMEN-Sweatshirts_Hoodies-id_00004591-01_2_side.jpg,deepfashion,"The shirt this woman wears has long sleeves and it is with knitting fabric and graphic patterns. This woman wears a three-point shorts, with cotton fa",Cotton,caption_keyword,0.7,NOISY
C:\Users\sama\OneDrive\Desktop\naishtex\Textile\Backend\data\processed\material_deepfashion\Cotton\WOMEN-Sweatshirts_Hoodies-id_00000246-02_2_side.jpg,deepfashion,The lady is wearing a long-sleeve shirt with graphic patterns. The shirt is with cotton fabric. The neckline of the shirt is crew. This woman is weari,Cotton,caption_keyword,0.7,NOISY
C:\Users\sama\OneDrive\Desktop\naishtex\Textile\Backend\data\processed\material_deepfashion\Cotton\WOMEN-Dresses-id_00005768-03_1_front.jpg,deepfashion,The tank top the lady wears has sleeves cut off and it is with cotton fabric and pure color patterns. The neckline of the tank top is round. The lady ,Cotton,caption_keyword,0.7,NOISY
C:\Users\sama\OneDrive\Desktop\naishtex\Textile\Backend\data\processed\material_deepfashion\Cotton\WOMEN-Skirts-id_00006584-03_1_front.jpg,deepfashion,This female wears a tank tank shirt with solid color patterns and three-point skirt. The tank shirt is with cotton fabric and it has a crew neckline. ,Cotton,caption_keyword,0.7,NOISY
C:\Users\sama\OneDrive\Desktop\naishtex\Textile\Backend\data\processed\material_deepfashion\Cotton\WOMEN-Blouses_Shirts-id_00004280-08_7_additional.jpg,deepfashion,"Her tank top has sleeves cut off, cotton fabric and solid color patterns. This woman has neckwear. There is an accessory on her wrist.",Cotton,caption_keyword,0.7,NOISY
C:\Users\sama\OneDrive\Desktop\naishtex\Textile\Backend\data\processed\material_deepfashion\Cotton\WOMEN-Tees_Tanks-id_00002821-05_3_back.jpg,deepfashion,"Her T-shirt has short sleeves, cotton fabric and pure color patterns. There is an accessory in his her neck. This woman is wearing a ring on her finge",Cotton,caption_keyword,0.7,NOISY
C:\Users\sama\OneDrive\Desktop\naishtex\Textile\Backend\data\processed\material_deepfashion\Cotton\MEN-Tees_Tanks-id_00000296-04_1_front.jpg,deepfashion,This guy is wearing a short-sleeve T-shirt with solid color patterns. The T-shirt is with cotton fabric. It has a round neckline. There is an accessor,Cotton,caption_keyword,0.7,NOISY
C:\Users\sama\OneDrive\Desktop\naishtex\Textile\Backend\data\processed\material_deepfashion\Cotton\MEN-Sweaters-id_00003427-08_1_front.jpg,deepfashion,The T-shirt the person wears has short sleeves and it is with cotton fabric and graphic patterns. The neckline of the T-shirt is lapel. The guy wears ,Cotton,caption_keyword,0.7,NOISY
C:\Users\sama\OneDrive\Desktop\naishtex\Textile\Backend\data\processed\material_deepfashion\Cotton\WOMEN-Tees_Tanks-id_00001368-15_3_back.jpg,deepfashion,"The shirt the person wears has short sleeves, its fabric is cotton, and it has pure color patterns.",Cotton,caption_keyword,0.7,NOISY
C:\Users\sama\OneDrive\Desktop\naishtex\Textile\Backend\data\processed\material_deepfashion\Cotton\WOMEN-Blouses_Shirts-id_00007544-05_2_side.jpg,deepfashion,This woman is wearing a sleeveless tank shirt with pure color patterns. The tank shirt is with cotton fabric and its neckline is lapel. The lady wears,Cotton,caption_keyword,0.7,NOISY
C:\Users\sama\OneDrive\Desktop\naishtex\Textile\Backend\data\processed\material_deepfashion\Cotton\WOMEN-Tees_Tanks-id_00005337-02_3_back.jpg,deepfashion,"The shirt the lady wears has short sleeves and its fabric is cotton. The pattern of it is solid color. The lady wears a three-quarter pants, with leat",Cotton,caption_keyword,0.7,NOISY
C:\Users\sama\OneDrive\Desktop\naishtex\Textile\Backend\data\processed\material_deepfashion\Cotton\WOMEN-Dresses-id_00002057-02_7_additional.jpg,deepfashion,"The tank top this lady wears has no sleeves, its fabric is cotton, and it has floral patterns. This lady wears a three-point pants, with cotton fabric",Cotton,caption_keyword,0.7,NOISY
C:\Users\sama\OneDrive\Desktop\naishtex\Textile\Backend\data\processed\material_deepfashion\Cotton\MEN-Tees_Tanks-id_00001602-04_1_front.jpg,deepfashion,The gentleman is wearing a short-sleeve shirt with stripe patterns. The shirt is with cotton fabric. The neckline of the shirt is round.,Cotton,caption_keyword,0.7,NOISY
C:\Users\sama\OneDrive\Desktop\naishtex\Textile\Backend\data\processed\material_deepfashion\Cotton\WOMEN-Cardigans-id_00000263-02_7_additional.jpg,deepfashion,This lady is wearing a long-sleeve sweater with striped patterns and a long trousers. The sweater is with cotton fabric. The trousers are with leather,Cotton,caption_keyword,0.7,NOISY
C:\Users\sama\OneDrive\Desktop\naishtex\Textile\Backend\data\processed\material_deepfashion\Cotton\MEN-Tees_Tanks-id_00004115-01_2_side.jpg,deepfashion,This person wears a tank tank top with color block patterns. The tank top is with cotton fabric and its neckline is crew.,Cotton,caption_keyword,0.7,NOISY
C:\Users\sama\OneDrive\Desktop\naishtex\Textile\Backend\data\processed\material_deepfashion\Cotton\WOMEN-Dresses-id_00006399-02_1_front.jpg,deepfashion,"Her shirt has short sleeves, cotton fabric and solid color patterns. The neckline of it is crew. The pants the person wears is of three-point length. ",Cotton,caption_keyword,0.7,NOISY
C:\Users\sama\OneDrive\Desktop\naishtex\Textile\Backend\data\processed\material_deepfashion\Cotton\WOMEN-Dresses-id_00001286-04_3_back.jpg,deepfashion,"The tank shirt this woman wears has sleeves cut off and it is with cotton fabric and striped patterns. This woman wears a three-quarter trousers, with",Cotton,caption_keyword,0.7,NOISY
C:\Users\sama\OneDrive\Desktop\naishtex\Textile\Backend\data\processed\material_deepfashion\Cotton\WOMEN-Jackets_Coats-id_00003567-01_1_front.jpg,deepfashion,"The upper clothing has no sleeves, cotton fabric and pure color patterns. The neckline of it is round. The lower clothing is of long length. The fabri",Cotton,caption_keyword,0.7,NOISY
C:\Users\sama\OneDrive\Desktop\naishtex\Textile\Backend\data\processed\material_deepfashion\Cotton\WOMEN-Tees_Tanks-id_00000079-09_4_full.jpg,deepfashion,This woman is wearing a sleeveless tank shirt with color block patterns and a three-point shorts. The tank shirt is with cotton fabric. The neckline o,Cotton,caption_keyword,0.7,NOISY
C:\Users\sama\OneDrive\Desktop\naishtex\Textile\Backend\data\processed\material_deepfashion\Cotton\WOMEN-Tees_Tanks-id_00007721-28_1_front.jpg,deepfashion,This woman wears a sleeveless tank shirt with pure color patterns. The tank shirt is with cotton fabric and its neckline is suspenders.,Cotton,caption_keyword,0.7,NOISY
C:\Users\sama\OneDrive\Desktop\naishtex\Textile\Backend\data\processed\material_deepfashion\Cotton\WOMEN-Dresses-id_00005783-05_7_additional.jpg,deepfashion,"The upper clothing has sleeves cut off, cotton fabric and solid color patterns. It has a suspenders neckline. The lower clothing is of three-point len",Cotton,caption_keyword,0.7,NOISY
C:\Users\sama\OneDrive\Desktop\naishtex\Textile\Backend\data\processed\material_deepfashion\Cotton\WOMEN-Blouses_Shirts-id_00002078-03_7_additional.jpg,deepfashion,The tank shirt this woman wears has sleeves cut off and it is with cotton fabric and graphic patterns. This lady has neckwear. There is an accessory o,Cotton,caption_keyword,0.7,NOISY
C:\Users\sama\OneDrive\Desktop\naishtex\Textile\Backend\data\processed\material_deepfashion\Cotton\WOMEN-Dresses-id_00005984-01_1_front.jpg,deepfashion,This person is wearing a tank tank shirt with pure color patterns. The tank shirt is with cotton fabric and its neckline is round. The pants this pers,Cotton,caption_keyword,0.7,NOISY
C:\Users\sama\OneDrive\Desktop\naishtex\Textile\Backend\data\processed\material_deepfashion\Cotton\WOMEN-Dresses-id_00005488-04_2_side.jpg,deepfashion,"The tank top the person wears has sleeves cut off, its fabric is cotton, and it has graphic patterns. The tank top has a crew neckline. The person wea",Cotton,caption_keyword,0.7,NOISY
C:\Users\sama\OneDrive\Desktop\naishtex\Textile\Backend\data\processed\material_deepfashion\Cotton\WOMEN-Blouses_Shirts-id_00005658-01_7_additional.jpg,deepfashion,The shirt this lady wears has long sleeves and its fabric is cotton. The pattern of it is graphic. It has a stand neckline. There is a hat in her head,Cotton,caption_keyword,0.7,NOISY
C:\Users\sama\OneDrive\Desktop\naishtex\Textile\Backend\data\processed\material_deepfashion\Cotton\WOMEN-Tees_Tanks-id_00001634-09_7_additional.jpg,deepfashion,"Her shirt has short sleeves, cotton fabric and pure color patterns. The neckline of it is round. The pants the lady wears is of three-point length. Th",Cotton,caption_keyword,0.7,NOISY
C:\Users\sama\OneDrive\Desktop\naishtex\Textile\Backend\data\processed\material_deepfashion\Cotton\WOMEN-Dresses-id_00000601-02_3_back.jpg,deepfashion,This female wears a sleeveless tank top with graphic patterns. The tank top is with cotton fabric. The shorts this female wears is of three-point leng,Cotton,caption_keyword,0.7,NOISY
C:\Users\sama\OneDrive\Desktop\naishtex\Textile\Backend\data\processed\material_deepfashion\Cotton\WOMEN-Tees_Tanks-id_00002673-01_1_front.jpg,deepfashion,The person wears a short-sleeve T-shirt with color block patterns and three-quarter trousers. The T-shirt is with cotton fabric and it has a v-shape n,Cotton,caption_keyword,0.7,NOISY
C:\Users\sama\OneDrive\Desktop\naishtex\Textile\Backend\data\processed\material_deepfashion\Cotton\WOMEN-Tees_Tanks-id_00002162-02_2_side.jpg,deepfashion,This lady wears a sleeveless tank shirt with solid color patterns. The tank shirt is with cotton fabric.,Cotton,caption_keyword,0.7,NOISY
C:\Users\sama\OneDrive\Desktop\naishtex\Textile\Backend\data\processed\material_deepfashion\Cotton\WOMEN-Tees_Tanks-id_00000665-01_2_side.jpg,deepfashion,"Her tank shirt has sleeves cut off, cotton fabric and solid color patterns. It has a round neckline.",Cotton,caption_keyword,0.7,NOISY
C:\Users\sama\OneDrive\Desktop\naishtex\Textile\Backend\data\processed\material_deepfashion\Cotton\MEN-Tees_Tanks-id_00000463-04_3_back.jpg,deepfashion,The gentleman wears a sleeveless tank top with color block patterns. The tank top is with cotton fabric.,Cotton,caption_keyword,0.7,NOISY
C:\Users\sama\OneDrive\Desktop\naishtex\Textile\Backend\data\processed\material_deepfashion\Cotton\WOMEN-Sweaters-id_00005594-08_1_front.jpg,deepfashion,"Her sweater has long sleeves, cotton fabric and pure color patterns. The neckline of it is crew.",Cotton,caption_keyword,0.7,NOISY
C:\Users\sama\OneDrive\Desktop\naishtex\Textile\Backend\data\processed\material_deepfashion\Cotton\WOMEN-Tees_Tanks-id_00000048-02_1_front.jpg,deepfashion,This lady is wearing a tank tank top with solid color patterns. The tank top is with cotton fabric. This lady wears a ring. There is an accessory on h,Cotton,caption_keyword,0.7,NOISY
C:\Users\sama\OneDrive\Desktop\naishtex\Textile\Backend\data\processed\material_deepfashion\Cotton\WOMEN-Blouses_Shirts-id_00002836-02_3_back.jpg,deepfashion,The tank top the lady wears has no sleeves and it is with cotton fabric and plaid patterns. The neckline of the tank top is lapel. The female is weari,Cotton,caption_keyword,0.7,NOISY
C:\Users\sama\OneDrive\Desktop\naishtex\Textile\Backend\data\processed\material_deepfashion\Cotton\WOMEN-Shorts-id_00000322-03_4_full.jpg,deepfashion,"The upper clothing has no sleeves, cotton fabric and solid color patterns. It has a v-shape neckline. The lower clothing is of three-point length. The",Cotton,caption_keyword,0.7,NOISY
C:\Users\sama\OneDrive\Desktop\naishtex\Textile\Backend\data\processed\material_deepfashion\Cotton\WOMEN-Tees_Tanks-id_00003687-13_3_back.jpg,deepfashion,"Her tank shirt has sleeves cut off, cotton fabric and solid color patterns.",Cotton,caption_keyword,0.7,NOISY
C:\Users\sama\OneDrive\Desktop\naishtex\Textile\Backend\data\processed\material_deepfashion\Cotton\WOMEN-Cardigans-id_00003097-05_2_side.jpg,deepfashion,This woman wears a long-sleeve sweater with striped patterns and three-point shorts. The sweater is with cotton fabric. The shorts are with cotton fab,Cotton,caption_keyword,0.7,NOISY
C:\Users\sama\OneDrive\Desktop\naishtex\Textile\Backend\data\processed\material_deepfashion\Cotton\WOMEN-Blouses_Shirts-id_00002153-01_1_front.jpg,deepfashion,"Her tank shirt has sleeves cut off, cotton fabric and pure color patterns. The neckline of it is suspenders. The person wears a three-point shorts. Th",Cotton,caption_keyword,0.7,NOISY
C:\Users\sama\OneDrive\Desktop\naishtex\Textile\Backend\data\processed\material_deepfashion\Cotton\WOMEN-Jackets_Coats-id_00005263-06_3_back.jpg,deepfashion,This woman wears a long-sleeve shirt with pure color patterns. The shirt is with chiffon fabric and it has a v-shape neckline. The outer clothing is w,Cotton,caption_keyword,0.7,NOISY
C:\Users\sama\OneDrive\Desktop\naishtex\Textile\Backend\data\processed\material_deepfashion\Cotton\WOMEN-Dresses-id_00006367-02_3_back.jpg,deepfashion,"Her shirt has long sleeves, cotton fabric and graphic patterns. The pants this lady wears is of three-point length. The pants are with cotton fabric a",Cotton,caption_keyword,0.7,NOISY
C:\Users\sama\OneDrive\Desktop\naishtex\Textile\Backend\data\processed\material_deepfashion\Cotton\WOMEN-Dresses-id_00000731-05_2_side.jpg,deepfashion,The person is wearing a sleeveless tank top with pure color patterns. The tank top is with cotton fabric. It has a crew neckline. The person wears a t,Cotton,caption_keyword,0.7,NOISY
C:\Users\sama\OneDrive\Desktop\naishtex\Textile\Backend\data\processed\material_deepfashion\Cotton\WOMEN-Tees_Tanks-id_00000262-01_3_back.jpg,deepfashion,The person wears a short-sleeve shirt with solid color patterns and a three-point pants. The shirt is with cotton fabric. The pants are with cotton fa,Cotton,caption_keyword,0.7,NOISY
C:\Users\sama\OneDrive\Desktop\naishtex\Textile\Backend\data\processed\material_deepfashion\Cotton\WOMEN-Tees_Tanks-id_00002201-22_2_side.jpg,deepfashion,The female is wearing a tank tank top with solid color patterns. The tank top is with cotton fabric. There is a ring on her finger.,Cotton,caption_keyword,0.7,NOISY
C:\Users\sama\OneDrive\Desktop\naishtex\Textile\Backend\data\processed\material_deepfashion\Cotton\WOMEN-Shorts-id_00007500-03_1_front.jpg,deepfashion,This lady is wearing a sleeveless tank top with graphic patterns and a three-point shorts. The tank top is with knitting fabric and its neckline is su,Cotton,caption_keyword,0.7,NOISY
C:\Users\sama\OneDrive\Desktop\naishtex\Textile\Backend\data\processed\material_deepfashion\Cotton\WOMEN-Blouses_Shirts-id_00006642-03_3_back.jpg,deepfashion,This lady wears a sleeveless tank top with solid color patterns. The tank top is with cotton fabric. It has a crew neckline. This female wears a ring.,Cotton,caption_keyword,0.7,NOISY
C:\Users\sama\OneDrive\Desktop\naishtex\Textile\Backend\data\processed\material_deepfashion\Cotton\WOMEN-Tees_Tanks-id_00002162-30_3_back.jpg,deepfashion,"The tank top this woman wears has sleeves cut off, its fabric is cotton, and it has solid color patterns.",Cotton,caption_keyword,0.7,NOISY
C:\Users\sama\OneDrive\Desktop\naishtex\Textile\Backend\data\processed\material_deepfashion\Cotton\WOMEN-Dresses-id_00003813-02_1_front.jpg,deepfashion,The female is wearing a tank tank shirt with solid color patterns. The tank shirt is with cotton fabric. It has a round neckline. The female wears a t,Cotton,caption_keyword,0.7,NOISY
C:\Users\sama\OneDrive\Desktop\naishtex\Textile\Backend\data\processed\material_deepfashion\Cotton\WOMEN-Tees_Tanks-id_00007926-02_3_back.jpg,deepfashion,"The sweater this female wears has long sleeves, its fabric is cotton, and it has pure color patterns. The female is wearing a ring on her finger. This",Cotton,caption_keyword,0.7,NOISY
C:\Users\sama\OneDrive\Desktop\naishtex\Textile\Backend\data\processed\material_deepfashion\Cotton\WOMEN-Tees_Tanks-id_00005165-02_7_additional.jpg,deepfashion,The person wears a short-sleeve T-shirt with complicated patterns and a three-point pants. The T-shirt is with cotton fabric. The neckline of the T-sh,Cotton,caption_keyword,0.7,NOISY
C:\Users\sama\OneDrive\Desktop\naishtex\Textile\Backend\data\processed\material_deepfashion\Cotton\WOMEN-Tees_Tanks-id_00005479-07_1_front.jpg,deepfashion,This woman wears a long-sleeve shirt with pure color patterns. The shirt is with cotton fabric. The neckline of the shirt is v-shape. There is a ring ,Cotton,caption_keyword,0.7,NOISY
C:\Users\sama\OneDrive\Desktop\naishtex\Textile\Backend\data\processed\material_deepfashion\Cotton\MEN-Sweatshirts_Hoodies-id_00003060-05_1_front.jpg,deepfashion,"The upper clothing has long sleeves, cotton fabric and plaid patterns. The neckline of it is lapel. The gentleman also wears an outer clothing, with c",Cotton,caption_keyword,0.7,NOISY
C:\Users\sama\OneDrive\Desktop\naishtex\Textile\Backend\data\processed\material_deepfashion\Cotton\WOMEN-Blouses_Shirts-id_00007631-02_2_side.jpg,deepfashion,"Her sweater has long sleeves, cotton fabric and solid color patterns. The neckline of it is v-shape. The outer clothing the lady wears is with chiffon",Cotton,caption_keyword,0.7,NOISY
C:\Users\sama\OneDrive\Desktop\naishtex\Textile\Backend\data\processed\material_deepfashion\Cotton\WOMEN-Tees_Tanks-id_00007191-04_2_side.jpg,deepfashion,"The shirt this female wears has short sleeves, its fabric is cotton, and it has solid color patterns.",Cotton,caption_keyword,0.7,NOISY
C:\Users\sama\OneDrive\Desktop\naishtex\Textile\Backend\data\processed\material_deepfashion\Cotton\MEN-Shorts-id_00001549-04_7_additional.jpg,deepfashion,"His tank shirt has no sleeves, cotton fabric and pure color patterns. The neckline of it is round. The shorts this gentleman wears is of three-point l",Cotton,caption_keyword,0.7,NOISY
C:\Users\sama\OneDrive\Desktop\naishtex\Textile\Backend\data\processed\material_deepfashion\Cotton\WOMEN-Tees_Tanks-id_00006655-02_1_front.jpg,deepfashion,The female is wearing a tank tank top with graphic patterns. The tank top is with cotton fabric and its neckline is suspenders. There is an accessory ,Cotton,caption_keyword,0.7,NOISY
C:\Users\sama\OneDrive\Desktop\naishtex\Textile\Backend\data\processed\material_deepfashion\Cotton\WOMEN-Dresses-id_00003365-01_3_back.jpg,deepfashion,This lady is wearing a long-sleeve sweater with graphic patterns. The sweater is with cotton fabric. This lady wears a three-point shorts. The shorts ,Cotton,caption_keyword,0.7,NOISY
C:\Users\sama\OneDrive\Desktop\naishtex\Textile\Backend\data\processed\material_deepfashion\Cotton\WOMEN-Dresses-id_00007340-01_2_side.jpg,deepfashion,The T-shirt this lady wears has short sleeves and it is with cotton fabric and graphic patterns. The neckline of the T-shirt is crew. This lady wears ,Cotton,caption_keyword,0.7,NOISY
C:\Users\sama\OneDrive\Desktop\naishtex\Textile\Backend\data\processed\material_deepfashion\Cotton\WOMEN-Dresses-id_00000621-02_7_additional.jpg,deepfashion,The lady wears a sleeveless tank top with solid color patterns and a three-point shorts. The tank top is with cotton fabric. The neckline of the tank ,Cotton,caption_keyword,0.7,NOISY
C:\Users\sama\OneDrive\Desktop\naishtex\Textile\Backend\data\processed\material_deepfashion\Cotton\MEN-Sweatshirts_Hoodies-id_00007610-01_2_side.jpg,deepfashion,The person wears a long-sleeve sweater with graphic patterns. The sweater is with cotton fabric. The neckline of the sweater is crew. The guy wears a ,Cotton,caption_keyword,0.7,NOISY
C:\Users\sama\OneDrive\Desktop\naishtex\Textile\Backend\data\processed\material_deepfashion\Cotton\WOMEN-Blouses_Shirts-id_00005795-02_2_side.jpg,deepfashion,This woman wears a sleeveless tank top with plaid patterns and a three-point pants. The tank top is with cotton fabric. The pants are with cotton fabr,Cotton,caption_keyword,0.7,NOISY
C:\Users\sama\OneDrive\Desktop\naishtex\Textile\Backend\data\processed\material_deepfashion\Cotton\WOMEN-Skirts-id_00003731-04_1_front.jpg,deepfashion,"Her tank top has sleeves cut off, cotton fabric and solid color patterns. The neckline of it is crew. This female wears a short skirt. The skirt is wi",Cotton,caption_keyword,0.7,NOISY
C:\Users\sama\OneDrive\Desktop\naishtex\Textile\Backend\data\processed\material_deepfashion\Cotton\WOMEN-Tees_Tanks-id_00003371-08_4_full.jpg,deepfashion,The female is wearing a long-sleeve shirt with pure color patterns. The shirt is with cotton fabric. It has a crew neckline. The shorts the female wea,Cotton,caption_keyword,0.7,NOISY
C:\Users\sama\OneDrive\Desktop\naishtex\Textile\Backend\data\processed\material_deepfashion\Cotton\WOMEN-Dresses-id_00003332-06_2_side.jpg,deepfashion,The person wears a sleeveless tank shirt with graphic patterns and a three-point shorts. The tank shirt is with cotton fabric. The shorts are with cot,Cotton,caption_keyword,0.7,NOISY
C:\Users\sama\OneDrive\Desktop\naishtex\Textile\Backend\data\processed\material_deepfashion\Cotton\WOMEN-Blouses_Shirts-id_00005924-01_2_side.jpg,deepfashion,"The tank top this female wears has no sleeves, its fabric is cotton, and it has solid color patterns. The tank top has a suspenders neckline. There is",Cotton,caption_keyword,0.7,NOISY
C:\Users\sama\OneDrive\Desktop\naishtex\Textile\Backend\data\processed\material_deepfashion\Cotton\WOMEN-Tees_Tanks-id_00001025-01_1_front.jpg,deepfashion,This female wears a long-sleeve shirt with graphic patterns. The shirt is with cotton fabric. It has a round neckline.,Cotton,caption_keyword,0.7,NOISY
C:\Users\sama\OneDrive\Desktop\naishtex\Textile\Backend\data\processed\material_deepfashion\Cotton\WOMEN-Rompers_Jumpsuits-id_00001408-01_2_side.jpg,deepfashion,"Her tank top has no sleeves, cotton fabric and graphic patterns. The shorts this person wears is of three-point length. The shorts are with cotton fab",Cotton,caption_keyword,0.7,NOISY
C:\Users\sama\OneDrive\Desktop\naishtex\Textile\Backend\data\processed\material_deepfashion\Cotton\WOMEN-Dresses-id_00007035-05_4_full.jpg,deepfashion,"Her tank shirt has sleeves cut off, cotton fabric and pure color patterns. It has a suspenders neckline. The person wears a three-point pants. The pan",Cotton,caption_keyword,0.7,NOISY
C:\Users\sama\OneDrive\Desktop\naishtex\Textile\Backend\data\processed\material_deepfashion\Cotton\WOMEN-Tees_Tanks-id_00000368-01_1_front.jpg,deepfashion,The female is wearing a tank tank shirt with graphic patterns. The tank shirt is with cotton fabric and its neckline is round. The female wears a thre,Cotton,caption_keyword,0.7,NOISY
C:\Users\sama\OneDrive\Desktop\naishtex\Textile\Backend\data\processed\material_deepfashion\Cotton\WOMEN-Jackets_Coats-id_00004828-01_3_back.jpg,deepfashion,"The person is wearing a long-sleeve sweater with other patterns. The sweater is with mixed fabric. The person also wears an outer clothing, with cotto",Cotton,caption_keyword,0.7,NOISY
C:\Users\sama\OneDrive\Desktop\naishtex\Textile\Backend\data\processed\material_deepfashion\Cotton\WOMEN-Blouses_Shirts-id_00000678-02_1_front.jpg,deepfashion,The person wears a short-sleeve T-shirt with graphic patterns. The T-shirt is with cotton fabric and it has a crew neckline. This person also wears an,Cotton,caption_keyword,0.7,NOISY
C:\Users\sama\OneDrive\Desktop\naishtex\Textile\Backend\data\processed\material_deepfashion\Cotton\WOMEN-Dresses-id_00000502-02_3_back.jpg,deepfashion,This woman is wearing a sleeveless tank shirt with solid color patterns. The tank shirt is with cotton fabric. This woman wears a three-point shorts. ,Cotton,caption_keyword,0.7,NOISY
C:\Users\sama\OneDrive\Desktop\naishtex\Textile\Backend\data\processed\material_deepfashion\Cotton\WOMEN-Blouses_Shirts-id_00000392-03_1_front.jpg,deepfashion,This female wears a tank tank top with graphic patterns. The tank top is with cotton fabric and its neckline is suspenders. This person wears a ring. ,Cotton,caption_keyword,0.7,NOISY
C:\Users\sama\OneDrive\Desktop\naishtex\Textile\Backend\data\processed\material_deepfashion\Cotton\WOMEN-Cardigans-id_00003604-03_2_side.jpg,deepfashion,The tank shirt this female wears has sleeves cut off and its fabric is cotton. The pattern of it is pure color. This female also wears an outer clothi,Cotton,caption_keyword,0.7,NOISY
C:\Users\sama\OneDrive\Desktop\naishtex\Textile\Backend\data\processed\material_deepfashion\Cotton\WOMEN-Tees_Tanks-id_00004174-01_7_additional.jpg,deepfashion,The lady wears a long-sleeve shirt with stripe patterns. The shirt is with cotton fabric. It has a round neckline. The lady wears a three-point pants.,Cotton,caption_keyword,0.7,NOISY
C:\Users\sama\OneDrive\Desktop\naishtex\Textile\Backend\data\processed\material_deepfashion\Cotton\WOMEN-Skirts-id_00001547-06_1_front.jpg,deepfashion,The person wears a tank tank shirt with pure color patterns and a three-point skirt. The tank shirt is with cotton fabric. The neckline of the tank sh,Cotton,caption_keyword,0.7,NOISY
C:\Users\sama\OneDrive\Desktop\naishtex\Textile\Backend\data\processed\material_deepfashion\Cotton\WOMEN-Shorts-id_00002279-03_4_full.jpg,deepfashion,"Her tank top has no sleeves, cotton fabric and solid color patterns. It has a crew neckline. The person wears a three-point shorts. The shorts are wit",Cotton,caption_keyword,0.7,NOISY
C:\Users\sama\OneDrive\Desktop\naishtex\Textile\Backend\data\processed\material_deepfashion\Cotton\WOMEN-Dresses-id_00000388-08_7_additional.jpg,deepfashion,"Her shirt has short sleeves, cotton fabric and graphic patterns. It has a square neckline. The person wears a three-point pants. The pants are with co",Cotton,caption_keyword,0.7,NOISY
C:\Users\sama\OneDrive\Desktop\naishtex\Textile\Backend\data\processed\material_deepfashion\Cotton\WOMEN-Tees_Tanks-id_00004270-02_3_back.jpg,deepfashion,"Her shirt has short sleeves, cotton fabric and solid color patterns.",Cotton,caption_keyword,0.7,NOISY
C:\Users\sama\OneDrive\Desktop\naishtex\Textile\Backend\data\processed\material_deepfashion\Cotton\WOMEN-Sweaters-id_00000760-01_7_additional.jpg,deepfashion,This woman is wearing a long-sleeve sweater with stripe patterns. The sweater is with knitting fabric. It has a crew neckline. This woman wears a long,Cotton,caption_keyword,0.7,NOISY
C:\Users\sama\OneDrive\Desktop\naishtex\Textile\Backend\data\processed\material_deepfashion\Cotton\WOMEN-Graphic_Tees-id_00003821-02_1_front.jpg,deepfashion,The person wears a short-sleeve shirt with graphic patterns. The shirt is with cotton fabric and it has a round neckline. There is an accessory on her,Cotton,caption_keyword,0.7,NOISY
C:\Users\sama\OneDrive\Desktop\naishtex\Textile\Backend\data\processed\material_deepfashion\Cotton\WOMEN-Sweaters-id_00000520-05_2_side.jpg,deepfashion,"The shirt this female wears has long sleeves, its fabric is cotton, and it has lattice patterns. The female also wears an outer clothing, with knittin",Cotton,caption_keyword,0.7,NOISY
C:\Users\sama\OneDrive\Desktop\naishtex\Textile\Backend\data\processed\material_deepfashion\Cotton\WOMEN-Dresses-id_00007241-03_1_front.jpg,deepfashion,The person is wearing a tank tank top with graphic patterns and a three-point pants. The tank top is with cotton fabric and its neckline is suspenders,Cotton,caption_keyword,0.7,NOISY
C:\Users\sama\OneDrive\Desktop\naishtex\Textile\Backend\data\processed\material_deepfashion\Cotton\WOMEN-Dresses-id_00005768-05_7_additional.jpg,deepfashion,The lady is wearing a tank tank shirt with solid color patterns. The tank shirt is with cotton fabric. It has a crew neckline. The shorts the lady wea,Cotton,caption_keyword,0.7,NOISY
C:\Users\sama\OneDrive\Desktop\naishtex\Textile\Backend\data\processed\material_deepfashion\Cotton\WOMEN-Blouses_Shirts-id_00006625-05_2_side.jpg,deepfashion,"Her tank shirt has no sleeves, cotton fabric and graphic patterns. There is an accessory in his her neck.",Cotton,caption_keyword,0.7,NOISY
C:\Users\sama\OneDrive\Desktop\naishtex\Textile\Backend\data\processed\material_deepfashion\Cotton\WOMEN-Blouses_Shirts-id_00000333-01_1_front.jpg,deepfashion,This person is wearing a tank tank shirt with graphic patterns. The tank shirt is with cotton fabric. It has a v-shape neckline. This female is wearin,Cotton,caption_keyword,0.7,NOISY
C:\Users\sama\OneDrive\Desktop\naishtex\Textile\Backend\data\processed\material_deepfashion\Cotton\WOMEN-Rompers_Jumpsuits-id_00003101-03_7_additional.jpg,deepfashion,"The sweater this person wears has long sleeves and it is with cotton fabric and solid color patterns. This person wears a three-point shorts, with cot",Cotton,caption_keyword,0.7,NOISY
C:\Users\sama\OneDrive\Desktop\naishtex\Textile\Backend\data\processed\material_deepfashion\Cotton\WOMEN-Rompers_Jumpsuits-id_00000519-03_1_front.jpg,deepfashion,This person wears a tank tank shirt with graphic patterns and three-point shorts. The tank shirt is with cotton fabric and it has a crew neckline. The,Cotton,caption_keyword,0.7,NOISY
C:\Users\sama\OneDrive\Desktop\naishtex\Textile\Backend\data\processed\material_deepfashion\Cotton\MEN-Tees_Tanks-id_00002866-05_1_front.jpg,deepfashion,The person wears a long-sleeve sweater with color block patterns. The sweater is with cotton fabric. It has a crew neckline.,Cotton,caption_keyword,0.7,NOISY
C:\Users\sama\OneDrive\Desktop\naishtex\Textile\Backend\data\processed\material_deepfashion\Cotton\WOMEN-Tees_Tanks-id_00004689-04_7_additional.jpg,deepfashion,"The tank top the female wears has no sleeves, its fabric is cotton, and it has solid color patterns. This woman is wearing a ring on her finger.",Cotton,caption_keyword,0.7,NOISY
C:\Users\sama\OneDrive\Desktop\naishtex\Textile\Backend\data\processed\material_deepfashion\Cotton\MEN-Sweaters-id_00004391-01_4_full.jpg,deepfashion,The person is wearing a long-sleeve sweater with lattice patterns. The sweater is with cotton fabric. The neckline of the sweater is lapel.,Cotton,caption_keyword,0.7,NOISY
C:\Users\sama\OneDrive\Desktop\naishtex\Textile\Backend\data\processed\material_deepfashion\Cotton\MEN-Tees_Tanks-id_00004740-06_1_front.jpg,deepfashion,"The upper clothing has short sleeves, cotton fabric and color block patterns. It has a crew neckline.",Cotton,caption_keyword,0.7,NOISY
C:\Users\sama\OneDrive\Desktop\naishtex\Textile\Backend\data\processed\material_deepfashion\Cotton\WOMEN-Blouses_Shirts-id_00001327-06_1_front.jpg,deepfashion,The person is wearing a tank tank shirt with solid color patterns. The tank shirt is with cotton fabric.,Cotton,caption_keyword,0.7,NOISY
C:\Users\sama\OneDrive\Desktop\naishtex\Textile\Backend\data\processed\material_deepfashion\Cotton\WOMEN-Sweatshirts_Hoodies-id_00004008-05_2_side.jpg,deepfashion,"Her sweater has long sleeves, cotton fabric and solid color patterns. The neckline of it is round.",Cotton,caption_keyword,0.7,NOISY
C:\Users\sama\OneDrive\Desktop\naishtex\Textile\Backend\data\processed\material_deepfashion\Cotton\WOMEN-Blouses_Shirts-id_00001895-02_2_side.jpg,deepfashion,The female is wearing a long-sleeve sweater with plaid patterns. The sweater is with cotton fabric and its neckline is lapel. The female wears a three,Cotton,caption_keyword,0.7,NOISY
C:\Users\sama\OneDrive\Desktop\naishtex\Textile\Backend\data\processed\material_deepfashion\Cotton\WOMEN-Tees_Tanks-id_00006240-01_2_side.jpg,deepfashion,"The upper clothing has short sleeves, cotton fabric and striped patterns. The neckline of it is round. This woman wears a ring.",Cotton,caption_keyword,0.7,NOISY
C:\Users\sama\OneDrive\Desktop\naishtex\Textile\Backend\data\processed\material_deepfashion\Cotton\WOMEN-Tees_Tanks-id_00002022-02_1_front.jpg,deepfashion,This person is wearing a tank tank top with graphic patterns. The tank top is with cotton fabric. It has a crew neckline. The shorts this person wears,Cotton,caption_keyword,0.7,NOISY
C:\Users\sama\OneDrive\Desktop\naishtex\Textile\Backend\data\processed\material_deepfashion\Cotton\WOMEN-Graphic_Tees-id_00001968-01_3_back.jpg,deepfashion,"The tank shirt this person wears has sleeves cut off, its fabric is cotton, and it has solid color patterns. There is a ring on her finger.",Cotton,caption_keyword,0.7,NOISY
C:\Users\sama\OneDrive\Desktop\naishtex\Textile\Backend\data\processed\material_deepfashion\Cotton\WOMEN-Sweaters-id_00003188-06_3_back.jpg,deepfashion,"The sweater this lady wears has long sleeves and it is with knitting fabric and solid color patterns. This lady wears a three-point pants, with cotton",Cotton,caption_keyword,0.7,NOISY
C:\Users\sama\OneDrive\Desktop\naishtex\Textile\Backend\data\processed\material_deepfashion\Cotton\MEN-Sweatshirts_Hoodies-id_00006147-09_1_front.jpg,deepfashion,This man wears a long-sleeve sweater with pure color patterns. The sweater is with cotton fabric. The neckline of the sweater is crew. There is an acc,Cotton,caption_keyword,0.7,NOISY
C:\Users\sama\OneDrive\Desktop\naishtex\Textile\Backend\data\processed\material_deepfashion\Cotton\WOMEN-Dresses-id_00006626-03_1_front.jpg,deepfashion,"The upper clothing has no sleeves, cotton fabric and pure color patterns. The neckline of it is round. The lower clothing is of three-point length. Th",Cotton,caption_keyword,0.7,NOISY
C:\Users\sama\OneDrive\Desktop\naishtex\Textile\Backend\data\processed\material_deepfashion\Cotton\WOMEN-Dresses-id_00006452-03_4_full.jpg,deepfashion,"The upper clothing has long sleeves, cotton fabric and floral patterns. It has a crew neckline. The lower clothing is of three-point length. The fabri",Cotton,caption_keyword,0.7,NOISY
C:\Users\sama\OneDrive\Desktop\naishtex\Textile\Backend\data\processed\material_deepfashion\Cotton\WOMEN-Sweaters-id_00003168-03_7_additional.jpg,deepfashion,The lady is wearing a medium-sleeve shirt with graphic patterns. The shirt is with knitting fabric and its neckline is crew. The lady wears a three-po,Cotton,caption_keyword,0.7,NOISY
C:\Users\sama\OneDrive\Desktop\naishtex\Textile\Backend\data\processed\material_deepfashion\Cotton\WOMEN-Jackets_Coats-id_00006054-04_3_back.jpg,deepfashion,"Her sweater has long sleeves, other fabric and mixed patterns. It has a lapel neckline. The shorts the lady wears is of three-point length. The shorts",Cotton,caption_keyword,0.7,NOISY
C:\Users\sama\OneDrive\Desktop\naishtex\Textile\Backend\data\processed\material_deepfashion\Cotton\WOMEN-Rompers_Jumpsuits-id_00007445-02_7_additional.jpg,deepfashion,"The tank shirt the lady wears has sleeves cut off and it is with cotton fabric and graphic patterns. The lady wears a three-point shorts, with cotton ",Cotton,caption_keyword,0.7,NOISY
C:\Users\sama\OneDrive\Desktop\naishtex\Textile\Backend\data\processed\material_deepfashion\Cotton\WOMEN-Cardigans-id_00006312-07_2_side.jpg,deepfashion,"The upper clothing has long sleeves, cotton fabric and pure color patterns. The neckline of it is crew. The lady also wears an outer clothing, with kn",Cotton,caption_keyword,0.7,NOISY
C:\Users\sama\OneDrive\Desktop\naishtex\Textile\Backend\data\processed\material_deepfashion\Cotton\WOMEN-Shorts-id_00006291-05_4_full.jpg,deepfashion,"Her tank top has no sleeves, cotton fabric and solid color patterns. It has a suspenders neckline. The shorts this lady wears is of three-point length",Cotton,caption_keyword,0.7,NOISY
C:\Users\sama\OneDrive\Desktop\naishtex\Textile\Backend\data\processed\material_deepfashion\Cotton\MEN-Pants-id_00003290-01_7_additional.jpg,deepfashion,The gentleman is wearing a long-sleeve sweater with graphic patterns. The sweater is with cotton fabric and its neckline is round. The gentleman wears,Cotton,caption_keyword,0.7,NOISY
C:\Users\sama\OneDrive\Desktop\naishtex\Textile\Backend\data\processed\material_deepfashion\Cotton\WOMEN-Tees_Tanks-id_00002015-02_3_back.jpg,deepfashion,"The upper clothing has short sleeves, cotton fabric and solid color patterns. The female is wearing a ring on her finger.",Cotton,caption_keyword,0.7,NOISY
C:\Users\sama\OneDrive\Desktop\naishtex\Textile\Backend\data\processed\material_deepfashion\Cotton\WOMEN-Tees_Tanks-id_00003460-05_2_side.jpg,deepfashion,The female wears a long-sleeve sweater with pure color patterns. The sweater is with cotton fabric. The female is wearing a ring on her finger.,Cotton,caption_keyword,0.7,NOISY
C:\Users\sama\OneDrive\Desktop\naishtex\Textile\Backend\data\processed\material_deepfashion\Cotton\MEN-Tees_Tanks-id_00005307-01_1_front.jpg,deepfashion,The guy wears a short-sleeve shirt with graphic patterns. The shirt is with cotton fabric. It has a round neckline. There is an accessory on his wrist,Cotton,caption_keyword,0.7,NOISY
C:\Users\sama\OneDrive\Desktop\naishtex\Textile\Backend\data\processed\material_deepfashion\Cotton\WOMEN-Tees_Tanks-id_00002085-03_2_side.jpg,deepfashion,The sweater this lady wears has long sleeves and it is with cotton fabric and solid color patterns. There is an accessory in his her neck. There is a ,Cotton,caption_keyword,0.7,NOISY
C:\Users\sama\OneDrive\Desktop\naishtex\Textile\Backend\data\processed\material_deepfashion\Cotton\WOMEN-Shorts-id_00001539-04_1_front.jpg,deepfashion,The female is wearing a tank tank top with pure color patterns. The tank top is with cotton fabric and its neckline is suspenders. The female wears a ,Cotton,caption_keyword,0.7,NOISY
C:\Users\sama\OneDrive\Desktop\naishtex\Textile\Backend\data\processed\material_deepfashion\Cotton\WOMEN-Tees_Tanks-id_00004445-02_3_back.jpg,deepfashion,This person wears a long-sleeve shirt with complicated patterns. The shirt is with cotton fabric. There is a ring on her finger.,Cotton,caption_keyword,0.7,NOISY
C:\Users\sama\OneDrive\Desktop\naishtex\Textile\Backend\data\processed\material_deepfashion\Cotton\WOMEN-Dresses-id_00000598-02_2_side.jpg,deepfashion,"The tank top this person wears has no sleeves, its fabric is cotton, and it has graphic patterns. This person wears a long pants, with cotton fabric a",Cotton,caption_keyword,0.7,NOISY
C:\Users\sama\OneDrive\Desktop\naishtex\Textile\Backend\data\processed\material_deepfashion\Cotton\WOMEN-Tees_Tanks-id_00005176-04_3_back.jpg,deepfashion,"Her tank top has no sleeves, cotton fabric and pure color patterns. The lady has neckwear. There is an accessory on her wrist.",Cotton,caption_keyword,0.7,NOISY
C:\Users\sama\OneDrive\Desktop\naishtex\Textile\Backend\data\processed\material_deepfashion\Cotton\WOMEN-Tees_Tanks-id_00000295-04_2_side.jpg,deepfashion,This lady is wearing a long-sleeve shirt with solid color patterns. The shirt is with cotton fabric. There is a hat in her head. There is a ring on he,Cotton,caption_keyword,0.7,NOISY
C:\Users\sama\OneDrive\Desktop\naishtex\Textile\Backend\data\processed\material_deepfashion\Cotton\WOMEN-Dresses-id_00004734-02_2_side.jpg,deepfashion,This woman wears a tank tank shirt with striped patterns. The tank shirt is with cotton fabric. The pants this woman wears is of long length. The pant,Cotton,caption_keyword,0.7,NOISY
C:\Users\sama\OneDrive\Desktop\naishtex\Textile\Backend\data\processed\material_deepfashion\Cotton\MEN-Tees_Tanks-id_00005038-05_2_side.jpg,deepfashion,The person is wearing a short-sleeve T-shirt with solid color patterns. The T-shirt is with cotton fabric.,Cotton,caption_keyword,0.7,NOISY
C:\Users\sama\OneDrive\Desktop\naishtex\Textile\Backend\data\processed\material_deepfashion\Cotton\WOMEN-Dresses-id_00002297-07_3_back.jpg,deepfashion,"The upper clothing has short sleeves, cotton fabric and solid color patterns. The lower clothing is of three-point length. The fabric is cotton and it",Cotton,caption_keyword,0.7,NOISY
C:\Users\sama\OneDrive\Desktop\naishtex\Textile\Backend\data\processed\material_deepfashion\Cotton\WOMEN-Graphic_Tees-id_00006239-02_2_side.jpg,deepfashion,"Her T-shirt has short sleeves, cotton fabric and graphic patterns. The neckline of it is crew.",Cotton,caption_keyword,0.7,NOISY
C:\Users\sama\OneDrive\Desktop\naishtex\Textile\Backend\data\processed\material_deepfashion\Cotton\WOMEN-Blouses_Shirts-id_00001769-03_2_side.jpg,deepfashion,"Her shirt has long sleeves, cotton fabric and solid color patterns. The neckline of it is lapel. There is a ring on her finger. The lady is wearing a ",Cotton,caption_keyword,0.7,NOISY
C:\Users\sama\OneDrive\Desktop\naishtex\Textile\Backend\data\processed\material_deepfashion\Cotton\WOMEN-Jackets_Coats-id_00003593-01_3_back.jpg,deepfashion,"Her tank shirt has sleeves cut off, cotton fabric and pure color patterns. There is an accessory on her wrist. The lady has neckwear.",Cotton,caption_keyword,0.7,NOISY
C:\Users\sama\OneDrive\Desktop\naishtex\Textile\Backend\data\processed\material_deepfashion\Cotton\MEN-Jackets_Vests-id_00001903-01_7_additional.jpg,deepfashion,The person is wearing a long-sleeve sweater with pure color patterns. The sweater is with cotton fabric. The neckline of the sweater is lapel. The guy,Cotton,caption_keyword,0.7,NOISY
C:\Users\sama\OneDrive\Desktop\naishtex\Textile\Backend\data\processed\material_deepfashion\Cotton\WOMEN-Tees_Tanks-id_00003494-07_1_front.jpg,deepfashion,The lady is wearing a sleeveless tank top with solid color patterns. The tank top is with cotton fabric. The neckline of the tank top is crew.,Cotton,caption_keyword,0.7,NOISY
C:\Users\sama\OneDrive\Desktop\naishtex\Textile\Backend\data\processed\material_deepfashion\Cotton\WOMEN-Tees_Tanks-id_00003413-03_1_front.jpg,deepfashion,This person is wearing a short-sleeve shirt with striped patterns. The shirt is with cotton fabric. The neckline of the shirt is crew. There is an acc,Cotton,caption_keyword,0.7,NOISY
C:\Users\sama\OneDrive\Desktop\naishtex\Textile\Backend\data\processed\material_deepfashion\Cotton\WOMEN-Dresses-id_00000416-08_2_side.jpg,deepfashion,This lady is wearing a tank tank shirt with graphic patterns. The tank shirt is with cotton fabric and its neckline is crew. The pants this lady wears,Cotton,caption_keyword,0.7,NOISY
C:\Users\sama\OneDrive\Desktop\naishtex\Textile\Backend\data\processed\material_deepfashion\Cotton\WOMEN-Rompers_Jumpsuits-id_00001548-06_4_full.jpg,deepfashion,"The upper clothing has sleeves cut off, cotton fabric and pure color patterns. The lower clothing is of long length. The fabric is cotton and it has s",Cotton,caption_keyword,0.7,NOISY
C:\Users\sama\OneDrive\Desktop\naishtex\Textile\Backend\data\processed\material_deepfashion\Cotton\WOMEN-Tees_Tanks-id_00004971-08_1_front.jpg,deepfashion,This lady wears a short-sleeve shirt with pure color patterns. The shirt is with cotton fabric and its neckline is v-shape.,Cotton,caption_keyword,0.7,NOISY
C:\Users\sama\OneDrive\Desktop\naishtex\Textile\Backend\data\processed\material_deepfashion\Cotton\WOMEN-Blouses_Shirts-id_00003424-03_4_full.jpg,deepfashion,"Her shirt has short sleeves, cotton fabric and graphic patterns. It has a round neckline. The shorts this female wears is of three-point length. The s",Cotton,caption_keyword,0.7,NOISY
C:\Users\sama\OneDrive\Desktop\naishtex\Textile\Backend\data\processed\material_deepfashion\Cotton\WOMEN-Rompers_Jumpsuits-id_00002761-05_2_side.jpg,deepfashion,The female wears a short-sleeve shirt with stripe patterns and a three-point pants. The shirt is with cotton fabric. The neckline of the shirt is crew,Cotton,caption_keyword,0.7,NOISY
C:\Users\sama\OneDrive\Desktop\naishtex\Textile\Backend\data\processed\material_deepfashion\Cotton\MEN-Tees_Tanks-id_00004530-17_3_back.jpg,deepfashion,The guy wears a tank tank shirt with solid color patterns. The tank shirt is with cotton fabric.,Cotton,caption_keyword,0.7,NOISY
C:\Users\sama\OneDrive\Desktop\naishtex\Textile\Backend\data\processed\material_deepfashion\Cotton\WOMEN-Sweatshirts_Hoodies-id_00003551-04_1_front.jpg,deepfashion,"Her shirt has long sleeves, cotton fabric and striped patterns. The neckline of it is v-shape. There is a ring on her finger.",Cotton,caption_keyword,0.7,NOISY
C:\Users\sama\OneDrive\Desktop\naishtex\Textile\Backend\data\processed\material_deepfashion\Cotton\WOMEN-Dresses-id_00002509-02_1_front.jpg,deepfashion,The tank shirt the lady wears has sleeves cut off and its fabric is cotton. The pattern of it is graphic. It has a round neckline. The lady wears a sh,Cotton,caption_keyword,0.7,NOISY
C:\Users\sama\OneDrive\Desktop\naishtex\Textile\Backend\data\processed\material_deepfashion\Cotton\WOMEN-Tees_Tanks-id_00007903-11_3_back.jpg,deepfashion,The sweater this person wears has long sleeves and its fabric is cotton. The pattern of it is pure color. There is a hat in her head. There is an acce,Cotton,caption_keyword,0.7,NOISY
C:\Users\sama\OneDrive\Desktop\naishtex\Textile\Backend\data\processed\material_deepfashion\Cotton\WOMEN-Tees_Tanks-id_00000196-01_3_back.jpg,deepfashion,This female is wearing a tank tank shirt with pure color patterns. The tank shirt is with cotton fabric. This female wears a three-point pants. The pa,Cotton,caption_keyword,0.7,NOISY
C:\Users\sama\OneDrive\Desktop\naishtex\Textile\Backend\data\processed\material_deepfashion\Cotton\WOMEN-Sweaters-id_00005594-03_2_side.jpg,deepfashion,The female wears a long-sleeve shirt with pure color patterns. The shirt is with cotton fabric. The neckline of the shirt is lapel. This lady is weari,Cotton,caption_keyword,0.7,NOISY
C:\Users\sama\OneDrive\Desktop\naishtex\Textile\Backend\data\processed\material_deepfashion\Cotton\WOMEN-Blouses_Shirts-id_00004819-02_2_side.jpg,deepfashion,"The upper clothing has long sleeves, cotton fabric and striped patterns. There is a ring on her finger.",Cotton,caption_keyword,0.7,NOISY
C:\Users\sama\OneDrive\Desktop\naishtex\Textile\Backend\data\processed\material_deepfashion\Cotton\WOMEN-Dresses-id_00006071-01_4_full.jpg,deepfashion,The female is wearing a short-sleeve shirt with pure color patterns and a three-point pants. The shirt is with cotton fabric. The neckline of the shir,Cotton,caption_keyword,0.7,NOISY
C:\Users\sama\OneDrive\Desktop\naishtex\Textile\Backend\data\processed\material_deepfashion\Cotton\WOMEN-Tees_Tanks-id_00004985-02_7_additional.jpg,deepfashion,The shirt this woman wears has long sleeves and its fabric is cotton. The pattern of it is other. The person wears a hat. There is a ring on her finge,Cotton,caption_keyword,0.7,NOISY
C:\Users\sama\OneDrive\Desktop\naishtex\Textile\Backend\data\processed\material_deepfashion\Cotton\WOMEN-Blouses_Shirts-id_00002000-01_1_front.jpg,deepfashion,"The sweater this female wears has long sleeves, its fabric is cotton, and it has solid color patterns. The sweater has a v-shape neckline.",Cotton,caption_keyword,0.7,NOISY
C:\Users\sama\OneDrive\Desktop\naishtex\Textile\Backend\data\processed\material_deepfashion\Cotton\WOMEN-Shorts-id_00002394-04_1_front.jpg,deepfashion,The female wears a tank tank shirt with pure color patterns and three-point shorts. The tank shirt is with cotton fabric and it has a suspenders neckl,Cotton,caption_keyword,0.7,NOISY
C:\Users\sama\OneDrive\Desktop\naishtex\Textile\Backend\data\processed\material_deepfashion\Cotton\WOMEN-Tees_Tanks-id_00005561-01_3_back.jpg,deepfashion,"The upper clothing has long sleeves, cotton fabric and stripe patterns. The person has neckwear. There is a ring on her finger.",Cotton,caption_keyword,0.7,NOISY
C:\Users\sama\OneDrive\Desktop\naishtex\Textile\Backend\data\processed\material_deepfashion\Cotton\WOMEN-Rompers_Jumpsuits-id_00007597-01_7_additional.jpg,deepfashion,"The tank shirt the lady wears has no sleeves, its fabric is cotton, and it has pure color patterns. There is an accessory on her wrist.",Cotton,caption_keyword,0.7,NOISY
C:\Users\sama\OneDrive\Desktop\naishtex\Textile\Backend\data\processed\material_deepfashion\Cotton\MEN-Denim-id_00000265-01_7_additional.jpg,deepfashion,This gentleman wears a short-sleeve T-shirt with pure color patterns and medium shorts. The T-shirt is with cotton fabric. The shorts are with cotton ,Cotton,caption_keyword,0.7,NOISY
C:\Users\sama\OneDrive\Desktop\naishtex\Textile\Backend\data\processed\material_deepfashion\Cotton\WOMEN-Sweaters-id_00003733-02_3_back.jpg,deepfashion,This lady wears a long-sleeve shirt with mixed patterns and a three-quarter trousers. The shirt is with other fabric. The trousers are with other fabr,Cotton,caption_keyword,0.7,NOISY
C:\Users\sama\OneDrive\Desktop\naishtex\Textile\Backend\data\processed\material_deepfashion\Cotton\WOMEN-Dresses-id_00003784-06_7_additional.jpg,deepfashion,The lady wears a tank tank shirt with solid color patterns. The tank shirt is with cotton fabric. The lady wears a three-point shorts. The shorts are ,Cotton,caption_keyword,0.7,NOISY
C:\Users\sama\OneDrive\Desktop\naishtex\Textile\Backend\data\processed\material_deepfashion\Cotton\WOMEN-Pants-id_00006341-01_1_front.jpg,deepfashion,The lady is wearing a tank tank top with graphic patterns and a long trousers. The tank top is with cotton fabric. The neckline of the tank top is cre,Cotton,caption_keyword,0.7,NOISY
C:\Users\sama\OneDrive\Desktop\naishtex\Textile\Backend\data\processed\material_deepfashion\Cotton\MEN-Shirts_Polos-id_00001723-04_1_front.jpg,deepfashion,The guy wears a short-sleeve T-shirt with graphic patterns. The T-shirt is with cotton fabric and it has a lapel neckline.,Cotton,caption_keyword,0.7,NOISY
C:\Users\sama\OneDrive\Desktop\naishtex\Textile\Backend\data\processed\material_deepfashion\Cotton\MEN-Tees_Tanks-id_00005056-01_3_back.jpg,deepfashion,The shirt the person wears has short sleeves and it is with cotton fabric and graphic patterns.,Cotton,caption_keyword,0.7,NOISY
C:\Users\sama\OneDrive\Desktop\naishtex\Textile\Backend\data\processed\material_deepfashion\Cotton\WOMEN-Dresses-id_00005768-15_7_additional.jpg,deepfashion,"Her shirt has long sleeves, cotton fabric and solid color patterns. The neckline of it is crew. The pants the female wears is of three-point length. T",Cotton,caption_keyword,0.7,NOISY
C:\Users\sama\OneDrive\Desktop\naishtex\Textile\Backend\data\processed\material_deepfashion\Cotton\WOMEN-Tees_Tanks-id_00007664-10_1_front.jpg,deepfashion,This lady wears a sleeveless tank shirt with solid color patterns. The tank shirt is with cotton fabric. The neckline of the tank shirt is suspenders.,Cotton,caption_keyword,0.7,NOISY
C:\Users\sama\OneDrive\Desktop\naishtex\Textile\Backend\data\processed\material_deepfashion\Cotton\WOMEN-Tees_Tanks-id_00006707-09_7_additional.jpg,deepfashion,"Her tank top has no sleeves, cotton fabric and pure color patterns. The lady is wearing a ring on her finger. The person has neckwear.",Cotton,caption_keyword,0.7,NOISY
C:\Users\sama\OneDrive\Desktop\naishtex\Textile\Backend\data\processed\material_deepfashion\Cotton\WOMEN-Dresses-id_00002956-02_3_back.jpg,deepfashion,This lady is wearing a sleeveless tank shirt with graphic patterns. The tank shirt is with cotton fabric. This lady wears a three-point pants. The pan,Cotton,caption_keyword,0.7,NOISY
C:\Users\sama\OneDrive\Desktop\naishtex\Textile\Backend\data\processed\material_deepfashion\Cotton\WOMEN-Cardigans-id_00002121-10_1_front.jpg,deepfashion,"The shirt this female wears has long sleeves, its fabric is cotton, and it has solid color patterns. The shirt has a suspenders neckline. The outer cl",Cotton,caption_keyword,0.7,NOISY
C:\Users\sama\OneDrive\Desktop\naishtex\Textile\Backend\data\processed\material_deepfashion\Cotton\MEN-Sweatshirts_Hoodies-id_00004332-02_3_back.jpg,deepfashion,"His shirt has long sleeves, cotton fabric and solid color patterns.",Cotton,caption_keyword,0.7,NOISY
C:\Users\sama\OneDrive\Desktop\naishtex\Textile\Backend\data\processed\material_deepfashion\Cotton\WOMEN-Cardigans-id_00002121-48_2_side.jpg,deepfashion,"Her shirt has long sleeves, cotton fabric and pure color patterns.",Cotton,caption_keyword,0.7,NOISY
C:\Users\sama\OneDrive\Desktop\naishtex\Textile\Backend\data\processed\material_deepfashion\Cotton\WOMEN-Skirts-id_00003782-09_1_front.jpg,deepfashion,"The upper clothing has no sleeves, cotton fabric and solid color patterns. The lower clothing is of three-quarter length. The fabric is cotton and it ",Cotton,caption_keyword,0.7,NOISY
C:\Users\sama\OneDrive\Desktop\naishtex\Textile\Backend\data\processed\material_deepfashion\Cotton\MEN-Tees_Tanks-id_00001571-05_1_front.jpg,deepfashion,"The T-shirt this man wears has short sleeves, its fabric is cotton, and it has pure color patterns. The T-shirt has a v-shape neckline. There is an ac",Cotton,caption_keyword,0.7,NOISY
C:\Users\sama\OneDrive\Desktop\naishtex\Textile\Backend\data\processed\material_deepfashion\Cotton\MEN-Tees_Tanks-id_00002249-13_1_front.jpg,deepfashion,"The upper clothing has long sleeves, cotton fabric and solid color patterns. It has a crew neckline.",Cotton,caption_keyword,0.7,NOISY
C:\Users\sama\OneDrive\Desktop\naishtex\Textile\Backend\data\processed\material_deepfashion\Cotton\WOMEN-Tees_Tanks-id_00003755-10_1_front.jpg,deepfashion,This woman wears a long-sleeve sweater with solid color patterns. The sweater is with cotton fabric and its neckline is round. There is a ring on her ,Cotton,caption_keyword,0.7,NOISY
C:\Users\sama\OneDrive\Desktop\naishtex\Textile\Backend\data\processed\material_deepfashion\Cotton\WOMEN-Pants-id_00004754-05_1_front.jpg,deepfashion,"Her sweater has long sleeves, cotton fabric and solid color patterns. The neckline of it is crew. This woman wears a long trousers. The trousers are w",Cotton,caption_keyword,0.7,NOISY
C:\Users\sama\OneDrive\Desktop\naishtex\Textile\Backend\data\processed\material_deepfashion\Cotton\WOMEN-Tees_Tanks-id_00006966-02_4_full.jpg,deepfashion,"The upper clothing has sleeves cut off, cotton fabric and pure color patterns. It has a round neckline. The lower clothing is of long length. The fabr",Cotton,caption_keyword,0.7,NOISY
C:\Users\sama\OneDrive\Desktop\naishtex\Textile\Backend\data\processed\material_deepfashion\Cotton\MEN-Tees_Tanks-id_00000185-01_4_full.jpg,deepfashion,The gentleman is wearing a short-sleeve T-shirt with graphic patterns. The T-shirt is with cotton fabric and its neckline is round. The trousers the g,Cotton,caption_keyword,0.7,NOISY
C:\Users\sama\OneDrive\Desktop\naishtex\Textile\Backend\data\processed\material_deepfashion\Cotton\WOMEN-Tees_Tanks-id_00004925-05_2_side.jpg,deepfashion,"Her shirt has short sleeves, cotton fabric and solid color patterns. The neckline of it is crew. There is an accessory in his her neck. There is a rin",Cotton,caption_keyword,0.7,NOISY
C:\Users\sama\OneDrive\Desktop\naishtex\Textile\Backend\data\processed\material_deepfashion\Cotton\WOMEN-Rompers_Jumpsuits-id_00007945-04_1_front.jpg,deepfashion,This female wears a sleeveless tank shirt with graphic patterns. The tank shirt is with cotton fabric. It has a v-shape neckline. The pants this femal,Cotton,caption_keyword,0.7,NOISY
C:\Users\sama\OneDrive\Desktop\naishtex\Textile\Backend\data\processed\material_deepfashion\Cotton\WOMEN-Tees_Tanks-id_00005085-15_4_full.jpg,deepfashion,The female wears a sleeveless tank shirt with pure color patterns. The tank shirt is with cotton fabric. It has a suspenders neckline. The female wear,Cotton,caption_keyword,0.7,NOISY
C:\Users\sama\OneDrive\Desktop\naishtex\Textile\Backend\data\processed\material_deepfashion\Cotton\MEN-Tees_Tanks-id_00007125-04_4_full.jpg,deepfashion,This gentleman wears a short-sleeve shirt with solid color patterns and a long trousers. The shirt is with cotton fabric and its neckline is v-shape. ,Cotton,caption_keyword,0.7,NOISY
C:\Users\sama\OneDrive\Desktop\naishtex\Textile\Backend\data\processed\material_deepfashion\Cotton\MEN-Tees_Tanks-id_00007301-05_7_additional.jpg,deepfashion,This gentleman wears a short-sleeve shirt with pure color patterns. The shirt is with cotton fabric. It has a round neckline. There is an accessory on,Cotton,caption_keyword,0.7,NOISY
C:\Users\sama\OneDrive\Desktop\naishtex\Textile\Backend\data\processed\material_deepfashion\Cotton\WOMEN-Tees_Tanks-id_00001268-02_3_back.jpg,deepfashion,The lady is wearing a medium-sleeve shirt with stripe patterns. The shirt is with cotton fabric.,Cotton,caption_keyword,0.7,NOISY
C:\Users\sama\OneDrive\Desktop\naishtex\Textile\Backend\data\processed\material_deepfashion\Cotton\WOMEN-Jackets_Coats-id_00007623-01_2_side.jpg,deepfashion,This person wears a long-sleeve sweater with other patterns. The sweater is with cotton fabric. There is a belt on her waist.,Cotton,caption_keyword,0.7,NOISY
C:\Users\sama\OneDrive\Desktop\naishtex\Textile\Backend\data\processed\material_deepfashion\Cotton\WOMEN-Shorts-id_00005440-01_4_full.jpg,deepfashion,The tank shirt this person wears has sleeves cut off and its fabric is cotton. The pattern of it is pure color. It has a crew neckline. This person we,Cotton,caption_keyword,0.7,NOISY
C:\Users\sama\OneDrive\Desktop\naishtex\Textile\Backend\data\processed\material_deepfashion\Cotton\WOMEN-Blouses_Shirts-id_00002333-04_3_back.jpg,deepfashion,"Her sweater has long sleeves, cotton fabric and pure color patterns. The person wears a three-point pants. The pants are with cotton fabric and floral",Cotton,caption_keyword,0.7,NOISY
C:\Users\sama\OneDrive\Desktop\naishtex\Textile\Backend\data\processed\material_deepfashion\Cotton\WOMEN-Dresses-id_00000523-01_1_front.jpg,deepfashion,This woman is wearing a short-sleeve shirt with striped patterns. The shirt is with cotton fabric. It has a crew neckline. The shorts this woman wears,Cotton,caption_keyword,0.7,NOISY
C:\Users\sama\OneDrive\Desktop\naishtex\Textile\Backend\data\processed\material_deepfashion\Cotton\WOMEN-Rompers_Jumpsuits-id_00007134-01_1_front.jpg,deepfashion,"The sweater this lady wears has long sleeves, its fabric is cotton, and it has graphic patterns. The sweater has a crew neckline. This lady wears a th",Cotton,caption_keyword,0.7,NOISY
C:\Users\sama\OneDrive\Desktop\naishtex\Textile\Backend\data\processed\material_deepfashion\Cotton\WOMEN-Sweaters-id_00005106-03_3_back.jpg,deepfashion,"The upper clothing has long sleeves, cotton fabric and solid color patterns. There is an accessory on her wrist. There is a ring on her finger.",Cotton,caption_keyword,0.7,NOISY
C:\Users\sama\OneDrive\Desktop\naishtex\Textile\Backend\data\processed\material_deepfashion\Cotton\WOMEN-Graphic_Tees-id_00002180-01_2_side.jpg,deepfashion,This female wears a short-sleeve shirt with graphic patterns. The shirt is with cotton fabric. This female wears a ring. There is an accessory in his ,Cotton,caption_keyword,0.7,NOISY
C:\Users\sama\OneDrive\Desktop\naishtex\Textile\Backend\data\processed\material_deepfashion\Cotton\WOMEN-Blouses_Shirts-id_00005863-01_7_additional.jpg,deepfashion,The person wears a tank tank top with lattice patterns. The tank top is with cotton fabric and its neckline is lapel.,Cotton,caption_keyword,0.7,NOISY
C:\Users\sama\OneDrive\Desktop\naishtex\Textile\Backend\data\processed\material_deepfashion\Cotton\WOMEN-Shorts-id_00002355-02_4_full.jpg,deepfashion,"Her shirt has long sleeves, cotton fabric and solid color patterns. It has a round neckline. The lady wears a three-point shorts. The shorts are with ",Cotton,caption_keyword,0.7,NOISY
C:\Users\sama\OneDrive\Desktop\naishtex\Textile\Backend\data\processed\material_deepfashion\Cotton\WOMEN-Tees_Tanks-id_00004675-07_2_side.jpg,deepfashion,The lady wears a sleeveless tank shirt with graphic patterns. The tank shirt is with cotton fabric. The neckline of the tank shirt is suspenders. The ,Cotton,caption_keyword,0.7,NOISY
C:\Users\sama\OneDrive\Desktop\naishtex\Textile\Backend\data\processed\material_deepfashion\Cotton\WOMEN-Tees_Tanks-id_00003687-23_3_back.jpg,deepfashion,The tank top this lady wears has sleeves cut off and it is with cotton fabric and pure color patterns.,Cotton,caption_keyword,0.7,NOISY
C:\Users\sama\OneDrive\Desktop\naishtex\Textile\Backend\data\processed\material_deepfashion\Cotton\WOMEN-Tees_Tanks-id_00002210-01_1_front.jpg,deepfashion,This female wears a short-sleeve shirt with graphic patterns and a three-point pants. The shirt is with cotton fabric. The neckline of the shirt is ro,Cotton,caption_keyword,0.7,NOISY
C:\Users\sama\OneDrive\Desktop\naishtex\Textile\Backend\data\processed\material_deepfashion\Cotton\WOMEN-Blouses_Shirts-id_00005007-04_4_full.jpg,deepfashion,The person is wearing a long-sleeve shirt with graphic patterns. The shirt is with cotton fabric and its neckline is crew. The shorts the person wears,Cotton,caption_keyword,0.7,NOISY
C:\Users\sama\OneDrive\Desktop\naishtex\Textile\Backend\data\processed\material_deepfashion\Cotton\WOMEN-Tees_Tanks-id_00003261-02_1_front.jpg,deepfashion,"Her shirt has short sleeves, cotton fabric and striped patterns. The neckline of it is round. The pants the lady wears is of three-point length. The p",Cotton,caption_keyword,0.7,NOISY
C:\Users\sama\OneDrive\Desktop\naishtex\Textile\Backend\data\processed\material_deepfashion\Cotton\WOMEN-Dresses-id_00003171-02_3_back.jpg,deepfashion,This female wears a sleeveless tank top with solid color patterns. The tank top is with cotton fabric. This female wears a three-point pants. The pant,Cotton,caption_keyword,0.7,NOISY
C:\Users\sama\OneDrive\Desktop\naishtex\Textile\Backend\data\processed\material_deepfashion\Cotton\WOMEN-Dresses-id_00007215-02_1_front.jpg,deepfashion,This woman is wearing a sleeveless tank shirt with other patterns and a three-point pants. The tank shirt is with cotton fabric and its neckline is v-,Cotton,caption_keyword,0.7,NOISY
C:\Users\sama\OneDrive\Desktop\naishtex\Textile\Backend\data\processed\material_deepfashion\Cotton\WOMEN-Tees_Tanks-id_00001668-01_3_back.jpg,deepfashion,"The upper clothing has no sleeves, cotton fabric and pure color patterns.",Cotton,caption_keyword,0.7,NOISY
C:\Users\sama\OneDrive\Desktop\naishtex\Textile\Backend\data\processed\material_deepfashion\Cotton\WOMEN-Dresses-id_00006068-04_1_front.jpg,deepfashion,This lady is wearing a sleeveless tank shirt with solid color patterns. The tank shirt is with cotton fabric and its neckline is crew. This lady wears,Cotton,caption_keyword,0.7,NOISY
C:\Users\sama\OneDrive\Desktop\naishtex\Textile\Backend\data\processed\material_deepfashion\Cotton\WOMEN-Jackets_Coats-id_00000153-02_2_side.jpg,deepfashion,This lady wears a long-sleeve sweater with solid color patterns. The sweater is with cotton fabric. The outer clothing is with furry fabric and solid ,Cotton,caption_keyword,0.7,NOISY
C:\Users\sama\OneDrive\Desktop\naishtex\Textile\Backend\data\processed\material_deepfashion\Cotton\WOMEN-Rompers_Jumpsuits-id_00004937-02_1_front.jpg,deepfashion,This person wears a sleeveless tank shirt with graphic patterns. The tank shirt is with cotton fabric. It has a suspenders neckline. This person wears,Cotton,caption_keyword,0.7,NOISY
C:\Users\sama\OneDrive\Desktop\naishtex\Textile\Backend\data\processed\material_deepfashion\Cotton\WOMEN-Jackets_Coats-id_00003201-01_4_full.jpg,deepfashion,The female is wearing a long-sleeve shirt with other patterns. The shirt is with mixed fabric. It has a lapel neckline. The female wears a long pants.,Cotton,caption_keyword,0.7,NOISY
C:\Users\sama\OneDrive\Desktop\naishtex\Textile\Backend\data\processed\material_deepfashion\Cotton\MEN-Tees_Tanks-id_00006208-08_2_side.jpg,deepfashion,"His tank top has no sleeves, cotton fabric and pure color patterns. The neckline of it is round.",Cotton,caption_keyword,0.7,NOISY
C:\Users\sama\OneDrive\Desktop\naishtex\Textile\Backend\data\processed\material_deepfashion\Cotton\WOMEN-Cardigans-id_00003939-01_1_front.jpg,deepfashion,"The upper clothing has no sleeves, cotton fabric and pure color patterns. The outer clothing is with knitting fabric and pure color patterns. This wom",Cotton,caption_keyword,0.7,NOISY
C:\Users\sama\OneDrive\Desktop\naishtex\Textile\Backend\data\processed\material_deepfashion\Cotton\WOMEN-Blouses_Shirts-id_00007203-02_2_side.jpg,deepfashion,This person wears a long-sleeve sweater with solid color patterns. The sweater is with cotton fabric. The neckline of the sweater is lapel.,Cotton,caption_keyword,0.7,NOISY
C:\Users\sama\OneDrive\Desktop\naishtex\Textile\Backend\data\processed\material_deepfashion\Cotton\MEN-Sweatshirts_Hoodies-id_00006251-01_7_additional.jpg,deepfashion,This gentleman wears a long-sleeve sweater with solid color patterns. The sweater is with cotton fabric. It has a crew neckline. The outer clothing th,Cotton,caption_keyword,0.7,NOISY
C:\Users\sama\OneDrive\Desktop\naishtex\Textile\Backend\data\processed\material_deepfashion\Cotton\WOMEN-Dresses-id_00004577-02_4_full.jpg,deepfashion,The lady wears a sleeveless tank shirt with graphic patterns. The tank shirt is with cotton fabric. It has a crew neckline. The shorts the lady wears ,Cotton,caption_keyword,0.7,NOISY
C:\Users\sama\OneDrive\Desktop\naishtex\Textile\Backend\data\processed\material_deepfashion\Cotton\MEN-Shirts_Polos-id_00002313-03_2_side.jpg,deepfashion,The guy wears a long-sleeve shirt with graphic patterns. The shirt is with cotton fabric and its neckline is lapel.,Cotton,caption_keyword,0.7,NOISY
C:\Users\sama\OneDrive\Desktop\naishtex\Textile\Backend\data\processed\material_deepfashion\Cotton\WOMEN-Sweaters-id_00001626-01_1_front.jpg,deepfashion,The lady is wearing a long-sleeve shirt with graphic patterns. The shirt is with knitting fabric. It has a stand neckline. The lady wears a three-poin,Cotton,caption_keyword,0.7,NOISY
C:\Users\sama\OneDrive\Desktop\naishtex\Textile\Backend\data\processed\material_deepfashion\Cotton\WOMEN-Shorts-id_00006433-14_4_full.jpg,deepfashion,This person is wearing a sleeveless tank shirt with solid color patterns and a three-point pants. The tank shirt is with cotton fabric and its necklin,Cotton,caption_keyword,0.7,NOISY
C:\Users\sama\OneDrive\Desktop\naishtex\Textile\Backend\data\processed\material_deepfashion\Cotton\WOMEN-Blouses_Shirts-id_00007736-04_1_front.jpg,deepfashion,This person wears a tank tank shirt with graphic patterns. The tank shirt is with cotton fabric and its neckline is suspenders. The female wears a rin,Cotton,caption_keyword,0.7,NOISY
C:\Users\sama\OneDrive\Desktop\naishtex\Textile\Backend\data\processed\material_deepfashion\Cotton\WOMEN-Sweaters-id_00001635-04_7_additional.jpg,deepfashion,The person is wearing a long-sleeve sweater with solid color patterns. The sweater is with cotton fabric. It has a lapel neckline. The person wears a ,Cotton,caption_keyword,0.7,NOISY
C:\Users\sama\OneDrive\Desktop\naishtex\Textile\Backend\data\processed\material_deepfashion\Cotton\WOMEN-Blouses_Shirts-id_00006774-02_4_full.jpg,deepfashion,"Her shirt has short sleeves, cotton fabric and graphic patterns. It has a crew neckline. The female wears a three-point pants. The pants are with cott",Cotton,caption_keyword,0.7,NOISY
C:\Users\sama\OneDrive\Desktop\naishtex\Textile\Backend\data\processed\material_deepfashion\Cotton\MEN-Jackets_Vests-id_00006912-06_3_back.jpg,deepfashion,"The sweater this guy wears has long sleeves and its fabric is mixed. The pattern of it is other. The gentleman also wears an outer clothing, with cott",Cotton,caption_keyword,0.7,NOISY
C:\Users\sama\OneDrive\Desktop\naishtex\Textile\Backend\data\processed\material_deepfashion\Cotton\MEN-Tees_Tanks-id_00000390-15_4_full.jpg,deepfashion,"The sweater this person wears has long sleeves, its fabric is cotton, and it has color block patterns. The sweater has a round neckline.",Cotton,caption_keyword,0.7,NOISY
C:\Users\sama\OneDrive\Desktop\naishtex\Textile\Backend\data\processed\material_deepfashion\Cotton\WOMEN-Tees_Tanks-id_00002957-03_7_additional.jpg,deepfashion,The shirt this female wears has medium sleeves and its fabric is cotton. The pattern of it is stripe. It has a crew neckline.,Cotton,caption_keyword,0.7,NOISY
C:\Users\sama\OneDrive\Desktop\naishtex\Textile\Backend\data\processed\material_deepfashion\Cotton\WOMEN-Sweatshirts_Hoodies-id_00005706-03_2_side.jpg,deepfashion,This woman wears a long-sleeve shirt with graphic patterns. The shirt is with cotton fabric. The neckline of the shirt is round.,Cotton,caption_keyword,0.7,NOISY
C:\Users\sama\OneDrive\Desktop\naishtex\Textile\Backend\data\processed\material_deepfashion\Cotton\MEN-Sweatshirts_Hoodies-id_00004649-05_4_full.jpg,deepfashion,The person wears a long-sleeve shirt with solid color patterns and long trousers. The shirt is with cotton fabric and it has a crew neckline. The trou,Cotton,caption_keyword,0.7,NOISY
C:\Users\sama\OneDrive\Desktop\naishtex\Textile\Backend\data\processed\material_deepfashion\Cotton\WOMEN-Blouses_Shirts-id_00007612-02_3_back.jpg,deepfashion,The shirt this woman wears has long sleeves and its fabric is other. The pattern of it is other. The outer clothing this lady wears is with cotton fab,Cotton,caption_keyword,0.7,NOISY
C:\Users\sama\OneDrive\Desktop\naishtex\Textile\Backend\data\processed\material_deepfashion\Cotton\MEN-Sweatshirts_Hoodies-id_00007804-12_7_additional.jpg,deepfashion,The gentleman is wearing a long-sleeve sweater with solid color patterns. The sweater is with cotton fabric and its neckline is round. The gentleman w,Cotton,caption_keyword,0.7,NOISY
C:\Users\sama\OneDrive\Desktop\naishtex\Textile\Backend\data\processed\material_deepfashion\Cotton\MEN-Shorts-id_00000697-05_1_front.jpg,deepfashion,"His shirt has short sleeves, cotton fabric and solid color patterns. The neckline of it is crew. The shorts the gentleman wears is of three-point leng",Cotton,caption_keyword,0.7,NOISY
C:\Users\sama\OneDrive\Desktop\naishtex\Textile\Backend\data\processed\material_deepfashion\Cotton\WOMEN-Dresses-id_00004093-02_1_front.jpg,deepfashion,The tank top the lady wears has no sleeves and it is with cotton fabric and floral patterns. The neckline of the tank top is round. The lady wears a t,Cotton,caption_keyword,0.7,NOISY
C:\Users\sama\OneDrive\Desktop\naishtex\Textile\Backend\data\processed\material_deepfashion\Cotton\MEN-Tees_Tanks-id_00000390-14_2_side.jpg,deepfashion,"The upper clothing has long sleeves, cotton fabric and color block patterns. The neckline of it is round.",Cotton,caption_keyword,0.7,NOISY
C:\Users\sama\OneDrive\Desktop\naishtex\Textile\Backend\data\processed\material_deepfashion\Cotton\WOMEN-Rompers_Jumpsuits-id_00004368-03_1_front.jpg,deepfashion,"The upper clothing has long sleeves, cotton fabric and graphic patterns. The neckline of it is crew. The lower clothing is of three-point length. The ",Cotton,caption_keyword,0.7,NOISY
C:\Users\sama\OneDrive\Desktop\naishtex\Textile\Backend\data\processed\material_deepfashion\Cotton\WOMEN-Cardigans-id_00001811-01_1_front.jpg,deepfashion,The female is wearing a long-sleeve sweater with stripe patterns. The sweater is with cotton fabric. It has a round neckline. The outer clothing is wi,Cotton,caption_keyword,0.7,NOISY
C:\Users\sama\OneDrive\Desktop\naishtex\Textile\Backend\data\processed\material_deepfashion\Cotton\WOMEN-Dresses-id_00001302-07_2_side.jpg,deepfashion,"Her tank top has sleeves cut off, cotton fabric and color block patterns. It has a v-shape neckline. The pants the female wears is of three-point leng",Cotton,caption_keyword,0.7,NOISY
C:\Users\sama\OneDrive\Desktop\naishtex\Textile\Backend\data\processed\material_deepfashion\Cotton\WOMEN-Tees_Tanks-id_00001614-04_3_back.jpg,deepfashion,The shirt the lady wears has short sleeves and its fabric is cotton. The pattern of it is solid color. This person is wearing a ring on her finger. Th,Cotton,caption_keyword,0.7,NOISY
C:\Users\sama\OneDrive\Desktop\naishtex\Textile\Backend\data\processed\material_deepfashion\Cotton\WOMEN-Pants-id_00004271-03_4_full.jpg,deepfashion,This lady wears a long-sleeve shirt with solid color patterns. The shirt is with knitting fabric. It has a crew neckline. This lady wears a long trous,Cotton,caption_keyword,0.7,NOISY
C:\Users\sama\OneDrive\Desktop\naishtex\Textile\Backend\data\processed\material_deepfashion\Cotton\WOMEN-Blouses_Shirts-id_00006107-02_1_front.jpg,deepfashion,"Her shirt has long sleeves, cotton fabric and graphic patterns. The neckline of it is crew. This female wears a ring. There is an accessory on her wri",Cotton,caption_keyword,0.7,NOISY
C:\Users\sama\OneDrive\Desktop\naishtex\Textile\Backend\data\processed\material_deepfashion\Cotton\WOMEN-Shorts-id_00002352-02_4_full.jpg,deepfashion,This lady is wearing a sleeveless tank shirt with floral patterns and a three-point pants. The tank shirt is with cotton fabric. The neckline of the t,Cotton,caption_keyword,0.7,NOISY
C:\Users\sama\OneDrive\Desktop\naishtex\Textile\Backend\data\processed\material_deepfashion\Cotton\MEN-Tees_Tanks-id_00007723-10_2_side.jpg,deepfashion,This guy wears a long-sleeve shirt with pure color patterns. The shirt is with cotton fabric. The neckline of the shirt is crew. There is a hat in his,Cotton,caption_keyword,0.7,NOISY
C:\Users\sama\OneDrive\Desktop\naishtex\Textile\Backend\data\processed\material_deepfashion\Cotton\WOMEN-Tees_Tanks-id_00003523-21_1_front.jpg,deepfashion,"Her T-shirt has short sleeves, cotton fabric and solid color patterns. The neckline of it is v-shape.",Cotton,caption_keyword,0.7,NOISY
C:\Users\sama\OneDrive\Desktop\naishtex\Textile\Backend\data\processed\material_deepfashion\Cotton\WOMEN-Skirts-id_00004896-01_1_front.jpg,deepfashion,The tank shirt this female wears has no sleeves and it is with cotton fabric and solid color patterns. The neckline of the tank shirt is suspenders. T,Cotton,caption_keyword,0.7,NOISY
C:\Users\sama\OneDrive\Desktop\naishtex\Textile\Backend\data\processed\material_deepfashion\Cotton\WOMEN-Skirts-id_00006449-03_4_full.jpg,deepfashion,"Her tank shirt has sleeves cut off, cotton fabric and solid color patterns. It has a round neckline. This person wears a three-point skirt. The skirt ",Cotton,caption_keyword,0.7,NOISY
C:\Users\sama\OneDrive\Desktop\naishtex\Textile\Backend\data\processed\material_deepfashion\Cotton\WOMEN-Jackets_Coats-id_00007118-01_2_side.jpg,deepfashion,The sweater this woman wears has long sleeves and it is with cotton fabric and solid color patterns. This female wears a hat.,Cotton,caption_keyword,0.7,NOISY
C:\Users\sama\OneDrive\Desktop\naishtex\Textile\Backend\data\processed\material_deepfashion\Cotton\WOMEN-Cardigans-id_00002613-03_7_additional.jpg,deepfashion,"Her sweater has long sleeves, cotton fabric and pure color patterns. It has a lapel neckline. The outer clothing is with knitting fabric and pure colo",Cotton,caption_keyword,0.7,NOISY
C:\Users\sama\OneDrive\Desktop\naishtex\Textile\Backend\data\processed\material_deepfashion\Cotton\WOMEN-Tees_Tanks-id_00005867-04_1_front.jpg,deepfashion,"The upper clothing has short sleeves, cotton fabric and solid color patterns. The neckline of it is crew. This person is wearing a ring on her finger.",Cotton,caption_keyword,0.7,NOISY
C:\Users\sama\OneDrive\Desktop\naishtex\Textile\Backend\data\processed\material_deepfashion\Cotton\WOMEN-Jackets_Coats-id_00007186-03_2_side.jpg,deepfashion,The person wears a long-sleeve sweater with pure color patterns. The sweater is with cotton fabric. It has a lapel neckline. This woman is wearing a r,Cotton,caption_keyword,0.7,NOISY
C:\Users\sama\OneDrive\Desktop\naishtex\Textile\Backend\data\processed\material_deepfashion\Cotton\WOMEN-Tees_Tanks-id_00006738-03_3_back.jpg,deepfashion,"Her tank top has sleeves cut off, cotton fabric and other patterns.",Cotton,caption_keyword,0.7,NOISY
C:\Users\sama\OneDrive\Desktop\naishtex\Textile\Backend\data\processed\material_deepfashion\Cotton\WOMEN-Dresses-id_00007745-04_4_full.jpg,deepfashion,The female is wearing a sleeveless tank top with floral patterns. The tank top is with cotton fabric. It has a round neckline. The pants the female we,Cotton,caption_keyword,0.7,NOISY
C:\Users\sama\OneDrive\Desktop\naishtex\Textile\Backend\data\processed\material_deepfashion\Cotton\WOMEN-Blouses_Shirts-id_00004189-05_1_front.jpg,deepfashion,"Her tank top has sleeves cut off, chiffon fabric and graphic patterns. The neckline of it is suspenders. The shorts this woman wears is of three-point",Cotton,caption_keyword,0.7,NOISY
C:\Users\sama\OneDrive\Desktop\naishtex\Textile\Backend\data\processed\material_deepfashion\Cotton\MEN-Tees_Tanks-id_00003228-29_2_side.jpg,deepfashion,The shirt this man wears has short sleeves and it is with cotton fabric and pure color patterns. The neckline of the shirt is crew.,Cotton,caption_keyword,0.7,NOISY
C:\Users\sama\OneDrive\Desktop\naishtex\Textile\Backend\data\processed\material_deepfashion\Cotton\MEN-Tees_Tanks-id_00003470-07_3_back.jpg,deepfashion,"His tank top has sleeves cut off, cotton fabric and pure color patterns. There is an accessory on his wrist.",Cotton,caption_keyword,0.7,NOISY
C:\Users\sama\OneDrive\Desktop\naishtex\Textile\Backend\data\processed\material_deepfashion\Cotton\WOMEN-Tees_Tanks-id_00001220-01_3_back.jpg,deepfashion,This lady is wearing a medium-sleeve shirt with color block patterns. The shirt is with cotton fabric.,Cotton,caption_keyword,0.7,NOISY
C:\Users\sama\OneDrive\Desktop\naishtex\Textile\Backend\data\processed\material_deepfashion\Cotton\WOMEN-Graphic_Tees-id_00004678-01_4_full.jpg,deepfashion,This lady is wearing a short-sleeve T-shirt with solid color patterns. The T-shirt is with cotton fabric and its neckline is round. The trousers this ,Cotton,caption_keyword,0.7,NOISY
C:\Users\sama\OneDrive\Desktop\naishtex\Textile\Backend\data\processed\material_deepfashion\Cotton\WOMEN-Dresses-id_00005448-07_2_side.jpg,deepfashion,"Her shirt has long sleeves, cotton fabric and graphic patterns. The neckline of it is round. The shorts the lady wears is of three-point length. The s",Cotton,caption_keyword,0.7,NOISY
C:\Users\sama\OneDrive\Desktop\naishtex\Textile\Backend\data\processed\material_deepfashion\Cotton\WOMEN-Graphic_Tees-id_00002347-03_3_back.jpg,deepfashion,"The T-shirt the female wears has short sleeves, its fabric is cotton, and it has solid color patterns. There is an accessory on her wrist. This lady i",Cotton,caption_keyword,0.7,NOISY
C:\Users\sama\OneDrive\Desktop\naishtex\Textile\Backend\data\processed\material_deepfashion\Cotton\WOMEN-Dresses-id_00007856-03_7_additional.jpg,deepfashion,"Her shirt has medium sleeves, cotton fabric and floral patterns. It has a crew neckline. The female wears a three-point pants. The pants are with cott",Cotton,caption_keyword,0.7,NOISY
C:\Users\sama\OneDrive\Desktop\naishtex\Textile\Backend\data\processed\material_deepfashion\Cotton\WOMEN-Jackets_Coats-id_00005842-02_2_side.jpg,deepfashion,The lady is wearing a long-sleeve sweater with pure color patterns. The sweater is with leather fabric. The lady wears a three-point pants. The pants ,Cotton,caption_keyword,0.7,NOISY
C:\Users\sama\OneDrive\Desktop\naishtex\Textile\Backend\data\processed\material_deepfashion\Cotton\WOMEN-Tees_Tanks-id_00003687-12_4_full.jpg,deepfashion,"The upper clothing has sleeves cut off, cotton fabric and solid color patterns. The neckline of it is suspenders. The lower clothing is of long length",Cotton,caption_keyword,0.7,NOISY
C:\Users\sama\OneDrive\Desktop\naishtex\Textile\Backend\data\processed\material_deepfashion\Cotton\MEN-Sweatshirts_Hoodies-id_00002209-02_2_side.jpg,deepfashion,"The upper clothing has long sleeves, cotton fabric and pure color patterns. It has a round neckline.",Cotton,caption_keyword,0.7,NOISY
C:\Users\sama\OneDrive\Desktop\naishtex\Textile\Backend\data\processed\material_deepfashion\Cotton\WOMEN-Tees_Tanks-id_00001764-03_2_side.jpg,deepfashion,"The upper clothing has short sleeves, cotton fabric and solid color patterns. It has a crew neckline.",Cotton,caption_keyword,0.7,NOISY
C:\Users\sama\OneDrive\Desktop\naishtex\Textile\Backend\data\processed\material_deepfashion\Cotton\WOMEN-Tees_Tanks-id_00000960-13_4_full.jpg,deepfashion,This person is wearing a tank tank shirt with pure color patterns. The tank shirt is with cotton fabric and its neckline is round. The pants this pers,Cotton,caption_keyword,0.7,NOISY
C:\Users\sama\OneDrive\Desktop\naishtex\Textile\Backend\data\processed\material_deepfashion\Cotton\WOMEN-Tees_Tanks-id_00000560-02_7_additional.jpg,deepfashion,This woman wears a long-sleeve sweater with striped patterns. The sweater is with cotton fabric. It has a crew neckline. This woman wears a three-poin,Cotton,caption_keyword,0.7,NOISY
C:\Users\sama\OneDrive\Desktop\naishtex\Textile\Backend\data\processed\material_deepfashion\Cotton\MEN-Tees_Tanks-id_00003476-05_3_back.jpg,deepfashion,"The upper clothing has medium sleeves, cotton fabric and striped patterns.",Cotton,caption_keyword,0.7,NOISY
C:\Users\sama\OneDrive\Desktop\naishtex\Textile\Backend\data\processed\material_deepfashion\Cotton\MEN-Sweatshirts_Hoodies-id_00005603-03_3_back.jpg,deepfashion,"The shirt this man wears has long sleeves, its fabric is cotton, and it has pure color patterns.",Cotton,caption_keyword,0.7,NOISY
C:\Users\sama\OneDrive\Desktop\naishtex\Textile\Backend\data\processed\material_deepfashion\Cotton\WOMEN-Dresses-id_00007477-02_1_front.jpg,deepfashion,The person is wearing a tank tank top with graphic patterns and a three-point pants. The tank top is with cotton fabric and its neckline is round. The,Cotton,caption_keyword,0.7,NOISY
C:\Users\sama\OneDrive\Desktop\naishtex\Textile\Backend\data\processed\material_deepfashion\Cotton\WOMEN-Tees_Tanks-id_00003672-05_2_side.jpg,deepfashion,"The shirt this female wears has short sleeves, its fabric is cotton, and it has solid color patterns. There is an accessory on her wrist. This lady ha",Cotton,caption_keyword,0.7,NOISY
C:\Users\sama\OneDrive\Desktop\naishtex\Textile\Backend\data\processed\material_deepfashion\Cotton\WOMEN-Dresses-id_00004651-05_2_side.jpg,deepfashion,This person is wearing a short-sleeve T-shirt with pure color patterns and a three-point pants. The T-shirt is with cotton fabric. The neckline of the,Cotton,caption_keyword,0.7,NOISY
C:\Users\sama\OneDrive\Desktop\naishtex\Textile\Backend\data\processed\material_deepfashion\Cotton\WOMEN-Tees_Tanks-id_00006562-01_2_side.jpg,deepfashion,The T-shirt this woman wears has short sleeves and its fabric is cotton. The pattern of it is graphic. This woman has a hat in her head. There is an a,Cotton,caption_keyword,0.7,NOISY
C:\Users\sama\OneDrive\Desktop\naishtex\Textile\Backend\data\processed\material_deepfashion\Cotton\MEN-Tees_Tanks-id_00004729-03_4_full.jpg,deepfashion,This person is wearing a short-sleeve shirt with solid color patterns and a long trousers. The shirt is with cotton fabric and its neckline is v-shape,Cotton,caption_keyword,0.7,NOISY
C:\Users\sama\OneDrive\Desktop\naishtex\Textile\Backend\data\processed\material_deepfashion\Cotton\WOMEN-Cardigans-id_00004497-03_4_full.jpg,deepfashion,"The upper clothing has long sleeves, cotton fabric and solid color patterns. It has a round neckline. The lower clothing is of three-point length. The",Cotton,caption_keyword,0.7,NOISY
C:\Users\sama\OneDrive\Desktop\naishtex\Textile\Backend\data\processed\material_deepfashion\Cotton\WOMEN-Blouses_Shirts-id_00004246-01_2_side.jpg,deepfashion,"The upper clothing has short sleeves, cotton fabric and graphic patterns. There is an accessory on her wrist. This female is wearing a ring on her fin",Cotton,caption_keyword,0.7,NOISY
C:\Users\sama\OneDrive\Desktop\naishtex\Textile\Backend\data\processed\material_deepfashion\Cotton\WOMEN-Blouses_Shirts-id_00004183-01_1_front.jpg,deepfashion,"The upper clothing has long sleeves, cotton fabric and graphic patterns. The neckline of it is v-shape. There is an accessory on her wrist. There is a",Cotton,caption_keyword,0.7,NOISY
C:\Users\sama\OneDrive\Desktop\naishtex\Textile\Backend\data\processed\material_deepfashion\Cotton\WOMEN-Shorts-id_00001404-01_4_full.jpg,deepfashion,The female is wearing a short-sleeve shirt with pure color patterns. The shirt is with cotton fabric. It has a crew neckline. The female wears a three,Cotton,caption_keyword,0.7,NOISY
C:\Users\sama\OneDrive\Desktop\naishtex\Textile\Backend\data\processed\material_deepfashion\Cotton\WOMEN-Jackets_Coats-id_00002440-03_2_side.jpg,deepfashion,This female is wearing a long-sleeve sweater with solid color patterns and a three-point shorts. The sweater is with cotton fabric and its neckline is,Cotton,caption_keyword,0.7,NOISY
C:\Users\sama\OneDrive\Desktop\naishtex\Textile\Backend\data\processed\material_deepfashion\Cotton\WOMEN-Blouses_Shirts-id_00000414-02_1_front.jpg,deepfashion,This person is wearing a sleeveless tank top with solid color patterns and a long trousers. The tank top is with chiffon fabric and its neckline is su,Cotton,caption_keyword,0.7,NOISY
C:\Users\sama\OneDrive\Desktop\naishtex\Textile\Backend\data\processed\material_deepfashion\Cotton\WOMEN-Graphic_Tees-id_00001888-01_1_front.jpg,deepfashion,This female wears a short-sleeve T-shirt with graphic patterns. The T-shirt is with cotton fabric. It has a crew neckline. This female wears a long tr,Cotton,caption_keyword,0.7,NOISY
C:\Users\sama\OneDrive\Desktop\naishtex\Textile\Backend\data\processed\material_deepfashion\Cotton\WOMEN-Blouses_Shirts-id_00003711-03_7_additional.jpg,deepfashion,The lady wears a medium-sleeve shirt with pure color patterns and a three-point pants. The shirt is with cotton fabric. The pants are with cotton fabr,Cotton,caption_keyword,0.7,NOISY
C:\Users\sama\OneDrive\Desktop\naishtex\Textile\Backend\data\processed\material_deepfashion\Cotton\WOMEN-Dresses-id_00001302-07_4_full.jpg,deepfashion,The female wears a sleeveless tank top with color block patterns. The tank top is with cotton fabric. It has a v-shape neckline. The female wears a th,Cotton,caption_keyword,0.7,NOISY
C:\Users\sama\OneDrive\Desktop\naishtex\Textile\Backend\data\processed\material_deepfashion\Cotton\WOMEN-Jackets_Coats-id_00005263-13_1_front.jpg,deepfashion,"Her shirt has long sleeves, cotton fabric and graphic patterns. It has a v-shape neckline. This woman wears a long pants. The pants are with cotton fa",Cotton,caption_keyword,0.7,NOISY
C:\Users\sama\OneDrive\Desktop\naishtex\Textile\Backend\data\processed\material_deepfashion\Cotton\WOMEN-Cardigans-id_00005321-02_3_back.jpg,deepfashion,"Her sweater has long sleeves, cotton fabric and solid color patterns. The pants this person wears is of three-quarter length. The pants are with cotto",Cotton,caption_keyword,0.7,NOISY
C:\Users\sama\OneDrive\Desktop\naishtex\Textile\Backend\data\processed\material_deepfashion\Cotton\MEN-Tees_Tanks-id_00001121-04_3_back.jpg,deepfashion,The tank shirt this guy wears has sleeves cut off and its fabric is cotton. The pattern of it is solid color.,Cotton,caption_keyword,0.7,NOISY
C:\Users\sama\OneDrive\Desktop\naishtex\Textile\Backend\data\processed\material_deepfashion\Cotton\WOMEN-Jackets_Coats-id_00001147-02_1_front.jpg,deepfashion,"The shirt this woman wears has long sleeves and it is with cotton fabric and lattice patterns. This woman also wears an outer clothing, with cotton fa",Cotton,caption_keyword,0.7,NOISY
C:\Users\sama\OneDrive\Desktop\naishtex\Textile\Backend\data\processed\material_deepfashion\Cotton\WOMEN-Tees_Tanks-id_00006769-05_3_back.jpg,deepfashion,"The T-shirt the person wears has short sleeves, its fabric is cotton, and it has pure color patterns. There is an accessory in his her neck. There is ",Cotton,caption_keyword,0.7,NOISY
C:\Users\sama\OneDrive\Desktop\naishtex\Textile\Backend\data\processed\material_deepfashion\Cotton\WOMEN-Shorts-id_00005721-02_1_front.jpg,deepfashion,"The upper clothing has sleeves cut off, cotton fabric and pure color patterns. It has a round neckline. The lower clothing is of three-point length. T",Cotton,caption_keyword,0.7,NOISY
C:\Users\sama\OneDrive\Desktop\naishtex\Textile\Backend\data\processed\material_deepfashion\Cotton\MEN-Tees_Tanks-id_00003470-17_3_back.jpg,deepfashion,"The tank top this gentleman wears has no sleeves, its fabric is cotton, and it has pure color patterns. There is an accessory on his wrist.",Cotton,caption_keyword,0.7,NOISY
C:\Users\sama\OneDrive\Desktop\naishtex\Textile\Backend\data\processed\material_deepfashion\Cotton\MEN-Sweatshirts_Hoodies-id_00000006-02_7_additional.jpg,deepfashion,The guy wears a medium-sleeve shirt with pure color patterns and long pants. The shirt is with cotton fabric and it has a crew neckline. The pants are,Cotton,caption_keyword,0.7,NOISY
C:\Users\sama\OneDrive\Desktop\naishtex\Textile\Backend\data\processed\material_deepfashion\Cotton\WOMEN-Tees_Tanks-id_00000871-02_7_additional.jpg,deepfashion,The lady wears a medium-sleeve shirt with pure color patterns. The shirt is with knitting fabric. It has a crew neckline. The pants the lady wears is ,Cotton,caption_keyword,0.7,NOISY
C:\Users\sama\OneDrive\Desktop\naishtex\Textile\Backend\data\processed\material_deepfashion\Cotton\WOMEN-Shorts-id_00002668-02_4_full.jpg,deepfashion,This female wears a short-sleeve T-shirt with pure color patterns and a three-point shorts. The T-shirt is with cotton fabric. The neckline of the T-s,Cotton,caption_keyword,0.7,NOISY
C:\Users\sama\OneDrive\Desktop\naishtex\Textile\Backend\data\processed\material_deepfashion\Cotton\WOMEN-Tees_Tanks-id_00007726-09_2_side.jpg,deepfashion,The tank shirt the person wears has sleeves cut off and its fabric is cotton. The pattern of it is solid color.,Cotton,caption_keyword,0.7,NOISY
C:\Users\sama\OneDrive\Desktop\naishtex\Textile\Backend\data\processed\material_deepfashion\Cotton\MEN-Pants-id_00007228-04_7_additional.jpg,deepfashion,This gentleman wears a short-sleeve shirt with pure color patterns and a long trousers. The shirt is with cotton fabric. The neckline of the shirt is ,Cotton,caption_keyword,0.7,NOISY
C:\Users\sama\OneDrive\Desktop\naishtex\Textile\Backend\data\processed\material_deepfashion\Cotton\MEN-Tees_Tanks-id_00003197-08_2_side.jpg,deepfashion,This gentleman is wearing a medium-sleeve shirt with color block patterns. The shirt is with cotton fabric. The neckline of the shirt is crew.,Cotton,caption_keyword,0.7,NOISY
C:\Users\sama\OneDrive\Desktop\naishtex\Textile\Backend\data\processed\material_deepfashion\Cotton\WOMEN-Tees_Tanks-id_00004593-06_7_additional.jpg,deepfashion,"The upper clothing has medium sleeves, cotton fabric and pure color patterns. It has a round neckline. There is a ring on her finger.",Cotton,caption_keyword,0.7,NOISY
C:\Users\sama\OneDrive\Desktop\naishtex\Textile\Backend\data\processed\material_deepfashion\Cotton\WOMEN-Cardigans-id_00001328-05_1_front.jpg,deepfashion,"The upper clothing has long sleeves, cotton fabric and graphic patterns. It has a crew neckline. This female also wears an outer clothing, with cotton",Cotton,caption_keyword,0.7,NOISY
C:\Users\sama\OneDrive\Desktop\naishtex\Textile\Backend\data\processed\material_deepfashion\Cotton\WOMEN-Blouses_Shirts-id_00002384-02_2_side.jpg,deepfashion,The person wears a short-sleeve T-shirt with graphic patterns. The T-shirt is with cotton fabric and its neckline is crew. This person wears a belt.,Cotton,caption_keyword,0.7,NOISY
C:\Users\sama\OneDrive\Desktop\naishtex\Textile\Backend\data\processed\material_deepfashion\Cotton\WOMEN-Dresses-id_00007701-03_2_side.jpg,deepfashion,This person wears a sleeveless tank shirt with solid color patterns. The tank shirt is with cotton fabric. It has a suspenders neckline. The shorts th,Cotton,caption_keyword,0.7,NOISY
C:\Users\sama\OneDrive\Desktop\naishtex\Textile\Backend\data\processed\material_deepfashion\Cotton\WOMEN-Pants-id_00004526-02_1_front.jpg,deepfashion,This female wears a sleeveless tank top with pure color patterns and a long pants. The tank top is with cotton fabric. The neckline of the tank top is,Cotton,caption_keyword,0.7,NOISY
C:\Users\sama\OneDrive\Desktop\naishtex\Textile\Backend\data\processed\material_deepfashion\Cotton\WOMEN-Pants-id_00002539-03_1_front.jpg,deepfashion,This lady is wearing a short-sleeve shirt with pure color patterns. The shirt is with cotton fabric. It has a crew neckline. The trousers this lady we,Cotton,caption_keyword,0.7,NOISY
C:\Users\sama\OneDrive\Desktop\naishtex\Textile\Backend\data\processed\material_deepfashion\Cotton\WOMEN-Blouses_Shirts-id_00006044-02_3_back.jpg,deepfashion,"Her shirt has long sleeves, mixed fabric and mixed patterns. This lady also wears an outer clothing, with cotton fabric and plaid patterns. This perso",Cotton,caption_keyword,0.7,NOISY
C:\Users\sama\OneDrive\Desktop\naishtex\Textile\Backend\data\processed\material_deepfashion\Cotton\WOMEN-Dresses-id_00007335-02_2_side.jpg,deepfashion,"The tank top this lady wears has sleeves cut off and its fabric is cotton. The pattern of it is graphic. This lady wears a three-point shorts, with co",Cotton,caption_keyword,0.7,NOISY
C:\Users\sama\OneDrive\Desktop\naishtex\Textile\Backend\data\processed\material_deepfashion\Cotton\MEN-Sweatshirts_Hoodies-id_00004423-03_4_full.jpg,deepfashion,This man wears a short-sleeve T-shirt with pure color patterns. The T-shirt is with cotton fabric. It has a round neckline. The pants this man wears i,Cotton,caption_keyword,0.7,NOISY
C:\Users\sama\OneDrive\Desktop\naishtex\Textile\Backend\data\processed\material_deepfashion\Cotton\WOMEN-Blouses_Shirts-id_00002304-01_1_front.jpg,deepfashion,"Her tank top has no sleeves, chiffon fabric and graphic patterns. It has a crew neckline. This woman wears a three-point pants. The pants are with cot",Cotton,caption_keyword,0.7,NOISY
C:\Users\sama\OneDrive\Desktop\naishtex\Textile\Backend\data\processed\material_deepfashion\Cotton\WOMEN-Dresses-id_00006339-02_2_side.jpg,deepfashion,"The shirt this woman wears has medium sleeves, its fabric is cotton, and it has graphic patterns. This woman wears a three-point shorts, with cotton f",Cotton,caption_keyword,0.7,NOISY
C:\Users\sama\OneDrive\Desktop\naishtex\Textile\Backend\data\processed\material_deepfashion\Cotton\MEN-Jackets_Vests-id_00000168-03_1_front.jpg,deepfashion,"The upper clothing has long sleeves, other fabric and other patterns. The neckline of it is crew. The outer clothing this guy wears is with cotton fab",Cotton,caption_keyword,0.7,NOISY
C:\Users\sama\OneDrive\Desktop\naishtex\Textile\Backend\data\processed\material_deepfashion\Cotton\WOMEN-Dresses-id_00006811-02_1_front.jpg,deepfashion,This person is wearing a tank tank shirt with graphic patterns. The tank shirt is with cotton fabric. It has a suspenders neckline. The shorts this pe,Cotton,caption_keyword,0.7,NOISY
C:\Users\sama\OneDrive\Desktop\naishtex\Textile\Backend\data\processed\material_deepfashion\Cotton\WOMEN-Dresses-id_00000537-04_2_side.jpg,deepfashion,"Her tank top has sleeves cut off, cotton fabric and pure color patterns. The neckline of it is suspenders. The shorts this woman wears is of three-poi",Cotton,caption_keyword,0.7,NOISY
C:\Users\sama\OneDrive\Desktop\naishtex\Textile\Backend\data\processed\material_deepfashion\Cotton\WOMEN-Tees_Tanks-id_00005849-01_1_front.jpg,deepfashion,The tank top this woman wears has no sleeves and it is with cotton fabric and pure color patterns. The neckline of the tank top is round. This woman w,Cotton,caption_keyword,0.7,NOISY
C:\Users\sama\OneDrive\Desktop\naishtex\Textile\Backend\data\processed\material_deepfashion\Cotton\WOMEN-Tees_Tanks-id_00005899-03_3_back.jpg,deepfashion,The lady wears a long-sleeve sweater with color block patterns. The sweater is with cotton fabric. This person is wearing a ring on her finger.,Cotton,caption_keyword,0.7,NOISY
C:\Users\sama\OneDrive\Desktop\naishtex\Textile\Backend\data\processed\material_deepfashion\Cotton\WOMEN-Jackets_Coats-id_00003858-04_7_additional.jpg,deepfashion,"The upper clothing has long sleeves, cotton fabric and graphic patterns. It has a stand neckline. The lower clothing is of long length. The fabric is ",Cotton,caption_keyword,0.7,NOISY
C:\Users\sama\OneDrive\Desktop\naishtex\Textile\Backend\data\processed\material_deepfashion\Cotton\WOMEN-Dresses-id_00001861-02_4_full.jpg,deepfashion,"Her shirt has long sleeves, cotton fabric and graphic patterns. The neckline of it is round. This lady wears a three-point pants. The pants are with c",Cotton,caption_keyword,0.7,NOISY
C:\Users\sama\OneDrive\Desktop\naishtex\Textile\Backend\data\processed\material_deepfashion\Cotton\WOMEN-Graphic_Tees-id_00002137-01_2_side.jpg,deepfashion,The person wears a short-sleeve T-shirt with graphic patterns. The T-shirt is with cotton fabric. The person wears a three-point shorts. The shorts ar,Cotton,caption_keyword,0.7,NOISY
C:\Users\sama\OneDrive\Desktop\naishtex\Textile\Backend\data\processed\material_deepfashion\Cotton\WOMEN-Tees_Tanks-id_00002478-05_1_front.jpg,deepfashion,"Her shirt has long sleeves, cotton fabric and pure color patterns. It has a round neckline. There is an accessory in his her neck. There is a ring on ",Cotton,caption_keyword,0.7,NOISY
C:\Users\sama\OneDrive\Desktop\naishtex\Textile\Backend\data\processed\material_deepfashion\Cotton\WOMEN-Tees_Tanks-id_00003722-02_7_additional.jpg,deepfashion,This female wears a long-sleeve shirt with stripe patterns and a three-point shorts. The shirt is with cotton fabric. The shorts are with cotton fabri,Cotton,caption_keyword,0.7,NOISY
C:\Users\sama\OneDrive\Desktop\naishtex\Textile\Backend\data\processed\material_deepfashion\Cotton\WOMEN-Tees_Tanks-id_00005837-06_7_additional.jpg,deepfashion,The person wears a short-sleeve T-shirt with pure color patterns. The T-shirt is with cotton fabric. It has a crew neckline. The female wears a ring. ,Cotton,caption_keyword,0.7,NOISY
C:\Users\sama\OneDrive\Desktop\naishtex\Textile\Backend\data\processed\material_deepfashion\Cotton\WOMEN-Shorts-id_00007115-01_1_front.jpg,deepfashion,The tank shirt this person wears has no sleeves and it is with cotton fabric and solid color patterns. The neckline of the tank shirt is suspenders. T,Cotton,caption_keyword,0.7,NOISY
C:\Users\sama\OneDrive\Desktop\naishtex\Textile\Backend\data\processed\material_deepfashion\Cotton\WOMEN-Tees_Tanks-id_00001384-06_1_front.jpg,deepfashion,This person wears a sleeveless tank top with pure color patterns. The tank top is with cotton fabric. It has a suspenders neckline. The shorts this pe,Cotton,caption_keyword,0.7,NOISY
C:\Users\sama\OneDrive\Desktop\naishtex\Textile\Backend\data\processed\material_deepfashion\Cotton\WOMEN-Tees_Tanks-id_00003384-01_3_back.jpg,deepfashion,"The tank shirt the person wears has sleeves cut off, its fabric is cotton, and it has striped patterns. This female wears a ring. There is a hat in he",Cotton,caption_keyword,0.7,NOISY
C:\Users\sama\OneDrive\Desktop\naishtex\Textile\Backend\data\processed\material_deepfashion\Cotton\WOMEN-Pants-id_00005298-02_1_front.jpg,deepfashion,"The upper clothing has short sleeves, cotton fabric and solid color patterns. It has a crew neckline. The lower clothing is of three-quarter length. T",Cotton,caption_keyword,0.7,NOISY
C:\Users\sama\OneDrive\Desktop\naishtex\Textile\Backend\data\processed\material_deepfashion\Cotton\WOMEN-Blouses_Shirts-id_00001502-02_4_full.jpg,deepfashion,"Her T-shirt has short sleeves, cotton fabric and pure color patterns. The neckline of it is round. This person wears a three-point pants. The pants ar",Cotton,caption_keyword,0.7,NOISY
C:\Users\sama\OneDrive\Desktop\naishtex\Textile\Backend\data\processed\material_deepfashion\Cotton\WOMEN-Blouses_Shirts-id_00004140-01_7_additional.jpg,deepfashion,The sweater this woman wears has long sleeves and its fabric is cotton. The pattern of it is striped. This lady wears a ring.,Cotton,caption_keyword,0.7,NOISY
C:\Users\sama\OneDrive\Desktop\naishtex\Textile\Backend\data\processed\material_deepfashion\Cotton\WOMEN-Dresses-id_00002420-02_1_front.jpg,deepfashion,The lady is wearing a tank tank top with graphic patterns. The tank top is with cotton fabric and its neckline is suspenders. The pants the lady wears,Cotton,caption_keyword,0.7,NOISY
C:\Users\sama\OneDrive\Desktop\naishtex\Textile\Backend\data\processed\material_deepfashion\Cotton\WOMEN-Blouses_Shirts-id_00006472-03_1_front.jpg,deepfashion,The person wears a sleeveless tank top with solid color patterns. The tank top is with cotton fabric and it has a lapel neckline. This female has neck,Cotton,caption_keyword,0.7,NOISY
C:\Users\sama\OneDrive\Desktop\naishtex\Textile\Backend\data\processed\material_deepfashion\Cotton\MEN-Sweatshirts_Hoodies-id_00004423-01_1_front.jpg,deepfashion,The person is wearing a tank tank shirt with other patterns. The tank shirt is with other fabric. It has a round neckline. The outer clothing is with ,Cotton,caption_keyword,0.7,NOISY
C:\Users\sama\OneDrive\Desktop\naishtex\Textile\Backend\data\processed\material_deepfashion\Cotton\WOMEN-Skirts-id_00007236-01_4_full.jpg,deepfashion,"Her shirt has long sleeves, cotton fabric and pure color patterns. It has a crew neckline. This woman wears a medium skirt. The skirt is with knitting",Cotton,caption_keyword,0.7,NOISY
C:\Users\sama\OneDrive\Desktop\naishtex\Textile\Backend\data\processed\material_deepfashion\Cotton\WOMEN-Tees_Tanks-id_00003910-01_1_front.jpg,deepfashion,"The upper clothing has short sleeves, cotton fabric and stripe patterns. It has a crew neckline.",Cotton,caption_keyword,0.7,NOISY
C:\Users\sama\OneDrive\Desktop\naishtex\Textile\Backend\data\processed\material_deepfashion\Cotton\WOMEN-Shorts-id_00003293-04_1_front.jpg,deepfashion,"The upper clothing has short sleeves, cotton fabric and solid color patterns. It has a v-shape neckline. The lower clothing is of three-point length. ",Cotton,caption_keyword,0.7,NOISY
C:\Users\sama\OneDrive\Desktop\naishtex\Textile\Backend\data\processed\material_deepfashion\Cotton\MEN-Sweatshirts_Hoodies-id_00005799-01_2_side.jpg,deepfashion,"The shirt the person wears has long sleeves, its fabric is cotton, and it has solid color patterns. This person is wearing a hat.",Cotton,caption_keyword,0.7,NOISY
C:\Users\sama\OneDrive\Desktop\naishtex\Textile\Backend\data\processed\material_deepfashion\Cotton\WOMEN-Tees_Tanks-id_00004313-03_7_additional.jpg,deepfashion,"The shirt this female wears has short sleeves, its fabric is cotton, and it has pure color patterns. The shirt has a crew neckline. This female wears ",Cotton,caption_keyword,0.7,NOISY
C:\Users\sama\OneDrive\Desktop\naishtex\Textile\Backend\data\processed\material_deepfashion\Cotton\WOMEN-Dresses-id_00003276-05_3_back.jpg,deepfashion,This woman is wearing a sleeveless tank top with pure color patterns and a three-point pants. The tank top is with cotton fabric. The pants are with c,Cotton,caption_keyword,0.7,NOISY
C:\Users\sama\OneDrive\Desktop\naishtex\Textile\Backend\data\processed\material_deepfashion\Cotton\MEN-Sweatshirts_Hoodies-id_00003795-01_1_front.jpg,deepfashion,The guy is wearing a tank tank shirt with pure color patterns. The tank shirt is with cotton fabric. It has a round neckline. The guy wears a three-qu,Cotton,caption_keyword,0.7,NOISY
C:\Users\sama\OneDrive\Desktop\naishtex\Textile\Backend\data\processed\material_deepfashion\Cotton\MEN-Sweaters-id_00006812-04_3_back.jpg,deepfashion,This gentleman is wearing a short-sleeve T-shirt with striped patterns. The T-shirt is with cotton fabric. It has a lapel neckline. There is an access,Cotton,caption_keyword,0.7,NOISY
C:\Users\sama\OneDrive\Desktop\naishtex\Textile\Backend\data\processed\material_deepfashion\Cotton\WOMEN-Sweaters-id_00000688-02_2_side.jpg,deepfashion,"The shirt this female wears has long sleeves, its fabric is cotton, and it has pure color patterns. This person is wearing a ring on her finger.",Cotton,caption_keyword,0.7,NOISY
C:\Users\sama\OneDrive\Desktop\naishtex\Textile\Backend\data\processed\material_deepfashion\Cotton\WOMEN-Jackets_Coats-id_00007941-02_3_back.jpg,deepfashion,This woman is wearing a long-sleeve shirt with solid color patterns. The shirt is with cotton fabric. The shorts this woman wears is of three-point le,Cotton,caption_keyword,0.7,NOISY
C:\Users\sama\OneDrive\Desktop\naishtex\Textile\Backend\data\processed\material_deepfashion\Cotton\WOMEN-Rompers_Jumpsuits-id_00001775-02_3_back.jpg,deepfashion,"Her tank top has sleeves cut off, cotton fabric and stripe patterns. This lady wears a three-point pants. The pants are with cotton fabric and stripe ",Cotton,caption_keyword,0.7,NOISY
C:\Users\sama\OneDrive\Desktop\naishtex\Textile\Backend\data\processed\material_deepfashion\Cotton\WOMEN-Rompers_Jumpsuits-id_00007668-02_7_additional.jpg,deepfashion,"Her T-shirt has short sleeves, cotton fabric and solid color patterns. The female wears a three-quarter trousers. The trousers are with cotton fabric ",Cotton,caption_keyword,0.7,NOISY
C:\Users\sama\OneDrive\Desktop\naishtex\Textile\Backend\data\processed\material_deepfashion\Cotton\WOMEN-Blouses_Shirts-id_00001722-06_3_back.jpg,deepfashion,"The sweater the lady wears has long sleeves, its fabric is cotton, and it has pure color patterns. There is a ring on her finger. There is a hat in he",Cotton,caption_keyword,0.7,NOISY
C:\Users\sama\OneDrive\Desktop\naishtex\Textile\Backend\data\processed\material_deepfashion\Cotton\MEN-Sweatshirts_Hoodies-id_00003571-02_2_side.jpg,deepfashion,"The upper clothing has long sleeves, cotton fabric and complicated patterns. It has a crew neckline. There is an accessory on his wrist.",Cotton,caption_keyword,0.7,NOISY
C:\Users\sama\OneDrive\Desktop\naishtex\Textile\Backend\data\processed\material_deepfashion\Cotton\WOMEN-Rompers_Jumpsuits-id_00002761-06_3_back.jpg,deepfashion,The female wears a short-sleeve shirt with striped patterns. The shirt is with cotton fabric. The female wears a three-point shorts. The shorts are wi,Cotton,caption_keyword,0.7,NOISY
C:\Users\sama\OneDrive\Desktop\naishtex\Textile\Backend\data\processed\material_deepfashion\Cotton\MEN-Tees_Tanks-id_00001645-01_3_back.jpg,deepfashion,The gentleman wears a sleeveless tank shirt with graphic patterns. The tank shirt is with cotton fabric. There is an accessory on his wrist.,Cotton,caption_keyword,0.7,NOISY
C:\Users\sama\OneDrive\Desktop\naishtex\Textile\Backend\data\processed\material_deepfashion\Cotton\WOMEN-Blouses_Shirts-id_00003811-02_3_back.jpg,deepfashion,This lady wears a short-sleeve shirt with lattice patterns. The shirt is with cotton fabric. The neckline of the shirt is lapel. There is an accessory,Cotton,caption_keyword,0.7,NOISY
C:\Users\sama\OneDrive\Desktop\naishtex\Textile\Backend\data\processed\material_deepfashion\Cotton\MEN-Tees_Tanks-id_00000100-01_1_front.jpg,deepfashion,This gentleman wears a short-sleeve shirt with graphic patterns. The shirt is with cotton fabric. It has a round neckline. This guy has neckwear.,Cotton,caption_keyword,0.7,NOISY
C:\Users\sama\OneDrive\Desktop\naishtex\Textile\Backend\data\processed\material_deepfashion\Cotton\WOMEN-Sweaters-id_00003049-03_2_side.jpg,deepfashion,"Her sweater has long sleeves, cotton fabric and graphic patterns. It has a round neckline. The shorts this person wears is of three-point length. The ",Cotton,caption_keyword,0.7,NOISY
C:\Users\sama\OneDrive\Desktop\naishtex\Textile\Backend\data\processed\material_deepfashion\Cotton\MEN-Sweatshirts_Hoodies-id_00007842-01_2_side.jpg,deepfashion,This guy wears a long-sleeve shirt with graphic patterns. The shirt is with cotton fabric.,Cotton,caption_keyword,0.7,NOISY
C:\Users\sama\OneDrive\Desktop\naishtex\Textile\Backend\data\processed\material_deepfashion\Cotton\WOMEN-Tees_Tanks-id_00001820-02_1_front.jpg,deepfashion,"Her tank top has no sleeves, cotton fabric and graphic patterns. The neckline of it is suspenders. There is an accessory in his her neck. This lady is",Cotton,caption_keyword,0.7,NOISY
C:\Users\sama\OneDrive\Desktop\naishtex\Textile\Backend\data\processed\material_deepfashion\Cotton\WOMEN-Cardigans-id_00000920-02_1_front.jpg,deepfashion,"The upper clothing has sleeves cut off, chiffon fabric and graphic patterns. It has a v-shape neckline. This person also wears an outer clothing, with",Cotton,caption_keyword,0.7,NOISY
C:\Users\sama\OneDrive\Desktop\naishtex\Textile\Backend\data\processed\material_deepfashion\Cotton\WOMEN-Dresses-id_00007548-01_7_additional.jpg,deepfashion,"The shirt the lady wears has long sleeves, its fabric is cotton, and it has lattice patterns. The shirt has a lapel neckline.",Cotton,caption_keyword,0.7,NOISY
C:\Users\sama\OneDrive\Desktop\naishtex\Textile\Backend\data\processed\material_deepfashion\Cotton\MEN-Tees_Tanks-id_00006030-01_2_side.jpg,deepfashion,"His tank shirt has sleeves cut off, cotton fabric and graphic patterns. This gentleman has a hat in his head.",Cotton,caption_keyword,0.7,NOISY
C:\Users\sama\OneDrive\Desktop\naishtex\Textile\Backend\data\processed\material_deepfashion\Cotton\WOMEN-Skirts-id_00004505-05_1_front.jpg,deepfashion,This person wears a tank tank shirt with solid color patterns. The tank shirt is with cotton fabric. It has a v-shape neckline. This person wears a sh,Cotton,caption_keyword,0.7,NOISY
C:\Users\sama\OneDrive\Desktop\naishtex\Textile\Backend\data\processed\material_deepfashion\Cotton\WOMEN-Cardigans-id_00003542-03_1_front.jpg,deepfashion,The person is wearing a medium-sleeve shirt with solid color patterns. The shirt is with chiffon fabric. It has a round neckline. The outer clothing t,Cotton,caption_keyword,0.7,NOISY
C:\Users\sama\OneDrive\Desktop\naishtex\Textile\Backend\data\processed\material_deepfashion\Cotton\WOMEN-Skirts-id_00007202-02_4_full.jpg,deepfashion,This female wears a sleeveless tank top with stripe patterns and a three-point skirt. The tank top is with cotton fabric and its neckline is round. Th,Cotton,caption_keyword,0.7,NOISY
C:\Users\sama\OneDrive\Desktop\naishtex\Textile\Backend\data\processed\material_deepfashion\Cotton\WOMEN-Sweaters-id_00002823-03_1_front.jpg,deepfashion,The person is wearing a medium-sleeve shirt with graphic patterns. The shirt is with cotton fabric and its neckline is round. The shorts the person we,Cotton,caption_keyword,0.7,NOISY
C:\Users\sama\OneDrive\Desktop\naishtex\Textile\Backend\data\processed\material_deepfashion\Cotton\MEN-Sweaters-id_00001008-04_7_additional.jpg,deepfashion,The guy is wearing a long-sleeve shirt with solid color patterns. The shirt is with cotton fabric and its neckline is stand. The trousers the guy wear,Cotton,caption_keyword,0.7,NOISY
C:\Users\sama\OneDrive\Desktop\naishtex\Textile\Backend\data\processed\material_deepfashion\Cotton\WOMEN-Sweatshirts_Hoodies-id_00000726-01_7_additional.jpg,deepfashion,"The shirt this person wears has long sleeves, its fabric is cotton, and it has pure color patterns. This female wears a ring.",Cotton,caption_keyword,0.7,NOISY
C:\Users\sama\OneDrive\Desktop\naishtex\Textile\Backend\data\processed\material_deepfashion\Cotton\MEN-Tees_Tanks-id_00001774-31_2_side.jpg,deepfashion,The person wears a short-sleeve T-shirt with pure color patterns. The T-shirt is with cotton fabric and its neckline is v-shape.,Cotton,caption_keyword,0.7,NOISY
C:\Users\sama\OneDrive\Desktop\naishtex\Textile\Backend\data\processed\material_deepfashion\Cotton\WOMEN-Graphic_Tees-id_00001257-01_3_back.jpg,deepfashion,The T-shirt this female wears has short sleeves and its fabric is cotton. The pattern of it is solid color. There is a ring on her finger.,Cotton,caption_keyword,0.7,NOISY
C:\Users\sama\OneDrive\Desktop\naishtex\Textile\Backend\data\processed\material_deepfashion\Cotton\WOMEN-Tees_Tanks-id_00001130-01_7_additional.jpg,deepfashion,"Her tank top has no sleeves, cotton fabric and graphic patterns. This person wears a ring.",Cotton,caption_keyword,0.7,NOISY
C:\Users\sama\OneDrive\Desktop\naishtex\Textile\Backend\data\processed\material_deepfashion\Cotton\WOMEN-Sweaters-id_00000533-05_1_front.jpg,deepfashion,This female wears a long-sleeve sweater with pure color patterns. The sweater is with cotton fabric and it has a crew neckline. This person also wears,Cotton,caption_keyword,0.7,NOISY
C:\Users\sama\OneDrive\Desktop\naishtex\Textile\Backend\data\processed\material_deepfashion\Cotton\WOMEN-Skirts-id_00002986-03_1_front.jpg,deepfashion,The female is wearing a sleeveless tank shirt with pure color patterns. The tank shirt is with cotton fabric. It has a crew neckline. The skirt the fe,Cotton,caption_keyword,0.7,NOISY
C:\Users\sama\OneDrive\Desktop\naishtex\Textile\Backend\data\processed\material_deepfashion\Cotton\WOMEN-Rompers_Jumpsuits-id_00006235-01_2_side.jpg,deepfashion,"The tank top the person wears has sleeves cut off and it is with cotton fabric and pure color patterns. The person wears a long pants, with cotton fab",Cotton,caption_keyword,0.7,NOISY
C:\Users\sama\OneDrive\Desktop\naishtex\Textile\Backend\data\processed\material_deepfashion\Cotton\WOMEN-Dresses-id_00003422-04_7_additional.jpg,deepfashion,This woman is wearing a tank tank shirt with graphic patterns. The tank shirt is with cotton fabric. This woman wears a three-point pants. The pants a,Cotton,caption_keyword,0.7,NOISY
C:\Users\sama\OneDrive\Desktop\naishtex\Textile\Backend\data\processed\material_deepfashion\Cotton\WOMEN-Dresses-id_00000293-02_2_side.jpg,deepfashion,"The tank shirt this female wears has sleeves cut off and its fabric is cotton. The pattern of it is graphic. This female wears a three-point pants, wi",Cotton,caption_keyword,0.7,NOISY
C:\Users\sama\OneDrive\Desktop\naishtex\Textile\Backend\data\processed\material_deepfashion\Cotton\WOMEN-Blouses_Shirts-id_00005382-02_7_additional.jpg,deepfashion,"Her tank shirt has no sleeves, chiffon fabric and floral patterns. This female wears a three-point pants. The pants are with cotton fabric and pure co",Cotton,caption_keyword,0.7,NOISY
C:\Users\sama\OneDrive\Desktop\naishtex\Textile\Backend\data\processed\material_deepfashion\Cotton\WOMEN-Tees_Tanks-id_00001634-06_1_front.jpg,deepfashion,"Her T-shirt has short sleeves, cotton fabric and pure color patterns. It has a round neckline. The shorts the person wears is of three-point length. T",Cotton,caption_keyword,0.7,NOISY
C:\Users\sama\OneDrive\Desktop\naishtex\Textile\Backend\data\processed\material_deepfashion\Cotton\WOMEN-Tees_Tanks-id_00003343-19_1_front.jpg,deepfashion,This female wears a sleeveless tank top with solid color patterns. The tank top is with cotton fabric and it has a crew neckline. There is an accessor,Cotton,caption_keyword,0.7,NOISY
C:\Users\sama\OneDrive\Desktop\naishtex\Textile\Backend\data\processed\material_deepfashion\Cotton\WOMEN-Dresses-id_00003326-03_4_full.jpg,deepfashion,"Her shirt has short sleeves, cotton fabric and solid color patterns. The neckline of it is crew. The lady wears a short pants. The pants are with cott",Cotton,caption_keyword,0.7,NOISY
C:\Users\sama\OneDrive\Desktop\naishtex\Textile\Backend\data\processed\material_deepfashion\Cotton\WOMEN-Cardigans-id_00001908-01_4_full.jpg,deepfashion,This lady is wearing a long-sleeve sweater with solid color patterns and a medium pants. The sweater is with cotton fabric and its neckline is stand. ,Cotton,caption_keyword,0.7,NOISY
C:\Users\sama\OneDrive\Desktop\naishtex\Textile\Backend\data\processed\material_deepfashion\Cotton\WOMEN-Dresses-id_00000537-07_7_additional.jpg,deepfashion,This person is wearing a sleeveless tank shirt with pure color patterns. The tank shirt is with cotton fabric. The shorts this person wears is of thre,Cotton,caption_keyword,0.7,NOISY
C:\Users\sama\OneDrive\Desktop\naishtex\Textile\Backend\data\processed\material_deepfashion\Cotton\WOMEN-Dresses-id_00007036-02_7_additional.jpg,deepfashion,The tank shirt the lady wears has sleeves cut off and it is with cotton fabric and solid color patterns. There is an accessory in his her neck.,Cotton,caption_keyword,0.7,NOISY
C:\Users\sama\OneDrive\Desktop\naishtex\Textile\Backend\data\processed\material_deepfashion\Cotton\MEN-Tees_Tanks-id_00007553-05_2_side.jpg,deepfashion,This man is wearing a short-sleeve shirt with color block patterns. The shirt is with cotton fabric. It has a round neckline.,Cotton,caption_keyword,0.7,NOISY
C:\Users\sama\OneDrive\Desktop\naishtex\Textile\Backend\data\processed\material_deepfashion\Cotton\WOMEN-Tees_Tanks-id_00000512-06_3_back.jpg,deepfashion,The shirt this lady wears has short sleeves and it is with cotton fabric and striped patterns. There is a belt on her waist.,Cotton,caption_keyword,0.7,NOISY
C:\Users\sama\OneDrive\Desktop\naishtex\Textile\Backend\data\processed\material_deepfashion\Cotton\WOMEN-Dresses-id_00002575-02_7_additional.jpg,deepfashion,The shirt this person wears has long sleeves and its fabric is cotton. The pattern of it is graphic. It has a crew neckline. This person wears a three,Cotton,caption_keyword,0.7,NOISY
C:\Users\sama\OneDrive\Desktop\naishtex\Textile\Backend\data\processed\material_deepfashion\Cotton\WOMEN-Jackets_Coats-id_00004238-01_3_back.jpg,deepfashion,"The upper clothing has long sleeves, cotton fabric and graphic patterns. This lady wears a ring. This person has neckwear.",Cotton,caption_keyword,0.7,NOISY
C:\Users\sama\OneDrive\Desktop\naishtex\Textile\Backend\data\processed\material_deepfashion\Cotton\WOMEN-Dresses-id_00003403-03_4_full.jpg,deepfashion,The tank shirt the person wears has no sleeves and its fabric is cotton. The pattern of it is floral. It has a suspenders neckline. The person wears a,Cotton,caption_keyword,0.7,NOISY
C:\Users\sama\OneDrive\Desktop\naishtex\Textile\Backend\data\processed\material_deepfashion\Cotton\WOMEN-Tees_Tanks-id_00004509-02_2_side.jpg,deepfashion,"Her tank top has sleeves cut off, cotton fabric and solid color patterns. The neckline of it is suspenders. The shorts this lady wears is of three-poi",Cotton,caption_keyword,0.7,NOISY
C:\Users\sama\OneDrive\Desktop\naishtex\Textile\Backend\data\processed\material_deepfashion\Cotton\MEN-Tees_Tanks-id_00000572-01_7_additional.jpg,deepfashion,This guy wears a short-sleeve T-shirt with graphic patterns. The T-shirt is with cotton fabric. There is an accessory in his his neck. This gentleman ,Cotton,caption_keyword,0.7,NOISY
C:\Users\sama\OneDrive\Desktop\naishtex\Textile\Backend\data\processed\material_deepfashion\Cotton\MEN-Pants-id_00000290-05_7_additional.jpg,deepfashion,This gentleman is wearing a long-sleeve shirt with solid color patterns. The shirt is with cotton fabric. It has a lapel neckline. This gentleman wear,Cotton,caption_keyword,0.7,NOISY
C:\Users\sama\OneDrive\Desktop\naishtex\Textile\Backend\data\processed\material_deepfashion\Cotton\WOMEN-Jackets_Coats-id_00004609-01_4_full.jpg,deepfashion,"The upper clothing has long sleeves, cotton fabric and pure color patterns. It has a crew neckline. The lower clothing is of long length. The fabric i",Cotton,caption_keyword,0.7,NOISY
C:\Users\sama\OneDrive\Desktop\naishtex\Textile\Backend\data\processed\material_deepfashion\Cotton\WOMEN-Sweatshirts_Hoodies-id_00001326-03_3_back.jpg,deepfashion,This person wears a long-sleeve sweater with pure color patterns. The sweater is with knitting fabric. The pants this person wears is of three-point l,Cotton,caption_keyword,0.7,NOISY
C:\Users\sama\OneDrive\Desktop\naishtex\Textile\Backend\data\processed\material_deepfashion\Cotton\WOMEN-Skirts-id_00001852-03_1_front.jpg,deepfashion,"The upper clothing has no sleeves, cotton fabric and pure color patterns. It has a crew neckline. The lower clothing is of three-point length. The fab",Cotton,caption_keyword,0.7,NOISY
C:\Users\sama\OneDrive\Desktop\naishtex\Textile\Backend\data\processed\material_deepfashion\Cotton\MEN-Tees_Tanks-id_00003903-01_2_side.jpg,deepfashion,The person wears a short-sleeve T-shirt with graphic patterns. The T-shirt is with cotton fabric and its neckline is round.,Cotton,caption_keyword,0.7,NOISY
C:\Users\sama\OneDrive\Desktop\naishtex\Textile\Backend\data\processed\material_deepfashion\Cotton\MEN-Tees_Tanks-id_00000755-03_1_front.jpg,deepfashion,"The upper clothing has short sleeves, cotton fabric and solid color patterns. The neckline of it is round.",Cotton,caption_keyword,0.7,NOISY
C:\Users\sama\OneDrive\Desktop\naishtex\Textile\Backend\data\processed\material_deepfashion\Cotton\WOMEN-Shorts-id_00001786-04_1_front.jpg,deepfashion,This lady is wearing a sleeveless tank top with pure color patterns. The tank top is with cotton fabric and its neckline is suspenders. This lady wear,Cotton,caption_keyword,0.7,NOISY
C:\Users\sama\OneDrive\Desktop\naishtex\Textile\Backend\data\processed\material_deepfashion\Cotton\WOMEN-Blouses_Shirts-id_00005967-01_1_front.jpg,deepfashion,"The upper clothing has long sleeves, cotton fabric and solid color patterns. The neckline of it is crew.",Cotton,caption_keyword,0.7,NOISY
C:\Users\sama\OneDrive\Desktop\naishtex\Textile\Backend\data\processed\material_deepfashion\Cotton\WOMEN-Rompers_Jumpsuits-id_00002412-04_2_side.jpg,deepfashion,"The tank shirt the lady wears has no sleeves and it is with cotton fabric and solid color patterns. The lady wears a long pants, with cotton fabric an",Cotton,caption_keyword,0.7,NOISY
C:\Users\sama\OneDrive\Desktop\naishtex\Textile\Backend\data\processed\material_deepfashion\Cotton\MEN-Tees_Tanks-id_00007723-11_3_back.jpg,deepfashion,The shirt the guy wears has long sleeves and its fabric is cotton. The pattern of it is solid color. The person wears a hat.,Cotton,caption_keyword,0.7,NOISY
C:\Users\sama\OneDrive\Desktop\naishtex\Textile\Backend\data\processed\material_deepfashion\Cotton\WOMEN-Dresses-id_00005129-01_2_side.jpg,deepfashion,This woman is wearing a long-sleeve shirt with other patterns and a three-quarter pants. The shirt is with cotton fabric. The pants are with cotton fa,Cotton,caption_keyword,0.7,NOISY
C:\Users\sama\OneDrive\Desktop\naishtex\Textile\Backend\data\processed\material_deepfashion\Cotton\MEN-Tees_Tanks-id_00000122-01_2_side.jpg,deepfashion,This man wears a short-sleeve T-shirt with graphic patterns. The T-shirt is with cotton fabric. The neckline of the T-shirt is crew.,Cotton,caption_keyword,0.7,NOISY
C:\Users\sama\OneDrive\Desktop\naishtex\Textile\Backend\data\processed\material_deepfashion\Cotton\WOMEN-Cardigans-id_00002952-02_3_back.jpg,deepfashion,The shirt this female wears has long sleeves and it is with cotton fabric and solid color patterns. The person wears a hat. There is an accessory on h,Cotton,caption_keyword,0.7,NOISY
C:\Users\sama\OneDrive\Desktop\naishtex\Textile\Backend\data\processed\material_deepfashion\Cotton\WOMEN-Dresses-id_00005938-02_7_additional.jpg,deepfashion,"The tank shirt the female wears has no sleeves and its fabric is cotton. The pattern of it is floral. The female wears a long pants, with cotton fabri",Cotton,caption_keyword,0.7,NOISY
C:\Users\sama\OneDrive\Desktop\naishtex\Textile\Backend\data\processed\material_deepfashion\Cotton\WOMEN-Dresses-id_00001841-05_2_side.jpg,deepfashion,This female wears a long-sleeve shirt with graphic patterns and a three-point shorts. The shirt is with cotton fabric and its neckline is round. The s,Cotton,caption_keyword,0.7,NOISY
C:\Users\sama\OneDrive\Desktop\naishtex\Textile\Backend\data\processed\material_deepfashion\Cotton\WOMEN-Blouses_Shirts-id_00001752-01_1_front.jpg,deepfashion,"Her sweater has long sleeves, cotton fabric and graphic patterns. It has a crew neckline. The shorts this lady wears is of three-point length. The sho",Cotton,caption_keyword,0.7,NOISY
C:\Users\sama\OneDrive\Desktop\naishtex\Textile\Backend\data\processed\material_deepfashion\Cotton\WOMEN-Jackets_Coats-id_00000157-03_1_front.jpg,deepfashion,"Her shirt has long sleeves, cotton fabric and solid color patterns. It has a round neckline. The outer clothing the female wears is with cotton fabric",Cotton,caption_keyword,0.7,NOISY
C:\Users\sama\OneDrive\Desktop\naishtex\Textile\Backend\data\processed\material_deepfashion\Cotton\WOMEN-Tees_Tanks-id_00007716-03_3_back.jpg,deepfashion,"The upper clothing has short sleeves, cotton fabric and striped patterns.",Cotton,caption_keyword,0.7,NOISY
C:\Users\sama\OneDrive\Desktop\naishtex\Textile\Backend\data\processed\material_deepfashion\Cotton\WOMEN-Shorts-id_00003639-02_4_full.jpg,deepfashion,This lady is wearing a tank tank top with pure color patterns. The tank top is with cotton fabric. It has a crew neckline. This lady wears a three-poi,Cotton,caption_keyword,0.7,NOISY
C:\Users\sama\OneDrive\Desktop\naishtex\Textile\Backend\data\processed\material_deepfashion\Cotton\WOMEN-Tees_Tanks-id_00002747-02_2_side.jpg,deepfashion,This lady is wearing a long-sleeve sweater with solid color patterns. The sweater is with cotton fabric. This woman is wearing a ring on her finger. T,Cotton,caption_keyword,0.7,NOISY
C:\Users\sama\OneDrive\Desktop\naishtex\Textile\Backend\data\processed\material_deepfashion\Cotton\WOMEN-Dresses-id_00002740-02_3_back.jpg,deepfashion,"Her tank shirt has no sleeves, cotton fabric and floral patterns. This person wears a three-point pants. The pants are with cotton fabric and floral p",Cotton,caption_keyword,0.7,NOISY
C:\Users\sama\OneDrive\Desktop\naishtex\Textile\Backend\data\processed\material_deepfashion\Cotton\WOMEN-Sweaters-id_00006427-03_2_side.jpg,deepfashion,"Her shirt has long sleeves, knitting fabric and other patterns. It has a v-shape neckline. This female wears a three-point shorts. The shorts are with",Cotton,caption_keyword,0.7,NOISY
C:\Users\sama\OneDrive\Desktop\naishtex\Textile\Backend\data\processed\material_deepfashion\Cotton\WOMEN-Tees_Tanks-id_00000968-05_3_back.jpg,deepfashion,The person is wearing a short-sleeve shirt with graphic patterns. The shirt is with cotton fabric.,Cotton,caption_keyword,0.7,NOISY
C:\Users\sama\OneDrive\Desktop\naishtex\Textile\Backend\data\processed\material_deepfashion\Cotton\WOMEN-Rompers_Jumpsuits-id_00007445-01_3_back.jpg,deepfashion,"The tank shirt this woman wears has sleeves cut off, its fabric is cotton, and it has graphic patterns. This woman wears a three-point shorts, with co",Cotton,caption_keyword,0.7,NOISY
C:\Users\sama\OneDrive\Desktop\naishtex\Textile\Backend\data\processed\material_deepfashion\Cotton\MEN-Jackets_Vests-id_00007564-01_2_side.jpg,deepfashion,The sweater this person wears has long sleeves and it is with cotton fabric and solid color patterns. The neckline of the sweater is crew. The gentlem,Cotton,caption_keyword,0.7,NOISY
C:\Users\sama\OneDrive\Desktop\naishtex\Textile\Backend\data\processed\material_deepfashion\Cotton\WOMEN-Tees_Tanks-id_00001585-02_3_back.jpg,deepfashion,"The upper clothing has sleeves cut off, cotton fabric and solid color patterns. There is a ring on her finger.",Cotton,caption_keyword,0.7,NOISY
C:\Users\sama\OneDrive\Desktop\naishtex\Textile\Backend\data\processed\material_deepfashion\Cotton\WOMEN-Tees_Tanks-id_00006998-02_7_additional.jpg,deepfashion,This female is wearing a tank tank top with pure color patterns. The tank top is with cotton fabric and its neckline is crew. This person wears a hat.,Cotton,caption_keyword,0.7,NOISY
C:\Users\sama\OneDrive\Desktop\naishtex\Textile\Backend\data\processed\material_deepfashion\Cotton\WOMEN-Shorts-id_00006746-03_1_front.jpg,deepfashion,"Her tank top has sleeves cut off, cotton fabric and pure color patterns. It has a crew neckline. The pants the lady wears is of three-point length. Th",Cotton,caption_keyword,0.7,NOISY
C:\Users\sama\OneDrive\Desktop\naishtex\Textile\Backend\data\processed\material_deepfashion\Cotton\WOMEN-Dresses-id_00002536-05_2_side.jpg,deepfashion,This female wears a short-sleeve shirt with graphic patterns and three-point pants. The shirt is with cotton fabric. The pants are with cotton fabric ,Cotton,caption_keyword,0.7,NOISY
C:\Users\sama\OneDrive\Desktop\naishtex\Textile\Backend\data\processed\material_deepfashion\Cotton\WOMEN-Tees_Tanks-id_00001384-28_3_back.jpg,deepfashion,"Her tank top has no sleeves, cotton fabric and pure color patterns.",Cotton,caption_keyword,0.7,NOISY
C:\Users\sama\OneDrive\Desktop\naishtex\Textile\Backend\data\processed\material_deepfashion\Cotton\MEN-Tees_Tanks-id_00004296-01_1_front.jpg,deepfashion,The tank top the gentleman wears has no sleeves and it is with cotton fabric and pure color patterns. The neckline of the tank top is crew.,Cotton,caption_keyword,0.7,NOISY
C:\Users\sama\OneDrive\Desktop\naishtex\Textile\Backend\data\processed\material_deepfashion\Cotton\WOMEN-Blouses_Shirts-id_00000015-02_4_full.jpg,deepfashion,The person wears a short-sleeve shirt with graphic patterns. The shirt is with cotton fabric. It has a round neckline. The person wears a three-point ,Cotton,caption_keyword,0.7,NOISY
C:\Users\sama\OneDrive\Desktop\naishtex\Textile\Backend\data\processed\material_deepfashion\Cotton\WOMEN-Dresses-id_00000480-02_2_side.jpg,deepfashion,This lady is wearing a sleeveless tank shirt with graphic patterns. The tank shirt is with cotton fabric. It has a crew neckline. The shorts this lady,Cotton,caption_keyword,0.7,NOISY
C:\Users\sama\OneDrive\Desktop\naishtex\Textile\Backend\data\processed\material_deepfashion\Cotton\MEN-Tees_Tanks-id_00005455-01_4_full.jpg,deepfashion,"The shirt this person wears has long sleeves, its fabric is cotton, and it has pure color patterns.",Cotton,caption_keyword,0.7,NOISY
C:\Users\sama\OneDrive\Desktop\naishtex\Textile\Backend\data\processed\material_deepfashion\Cotton\MEN-Tees_Tanks-id_00004550-05_1_front.jpg,deepfashion,"His shirt has long sleeves, cotton fabric and solid color patterns. The neckline of it is round.",Cotton,caption_keyword,0.7,NOISY
C:\Users\sama\OneDrive\Desktop\naishtex\Textile\Backend\data\processed\material_deepfashion\Cotton\WOMEN-Tees_Tanks-id_00004096-05_3_back.jpg,deepfashion,"The upper clothing has sleeves cut off, cotton fabric and pure color patterns. The lower clothing is of three-point length. The fabric is cotton and i",Cotton,caption_keyword,0.7,NOISY
C:\Users\sama\OneDrive\Desktop\naishtex\Textile\Backend\data\processed\material_deepfashion\Cotton\WOMEN-Blouses_Shirts-id_00001583-02_3_back.jpg,deepfashion,The tank shirt the lady wears has no sleeves and it is with cotton fabric and graphic patterns. The neckline of the tank shirt is suspenders. The lady,Cotton,caption_keyword,0.7,NOISY
C:\Users\sama\OneDrive\Desktop\naishtex\Textile\Backend\data\processed\material_deepfashion\Cotton\WOMEN-Dresses-id_00000852-04_4_full.jpg,deepfashion,This woman is wearing a long-sleeve shirt with graphic patterns and a three-point shorts. The shirt is with cotton fabric and its neckline is crew. Th,Cotton,caption_keyword,0.7,NOISY
C:\Users\sama\OneDrive\Desktop\naishtex\Textile\Backend\data\processed\material_deepfashion\Cotton\WOMEN-Dresses-id_00001623-02_2_side.jpg,deepfashion,"The upper clothing has sleeves cut off, cotton fabric and stripe patterns. The lower clothing is of long length. The fabric is cotton and it has strip",Cotton,caption_keyword,0.7,NOISY
C:\Users\sama\OneDrive\Desktop\naishtex\Textile\Backend\data\processed\material_deepfashion\Cotton\WOMEN-Sweaters-id_00004770-08_3_back.jpg,deepfashion,This person wears a long-sleeve shirt with other patterns and three-point shorts. The shirt is with other fabric. The shorts are with cotton fabric an,Cotton,caption_keyword,0.7,NOISY
C:\Users\sama\OneDrive\Desktop\naishtex\Textile\Backend\data\processed\material_deepfashion\Cotton\WOMEN-Blouses_Shirts-id_00005715-03_3_back.jpg,deepfashion,This woman is wearing a long-sleeve sweater with pure color patterns. The sweater is with cotton fabric and its neckline is lapel. The pants this woma,Cotton,caption_keyword,0.7,NOISY
C:\Users\sama\OneDrive\Desktop\naishtex\Textile\Backend\data\processed\material_deepfashion\Cotton\WOMEN-Tees_Tanks-id_00003371-06_4_full.jpg,deepfashion,"Her sweater has long sleeves, cotton fabric and pure color patterns. It has a crew neckline. This woman wears a three-point pants. The pants are with ",Cotton,caption_keyword,0.7,NOISY
C:\Users\sama\OneDrive\Desktop\naishtex\Textile\Backend\data\processed\material_deepfashion\Cotton\WOMEN-Dresses-id_00004834-01_7_additional.jpg,deepfashion,"The tank shirt the female wears has no sleeves, its fabric is cotton, and it has striped patterns. This person has neckwear.",Cotton,caption_keyword,0.7,NOISY
C:\Users\sama\OneDrive\Desktop\naishtex\Textile\Backend\data\processed\material_deepfashion\Cotton\WOMEN-Blouses_Shirts-id_00005233-01_3_back.jpg,deepfashion,The shirt the person wears has long sleeves and it is with cotton fabric and lattice patterns. The neckline of the shirt is lapel. This person has gla,Cotton,caption_keyword,0.7,NOISY
C:\Users\sama\OneDrive\Desktop\naishtex\Textile\Backend\data\processed\material_deepfashion\Cotton\WOMEN-Tees_Tanks-id_00002201-13_7_additional.jpg,deepfashion,The tank top the person wears has no sleeves and its fabric is cotton. The pattern of it is solid color.,Cotton,caption_keyword,0.7,NOISY
C:\Users\sama\OneDrive\Desktop\naishtex\Textile\Backend\data\processed\material_deepfashion\Cotton\WOMEN-Tees_Tanks-id_00000020-06_3_back.jpg,deepfashion,"The T-shirt this person wears has short sleeves, its fabric is cotton, and it has striped patterns.",Cotton,caption_keyword,0.7,NOISY
C:\Users\sama\OneDrive\Desktop\naishtex\Textile\Backend\data\processed\material_deepfashion\Cotton\WOMEN-Dresses-id_00000472-02_2_side.jpg,deepfashion,"The tank shirt the female wears has sleeves cut off, its fabric is cotton, and it has graphic patterns. The tank shirt has a v-shape neckline.",Cotton,caption_keyword,0.7,NOISY
C:\Users\sama\OneDrive\Desktop\naishtex\Textile\Backend\data\processed\material_deepfashion\Cotton\WOMEN-Rompers_Jumpsuits-id_00002386-02_1_front.jpg,deepfashion,This female wears a tank tank shirt with graphic patterns and long trousers. The tank shirt is with cotton fabric. The trousers are with cotton fabric,Cotton,caption_keyword,0.7,NOISY
C:\Users\sama\OneDrive\Desktop\naishtex\Textile\Backend\data\processed\material_deepfashion\Cotton\WOMEN-Pants-id_00006275-02_1_front.jpg,deepfashion,This lady is wearing a long-sleeve sweater with complicated patterns. The sweater is with cotton fabric. It has a round neckline. The pants this lady ,Cotton,caption_keyword,0.7,NOISY
C:\Users\sama\OneDrive\Desktop\naishtex\Textile\Backend\data\processed\material_deepfashion\Cotton\WOMEN-Cardigans-id_00006266-01_2_side.jpg,deepfashion,"The shirt the person wears has long sleeves, its fabric is cotton, and it has complicated patterns. The lady wears a ring.",Cotton,caption_keyword,0.7,NOISY
C:\Users\sama\OneDrive\Desktop\naishtex\Textile\Backend\data\processed\material_deepfashion\Cotton\MEN-Sweatshirts_Hoodies-id_00000146-02_4_full.jpg,deepfashion,The guy wears a long-sleeve sweater with graphic patterns. The sweater is with cotton fabric. It has a crew neckline. The trousers the guy wears is of,Cotton,caption_keyword,0.7,NOISY
C:\Users\sama\OneDrive\Desktop\naishtex\Textile\Backend\data\processed\material_deepfashion\Cotton\MEN-Tees_Tanks-id_00003132-03_1_front.jpg,deepfashion,"His T-shirt has short sleeves, cotton fabric and pure color patterns. The neckline of it is crew. The guy wears a three-point pants. The pants are wit",Cotton,caption_keyword,0.7,NOISY
C:\Users\sama\OneDrive\Desktop\naishtex\Textile\Backend\data\processed\material_deepfashion\Cotton\WOMEN-Tees_Tanks-id_00000026-05_2_side.jpg,deepfashion,The person is wearing a short-sleeve shirt with graphic patterns. The shirt is with cotton fabric and its neckline is crew. This lady wears a ring. Th,Cotton,caption_keyword,0.7,NOISY
C:\Users\sama\OneDrive\Desktop\naishtex\Textile\Backend\data\processed\material_deepfashion\Cotton\WOMEN-Tees_Tanks-id_00007558-09_7_additional.jpg,deepfashion,The female is wearing a long-sleeve sweater with graphic patterns. The sweater is with cotton fabric. There is a ring on her finger. There is an acces,Cotton,caption_keyword,0.7,NOISY
C:\Users\sama\OneDrive\Desktop\naishtex\Textile\Backend\data\processed\material_deepfashion\Cotton\WOMEN-Dresses-id_00001141-01_2_side.jpg,deepfashion,The shirt the person wears has short sleeves and its fabric is cotton. The pattern of it is graphic. It has a round neckline. The person wears a three,Cotton,caption_keyword,0.7,NOISY
C:\Users\sama\OneDrive\Desktop\naishtex\Textile\Backend\data\processed\material_deepfashion\Cotton\MEN-Sweaters-id_00002685-01_2_side.jpg,deepfashion,This guy is wearing a short-sleeve shirt with graphic patterns. The shirt is with cotton fabric. The neckline of the shirt is lapel.,Cotton,caption_keyword,0.7,NOISY
C:\Users\sama\OneDrive\Desktop\naishtex\Textile\Backend\data\processed\material_deepfashion\Cotton\MEN-Jackets_Vests-id_00002268-01_3_back.jpg,deepfashion,"His tank top has no sleeves, cotton fabric and solid color patterns. The outer clothing is with cotton fabric and solid color patterns.",Cotton,caption_keyword,0.7,NOISY
C:\Users\sama\OneDrive\Desktop\naishtex\Textile\Backend\data\processed\material_deepfashion\Cotton\WOMEN-Dresses-id_00004227-02_3_back.jpg,deepfashion,This woman is wearing a tank tank shirt with graphic patterns and a three-point shorts. The tank shirt is with cotton fabric. The neckline of the tank,Cotton,caption_keyword,0.7,NOISY
C:\Users\sama\OneDrive\Desktop\naishtex\Textile\Backend\data\processed\material_deepfashion\Cotton\WOMEN-Tees_Tanks-id_00005245-02_2_side.jpg,deepfashion,"The shirt this lady wears has medium sleeves, its fabric is cotton, and it has striped patterns.",Cotton,caption_keyword,0.7,NOISY
C:\Users\sama\OneDrive\Desktop\naishtex\Textile\Backend\data\processed\material_deepfashion\Cotton\MEN-Tees_Tanks-id_00007553-04_7_additional.jpg,deepfashion,The person is wearing a short-sleeve T-shirt with color block patterns. The T-shirt is with cotton fabric. It has a crew neckline. The person wears a ,Cotton,caption_keyword,0.7,NOISY
C:\Users\sama\OneDrive\Desktop\naishtex\Textile\Backend\data\processed\material_deepfashion\Cotton\WOMEN-Tees_Tanks-id_00000117-11_1_front.jpg,deepfashion,"The upper clothing has no sleeves, cotton fabric and pure color patterns. It has a suspenders neckline. There is an accessory on her wrist.",Cotton,caption_keyword,0.7,NOISY
C:\Users\sama\OneDrive\Desktop\naishtex\Textile\Backend\data\processed\material_deepfashion\Cotton\WOMEN-Dresses-id_00000378-08_7_additional.jpg,deepfashion,"Her shirt has long sleeves, cotton fabric and graphic patterns. The neckline of it is crew. The shorts the lady wears is of three-point length. The sh",Cotton,caption_keyword,0.7,NOISY
C:\Users\sama\OneDrive\Desktop\naishtex\Textile\Backend\data\processed\material_deepfashion\Cotton\WOMEN-Blouses_Shirts-id_00002000-01_2_side.jpg,deepfashion,"The sweater this person wears has long sleeves, its fabric is cotton, and it has pure color patterns. The sweater has a v-shape neckline.",Cotton,caption_keyword,0.7,NOISY
C:\Users\sama\OneDrive\Desktop\naishtex\Textile\Backend\data\processed\material_deepfashion\Cotton\WOMEN-Tees_Tanks-id_00004069-05_3_back.jpg,deepfashion,The tank top the lady wears has sleeves cut off and its fabric is cotton. The pattern of it is stripe.,Cotton,caption_keyword,0.7,NOISY
C:\Users\sama\OneDrive\Desktop\naishtex\Textile\Backend\data\processed\material_deepfashion\Cotton\WOMEN-Jackets_Coats-id_00000842-01_1_front.jpg,deepfashion,"Her shirt has short sleeves, cotton fabric and solid color patterns. This woman wears a three-point pants. The pants are with cotton fabric and solid ",Cotton,caption_keyword,0.7,NOISY
C:\Users\sama\OneDrive\Desktop\naishtex\Textile\Backend\data\processed\material_deepfashion\Cotton\WOMEN-Shorts-id_00005953-02_4_full.jpg,deepfashion,"The tank top this lady wears has no sleeves, its fabric is knitting, and it has other patterns. The tank top has a suspenders neckline. This lady wear",Cotton,caption_keyword,0.7,NOISY
C:\Users\sama\OneDrive\Desktop\naishtex\Textile\Backend\data\processed\material_deepfashion\Cotton\WOMEN-Tees_Tanks-id_00002903-02_1_front.jpg,deepfashion,The lady wears a tank tank shirt with pure color patterns. The tank shirt is with cotton fabric and its neckline is v-shape. The person wears a ring. ,Cotton,caption_keyword,0.7,NOISY
C:\Users\sama\OneDrive\Desktop\naishtex\Textile\Backend\data\processed\material_deepfashion\Cotton\WOMEN-Graphic_Tees-id_00003534-01_4_full.jpg,deepfashion,"Her shirt has long sleeves, cotton fabric and graphic patterns. It has a round neckline. This female wears a long trousers. The trousers are with cott",Cotton,caption_keyword,0.7,NOISY
C:\Users\sama\OneDrive\Desktop\naishtex\Textile\Backend\data\processed\material_deepfashion\Cotton\WOMEN-Skirts-id_00001402-05_1_front.jpg,deepfashion,The person is wearing a tank tank shirt with pure color patterns. The tank shirt is with cotton fabric and its neckline is crew. The person wears a th,Cotton,caption_keyword,0.7,NOISY
C:\Users\sama\OneDrive\Desktop\naishtex\Textile\Backend\data\processed\material_deepfashion\Cotton\MEN-Pants-id_00000836-03_4_full.jpg,deepfashion,This guy wears a long-sleeve shirt with pure color patterns and a long trousers. The shirt is with cotton fabric. The neckline of the shirt is lapel. ,Cotton,caption_keyword,0.7,NOISY
C:\Users\sama\OneDrive\Desktop\naishtex\Textile\Backend\data\processed\material_deepfashion\Cotton\MEN-Tees_Tanks-id_00001059-03_3_back.jpg,deepfashion,The T-shirt the person wears has short sleeves and its fabric is cotton. The pattern of it is solid color. There is an accessory on his wrist.,Cotton,caption_keyword,0.7,NOISY
C:\Users\sama\OneDrive\Desktop\naishtex\Textile\Backend\data\processed\material_deepfashion\Cotton\WOMEN-Tees_Tanks-id_00002259-08_4_full.jpg,deepfashion,The T-shirt this lady wears has short sleeves and its fabric is cotton. The pattern of it is solid color. It has a crew neckline. This lady wears a lo,Cotton,caption_keyword,0.7,NOISY
C:\Users\sama\OneDrive\Desktop\naishtex\Textile\Backend\data\processed\material_deepfashion\Cotton\WOMEN-Blouses_Shirts-id_00001102-03_2_side.jpg,deepfashion,"The shirt the person wears has long sleeves, its fabric is cotton, and it has stripe patterns. The shirt has a lapel neckline. There is a ring on her ",Cotton,caption_keyword,0.7,NOISY
C:\Users\sama\OneDrive\Desktop\naishtex\Textile\Backend\data\processed\material_deepfashion\Cotton\WOMEN-Shorts-id_00004325-02_1_front.jpg,deepfashion,"Her tank top has sleeves cut off, cotton fabric and solid color patterns. The neckline of it is suspenders. The shorts the female wears is of three-po",Cotton,caption_keyword,0.7,NOISY
C:\Users\sama\OneDrive\Desktop\naishtex\Textile\Backend\data\processed\material_deepfashion\Cotton\MEN-Shorts-id_00007141-01_1_front.jpg,deepfashion,"His shirt has long sleeves, cotton fabric and pure color patterns. It has a round neckline. The pants the person wears is of long length. The pants ar",Cotton,caption_keyword,0.7,NOISY
C:\Users\sama\OneDrive\Desktop\naishtex\Textile\Backend\data\processed\material_deepfashion\Cotton\WOMEN-Tees_Tanks-id_00007721-33_1_front.jpg,deepfashion,This woman wears a tank tank shirt with pure color patterns. The tank shirt is with cotton fabric and it has a suspenders neckline.,Cotton,caption_keyword,0.7,NOISY
C:\Users\sama\OneDrive\Desktop\naishtex\Textile\Backend\data\processed\material_deepfashion\Cotton\WOMEN-Dresses-id_00005936-03_7_additional.jpg,deepfashion,This lady wears a long-sleeve sweater with graphic patterns and a three-point pants. The sweater is with cotton fabric. The pants are with cotton fabr,Cotton,caption_keyword,0.7,NOISY
C:\Users\sama\OneDrive\Desktop\naishtex\Textile\Backend\data\processed\material_deepfashion\Cotton\WOMEN-Sweaters-id_00000291-05_2_side.jpg,deepfashion,"The shirt the person wears has long sleeves, its fabric is cotton, and it has solid color patterns. The shirt has a v-shape neckline. This woman also ",Cotton,caption_keyword,0.7,NOISY
C:\Users\sama\OneDrive\Desktop\naishtex\Textile\Backend\data\processed\material_deepfashion\Cotton\WOMEN-Shorts-id_00006072-02_1_front.jpg,deepfashion,This lady wears a sleeveless tank top with graphic patterns. The tank top is with cotton fabric. It has a crew neckline. This lady wears a three-point,Cotton,caption_keyword,0.7,NOISY
C:\Users\sama\OneDrive\Desktop\naishtex\Textile\Backend\data\processed\material_deepfashion\Denim\WOMEN-Blouses_Shirts-id_00002763-01_3_back.jpg,deepfashion,"The tank top this person wears has no sleeves, its fabric is denim, and it has pure color patterns. This person wears a three-point pants, with denim ",Denim,caption_keyword,0.7,NOISY
C:\Users\sama\OneDrive\Desktop\naishtex\Textile\Backend\data\processed\material_deepfashion\Denim\WOMEN-Blouses_Shirts-id_00007418-02_4_full.jpg,deepfashion,The shirt the female wears has medium sleeves and it is with chiffon fabric and graphic patterns. The neckline of the shirt is crew. The female wears ,Denim,caption_keyword,0.7,NOISY
C:\Users\sama\OneDrive\Desktop\naishtex\Textile\Backend\data\processed\material_deepfashion\Denim\WOMEN-Blouses_Shirts-id_00002555-03_3_back.jpg,deepfashion,The lady is wearing a long-sleeve shirt with solid color patterns and a three-point shorts. The shirt is with denim fabric. The shorts are with denim ,Denim,caption_keyword,0.7,NOISY
C:\Users\sama\OneDrive\Desktop\naishtex\Textile\Backend\data\processed\material_deepfashion\Denim\WOMEN-Blouses_Shirts-id_00000433-05_4_full.jpg,deepfashion,"Her tank shirt has sleeves cut off, chiffon fabric and pure color patterns. The neckline of it is suspenders. This female wears a long pants. The pant",Denim,caption_keyword,0.7,NOISY
C:\Users\sama\OneDrive\Desktop\naishtex\Textile\Backend\data\processed\material_deepfashion\Denim\WOMEN-Blouses_Shirts-id_00005639-01_7_additional.jpg,deepfashion,The female wears a tank tank shirt with graphic patterns and a three-point shorts. The tank shirt is with knitting fabric. The shorts are with denim f,Denim,caption_keyword,0.7,NOISY
C:\Users\sama\OneDrive\Desktop\naishtex\Textile\Backend\data\processed\material_deepfashion\Denim\WOMEN-Blouses_Shirts-id_00006591-03_2_side.jpg,deepfashion,The female wears a tank tank shirt with graphic patterns. The tank shirt is with chiffon fabric. The pants the female wears is of three-point length. ,Denim,caption_keyword,0.7,NOISY
C:\Users\sama\OneDrive\Desktop\naishtex\Textile\Backend\data\processed\material_deepfashion\Denim\WOMEN-Tees_Tanks-id_00003449-06_4_full.jpg,deepfashion,The sweater this woman wears has long sleeves and it is with chiffon fabric and graphic patterns. The neckline of the sweater is suspenders. This woma,Denim,caption_keyword,0.7,NOISY
C:\Users\sama\OneDrive\Desktop\naishtex\Textile\Backend\data\processed\material_deepfashion\Denim\WOMEN-Blouses_Shirts-id_00000190-02_4_full.jpg,deepfashion,"The tank top the female wears has sleeves cut off, its fabric is chiffon, and it has graphic patterns. The tank top has a round neckline. The female w",Denim,caption_keyword,0.7,NOISY
C:\Users\sama\OneDrive\Desktop\naishtex\Textile\Backend\data\processed\material_deepfashion\Denim\WOMEN-Blouses_Shirts-id_00006506-05_7_additional.jpg,deepfashion,This lady is wearing a short-sleeve shirt with solid color patterns. The shirt is with chiffon fabric and its neckline is lapel. The trousers this lad,Denim,caption_keyword,0.7,NOISY
C:\Users\sama\OneDrive\Desktop\naishtex\Textile\Backend\data\processed\material_deepfashion\Denim\WOMEN-Blouses_Shirts-id_00004157-01_7_additional.jpg,deepfashion,This lady is wearing a tank tank shirt with pure color patterns. The tank shirt is with chiffon fabric and its neckline is crew. The pants this lady w,Denim,caption_keyword,0.7,NOISY
C:\Users\sama\OneDrive\Desktop\naishtex\Textile\Backend\data\processed\material_deepfashion\Denim\WOMEN-Sweaters-id_00002608-05_7_additional.jpg,deepfashion,"Her sweater has long sleeves, knitting fabric and graphic patterns. The neckline of it is round. The person wears a long trousers. The trousers are wi",Denim,caption_keyword,0.7,NOISY
C:\Users\sama\OneDrive\Desktop\naishtex\Textile\Backend\data\processed\material_deepfashion\Denim\WOMEN-Blouses_Shirts-id_00004839-02_7_additional.jpg,deepfashion,This woman is wearing a long-sleeve sweater with solid color patterns and a three-point shorts. The sweater is with chiffon fabric. The neckline of th,Denim,caption_keyword,0.7,NOISY
C:\Users\sama\OneDrive\Desktop\naishtex\Textile\Backend\data\processed\material_deepfashion\Denim\WOMEN-Sweaters-id_00001615-05_1_front.jpg,deepfashion,"The sweater the person wears has long sleeves, its fabric is knitting, and it has striped patterns. The sweater has a round neckline. The person wears",Denim,caption_keyword,0.7,NOISY
C:\Users\sama\OneDrive\Desktop\naishtex\Textile\Backend\data\processed\material_deepfashion\Denim\WOMEN-Blouses_Shirts-id_00001790-02_2_side.jpg,deepfashion,This woman wears a tank tank top with graphic patterns. The tank top is with chiffon fabric. It has a suspenders neckline. The pants this woman wears ,Denim,caption_keyword,0.7,NOISY
C:\Users\sama\OneDrive\Desktop\naishtex\Textile\Backend\data\processed\material_deepfashion\Denim\WOMEN-Blouses_Shirts-id_00006466-05_4_full.jpg,deepfashion,"The upper clothing has sleeves cut off, chiffon fabric and solid color patterns. The neckline of it is suspenders. The lower clothing is of long lengt",Denim,caption_keyword,0.7,NOISY
C:\Users\sama\OneDrive\Desktop\naishtex\Textile\Backend\data\processed\material_deepfashion\Denim\WOMEN-Sweatshirts_Hoodies-id_00004830-02_7_additional.jpg,deepfashion,This lady wears a long-sleeve sweater with striped patterns and a three-point pants. The sweater is with knitting fabric. The neckline of the sweater ,Denim,caption_keyword,0.7,NOISY
C:\Users\sama\OneDrive\Desktop\naishtex\Textile\Backend\data\processed\material_deepfashion\Denim\WOMEN-Jackets_Coats-id_00002677-01_3_back.jpg,deepfashion,"Her sweater has long sleeves, mixed fabric and mixed patterns. The neckline of it is lapel. The pants the female wears is of long length. The pants ar",Denim,caption_keyword,0.7,NOISY
C:\Users\sama\OneDrive\Desktop\naishtex\Textile\Backend\data\processed\material_deepfashion\Denim\WOMEN-Blouses_Shirts-id_00007196-05_4_full.jpg,deepfashion,The person is wearing a sleeveless tank shirt with pure color patterns and a three-quarter pants. The tank shirt is with chiffon fabric and its neckli,Denim,caption_keyword,0.7,NOISY
C:\Users\sama\OneDrive\Desktop\naishtex\Textile\Backend\data\processed\material_deepfashion\Denim\WOMEN-Shorts-id_00002038-11_1_front.jpg,deepfashion,The tank top the female wears has no sleeves and it is with knitting fabric and stripe patterns. The neckline of the tank top is crew. The female wear,Denim,caption_keyword,0.7,NOISY
C:\Users\sama\OneDrive\Desktop\naishtex\Textile\Backend\data\processed\material_deepfashion\Denim\WOMEN-Sweaters-id_00006882-02_4_full.jpg,deepfashion,The female is wearing a long-sleeve sweater with graphic patterns and a long trousers. The sweater is with knitting fabric. The neckline of the sweate,Denim,caption_keyword,0.7,NOISY
C:\Users\sama\OneDrive\Desktop\naishtex\Textile\Backend\data\processed\material_deepfashion\Denim\WOMEN-Blouses_Shirts-id_00002900-01_4_full.jpg,deepfashion,"The upper clothing has no sleeves, chiffon fabric and solid color patterns. The neckline of it is lapel. The lower clothing is of long length. The fab",Denim,caption_keyword,0.7,NOISY
C:\Users\sama\OneDrive\Desktop\naishtex\Textile\Backend\data\processed\material_deepfashion\Denim\WOMEN-Blouses_Shirts-id_00004687-04_4_full.jpg,deepfashion,This lady is wearing a sleeveless tank top with graphic patterns and a long trousers. The tank top is with chiffon fabric. The neckline of the tank to,Denim,caption_keyword,0.7,NOISY
C:\Users\sama\OneDrive\Desktop\naishtex\Textile\Backend\data\processed\material_deepfashion\Denim\WOMEN-Blouses_Shirts-id_00002972-01_4_full.jpg,deepfashion,The tank top this lady wears has no sleeves and it is with knitting fabric and graphic patterns. The neckline of the tank top is crew. This lady wears,Denim,caption_keyword,0.7,NOISY
C:\Users\sama\OneDrive\Desktop\naishtex\Textile\Backend\data\processed\material_deepfashion\Denim\WOMEN-Tees_Tanks-id_00003770-04_4_full.jpg,deepfashion,This woman wears a tank tank top with graphic patterns and a three-point pants. The tank top is with knitting fabric and its neckline is v-shape. The ,Denim,caption_keyword,0.7,NOISY
C:\Users\sama\OneDrive\Desktop\naishtex\Textile\Backend\data\processed\material_deepfashion\Denim\WOMEN-Tees_Tanks-id_00004159-04_4_full.jpg,deepfashion,This person wears a tank tank shirt with pure color patterns and a three-point pants. The tank shirt is with knitting fabric and its neckline is suspe,Denim,caption_keyword,0.7,NOISY
C:\Users\sama\OneDrive\Desktop\naishtex\Textile\Backend\data\processed\material_deepfashion\Denim\WOMEN-Blouses_Shirts-id_00003328-01_3_back.jpg,deepfashion,The lady wears a sleeveless tank shirt with graphic patterns. The tank shirt is with denim fabric. This lady has neckwear. There is an accessory on he,Denim,caption_keyword,0.7,NOISY
C:\Users\sama\OneDrive\Desktop\naishtex\Textile\Backend\data\processed\material_deepfashion\Denim\WOMEN-Blouses_Shirts-id_00007267-04_7_additional.jpg,deepfashion,The shirt this female wears has short sleeves and its fabric is chiffon. The pattern of it is solid color. It has a crew neckline. This female wears a,Denim,caption_keyword,0.7,NOISY
C:\Users\sama\OneDrive\Desktop\naishtex\Textile\Backend\data\processed\material_deepfashion\Denim\MEN-Shirts_Polos-id_00006432-01_3_back.jpg,deepfashion,The shirt the guy wears has medium sleeves and its fabric is denim. The pattern of it is complicated. It has a lapel neckline.,Denim,caption_keyword,0.7,NOISY
C:\Users\sama\OneDrive\Desktop\naishtex\Textile\Backend\data\processed\material_deepfashion\Denim\WOMEN-Blouses_Shirts-id_00003362-01_7_additional.jpg,deepfashion,This woman is wearing a tank tank top with pure color patterns. The tank top is with denim fabric. The neckline of the tank top is lapel.,Denim,caption_keyword,0.7,NOISY
C:\Users\sama\OneDrive\Desktop\naishtex\Textile\Backend\data\processed\material_deepfashion\Denim\WOMEN-Sweaters-id_00006219-04_2_side.jpg,deepfashion,"The shirt this woman wears has long sleeves, its fabric is knitting, and it has graphic patterns. This woman wears a three-point shorts, with denim fa",Denim,caption_keyword,0.7,NOISY
C:\Users\sama\OneDrive\Desktop\naishtex\Textile\Backend\data\processed\material_deepfashion\Denim\WOMEN-Blouses_Shirts-id_00006064-03_3_back.jpg,deepfashion,"Her shirt has medium sleeves, chiffon fabric and pure color patterns. The shorts the person wears is of three-point length. The shorts are with denim ",Denim,caption_keyword,0.7,NOISY
C:\Users\sama\OneDrive\Desktop\naishtex\Textile\Backend\data\processed\material_deepfashion\Denim\WOMEN-Tees_Tanks-id_00000503-01_7_additional.jpg,deepfashion,"The shirt this female wears has short sleeves and its fabric is chiffon. The pattern of it is other. This female wears a three-point shorts, with deni",Denim,caption_keyword,0.7,NOISY
C:\Users\sama\OneDrive\Desktop\naishtex\Textile\Backend\data\processed\material_deepfashion\Denim\WOMEN-Blouses_Shirts-id_00007261-06_7_additional.jpg,deepfashion,The female is wearing a long-sleeve sweater with graphic patterns and a long pants. The sweater is with chiffon fabric. The neckline of the sweater is,Denim,caption_keyword,0.7,NOISY
C:\Users\sama\OneDrive\Desktop\naishtex\Textile\Backend\data\processed\material_deepfashion\Denim\WOMEN-Tees_Tanks-id_00003770-06_1_front.jpg,deepfashion,"Her tank shirt has no sleeves, knitting fabric and graphic patterns. The neckline of it is v-shape. The shorts this female wears is of three-point len",Denim,caption_keyword,0.7,NOISY
C:\Users\sama\OneDrive\Desktop\naishtex\Textile\Backend\data\processed\material_deepfashion\Denim\WOMEN-Sweaters-id_00001615-06_7_additional.jpg,deepfashion,This woman is wearing a long-sleeve sweater with striped patterns. The sweater is with knitting fabric and its neckline is round. This woman wears a t,Denim,caption_keyword,0.7,NOISY
C:\Users\sama\OneDrive\Desktop\naishtex\Textile\Backend\data\processed\material_deepfashion\Denim\WOMEN-Sweaters-id_00005951-02_7_additional.jpg,deepfashion,This woman wears a long-sleeve sweater with other patterns. The sweater is with other fabric. The trousers this woman wears is of long length. The tro,Denim,caption_keyword,0.7,NOISY
C:\Users\sama\OneDrive\Desktop\naishtex\Textile\Backend\data\processed\material_deepfashion\Denim\WOMEN-Tees_Tanks-id_00006015-03_1_front.jpg,deepfashion,"Her tank top has no sleeves, knitting fabric and graphic patterns. It has a crew neckline. The shorts the female wears is of three-point length. The s",Denim,caption_keyword,0.7,NOISY
C:\Users\sama\OneDrive\Desktop\naishtex\Textile\Backend\data\processed\material_deepfashion\Denim\WOMEN-Blouses_Shirts-id_00004839-02_1_front.jpg,deepfashion,The sweater this lady wears has long sleeves and it is with chiffon fabric and pure color patterns. The neckline of the sweater is v-shape. This lady ,Denim,caption_keyword,0.7,NOISY
C:\Users\sama\OneDrive\Desktop\naishtex\Textile\Backend\data\processed\material_deepfashion\Denim\WOMEN-Blouses_Shirts-id_00004963-01_3_back.jpg,deepfashion,This woman wears a tank tank top with solid color patterns. The tank top is with chiffon fabric. The pants this woman wears is of three-point length. ,Denim,caption_keyword,0.7,NOISY
C:\Users\sama\OneDrive\Desktop\naishtex\Textile\Backend\data\processed\material_deepfashion\Denim\WOMEN-Blouses_Shirts-id_00002959-02_3_back.jpg,deepfashion,"Her tank top has no sleeves, chiffon fabric and graphic patterns. The lady wears a three-point pants. The pants are with denim fabric and pure color p",Denim,caption_keyword,0.7,NOISY
C:\Users\sama\OneDrive\Desktop\naishtex\Textile\Backend\data\processed\material_deepfashion\Denim\WOMEN-Tees_Tanks-id_00001111-01_1_front.jpg,deepfashion,"Her tank top has sleeves cut off, chiffon fabric and graphic patterns. The neckline of it is crew. The shorts this person wears is of three-point leng",Denim,caption_keyword,0.7,NOISY
C:\Users\sama\OneDrive\Desktop\naishtex\Textile\Backend\data\processed\material_deepfashion\Denim\WOMEN-Sweaters-id_00003479-07_4_full.jpg,deepfashion,"The sweater the female wears has long sleeves, its fabric is knitting, and it has solid color patterns. The sweater has a crew neckline. The female we",Denim,caption_keyword,0.7,NOISY
C:\Users\sama\OneDrive\Desktop\naishtex\Textile\Backend\data\processed\material_deepfashion\Denim\WOMEN-Blouses_Shirts-id_00001860-02_4_full.jpg,deepfashion,The person is wearing a short-sleeve T-shirt with pure color patterns. The T-shirt is with chiffon fabric and its neckline is v-shape. The pants the p,Denim,caption_keyword,0.7,NOISY
C:\Users\sama\OneDrive\Desktop\naishtex\Textile\Backend\data\processed\material_deepfashion\Denim\WOMEN-Blouses_Shirts-id_00006744-02_4_full.jpg,deepfashion,"The upper clothing has no sleeves, chiffon fabric and graphic patterns. It has a square neckline. The lower clothing is of long length. The fabric is ",Denim,caption_keyword,0.7,NOISY
C:\Users\sama\OneDrive\Desktop\naishtex\Textile\Backend\data\processed\material_deepfashion\Denim\WOMEN-Blouses_Shirts-id_00000043-01_2_side.jpg,deepfashion,"The tank top this female wears has no sleeves and it is with chiffon fabric and solid color patterns. This female wears a three-point shorts, with den",Denim,caption_keyword,0.7,NOISY
C:\Users\sama\OneDrive\Desktop\naishtex\Textile\Backend\data\processed\material_deepfashion\Denim\WOMEN-Cardigans-id_00000070-03_4_full.jpg,deepfashion,"The upper clothing has long sleeves, chiffon fabric and pure color patterns. It has a lapel neckline. The lower clothing is of long length. The fabric",Denim,caption_keyword,0.7,NOISY
C:\Users\sama\OneDrive\Desktop\naishtex\Textile\Backend\data\processed\material_deepfashion\Denim\WOMEN-Blouses_Shirts-id_00004433-02_4_full.jpg,deepfashion,"Her tank top has no sleeves, knitting fabric and graphic patterns. It has a suspenders neckline. This lady wears a three-point pants. The pants are wi",Denim,caption_keyword,0.7,NOISY
C:\Users\sama\OneDrive\Desktop\naishtex\Textile\Backend\data\processed\material_deepfashion\Denim\WOMEN-Blouses_Shirts-id_00003933-02_1_front.jpg,deepfashion,"The upper clothing has sleeves cut off, denim fabric and pure color patterns. It has a crew neckline. There is an accessory on her wrist.",Denim,caption_keyword,0.7,NOISY
C:\Users\sama\OneDrive\Desktop\naishtex\Textile\Backend\data\processed\material_deepfashion\Denim\WOMEN-Tees_Tanks-id_00004773-02_7_additional.jpg,deepfashion,The lady wears a tank tank top with complicated patterns. The tank top is with chiffon fabric. The lady wears a three-point pants. The pants are with ,Denim,caption_keyword,0.7,NOISY
C:\Users\sama\OneDrive\Desktop\naishtex\Textile\Backend\data\processed\material_deepfashion\Denim\WOMEN-Blouses_Shirts-id_00007773-04_7_additional.jpg,deepfashion,The female wears a short-sleeve shirt with floral patterns. The shirt is with chiffon fabric. It has a crew neckline. The shorts the female wears is o,Denim,caption_keyword,0.7,NOISY
C:\Users\sama\OneDrive\Desktop\naishtex\Textile\Backend\data\processed\material_deepfashion\Denim\WOMEN-Blouses_Shirts-id_00006389-07_3_back.jpg,deepfashion,This person wears a long-sleeve sweater with solid color patterns. The sweater is with chiffon fabric. The pants this person wears is of three-point l,Denim,caption_keyword,0.7,NOISY
C:\Users\sama\OneDrive\Desktop\naishtex\Textile\Backend\data\processed\material_deepfashion\Denim\WOMEN-Blouses_Shirts-id_00005620-03_2_side.jpg,deepfashion,This female is wearing a sleeveless tank top with floral patterns. The tank top is with chiffon fabric. This female wears a three-point shorts. The sh,Denim,caption_keyword,0.7,NOISY
C:\Users\sama\OneDrive\Desktop\naishtex\Textile\Backend\data\processed\material_deepfashion\Denim\WOMEN-Tees_Tanks-id_00005033-03_4_full.jpg,deepfashion,"Her tank shirt has no sleeves, chiffon fabric and graphic patterns. It has a round neckline. The person wears a long pants. The pants are with denim f",Denim,caption_keyword,0.7,NOISY
C:\Users\sama\OneDrive\Desktop\naishtex\Textile\Backend\data\processed\material_deepfashion\Denim\WOMEN-Tees_Tanks-id_00003449-04_4_full.jpg,deepfashion,This lady is wearing a sleeveless tank shirt with graphic patterns. The tank shirt is with chiffon fabric. It has a suspenders neckline. This lady wea,Denim,caption_keyword,0.7,NOISY
C:\Users\sama\OneDrive\Desktop\naishtex\Textile\Backend\data\processed\material_deepfashion\Denim\WOMEN-Blouses_Shirts-id_00004491-07_1_front.jpg,deepfashion,The person wears a sleeveless tank top with solid color patterns and a three-point shorts. The tank top is with chiffon fabric and its neckline is sus,Denim,caption_keyword,0.7,NOISY
C:\Users\sama\OneDrive\Desktop\naishtex\Textile\Backend\data\processed\material_deepfashion\Denim\WOMEN-Blouses_Shirts-id_00004433-02_7_additional.jpg,deepfashion,"The tank shirt this person wears has no sleeves, its fabric is knitting, and it has graphic patterns. This person wears a three-point pants, with deni",Denim,caption_keyword,0.7,NOISY
C:\Users\sama\OneDrive\Desktop\naishtex\Textile\Backend\data\processed\material_deepfashion\Denim\MEN-Shirts_Polos-id_00006432-01_1_front.jpg,deepfashion,This man is wearing a medium-sleeve shirt with complicated patterns. The shirt is with denim fabric and its neckline is lapel.,Denim,caption_keyword,0.7,NOISY
C:\Users\sama\OneDrive\Desktop\naishtex\Textile\Backend\data\processed\material_deepfashion\Denim\WOMEN-Sweaters-id_00001255-02_3_back.jpg,deepfashion,"The sweater this female wears has long sleeves and its fabric is knitting. The pattern of it is solid color. This female wears a three-point shorts, w",Denim,caption_keyword,0.7,NOISY
C:\Users\sama\OneDrive\Desktop\naishtex\Textile\Backend\data\processed\material_deepfashion\Denim\WOMEN-Blouses_Shirts-id_00003822-03_1_front.jpg,deepfashion,The female is wearing a tank tank shirt with solid color patterns. The tank shirt is with chiffon fabric. It has a round neckline. The pants the femal,Denim,caption_keyword,0.7,NOISY
C:\Users\sama\OneDrive\Desktop\naishtex\Textile\Backend\data\processed\material_deepfashion\Denim\WOMEN-Blouses_Shirts-id_00007049-01_4_full.jpg,deepfashion,"Her tank shirt has sleeves cut off, chiffon fabric and graphic patterns. It has a suspenders neckline. The pants the person wears is of long length. T",Denim,caption_keyword,0.7,NOISY
C:\Users\sama\OneDrive\Desktop\naishtex\Textile\Backend\data\processed\material_deepfashion\Denim\WOMEN-Blouses_Shirts-id_00005972-02_2_side.jpg,deepfashion,This person is wearing a tank tank top with graphic patterns. The tank top is with chiffon fabric and its neckline is round. The shorts this person we,Denim,caption_keyword,0.7,NOISY
C:\Users\sama\OneDrive\Desktop\naishtex\Textile\Backend\data\processed\material_deepfashion\Denim\WOMEN-Blouses_Shirts-id_00005105-02_1_front.jpg,deepfashion,"Her tank top has no sleeves, chiffon fabric and graphic patterns. It has a suspenders neckline. The pants this lady wears is of three-point length. Th",Denim,caption_keyword,0.7,NOISY
C:\Users\sama\OneDrive\Desktop\naishtex\Textile\Backend\data\processed\material_deepfashion\Denim\WOMEN-Blouses_Shirts-id_00001217-03_4_full.jpg,deepfashion,The person wears a sleeveless tank top with graphic patterns. The tank top is with chiffon fabric. It has a suspenders neckline. The trousers the pers,Denim,caption_keyword,0.7,NOISY
C:\Users\sama\OneDrive\Desktop\naishtex\Textile\Backend\data\processed\material_deepfashion\Denim\WOMEN-Sweatshirts_Hoodies-id_00000126-04_4_full.jpg,deepfashion,The person wears a long-sleeve sweater with stripe patterns. The sweater is with knitting fabric. It has a v-shape neckline. The person wears a long t,Denim,caption_keyword,0.7,NOISY
C:\Users\sama\OneDrive\Desktop\naishtex\Textile\Backend\data\processed\material_deepfashion\Denim\WOMEN-Blouses_Shirts-id_00005105-02_4_full.jpg,deepfashion,"The upper clothing has sleeves cut off, chiffon fabric and graphic patterns. It has a suspenders neckline. The lower clothing is of three-point length",Denim,caption_keyword,0.7,NOISY
C:\Users\sama\OneDrive\Desktop\naishtex\Textile\Backend\data\processed\material_deepfashion\Denim\WOMEN-Blouses_Shirts-id_00006401-02_2_side.jpg,deepfashion,"The shirt the person wears has short sleeves, its fabric is denim, and it has pure color patterns.",Denim,caption_keyword,0.7,NOISY
C:\Users\sama\OneDrive\Desktop\naishtex\Textile\Backend\data\processed\material_deepfashion\Denim\WOMEN-Shorts-id_00006126-03_2_side.jpg,deepfashion,The lower clothing is of three-point length. The fabric is denim and it has solid color patterns.,Denim,caption_keyword,0.7,NOISY
C:\Users\sama\OneDrive\Desktop\naishtex\Textile\Backend\data\processed\material_deepfashion\Denim\WOMEN-Dresses-id_00003250-02_3_back.jpg,deepfashion,The female wears a sleeveless tank shirt with solid color patterns and a medium shorts. The tank shirt is with denim fabric. The neckline of the tank ,Denim,caption_keyword,0.7,NOISY
C:\Users\sama\OneDrive\Desktop\naishtex\Textile\Backend\data\processed\material_deepfashion\Denim\WOMEN-Blouses_Shirts-id_00007064-03_2_side.jpg,deepfashion,"The tank shirt this female wears has no sleeves and it is with chiffon fabric and graphic patterns. This female wears a three-point pants, with denim ",Denim,caption_keyword,0.7,NOISY
C:\Users\sama\OneDrive\Desktop\naishtex\Textile\Backend\data\processed\material_deepfashion\Denim\WOMEN-Sweaters-id_00002502-02_3_back.jpg,deepfashion,"The upper clothing has long sleeves, knitting fabric and striped patterns. The lower clothing is of three-point length. The fabric is denim and it has",Denim,caption_keyword,0.7,NOISY
C:\Users\sama\OneDrive\Desktop\naishtex\Textile\Backend\data\processed\material_deepfashion\Denim\WOMEN-Dresses-id_00007270-03_1_front.jpg,deepfashion,The tank shirt the lady wears has no sleeves and it is with denim fabric and complicated patterns. The neckline of the tank shirt is suspenders. The l,Denim,caption_keyword,0.7,NOISY
C:\Users\sama\OneDrive\Desktop\naishtex\Textile\Backend\data\processed\material_deepfashion\Denim\WOMEN-Blouses_Shirts-id_00006016-02_7_additional.jpg,deepfashion,The person wears a tank tank shirt with solid color patterns. The tank shirt is with chiffon fabric. The person wears a three-point pants. The pants a,Denim,caption_keyword,0.7,NOISY
C:\Users\sama\OneDrive\Desktop\naishtex\Textile\Backend\data\processed\material_deepfashion\Denim\MEN-Sweaters-id_00003010-01_1_front.jpg,deepfashion,The shirt the person wears has medium sleeves and its fabric is denim. The pattern of it is pure color. It has a lapel neckline.,Denim,caption_keyword,0.7,NOISY
C:\Users\sama\OneDrive\Desktop\naishtex\Textile\Backend\data\processed\material_deepfashion\Denim\WOMEN-Blouses_Shirts-id_00002218-01_7_additional.jpg,deepfashion,The shirt this lady wears has long sleeves and it is with chiffon fabric and solid color patterns. The neckline of the shirt is v-shape. This lady wea,Denim,caption_keyword,0.7,NOISY
C:\Users\sama\OneDrive\Desktop\naishtex\Textile\Backend\data\processed\material_deepfashion\Denim\WOMEN-Blouses_Shirts-id_00004921-04_4_full.jpg,deepfashion,The tank shirt the female wears has no sleeves and its fabric is chiffon. The pattern of it is graphic. It has a suspenders neckline. The female wears,Denim,caption_keyword,0.7,NOISY
C:\Users\sama\OneDrive\Desktop\naishtex\Textile\Backend\data\processed\material_deepfashion\Denim\WOMEN-Blouses_Shirts-id_00003362-01_2_side.jpg,deepfashion,This person wears a tank tank top with solid color patterns. The tank top is with denim fabric. The neckline of the tank top is lapel. There is an acc,Denim,caption_keyword,0.7,NOISY
C:\Users\sama\OneDrive\Desktop\naishtex\Textile\Backend\data\processed\material_deepfashion\Denim\WOMEN-Jackets_Coats-id_00007765-03_7_additional.jpg,deepfashion,"The sweater the person wears has long sleeves, its fabric is denim, and it has solid color patterns. The sweater has a lapel neckline. This lady wears",Denim,caption_keyword,0.7,NOISY
C:\Users\sama\OneDrive\Desktop\naishtex\Textile\Backend\data\processed\material_deepfashion\Denim\WOMEN-Blouses_Shirts-id_00004960-02_7_additional.jpg,deepfashion,The lady wears a tank tank top with graphic patterns. The tank top is with chiffon fabric. The pants the lady wears is of three-point length. The pant,Denim,caption_keyword,0.7,NOISY
C:\Users\sama\OneDrive\Desktop\naishtex\Textile\Backend\data\processed\material_deepfashion\Denim\WOMEN-Blouses_Shirts-id_00000043-01_1_front.jpg,deepfashion,The female is wearing a tank tank shirt with graphic patterns. The tank shirt is with chiffon fabric and its neckline is crew. The pants the female we,Denim,caption_keyword,0.7,NOISY
C:\Users\sama\OneDrive\Desktop\naishtex\Textile\Backend\data\processed\material_deepfashion\Denim\WOMEN-Blouses_Shirts-id_00001874-04_7_additional.jpg,deepfashion,The female wears a short-sleeve T-shirt with graphic patterns. The T-shirt is with chiffon fabric. It has a suspenders neckline. The pants the female ,Denim,caption_keyword,0.7,NOISY
C:\Users\sama\OneDrive\Desktop\naishtex\Textile\Backend\data\processed\material_deepfashion\Denim\WOMEN-Rompers_Jumpsuits-id_00001580-02_1_front.jpg,deepfashion,The lady wears a sleeveless tank shirt with solid color patterns. The tank shirt is with denim fabric. It has a lapel neckline. The lady wears a three,Denim,caption_keyword,0.7,NOISY
C:\Users\sama\OneDrive\Desktop\naishtex\Textile\Backend\data\processed\material_deepfashion\Denim\WOMEN-Blouses_Shirts-id_00007465-01_2_side.jpg,deepfashion,This woman wears a long-sleeve shirt with graphic patterns. The shirt is with chiffon fabric. It has a crew neckline. The pants this woman wears is of,Denim,caption_keyword,0.7,NOISY
C:\Users\sama\OneDrive\Desktop\naishtex\Textile\Backend\data\processed\material_deepfashion\Denim\WOMEN-Blouses_Shirts-id_00006354-02_4_full.jpg,deepfashion,The person is wearing a long-sleeve shirt with pure color patterns. The shirt is with chiffon fabric and its neckline is v-shape. The person wears a l,Denim,caption_keyword,0.7,NOISY
C:\Users\sama\OneDrive\Desktop\naishtex\Textile\Backend\data\processed\material_deepfashion\Denim\WOMEN-Sweaters-id_00005434-05_2_side.jpg,deepfashion,The person wears a long-sleeve sweater with graphic patterns and three-point shorts. The sweater is with knitting fabric. The shorts are with denim fa,Denim,caption_keyword,0.7,NOISY
C:\Users\sama\OneDrive\Desktop\naishtex\Textile\Backend\data\processed\material_deepfashion\Denim\WOMEN-Tees_Tanks-id_00000676-02_1_front.jpg,deepfashion,"The upper clothing has no sleeves, chiffon fabric and graphic patterns. It has a round neckline. The lower clothing is of three-point length. The fabr",Denim,caption_keyword,0.7,NOISY
C:\Users\sama\OneDrive\Desktop\naishtex\Textile\Backend\data\processed\material_deepfashion\Denim\WOMEN-Blouses_Shirts-id_00005758-01_2_side.jpg,deepfashion,"The tank top this female wears has no sleeves, its fabric is denim, and it has solid color patterns.",Denim,caption_keyword,0.7,NOISY
C:\Users\sama\OneDrive\Desktop\naishtex\Textile\Backend\data\processed\material_deepfashion\Denim\WOMEN-Blouses_Shirts-id_00007489-03_4_full.jpg,deepfashion,The female wears a medium-sleeve shirt with solid color patterns. The shirt is with chiffon fabric. It has a round neckline. The female wears a long p,Denim,caption_keyword,0.7,NOISY
C:\Users\sama\OneDrive\Desktop\naishtex\Textile\Backend\data\processed\material_deepfashion\Denim\WOMEN-Rompers_Jumpsuits-id_00005347-01_3_back.jpg,deepfashion,"Her shirt has short sleeves, chiffon fabric and solid color patterns. It has a lapel neckline. The trousers the lady wears is of long length. The trou",Denim,caption_keyword,0.7,NOISY
C:\Users\sama\OneDrive\Desktop\naishtex\Textile\Backend\data\processed\material_deepfashion\Denim\WOMEN-Dresses-id_00003399-01_3_back.jpg,deepfashion,The lady is wearing a sleeveless tank top with solid color patterns. The tank top is with denim fabric. The shorts the lady wears is of three-point le,Denim,caption_keyword,0.7,NOISY
C:\Users\sama\OneDrive\Desktop\naishtex\Textile\Backend\data\processed\material_deepfashion\Denim\WOMEN-Tees_Tanks-id_00004231-03_2_side.jpg,deepfashion,This woman is wearing a short-sleeve shirt with solid color patterns. The shirt is with knitting fabric and its neckline is round. The pants this woma,Denim,caption_keyword,0.7,NOISY
C:\Users\sama\OneDrive\Desktop\naishtex\Textile\Backend\data\processed\material_deepfashion\Denim\WOMEN-Blouses_Shirts-id_00006821-03_1_front.jpg,deepfashion,This person wears a tank tank shirt with graphic patterns and a long pants. The tank shirt is with chiffon fabric and its neckline is suspenders. The ,Denim,caption_keyword,0.7,NOISY
C:\Users\sama\OneDrive\Desktop\naishtex\Textile\Backend\data\processed\material_deepfashion\Denim\WOMEN-Jackets_Coats-id_00006879-03_7_additional.jpg,deepfashion,The shirt this woman wears has long sleeves and it is with denim fabric and other patterns. The female wears a ring.,Denim,caption_keyword,0.7,NOISY
C:\Users\sama\OneDrive\Desktop\naishtex\Textile\Backend\data\processed\material_deepfashion\Denim\WOMEN-Blouses_Shirts-id_00003814-05_4_full.jpg,deepfashion,This woman is wearing a sleeveless tank shirt with pure color patterns. The tank shirt is with chiffon fabric. It has a crew neckline. This woman wear,Denim,caption_keyword,0.7,NOISY
C:\Users\sama\OneDrive\Desktop\naishtex\Textile\Backend\data\processed\material_deepfashion\Denim\WOMEN-Blouses_Shirts-id_00004897-07_4_full.jpg,deepfashion,"Her tank top has no sleeves, chiffon fabric and solid color patterns. The neckline of it is suspenders. The shorts this lady wears is of three-point l",Denim,caption_keyword,0.7,NOISY
C:\Users\sama\OneDrive\Desktop\naishtex\Textile\Backend\data\processed\material_deepfashion\Denim\WOMEN-Blouses_Shirts-id_00000442-02_1_front.jpg,deepfashion,"Her tank shirt has no sleeves, denim fabric and pure color patterns. It has a lapel neckline. This woman wears a three-point shorts. The shorts are wi",Denim,caption_keyword,0.7,NOISY
C:\Users\sama\OneDrive\Desktop\naishtex\Textile\Backend\data\processed\material_deepfashion\Denim\WOMEN-Sweaters-id_00004103-02_4_full.jpg,deepfashion,"The upper clothing has medium sleeves, knitting fabric and complicated patterns. The neckline of it is crew. The lower clothing is of long length. The",Denim,caption_keyword,0.7,NOISY
C:\Users\sama\OneDrive\Desktop\naishtex\Textile\Backend\data\processed\material_deepfashion\Denim\WOMEN-Tees_Tanks-id_00004030-01_7_additional.jpg,deepfashion,"The shirt this woman wears has short sleeves, its fabric is denim, and it has solid color patterns. The person is wearing a ring on her finger. There ",Denim,caption_keyword,0.7,NOISY
C:\Users\sama\OneDrive\Desktop\naishtex\Textile\Backend\data\processed\material_deepfashion\Denim\MEN-Denim-id_00006959-01_1_front.jpg,deepfashion,This gentleman wears a medium-sleeve shirt with pure color patterns and long trousers. The shirt is with denim fabric and it has a lapel neckline. The,Denim,caption_keyword,0.7,NOISY
C:\Users\sama\OneDrive\Desktop\naishtex\Textile\Backend\data\processed\material_deepfashion\Denim\WOMEN-Dresses-id_00003691-01_7_additional.jpg,deepfashion,The female wears a long-sleeve sweater with solid color patterns and three-point shorts. The sweater is with denim fabric and it has a lapel neckline.,Denim,caption_keyword,0.7,NOISY
C:\Users\sama\OneDrive\Desktop\naishtex\Textile\Backend\data\processed\material_deepfashion\Denim\WOMEN-Dresses-id_00007270-04_2_side.jpg,deepfashion,The female is wearing a tank tank shirt with complicated patterns. The tank shirt is with denim fabric and its neckline is suspenders. The female wear,Denim,caption_keyword,0.7,NOISY
C:\Users\sama\OneDrive\Desktop\naishtex\Textile\Backend\data\processed\material_deepfashion\Denim\WOMEN-Sweaters-id_00002684-07_7_additional.jpg,deepfashion,This lady wears a long-sleeve sweater with graphic patterns and a long trousers. The sweater is with knitting fabric and its neckline is crew. The tro,Denim,caption_keyword,0.7,NOISY
C:\Users\sama\OneDrive\Desktop\naishtex\Textile\Backend\data\processed\material_deepfashion\Denim\WOMEN-Sweaters-id_00004836-02_1_front.jpg,deepfashion,This woman is wearing a long-sleeve shirt with lattice patterns. The shirt is with knitting fabric. It has a round neckline. This woman wears a long t,Denim,caption_keyword,0.7,NOISY
C:\Users\sama\OneDrive\Desktop\naishtex\Textile\Backend\data\processed\material_deepfashion\Denim\WOMEN-Sweaters-id_00006505-02_3_back.jpg,deepfashion,"Her tank shirt has sleeves cut off, knitting fabric and other patterns. The person wears a three-point pants. The pants are with denim fabric and soli",Denim,caption_keyword,0.7,NOISY
C:\Users\sama\OneDrive\Desktop\naishtex\Textile\Backend\data\processed\material_deepfashion\Denim\WOMEN-Sweaters-id_00006219-04_3_back.jpg,deepfashion,This woman wears a long-sleeve sweater with graphic patterns. The sweater is with knitting fabric. The pants this woman wears is of three-point length,Denim,caption_keyword,0.7,NOISY
C:\Users\sama\OneDrive\Desktop\naishtex\Textile\Backend\data\processed\material_deepfashion\Denim\WOMEN-Sweaters-id_00001781-01_1_front.jpg,deepfashion,The shirt the person wears has medium sleeves and its fabric is knitting. The pattern of it is graphic. It has a crew neckline. The person wears a thr,Denim,caption_keyword,0.7,NOISY
C:\Users\sama\OneDrive\Desktop\naishtex\Textile\Backend\data\processed\material_deepfashion\Denim\WOMEN-Blouses_Shirts-id_00003900-05_4_full.jpg,deepfashion,This person is wearing a tank tank top with graphic patterns and a long pants. The tank top is with chiffon fabric and its neckline is suspenders. The,Denim,caption_keyword,0.7,NOISY
C:\Users\sama\OneDrive\Desktop\naishtex\Textile\Backend\data\processed\material_deepfashion\Denim\WOMEN-Blouses_Shirts-id_00006591-03_1_front.jpg,deepfashion,"Her tank shirt has sleeves cut off, chiffon fabric and graphic patterns. It has a suspenders neckline. The female wears a three-point shorts. The shor",Denim,caption_keyword,0.7,NOISY
C:\Users\sama\OneDrive\Desktop\naishtex\Textile\Backend\data\processed\material_deepfashion\Denim\WOMEN-Blouses_Shirts-id_00007432-03_4_full.jpg,deepfashion,"The upper clothing has medium sleeves, chiffon fabric and graphic patterns. It has a suspenders neckline. The lower clothing is of long length. The fa",Denim,caption_keyword,0.7,NOISY
C:\Users\sama\OneDrive\Desktop\naishtex\Textile\Backend\data\processed\material_deepfashion\Denim\WOMEN-Blouses_Shirts-id_00001233-03_4_full.jpg,deepfashion,This woman is wearing a long-sleeve shirt with graphic patterns. The shirt is with chiffon fabric and its neckline is square. This woman wears a long ,Denim,caption_keyword,0.7,NOISY
C:\Users\sama\OneDrive\Desktop\naishtex\Textile\Backend\data\processed\material_deepfashion\Denim\WOMEN-Sweaters-id_00001528-01_7_additional.jpg,deepfashion,"Her shirt has long sleeves, knitting fabric and graphic patterns. It has a round neckline. The trousers the person wears is of long length. The trouse",Denim,caption_keyword,0.7,NOISY
C:\Users\sama\OneDrive\Desktop\naishtex\Textile\Backend\data\processed\material_deepfashion\Denim\WOMEN-Blouses_Shirts-id_00006016-02_2_side.jpg,deepfashion,"The upper clothing has sleeves cut off, chiffon fabric and solid color patterns. The lower clothing is of three-point length. The fabric is denim and ",Denim,caption_keyword,0.7,NOISY
C:\Users\sama\OneDrive\Desktop\naishtex\Textile\Backend\data\processed\material_deepfashion\Denim\WOMEN-Shorts-id_00002197-02_2_side.jpg,deepfashion,The lady wears a three-point pants. The pants are with denim fabric and other patterns. This person is wearing a ring on her finger. There is an acces,Denim,caption_keyword,0.7,NOISY
C:\Users\sama\OneDrive\Desktop\naishtex\Textile\Backend\data\processed\material_deepfashion\Denim\WOMEN-Tees_Tanks-id_00004099-04_1_front.jpg,deepfashion,The lady is wearing a sleeveless tank shirt with graphic patterns. The tank shirt is with knitting fabric and its neckline is round. The shorts the la,Denim,caption_keyword,0.7,NOISY
C:\Users\sama\OneDrive\Desktop\naishtex\Textile\Backend\data\processed\material_deepfashion\Denim\WOMEN-Sweaters-id_00001262-09_1_front.jpg,deepfashion,The female wears a long-sleeve sweater with solid color patterns. The sweater is with knitting fabric. It has a crew neckline. The female wears a long,Denim,caption_keyword,0.7,NOISY
C:\Users\sama\OneDrive\Desktop\naishtex\Textile\Backend\data\processed\material_deepfashion\Denim\WOMEN-Blouses_Shirts-id_00002546-02_1_front.jpg,deepfashion,This female wears a tank tank shirt with graphic patterns and a three-point pants. The tank shirt is with chiffon fabric. The neckline of the tank shi,Denim,caption_keyword,0.7,NOISY
C:\Users\sama\OneDrive\Desktop\naishtex\Textile\Backend\data\processed\material_deepfashion\Denim\WOMEN-Sweaters-id_00004861-03_4_full.jpg,deepfashion,"The upper clothing has long sleeves, knitting fabric and stripe patterns. It has a round neckline. The lower clothing is of long length. The fabric is",Denim,caption_keyword,0.7,NOISY
C:\Users\sama\OneDrive\Desktop\naishtex\Textile\Backend\data\processed\material_deepfashion\Denim\WOMEN-Blouses_Shirts-id_00005500-02_7_additional.jpg,deepfashion,This female is wearing a sleeveless tank shirt with floral patterns. The tank shirt is with chiffon fabric. This female wears a three-point shorts. Th,Denim,caption_keyword,0.7,NOISY
C:\Users\sama\OneDrive\Desktop\naishtex\Textile\Backend\data\processed\material_deepfashion\Denim\WOMEN-Dresses-id_00001392-03_1_front.jpg,deepfashion,The person wears a short-sleeve shirt with graphic patterns and a three-quarter trousers. The shirt is with chiffon fabric. The neckline of the shirt ,Denim,caption_keyword,0.7,NOISY
C:\Users\sama\OneDrive\Desktop\naishtex\Textile\Backend\data\processed\material_deepfashion\Denim\WOMEN-Blouses_Shirts-id_00005696-02_7_additional.jpg,deepfashion,"Her sweater has long sleeves, chiffon fabric and pure color patterns. It has a v-shape neckline. The lady wears a long trousers. The trousers are with",Denim,caption_keyword,0.7,NOISY
C:\Users\sama\OneDrive\Desktop\naishtex\Textile\Backend\data\processed\material_deepfashion\Denim\WOMEN-Tees_Tanks-id_00006867-02_1_front.jpg,deepfashion,The shirt the lady wears has short sleeves and it is with knitting fabric and pure color patterns. The neckline of the shirt is crew. The lady wears a,Denim,caption_keyword,0.7,NOISY
C:\Users\sama\OneDrive\Desktop\naishtex\Textile\Backend\data\processed\material_deepfashion\Denim\WOMEN-Blouses_Shirts-id_00007227-02_1_front.jpg,deepfashion,This person is wearing a sleeveless tank top with graphic patterns. The tank top is with chiffon fabric and its neckline is suspenders. The pants this,Denim,caption_keyword,0.7,NOISY
C:\Users\sama\OneDrive\Desktop\naishtex\Textile\Backend\data\processed\material_deepfashion\Denim\WOMEN-Blouses_Shirts-id_00005926-01_4_full.jpg,deepfashion,"Her T-shirt has short sleeves, chiffon fabric and graphic patterns. The neckline of it is v-shape. This woman wears a three-point pants. The pants are",Denim,caption_keyword,0.7,NOISY
C:\Users\sama\OneDrive\Desktop\naishtex\Textile\Backend\data\processed\material_deepfashion\Denim\WOMEN-Blouses_Shirts-id_00007091-04_4_full.jpg,deepfashion,"The upper clothing has long sleeves, chiffon fabric and solid color patterns. The neckline of it is lapel. The lower clothing is of long length. The f",Denim,caption_keyword,0.7,NOISY
C:\Users\sama\OneDrive\Desktop\naishtex\Textile\Backend\data\processed\material_deepfashion\Denim\WOMEN-Sweaters-id_00003466-04_3_back.jpg,deepfashion,This lady wears a long-sleeve sweater with solid color patterns. The sweater is with knitting fabric. This lady wears a three-point shorts. The shorts,Denim,caption_keyword,0.7,NOISY
C:\Users\sama\OneDrive\Desktop\naishtex\Textile\Backend\data\processed\material_deepfashion\Denim\WOMEN-Blouses_Shirts-id_00005407-02_2_side.jpg,deepfashion,The T-shirt the person wears has short sleeves and its fabric is denim. The pattern of it is pure color. It has a lapel neckline. The person wears a t,Denim,caption_keyword,0.7,NOISY
C:\Users\sama\OneDrive\Desktop\naishtex\Textile\Backend\data\processed\material_deepfashion\Denim\WOMEN-Jackets_Coats-id_00000590-02_7_additional.jpg,deepfashion,This lady wears a long-sleeve sweater with other patterns. The sweater is with other fabric. This lady wears a long trousers. The trousers are with de,Denim,caption_keyword,0.7,NOISY
C:\Users\sama\OneDrive\Desktop\naishtex\Textile\Backend\data\processed\material_deepfashion\Denim\WOMEN-Blouses_Shirts-id_00002555-03_2_side.jpg,deepfashion,"Her shirt has long sleeves, denim fabric and pure color patterns. The shorts the female wears is of three-point length. The shorts are with denim fabr",Denim,caption_keyword,0.7,NOISY
C:\Users\sama\OneDrive\Desktop\naishtex\Textile\Backend\data\processed\material_deepfashion\Denim\WOMEN-Blouses_Shirts-id_00003820-02_2_side.jpg,deepfashion,"The sweater this female wears has long sleeves and it is with chiffon fabric and graphic patterns. This female wears a three-point pants, with denim f",Denim,caption_keyword,0.7,NOISY
C:\Users\sama\OneDrive\Desktop\naishtex\Textile\Backend\data\processed\material_deepfashion\Denim\WOMEN-Blouses_Shirts-id_00007364-01_3_back.jpg,deepfashion,This woman is wearing a long-sleeve sweater with solid color patterns. The sweater is with denim fabric. It has a lapel neckline.,Denim,caption_keyword,0.7,NOISY
C:\Users\sama\OneDrive\Desktop\naishtex\Textile\Backend\data\processed\material_deepfashion\Denim\WOMEN-Sweaters-id_00001615-04_1_front.jpg,deepfashion,This person is wearing a long-sleeve sweater with pure color patterns. The sweater is with knitting fabric. It has a round neckline. The pants this pe,Denim,caption_keyword,0.7,NOISY
C:\Users\sama\OneDrive\Desktop\naishtex\Textile\Backend\data\processed\material_deepfashion\Denim\WOMEN-Blouses_Shirts-id_00006695-02_4_full.jpg,deepfashion,The female wears a long-sleeve shirt with solid color patterns and a long pants. The shirt is with chiffon fabric and its neckline is v-shape. The pan,Denim,caption_keyword,0.7,NOISY
C:\Users\sama\OneDrive\Desktop\naishtex\Textile\Backend\data\processed\material_deepfashion\Denim\WOMEN-Sweaters-id_00002287-05_3_back.jpg,deepfashion,The lady wears a long-sleeve sweater with other patterns. The sweater is with mixed fabric. The pants the lady wears is of three-point length. The pan,Denim,caption_keyword,0.7,NOISY
C:\Users\sama\OneDrive\Desktop\naishtex\Textile\Backend\data\processed\material_deepfashion\Denim\WOMEN-Sweaters-id_00006849-04_4_full.jpg,deepfashion,"The upper clothing has long sleeves, knitting fabric and solid color patterns. It has a crew neckline. The lower clothing is of long length. The fabri",Denim,caption_keyword,0.7,NOISY
C:\Users\sama\OneDrive\Desktop\naishtex\Textile\Backend\data\processed\material_deepfashion\Denim\WOMEN-Blouses_Shirts-id_00003230-02_3_back.jpg,deepfashion,This woman wears a long-sleeve shirt with graphic patterns. The shirt is with chiffon fabric. The shorts this woman wears is of three-point length. Th,Denim,caption_keyword,0.7,NOISY
C:\Users\sama\OneDrive\Desktop\naishtex\Textile\Backend\data\processed\material_deepfashion\Denim\WOMEN-Rompers_Jumpsuits-id_00007889-02_3_back.jpg,deepfashion,The lady is wearing a tank tank shirt with solid color patterns. The tank shirt is with denim fabric. The lady wears a long pants. The pants are with ,Denim,caption_keyword,0.7,NOISY
C:\Users\sama\OneDrive\Desktop\naishtex\Textile\Backend\data\processed\material_deepfashion\Denim\WOMEN-Jackets_Coats-id_00006096-03_3_back.jpg,deepfashion,The shirt this female wears has long sleeves and its fabric is other. The pattern of it is mixed. The outer clothing the female wears is with denim fa,Denim,caption_keyword,0.7,NOISY
C:\Users\sama\OneDrive\Desktop\naishtex\Textile\Backend\data\processed\material_deepfashion\Denim\WOMEN-Blouses_Shirts-id_00005593-03_7_additional.jpg,deepfashion,The tank top the lady wears has sleeves cut off and its fabric is chiffon. The pattern of it is graphic. It has a crew neckline. The lady wears a long,Denim,caption_keyword,0.7,NOISY
C:\Users\sama\OneDrive\Desktop\naishtex\Textile\Backend\data\processed\material_deepfashion\Denim\WOMEN-Blouses_Shirts-id_00007196-03_4_full.jpg,deepfashion,The tank shirt the person wears has no sleeves and its fabric is chiffon. The pattern of it is pure color. It has a crew neckline. The person wears a ,Denim,caption_keyword,0.7,NOISY
C:\Users\sama\OneDrive\Desktop\naishtex\Textile\Backend\data\processed\material_deepfashion\Denim\WOMEN-Dresses-id_00007934-01_3_back.jpg,deepfashion,The lady is wearing a tank tank top with pure color patterns. The tank top is with denim fabric. The lady wears a three-quarter trousers. The trousers,Denim,caption_keyword,0.7,NOISY
C:\Users\sama\OneDrive\Desktop\naishtex\Textile\Backend\data\processed\material_deepfashion\Denim\MEN-Denim-id_00000867-01_2_side.jpg,deepfashion,His pants are of long length and it is with denim fabric and color block patterns.,Denim,caption_keyword,0.7,NOISY
C:\Users\sama\OneDrive\Desktop\naishtex\Textile\Backend\data\processed\material_deepfashion\Denim\WOMEN-Blouses_Shirts-id_00005619-03_1_front.jpg,deepfashion,This person is wearing a tank tank shirt with graphic patterns and a three-point shorts. The tank shirt is with chiffon fabric and its neckline is sus,Denim,caption_keyword,0.7,NOISY
C:\Users\sama\OneDrive\Desktop\naishtex\Textile\Backend\data\processed\material_deepfashion\Denim\WOMEN-Blouses_Shirts-id_00005306-05_4_full.jpg,deepfashion,"Her shirt has long sleeves, chiffon fabric and pure color patterns. It has a round neckline. The person wears a three-point shorts. The shorts are wit",Denim,caption_keyword,0.7,NOISY
C:\Users\sama\OneDrive\Desktop\naishtex\Textile\Backend\data\processed\material_deepfashion\Denim\WOMEN-Tees_Tanks-id_00006867-03_7_additional.jpg,deepfashion,"Her shirt has short sleeves, knitting fabric and pure color patterns. The lady wears a three-point shorts. The shorts are with denim fabric and solid ",Denim,caption_keyword,0.7,NOISY
C:\Users\sama\OneDrive\Desktop\naishtex\Textile\Backend\data\processed\material_deepfashion\Denim\WOMEN-Tees_Tanks-id_00007923-03_3_back.jpg,deepfashion,The tank shirt the person wears has sleeves cut off and its fabric is denim. The pattern of it is solid color. There is an accessory on her wrist. Thi,Denim,caption_keyword,0.7,NOISY
C:\Users\sama\OneDrive\Desktop\naishtex\Textile\Backend\data\processed\material_deepfashion\Denim\WOMEN-Jackets_Coats-id_00007536-02_7_additional.jpg,deepfashion,This lady is wearing a long-sleeve sweater with solid color patterns. The sweater is with denim fabric. This lady wears a short shorts. The shorts are,Denim,caption_keyword,0.7,NOISY
C:\Users\sama\OneDrive\Desktop\naishtex\Textile\Backend\data\processed\material_deepfashion\Denim\WOMEN-Rompers_Jumpsuits-id_00005347-01_4_full.jpg,deepfashion,The female is wearing a short-sleeve shirt with solid color patterns. The shirt is with chiffon fabric. It has a lapel neckline. The pants the female ,Denim,caption_keyword,0.7,NOISY
C:\Users\sama\OneDrive\Desktop\naishtex\Textile\Backend\data\processed\material_deepfashion\Denim\WOMEN-Sweaters-id_00000981-06_4_full.jpg,deepfashion,This lady wears a long-sleeve shirt with graphic patterns and a long pants. The shirt is with knitting fabric and its neckline is stand. The pants are,Denim,caption_keyword,0.7,NOISY
C:\Users\sama\OneDrive\Desktop\naishtex\Textile\Backend\data\processed\material_deepfashion\Denim\WOMEN-Blouses_Shirts-id_00005886-03_3_back.jpg,deepfashion,"Her tank shirt has no sleeves, chiffon fabric and graphic patterns. This person wears a three-point pants. The pants are with denim fabric and pure co",Denim,caption_keyword,0.7,NOISY
C:\Users\sama\OneDrive\Desktop\naishtex\Textile\Backend\data\processed\material_deepfashion\Denim\WOMEN-Blouses_Shirts-id_00007841-03_4_full.jpg,deepfashion,This woman wears a medium-sleeve shirt with solid color patterns and a long trousers. The shirt is with chiffon fabric and its neckline is round. The ,Denim,caption_keyword,0.7,NOISY
C:\Users\sama\OneDrive\Desktop\naishtex\Textile\Backend\data\processed\material_deepfashion\Denim\WOMEN-Blouses_Shirts-id_00007619-03_3_back.jpg,deepfashion,"The tank top the female wears has sleeves cut off, its fabric is chiffon, and it has solid color patterns. The female wears a three-point shorts, with",Denim,caption_keyword,0.7,NOISY
C:\Users\sama\OneDrive\Desktop\naishtex\Textile\Backend\data\processed\material_deepfashion\Denim\WOMEN-Blouses_Shirts-id_00007619-03_7_additional.jpg,deepfashion,The person wears a sleeveless tank shirt with solid color patterns and a three-point shorts. The tank shirt is with chiffon fabric and its neckline is,Denim,caption_keyword,0.7,NOISY
C:\Users\sama\OneDrive\Desktop\naishtex\Textile\Backend\data\processed\material_deepfashion\Denim\WOMEN-Sweaters-id_00002184-03_3_back.jpg,deepfashion,"The upper clothing has long sleeves, mixed fabric and mixed patterns. The lower clothing is of long length. The fabric is denim and it has solid color",Denim,caption_keyword,0.7,NOISY
C:\Users\sama\OneDrive\Desktop\naishtex\Textile\Backend\data\processed\material_deepfashion\Denim\WOMEN-Blouses_Shirts-id_00004277-03_1_front.jpg,deepfashion,"Her shirt has medium sleeves, chiffon fabric and graphic patterns. The neckline of it is square. The female wears a three-point shorts. The shorts are",Denim,caption_keyword,0.7,NOISY
C:\Users\sama\OneDrive\Desktop\naishtex\Textile\Backend\data\processed\material_deepfashion\Denim\WOMEN-Dresses-id_00003399-01_2_side.jpg,deepfashion,This female wears a sleeveless tank shirt with solid color patterns and a three-point pants. The tank shirt is with denim fabric and its neckline is c,Denim,caption_keyword,0.7,NOISY
C:\Users\sama\OneDrive\Desktop\naishtex\Textile\Backend\data\processed\material_deepfashion\Denim\WOMEN-Cardigans-id_00000521-02_4_full.jpg,deepfashion,"The tank shirt this lady wears has no sleeves, its fabric is chiffon, and it has graphic patterns. The tank shirt has a crew neckline. This lady wears",Denim,caption_keyword,0.7,NOISY
C:\Users\sama\OneDrive\Desktop\naishtex\Textile\Backend\data\processed\material_deepfashion\Denim\WOMEN-Sweaters-id_00006205-01_4_full.jpg,deepfashion,This female wears a short-sleeve T-shirt with solid color patterns and a long trousers. The T-shirt is with knitting fabric. The neckline of the T-shi,Denim,caption_keyword,0.7,NOISY
C:\Users\sama\OneDrive\Desktop\naishtex\Textile\Backend\data\processed\material_deepfashion\Denim\WOMEN-Blouses_Shirts-id_00003099-01_3_back.jpg,deepfashion,"The upper clothing has sleeves cut off, denim fabric and solid color patterns. The neckline of it is lapel.",Denim,caption_keyword,0.7,NOISY
C:\Users\sama\OneDrive\Desktop\naishtex\Textile\Backend\data\processed\material_deepfashion\Denim\WOMEN-Sweaters-id_00001255-02_1_front.jpg,deepfashion,The shirt this lady wears has long sleeves and its fabric is knitting. The pattern of it is graphic. It has a v-shape neckline. This lady wears a thre,Denim,caption_keyword,0.7,NOISY
C:\Users\sama\OneDrive\Desktop\naishtex\Textile\Backend\data\processed\material_deepfashion\Denim\WOMEN-Blouses_Shirts-id_00001446-07_1_front.jpg,deepfashion,This woman wears a sleeveless tank top with solid color patterns and a three-point shorts. The tank top is with chiffon fabric. The neckline of the ta,Denim,caption_keyword,0.7,NOISY
C:\Users\sama\OneDrive\Desktop\naishtex\Textile\Backend\data\processed\material_deepfashion\Denim\WOMEN-Blouses_Shirts-id_00005210-01_2_side.jpg,deepfashion,"The tank shirt this female wears has sleeves cut off, its fabric is denim, and it has pure color patterns. The tank shirt has a lapel neckline.",Denim,caption_keyword,0.7,NOISY
C:\Users\sama\OneDrive\Desktop\naishtex\Textile\Backend\data\processed\material_deepfashion\Denim\WOMEN-Dresses-id_00003565-02_3_back.jpg,deepfashion,The sweater the lady wears has long sleeves and its fabric is denim. The pattern of it is solid color. It has a lapel neckline. The lady wears a three,Denim,caption_keyword,0.7,NOISY
C:\Users\sama\OneDrive\Desktop\naishtex\Textile\Backend\data\processed\material_deepfashion\Denim\WOMEN-Sweaters-id_00001284-01_4_full.jpg,deepfashion,The person wears a long-sleeve sweater with other patterns and long pants. The sweater is with knitting fabric and it has a crew neckline. The pants a,Denim,caption_keyword,0.7,NOISY
C:\Users\sama\OneDrive\Desktop\naishtex\Textile\Backend\data\processed\material_deepfashion\Denim\WOMEN-Shorts-id_00003657-01_1_front.jpg,deepfashion,"Her tank shirt has no sleeves, chiffon fabric and solid color patterns. It has a round neckline. The shorts this female wears is of three-point length",Denim,caption_keyword,0.7,NOISY
C:\Users\sama\OneDrive\Desktop\naishtex\Textile\Backend\data\processed\material_deepfashion\Denim\WOMEN-Shorts-id_00001829-01_1_front.jpg,deepfashion,This lady wears a short-sleeve shirt with graphic patterns and three-point shorts. The shirt is with chiffon fabric. The shorts are with denim fabric ,Denim,caption_keyword,0.7,NOISY
C:\Users\sama\OneDrive\Desktop\naishtex\Textile\Backend\data\processed\material_deepfashion\Denim\WOMEN-Blouses_Shirts-id_00006211-02_1_front.jpg,deepfashion,"Her shirt has short sleeves, chiffon fabric and graphic patterns. The neckline of it is crew. The pants the lady wears is of three-point length. The p",Denim,caption_keyword,0.7,NOISY
C:\Users\sama\OneDrive\Desktop\naishtex\Textile\Backend\data\processed\material_deepfashion\Denim\WOMEN-Blouses_Shirts-id_00001529-01_7_additional.jpg,deepfashion,"The tank shirt this lady wears has sleeves cut off and its fabric is chiffon. The pattern of it is pure color. This lady wears a three-point pants, wi",Denim,caption_keyword,0.7,NOISY
C:\Users\sama\OneDrive\Desktop\naishtex\Textile\Backend\data\processed\material_deepfashion\Denim\WOMEN-Sweaters-id_00007015-04_4_full.jpg,deepfashion,This female wears a long-sleeve sweater with graphic patterns and a long trousers. The sweater is with knitting fabric. The neckline of the sweater is,Denim,caption_keyword,0.7,NOISY
C:\Users\sama\OneDrive\Desktop\naishtex\Textile\Backend\data\processed\material_deepfashion\Denim\WOMEN-Blouses_Shirts-id_00004617-04_4_full.jpg,deepfashion,"The T-shirt the lady wears has short sleeves, its fabric is chiffon, and it has pure color patterns. The T-shirt has a round neckline. The lady wears ",Denim,caption_keyword,0.7,NOISY
C:\Users\sama\OneDrive\Desktop\naishtex\Textile\Backend\data\processed\material_deepfashion\Denim\WOMEN-Sweaters-id_00001947-02_7_additional.jpg,deepfashion,The sweater the female wears has long sleeves and its fabric is knitting. The pattern of it is complicated. It has a stand neckline. The female wears ,Denim,caption_keyword,0.7,NOISY
C:\Users\sama\OneDrive\Desktop\naishtex\Textile\Backend\data\processed\material_deepfashion\Denim\WOMEN-Blouses_Shirts-id_00005726-01_2_side.jpg,deepfashion,The person is wearing a medium-sleeve shirt with graphic patterns. The shirt is with chiffon fabric and its neckline is v-shape. The shorts the person,Denim,caption_keyword,0.7,NOISY
C:\Users\sama\OneDrive\Desktop\naishtex\Textile\Backend\data\processed\material_deepfashion\Denim\WOMEN-Blouses_Shirts-id_00004465-03_1_front.jpg,deepfashion,"Her tank top has no sleeves, denim fabric and solid color patterns. The neckline of it is round. There is an accessory on her wrist. There is a ring o",Denim,caption_keyword,0.7,NOISY
C:\Users\sama\OneDrive\Desktop\naishtex\Textile\Backend\data\processed\material_deepfashion\Denim\WOMEN-Blouses_Shirts-id_00003927-07_4_full.jpg,deepfashion,The female is wearing a long-sleeve shirt with pure color patterns. The shirt is with chiffon fabric. It has a lapel neckline. The female wears a long,Denim,caption_keyword,0.7,NOISY
C:\Users\sama\OneDrive\Desktop\naishtex\Textile\Backend\data\processed\material_deepfashion\Denim\WOMEN-Blouses_Shirts-id_00002704-05_4_full.jpg,deepfashion,This person is wearing a sleeveless tank shirt with graphic patterns. The tank shirt is with chiffon fabric and its neckline is crew. The pants this p,Denim,caption_keyword,0.7,NOISY
C:\Users\sama\OneDrive\Desktop\naishtex\Textile\Backend\data\processed\material_deepfashion\Denim\WOMEN-Tees_Tanks-id_00005827-05_4_full.jpg,deepfashion,This lady is wearing a long-sleeve shirt with graphic patterns. The shirt is with chiffon fabric and its neckline is round. This lady wears a long tro,Denim,caption_keyword,0.7,NOISY
C:\Users\sama\OneDrive\Desktop\naishtex\Textile\Backend\data\processed\material_deepfashion\Denim\WOMEN-Blouses_Shirts-id_00000443-04_4_full.jpg,deepfashion,This person wears a tank tank shirt with floral patterns. The tank shirt is with chiffon fabric. It has a suspenders neckline. This person wears a lon,Denim,caption_keyword,0.7,NOISY
C:\Users\sama\OneDrive\Desktop\naishtex\Textile\Backend\data\processed\material_deepfashion\Denim\WOMEN-Blouses_Shirts-id_00004778-04_2_side.jpg,deepfashion,"The upper clothing has sleeves cut off, denim fabric and pure color patterns. It has a suspenders neckline. The lower clothing is of three-point lengt",Denim,caption_keyword,0.7,NOISY
C:\Users\sama\OneDrive\Desktop\naishtex\Textile\Backend\data\processed\material_deepfashion\Denim\WOMEN-Cardigans-id_00001150-01_7_additional.jpg,deepfashion,This lady wears a sleeveless tank top with color block patterns and a short shorts. The tank top is with knitting fabric. The shorts are with denim fa,Denim,caption_keyword,0.7,NOISY
C:\Users\sama\OneDrive\Desktop\naishtex\Textile\Backend\data\processed\material_deepfashion\Denim\WOMEN-Rompers_Jumpsuits-id_00006361-04_1_front.jpg,deepfashion,"The upper clothing has sleeves cut off, denim fabric and pure color patterns. It has a suspenders neckline. The lower clothing is of three-point lengt",Denim,caption_keyword,0.7,NOISY
C:\Users\sama\OneDrive\Desktop\naishtex\Textile\Backend\data\processed\material_deepfashion\Denim\WOMEN-Blouses_Shirts-id_00001334-05_2_side.jpg,deepfashion,This female wears a tank tank top with solid color patterns and a three-point shorts. The tank top is with chiffon fabric and its neckline is suspende,Denim,caption_keyword,0.7,NOISY
C:\Users\sama\OneDrive\Desktop\naishtex\Textile\Backend\data\processed\material_deepfashion\Denim\WOMEN-Blouses_Shirts-id_00007749-02_4_full.jpg,deepfashion,The lady is wearing a short-sleeve T-shirt with graphic patterns. The T-shirt is with chiffon fabric and its neckline is round. The lady wears a three,Denim,caption_keyword,0.7,NOISY
C:\Users\sama\OneDrive\Desktop\naishtex\Textile\Backend\data\processed\material_deepfashion\Denim\WOMEN-Blouses_Shirts-id_00007271-02_7_additional.jpg,deepfashion,"The upper clothing has long sleeves, chiffon fabric and pure color patterns. The lower clothing is of three-point length. The fabric is denim and it h",Denim,caption_keyword,0.7,NOISY
C:\Users\sama\OneDrive\Desktop\naishtex\Textile\Backend\data\processed\material_deepfashion\Denim\WOMEN-Shorts-id_00003333-01_4_full.jpg,deepfashion,This lady wears a sleeveless tank top with complicated patterns and three-point pants. The tank top is with knitting fabric and it has a round necklin,Denim,caption_keyword,0.7,NOISY
C:\Users\sama\OneDrive\Desktop\naishtex\Textile\Backend\data\processed\material_deepfashion\Denim\WOMEN-Jackets_Coats-id_00006879-01_7_additional.jpg,deepfashion,This person wears a long-sleeve sweater with other patterns. The sweater is with denim fabric. This person wears a ring.,Denim,caption_keyword,0.7,NOISY
C:\Users\sama\OneDrive\Desktop\naishtex\Textile\Backend\data\processed\material_deepfashion\Denim\WOMEN-Blouses_Shirts-id_00003822-04_2_side.jpg,deepfashion,"The upper clothing has no sleeves, chiffon fabric and solid color patterns. The lower clothing is of three-point length. The fabric is denim and it ha",Denim,caption_keyword,0.7,NOISY
C:\Users\sama\OneDrive\Desktop\naishtex\Textile\Backend\data\processed\material_deepfashion\Denim\WOMEN-Sweaters-id_00004787-12_7_additional.jpg,deepfashion,The lady wears a long-sleeve sweater with graphic patterns and long trousers. The sweater is with knitting fabric and it has a crew neckline. The trou,Denim,caption_keyword,0.7,NOISY
C:\Users\sama\OneDrive\Desktop\naishtex\Textile\Backend\data\processed\material_deepfashion\Denim\WOMEN-Sweaters-id_00003466-04_2_side.jpg,deepfashion,This female wears a long-sleeve sweater with pure color patterns. The sweater is with knitting fabric. It has a lapel neckline. The shorts this female,Denim,caption_keyword,0.7,NOISY
C:\Users\sama\OneDrive\Desktop\naishtex\Textile\Backend\data\processed\material_deepfashion\Denim\WOMEN-Blouses_Shirts-id_00006806-01_4_full.jpg,deepfashion,"Her shirt has long sleeves, chiffon fabric and pure color patterns. The neckline of it is v-shape. This female wears a long pants. The pants are with ",Denim,caption_keyword,0.7,NOISY
C:\Users\sama\OneDrive\Desktop\naishtex\Textile\Backend\data\processed\material_deepfashion\Denim\WOMEN-Cardigans-id_00006255-04_3_back.jpg,deepfashion,"The sweater the person wears has long sleeves, its fabric is knitting, and it has pure color patterns. The person wears a long pants, with denim fabri",Denim,caption_keyword,0.7,NOISY
C:\Users\sama\OneDrive\Desktop\naishtex\Textile\Backend\data\processed\material_deepfashion\Denim\WOMEN-Tees_Tanks-id_00004231-04_4_full.jpg,deepfashion,The T-shirt the lady wears has short sleeves and its fabric is knitting. The pattern of it is pure color. It has a round neckline. The lady wears a th,Denim,caption_keyword,0.7,NOISY
C:\Users\sama\OneDrive\Desktop\naishtex\Textile\Backend\data\processed\material_deepfashion\Denim\WOMEN-Blouses_Shirts-id_00004760-02_4_full.jpg,deepfashion,The T-shirt the person wears has short sleeves and it is with chiffon fabric and floral patterns. The neckline of the T-shirt is v-shape. The person w,Denim,caption_keyword,0.7,NOISY
C:\Users\sama\OneDrive\Desktop\naishtex\Textile\Backend\data\processed\material_deepfashion\Denim\WOMEN-Blouses_Shirts-id_00002763-01_1_front.jpg,deepfashion,This person is wearing a tank tank shirt with pure color patterns. The tank shirt is with denim fabric and its neckline is suspenders. The shorts this,Denim,caption_keyword,0.7,NOISY
C:\Users\sama\OneDrive\Desktop\naishtex\Textile\Backend\data\processed\material_deepfashion\Denim\WOMEN-Sweaters-id_00001123-02_1_front.jpg,deepfashion,"The sweater this female wears has long sleeves and it is with knitting fabric and pure color patterns. This female wears a three-point shorts, with de",Denim,caption_keyword,0.7,NOISY
C:\Users\sama\OneDrive\Desktop\naishtex\Textile\Backend\data\processed\material_deepfashion\Denim\WOMEN-Sweaters-id_00002746-02_3_back.jpg,deepfashion,"The sweater this person wears has long sleeves, its fabric is mixed, and it has mixed patterns. This person wears a long pants, with denim fabric and ",Denim,caption_keyword,0.7,NOISY
C:\Users\sama\OneDrive\Desktop\naishtex\Textile\Backend\data\processed\material_deepfashion\Denim\MEN-Jackets_Vests-id_00005346-01_7_additional.jpg,deepfashion,The sweater the guy wears has long sleeves and its fabric is denim. The pattern of it is pure color. The outer clothing is with denim fabric and solid,Denim,caption_keyword,0.7,NOISY
C:\Users\sama\OneDrive\Desktop\naishtex\Textile\Backend\data\processed\material_deepfashion\Denim\WOMEN-Sweaters-id_00007015-03_4_full.jpg,deepfashion,The sweater this person wears has long sleeves and it is with knitting fabric and graphic patterns. The neckline of the sweater is crew. This person w,Denim,caption_keyword,0.7,NOISY
C:\Users\sama\OneDrive\Desktop\naishtex\Textile\Backend\data\processed\material_deepfashion\Denim\WOMEN-Blouses_Shirts-id_00001846-01_1_front.jpg,deepfashion,This female wears a tank tank top with graphic patterns and a long pants. The tank top is with chiffon fabric and its neckline is crew. The pants are ,Denim,caption_keyword,0.7,NOISY
C:\Users\sama\OneDrive\Desktop\naishtex\Textile\Backend\data\processed\material_deepfashion\Denim\WOMEN-Blouses_Shirts-id_00007402-04_4_full.jpg,deepfashion,"Her shirt has long sleeves, chiffon fabric and graphic patterns. It has a lapel neckline. The pants this person wears is of three-point length. The pa",Denim,caption_keyword,0.7,NOISY
C:\Users\sama\OneDrive\Desktop\naishtex\Textile\Backend\data\processed\material_deepfashion\Denim\WOMEN-Blouses_Shirts-id_00004425-01_4_full.jpg,deepfashion,This woman is wearing a tank tank top with graphic patterns and a three-point pants. The tank top is with chiffon fabric and its neckline is crew. The,Denim,caption_keyword,0.7,NOISY
C:\Users\sama\OneDrive\Desktop\naishtex\Textile\Backend\data\processed\material_deepfashion\Denim\WOMEN-Blouses_Shirts-id_00003298-04_1_front.jpg,deepfashion,The lady is wearing a sleeveless tank top with solid color patterns and a three-point pants. The tank top is with chiffon fabric and its neckline is c,Denim,caption_keyword,0.7,NOISY
C:\Users\sama\OneDrive\Desktop\naishtex\Textile\Backend\data\processed\material_deepfashion\Denim\WOMEN-Sweaters-id_00003466-04_1_front.jpg,deepfashion,The sweater this lady wears has long sleeves and it is with knitting fabric and pure color patterns. The neckline of the sweater is lapel. This lady w,Denim,caption_keyword,0.7,NOISY
C:\Users\sama\OneDrive\Desktop\naishtex\Textile\Backend\data\processed\material_deepfashion\Denim\WOMEN-Dresses-id_00003677-01_7_additional.jpg,deepfashion,The lady wears a short-sleeve T-shirt with color block patterns. The T-shirt is with denim fabric. It has a round neckline. The pants the lady wears i,Denim,caption_keyword,0.7,NOISY
C:\Users\sama\OneDrive\Desktop\naishtex\Textile\Backend\data\processed\material_deepfashion\Denim\WOMEN-Blouses_Shirts-id_00007830-04_4_full.jpg,deepfashion,"The upper clothing has no sleeves, chiffon fabric and floral patterns. The neckline of it is suspenders. The lower clothing is of long length. The fab",Denim,caption_keyword,0.7,NOISY
C:\Users\sama\OneDrive\Desktop\naishtex\Textile\Backend\data\processed\material_deepfashion\Denim\WOMEN-Blouses_Shirts-id_00000507-01_2_side.jpg,deepfashion,The sweater this woman wears has long sleeves and its fabric is denim. The pattern of it is pure color. It has a lapel neckline. There is an accessory,Denim,caption_keyword,0.7,NOISY
C:\Users\sama\OneDrive\Desktop\naishtex\Textile\Backend\data\processed\material_deepfashion\Denim\WOMEN-Jackets_Coats-id_00002311-01_3_back.jpg,deepfashion,This person wears a long-sleeve shirt with mixed patterns. The shirt is with other fabric and it has a lapel neckline. The outer clothing is with deni,Denim,caption_keyword,0.7,NOISY
C:\Users\sama\OneDrive\Desktop\naishtex\Textile\Backend\data\processed\material_deepfashion\Denim\WOMEN-Blouses_Shirts-id_00004839-02_3_back.jpg,deepfashion,The female is wearing a long-sleeve shirt with pure color patterns. The shirt is with chiffon fabric. The pants the female wears is of three-point len,Denim,caption_keyword,0.7,NOISY
C:\Users\sama\OneDrive\Desktop\naishtex\Textile\Backend\data\processed\material_deepfashion\Denim\WOMEN-Blouses_Shirts-id_00002436-02_4_full.jpg,deepfashion,"Her shirt has medium sleeves, chiffon fabric and floral patterns. It has a square neckline. The pants the female wears is of long length. The pants ar",Denim,caption_keyword,0.7,NOISY
C:\Users\sama\OneDrive\Desktop\naishtex\Textile\Backend\data\processed\material_deepfashion\Denim\WOMEN-Blouses_Shirts-id_00007773-02_1_front.jpg,deepfashion,The T-shirt this person wears has short sleeves and it is with chiffon fabric and floral patterns. The neckline of the T-shirt is round. This person w,Denim,caption_keyword,0.7,NOISY
C:\Users\sama\OneDrive\Desktop\naishtex\Textile\Backend\data\processed\material_deepfashion\Denim\WOMEN-Blouses_Shirts-id_00002616-06_1_front.jpg,deepfashion,This female is wearing a tank tank top with floral patterns. The tank top is with chiffon fabric. It has a suspenders neckline. The pants this female ,Denim,caption_keyword,0.7,NOISY
C:\Users\sama\OneDrive\Desktop\naishtex\Textile\Backend\data\processed\material_deepfashion\Denim\WOMEN-Sweaters-id_00006849-05_4_full.jpg,deepfashion,The person is wearing a long-sleeve sweater with solid color patterns. The sweater is with knitting fabric. It has a round neckline. The person wears ,Denim,caption_keyword,0.7,NOISY
C:\Users\sama\OneDrive\Desktop\naishtex\Textile\Backend\data\processed\material_deepfashion\Denim\WOMEN-Sweaters-id_00001615-05_4_full.jpg,deepfashion,"The upper clothing has long sleeves, knitting fabric and stripe patterns. It has a crew neckline. The lower clothing is of three-point length. The fab",Denim,caption_keyword,0.7,NOISY
C:\Users\sama\OneDrive\Desktop\naishtex\Textile\Backend\data\processed\material_deepfashion\Denim\WOMEN-Dresses-id_00006304-02_3_back.jpg,deepfashion,This lady wears a medium-sleeve shirt with complicated patterns and a three-point pants. The shirt is with denim fabric. The neckline of the shirt is ,Denim,caption_keyword,0.7,NOISY
C:\Users\sama\OneDrive\Desktop\naishtex\Textile\Backend\data\processed\material_deepfashion\Denim\WOMEN-Jackets_Coats-id_00002311-02_7_additional.jpg,deepfashion,"The shirt this lady wears has long sleeves, its fabric is mixed, and it has mixed patterns. The female also wears an outer clothing, with denim fabric",Denim,caption_keyword,0.7,NOISY
C:\Users\sama\OneDrive\Desktop\naishtex\Textile\Backend\data\processed\material_deepfashion\Denim\WOMEN-Rompers_Jumpsuits-id_00001489-02_2_side.jpg,deepfashion,The female is wearing a tank tank top with solid color patterns and a long trousers. The tank top is with denim fabric and its neckline is suspenders.,Denim,caption_keyword,0.7,NOISY
C:\Users\sama\OneDrive\Desktop\naishtex\Textile\Backend\data\processed\material_deepfashion\Denim\WOMEN-Blouses_Shirts-id_00005823-01_7_additional.jpg,deepfashion,The lady wears a short-sleeve shirt with graphic patterns and a long pants. The shirt is with chiffon fabric. The neckline of the shirt is round. The ,Denim,caption_keyword,0.7,NOISY
C:\Users\sama\OneDrive\Desktop\naishtex\Textile\Backend\data\processed\material_deepfashion\Denim\WOMEN-Blouses_Shirts-id_00007619-04_1_front.jpg,deepfashion,"The upper clothing has sleeves cut off, chiffon fabric and solid color patterns. It has a round neckline. The lower clothing is of long length. The fa",Denim,caption_keyword,0.7,NOISY
C:\Users\sama\OneDrive\Desktop\naishtex\Textile\Backend\data\processed\material_deepfashion\Denim\WOMEN-Rompers_Jumpsuits-id_00006361-04_7_additional.jpg,deepfashion,The person wears a tank tank shirt with solid color patterns. The tank shirt is with denim fabric. It has a suspenders neckline. The pants the person ,Denim,caption_keyword,0.7,NOISY
C:\Users\sama\OneDrive\Desktop\naishtex\Textile\Backend\data\processed\material_deepfashion\Denim\WOMEN-Tees_Tanks-id_00003449-09_1_front.jpg,deepfashion,This person is wearing a sleeveless tank shirt with graphic patterns. The tank shirt is with chiffon fabric and its neckline is suspenders. This perso,Denim,caption_keyword,0.7,NOISY
C:\Users\sama\OneDrive\Desktop\naishtex\Textile\Backend\data\processed\material_deepfashion\Denim\WOMEN-Denim-id_00005892-08_1_front.jpg,deepfashion,"Her sweater has long sleeves, chiffon fabric and graphic patterns. It has a round neckline. The trousers the lady wears is of long length. The trouser",Denim,caption_keyword,0.7,NOISY
C:\Users\sama\OneDrive\Desktop\naishtex\Textile\Backend\data\processed\material_deepfashion\Denim\WOMEN-Blouses_Shirts-id_00007410-01_1_front.jpg,deepfashion,The person is wearing a long-sleeve shirt with plaid patterns and a long pants. The shirt is with chiffon fabric. The neckline of the shirt is lapel. ,Denim,caption_keyword,0.7,NOISY
C:\Users\sama\OneDrive\Desktop\naishtex\Textile\Backend\data\processed\material_deepfashion\Denim\WOMEN-Sweatshirts_Hoodies-id_00004430-04_4_full.jpg,deepfashion,This woman wears a long-sleeve shirt with other patterns and a long trousers. The shirt is with knitting fabric and its neckline is round. The trouser,Denim,caption_keyword,0.7,NOISY
C:\Users\sama\OneDrive\Desktop\naishtex\Textile\Backend\data\processed\material_deepfashion\Denim\WOMEN-Blouses_Shirts-id_00007638-02_1_front.jpg,deepfashion,"Her tank shirt has sleeves cut off, chiffon fabric and graphic patterns. It has a round neckline. The pants this person wears is of three-point length",Denim,caption_keyword,0.7,NOISY
C:\Users\sama\OneDrive\Desktop\naishtex\Textile\Backend\data\processed\material_deepfashion\Denim\WOMEN-Blouses_Shirts-id_00002959-02_1_front.jpg,deepfashion,"The upper clothing has sleeves cut off, chiffon fabric and graphic patterns. It has a suspenders neckline. The lower clothing is of three-point length",Denim,caption_keyword,0.7,NOISY
C:\Users\sama\OneDrive\Desktop\naishtex\Textile\Backend\data\processed\material_deepfashion\Denim\WOMEN-Cardigans-id_00000909-01_4_full.jpg,deepfashion,The person wears a long-sleeve sweater with pure color patterns and a long pants. The sweater is with chiffon fabric and its neckline is round. The pa,Denim,caption_keyword,0.7,NOISY
C:\Users\sama\OneDrive\Desktop\naishtex\Textile\Backend\data\processed\material_deepfashion\Denim\WOMEN-Blouses_Shirts-id_00007702-03_7_additional.jpg,deepfashion,"The tank top this female wears has no sleeves, its fabric is chiffon, and it has solid color patterns. The tank top has a round neckline. This female ",Denim,caption_keyword,0.7,NOISY
C:\Users\sama\OneDrive\Desktop\naishtex\Textile\Backend\data\processed\material_deepfashion\Denim\WOMEN-Blouses_Shirts-id_00004921-02_4_full.jpg,deepfashion,"The upper clothing has no sleeves, chiffon fabric and graphic patterns. It has a suspenders neckline. The lower clothing is of three-point length. The",Denim,caption_keyword,0.7,NOISY
C:\Users\sama\OneDrive\Desktop\naishtex\Textile\Backend\data\processed\material_deepfashion\Denim\WOMEN-Blouses_Shirts-id_00004837-01_4_full.jpg,deepfashion,"The tank shirt the lady wears has sleeves cut off, its fabric is denim, and it has pure color patterns. The tank shirt has a suspenders neckline. The ",Denim,caption_keyword,0.7,NOISY
C:\Users\sama\OneDrive\Desktop\naishtex\Textile\Backend\data\processed\material_deepfashion\Denim\WOMEN-Shorts-id_00005116-02_7_additional.jpg,deepfashion,This lady is wearing a long-sleeve shirt with solid color patterns. The shirt is with knitting fabric. It has a crew neckline. The shorts this lady we,Denim,caption_keyword,0.7,NOISY
C:\Users\sama\OneDrive\Desktop\naishtex\Textile\Backend\data\processed\material_deepfashion\Denim\WOMEN-Blouses_Shirts-id_00005045-02_3_back.jpg,deepfashion,"The tank top this woman wears has no sleeves and its fabric is chiffon. The pattern of it is graphic. This woman wears a three-point pants, with denim",Denim,caption_keyword,0.7,NOISY
C:\Users\sama\OneDrive\Desktop\naishtex\Textile\Backend\data\processed\material_deepfashion\Denim\WOMEN-Dresses-id_00003975-01_7_additional.jpg,deepfashion,"The tank top the female wears has sleeves cut off, its fabric is denim, and it has solid color patterns. The tank top has a crew neckline. The female ",Denim,caption_keyword,0.7,NOISY
C:\Users\sama\OneDrive\Desktop\naishtex\Textile\Backend\data\processed\material_deepfashion\Denim\WOMEN-Cardigans-id_00001926-01_3_back.jpg,deepfashion,The person is wearing a long-sleeve shirt with solid color patterns. The shirt is with denim fabric. It has a lapel neckline. The trousers the person ,Denim,caption_keyword,0.7,NOISY
C:\Users\sama\OneDrive\Desktop\naishtex\Textile\Backend\data\processed\material_deepfashion\Denim\WOMEN-Shorts-id_00002928-04_1_front.jpg,deepfashion,The lady wears a long-sleeve shirt with pure color patterns and three-point shorts. The shirt is with chiffon fabric and it has a v-shape neckline. Th,Denim,caption_keyword,0.7,NOISY
C:\Users\sama\OneDrive\Desktop\naishtex\Textile\Backend\data\processed\material_deepfashion\Denim\WOMEN-Blouses_Shirts-id_00004693-03_3_back.jpg,deepfashion,"The shirt this woman wears has short sleeves, its fabric is chiffon, and it has pure color patterns. This woman wears a three-point pants, with denim ",Denim,caption_keyword,0.7,NOISY
C:\Users\sama\OneDrive\Desktop\naishtex\Textile\Backend\data\processed\material_deepfashion\Denim\WOMEN-Blouses_Shirts-id_00005041-01_1_front.jpg,deepfashion,This woman wears a tank tank top with graphic patterns. The tank top is with denim fabric. It has a round neckline. This woman has neckwear. This fema,Denim,caption_keyword,0.7,NOISY
C:\Users\sama\OneDrive\Desktop\naishtex\Textile\Backend\data\processed\material_deepfashion\Denim\WOMEN-Blouses_Shirts-id_00007552-03_3_back.jpg,deepfashion,The female wears a medium-sleeve shirt with mixed patterns and long pants. The shirt is with mixed fabric. The pants are with denim fabric and solid c,Denim,caption_keyword,0.7,NOISY
C:\Users\sama\OneDrive\Desktop\naishtex\Textile\Backend\data\processed\material_deepfashion\Denim\WOMEN-Blouses_Shirts-id_00001339-02_3_back.jpg,deepfashion,"The upper clothing has no sleeves, chiffon fabric and lattice patterns. The lower clothing is of three-point length. The fabric is denim and it has pu",Denim,caption_keyword,0.7,NOISY
C:\Users\sama\OneDrive\Desktop\naishtex\Textile\Backend\data\processed\material_deepfashion\Denim\WOMEN-Sweaters-id_00004403-06_7_additional.jpg,deepfashion,The sweater this lady wears has long sleeves and it is with knitting fabric and complicated patterns. The neckline of the sweater is round. This lady ,Denim,caption_keyword,0.7,NOISY
C:\Users\sama\OneDrive\Desktop\naishtex\Textile\Backend\data\processed\material_deepfashion\Denim\WOMEN-Blouses_Shirts-id_00005274-06_1_front.jpg,deepfashion,"Her shirt has medium sleeves, chiffon fabric and pure color patterns. It has a v-shape neckline. The person wears a long trousers. The trousers are wi",Denim,caption_keyword,0.7,NOISY
C:\Users\sama\OneDrive\Desktop\naishtex\Textile\Backend\data\processed\material_deepfashion\Denim\WOMEN-Blouses_Shirts-id_00004617-03_4_full.jpg,deepfashion,The shirt the lady wears has short sleeves and its fabric is chiffon. The pattern of it is solid color. It has a round neckline. The lady wears a long,Denim,caption_keyword,0.7,NOISY
C:\Users\sama\OneDrive\Desktop\naishtex\Textile\Backend\data\processed\material_deepfashion\Denim\WOMEN-Blouses_Shirts-id_00004977-03_1_front.jpg,deepfashion,This female wears a sleeveless tank top with graphic patterns and three-point shorts. The tank top is with chiffon fabric and it has a suspenders neck,Denim,caption_keyword,0.7,NOISY
C:\Users\sama\OneDrive\Desktop\naishtex\Textile\Backend\data\processed\material_deepfashion\Denim\WOMEN-Blouses_Shirts-id_00006211-02_2_side.jpg,deepfashion,"The shirt this lady wears has short sleeves and its fabric is knitting. The pattern of it is graphic. This lady wears a three-point pants, with denim ",Denim,caption_keyword,0.7,NOISY
C:\Users\sama\OneDrive\Desktop\naishtex\Textile\Backend\data\processed\material_deepfashion\Denim\WOMEN-Blouses_Shirts-id_00005862-02_3_back.jpg,deepfashion,"Her shirt has short sleeves, chiffon fabric and graphic patterns. The pants the lady wears is of three-point length. The pants are with denim fabric a",Denim,caption_keyword,0.7,NOISY
C:\Users\sama\OneDrive\Desktop\naishtex\Textile\Backend\data\processed\material_deepfashion\Denim\WOMEN-Dresses-id_00007525-01_1_front.jpg,deepfashion,This lady is wearing a tank tank shirt with other patterns and a three-point shorts. The tank shirt is with denim fabric. The neckline of the tank shi,Denim,caption_keyword,0.7,NOISY
C:\Users\sama\OneDrive\Desktop\naishtex\Textile\Backend\data\processed\material_deepfashion\Denim\WOMEN-Blouses_Shirts-id_00001421-03_4_full.jpg,deepfashion,The person wears a sleeveless tank top with solid color patterns and long pants. The tank top is with chiffon fabric and it has a suspenders neckline.,Denim,caption_keyword,0.7,NOISY
C:\Users\sama\OneDrive\Desktop\naishtex\Textile\Backend\data\processed\material_deepfashion\Denim\WOMEN-Blouses_Shirts-id_00002703-04_1_front.jpg,deepfashion,"The tank shirt this person wears has no sleeves, its fabric is chiffon, and it has solid color patterns. The tank shirt has a round neckline. This per",Denim,caption_keyword,0.7,NOISY
C:\Users\sama\OneDrive\Desktop\naishtex\Textile\Backend\data\processed\material_deepfashion\Denim\WOMEN-Blouses_Shirts-id_00002771-02_4_full.jpg,deepfashion,This lady is wearing a short-sleeve T-shirt with graphic patterns and a long trousers. The T-shirt is with chiffon fabric and its neckline is round. T,Denim,caption_keyword,0.7,NOISY
C:\Users\sama\OneDrive\Desktop\naishtex\Textile\Backend\data\processed\material_deepfashion\Denim\WOMEN-Blouses_Shirts-id_00004491-08_7_additional.jpg,deepfashion,"Her tank top has sleeves cut off, chiffon fabric and solid color patterns. The neckline of it is suspenders. The female wears a three-point pants. The",Denim,caption_keyword,0.7,NOISY
C:\Users\sama\OneDrive\Desktop\naishtex\Textile\Backend\data\processed\material_deepfashion\Denim\WOMEN-Blouses_Shirts-id_00006778-05_4_full.jpg,deepfashion,This person is wearing a tank tank shirt with pure color patterns. The tank shirt is with chiffon fabric. It has a round neckline. The trousers this p,Denim,caption_keyword,0.7,NOISY
C:\Users\sama\OneDrive\Desktop\naishtex\Textile\Backend\data\processed\material_deepfashion\Denim\WOMEN-Sweaters-id_00003238-03_7_additional.jpg,deepfashion,"The upper clothing has long sleeves, knitting fabric and graphic patterns. The lower clothing is of three-point length. The fabric is denim and it has",Denim,caption_keyword,0.7,NOISY
C:\Users\sama\OneDrive\Desktop\naishtex\Textile\Backend\data\processed\material_deepfashion\Denim\WOMEN-Blouses_Shirts-id_00002772-01_4_full.jpg,deepfashion,This woman wears a sleeveless tank shirt with graphic patterns. The tank shirt is with chiffon fabric. It has a round neckline. This woman wears a thr,Denim,caption_keyword,0.7,NOISY
C:\Users\sama\OneDrive\Desktop\naishtex\Textile\Backend\data\processed\material_deepfashion\Denim\WOMEN-Sweaters-id_00003984-03_1_front.jpg,deepfashion,This person wears a medium-sleeve shirt with pure color patterns. The shirt is with knitting fabric. It has a stand neckline. This person wears a long,Denim,caption_keyword,0.7,NOISY
C:\Users\sama\OneDrive\Desktop\naishtex\Textile\Backend\data\processed\material_deepfashion\Denim\WOMEN-Blouses_Shirts-id_00004277-03_2_side.jpg,deepfashion,"Her shirt has medium sleeves, chiffon fabric and graphic patterns. The neckline of it is square. The shorts this person wears is of three-point length",Denim,caption_keyword,0.7,NOISY
C:\Users\sama\OneDrive\Desktop\naishtex\Textile\Backend\data\processed\material_deepfashion\Denim\WOMEN-Blouses_Shirts-id_00001083-01_7_additional.jpg,deepfashion,The shorts this person wears is of three-point length. The shorts are with denim fabric and solid color patterns. The lady has neckwear.,Denim,caption_keyword,0.7,NOISY
C:\Users\sama\OneDrive\Desktop\naishtex\Textile\Backend\data\processed\material_deepfashion\Denim\WOMEN-Blouses_Shirts-id_00007271-04_4_full.jpg,deepfashion,"Her shirt has long sleeves, chiffon fabric and graphic patterns. It has a v-shape neckline. The pants the person wears is of long length. The pants ar",Denim,caption_keyword,0.7,NOISY
C:\Users\sama\OneDrive\Desktop\naishtex\Textile\Backend\data\processed\material_deepfashion\Denim\WOMEN-Blouses_Shirts-id_00007201-02_4_full.jpg,deepfashion,This person wears a short-sleeve T-shirt with pure color patterns and a long pants. The T-shirt is with chiffon fabric and its neckline is crew. The p,Denim,caption_keyword,0.7,NOISY
C:\Users\sama\OneDrive\Desktop\naishtex\Textile\Backend\data\processed\material_deepfashion\Denim\WOMEN-Blouses_Shirts-id_00006016-02_3_back.jpg,deepfashion,This lady wears a sleeveless tank top with pure color patterns. The tank top is with chiffon fabric. The shorts this lady wears is of three-point leng,Denim,caption_keyword,0.7,NOISY
C:\Users\sama\OneDrive\Desktop\naishtex\Textile\Backend\data\processed\material_deepfashion\Denim\WOMEN-Dresses-id_00007667-01_2_side.jpg,deepfashion,This woman wears a tank tank top with pure color patterns and a three-point shorts. The tank top is with denim fabric. The neckline of the tank top is,Denim,caption_keyword,0.7,NOISY
C:\Users\sama\OneDrive\Desktop\naishtex\Textile\Backend\data\processed\material_deepfashion\Denim\WOMEN-Blouses_Shirts-id_00007851-01_4_full.jpg,deepfashion,The lady is wearing a sleeveless tank shirt with floral patterns and a three-point pants. The tank shirt is with chiffon fabric and its neckline is la,Denim,caption_keyword,0.7,NOISY
C:\Users\sama\OneDrive\Desktop\naishtex\Textile\Backend\data\processed\material_deepfashion\Denim\WOMEN-Blouses_Shirts-id_00007303-01_3_back.jpg,deepfashion,This woman wears a long-sleeve shirt with pure color patterns. The shirt is with chiffon fabric. This woman wears a three-point pants. The pants are w,Denim,caption_keyword,0.7,NOISY
C:\Users\sama\OneDrive\Desktop\naishtex\Textile\Backend\data\processed\material_deepfashion\Denim\WOMEN-Blouses_Shirts-id_00000997-01_1_front.jpg,deepfashion,This female is wearing a medium-sleeve shirt with graphic patterns. The shirt is with chiffon fabric. It has a round neckline. The pants this female w,Denim,caption_keyword,0.7,NOISY
C:\Users\sama\OneDrive\Desktop\naishtex\Textile\Backend\data\processed\material_deepfashion\Denim\WOMEN-Blouses_Shirts-id_00004090-02_1_front.jpg,deepfashion,The female wears a long-sleeve shirt with solid color patterns. The shirt is with denim fabric. The neckline of the shirt is lapel. There is an access,Denim,caption_keyword,0.7,NOISY
C:\Users\sama\OneDrive\Desktop\naishtex\Textile\Backend\data\processed\material_deepfashion\Denim\WOMEN-Blouses_Shirts-id_00007364-01_2_side.jpg,deepfashion,The female wears a long-sleeve shirt with pure color patterns. The shirt is with denim fabric. The neckline of the shirt is lapel.,Denim,caption_keyword,0.7,NOISY
C:\Users\sama\OneDrive\Desktop\naishtex\Textile\Backend\data\processed\material_deepfashion\Denim\WOMEN-Blouses_Shirts-id_00006927-02_2_side.jpg,deepfashion,This female wears a sleeveless tank shirt with graphic patterns and a three-point pants. The tank shirt is with chiffon fabric. The neckline of the ta,Denim,caption_keyword,0.7,NOISY
C:\Users\sama\OneDrive\Desktop\naishtex\Textile\Backend\data\processed\material_deepfashion\Denim\WOMEN-Leggings-id_00001063-01_1_front.jpg,deepfashion,"The upper clothing has short sleeves, chiffon fabric and graphic patterns. The neckline of it is round. The lower clothing is of long length. The fabr",Denim,caption_keyword,0.7,NOISY
C:\Users\sama\OneDrive\Desktop\naishtex\Textile\Backend\data\processed\material_deepfashion\Denim\WOMEN-Sweaters-id_00003373-02_4_full.jpg,deepfashion,"The upper clothing has medium sleeves, knitting fabric and graphic patterns. It has a crew neckline. The lower clothing is of long length. The fabric ",Denim,caption_keyword,0.7,NOISY
C:\Users\sama\OneDrive\Desktop\naishtex\Textile\Backend\data\processed\material_deepfashion\Denim\MEN-Shirts_Polos-id_00004917-01_1_front.jpg,deepfashion,"The upper clothing has long sleeves, mixed fabric and other patterns. It has a lapel neckline. The gentleman also wears an outer clothing, with denim ",Denim,caption_keyword,0.7,NOISY
C:\Users\sama\OneDrive\Desktop\naishtex\Textile\Backend\data\processed\material_deepfashion\Denim\WOMEN-Jackets_Coats-id_00006879-03_2_side.jpg,deepfashion,"The upper clothing has long sleeves, denim fabric and complicated patterns.",Denim,caption_keyword,0.7,NOISY
C:\Users\sama\OneDrive\Desktop\naishtex\Textile\Backend\data\processed\material_deepfashion\Denim\WOMEN-Blouses_Shirts-id_00006732-03_2_side.jpg,deepfashion,This woman wears a medium-sleeve shirt with pure color patterns and three-point shorts. The shirt is with chiffon fabric. The shorts are with denim fa,Denim,caption_keyword,0.7,NOISY
C:\Users\sama\OneDrive\Desktop\naishtex\Textile\Backend\data\processed\material_deepfashion\Denim\WOMEN-Cardigans-id_00001415-07_7_additional.jpg,deepfashion,"The sweater the lady wears has long sleeves and it is with knitting fabric and pure color patterns. The lady wears a three-point pants, with denim fab",Denim,caption_keyword,0.7,NOISY
C:\Users\sama\OneDrive\Desktop\naishtex\Textile\Backend\data\processed\material_deepfashion\Denim\MEN-Jackets_Vests-id_00005451-01_3_back.jpg,deepfashion,The gentleman is wearing a long-sleeve shirt with pure color patterns. The shirt is with leather fabric. The outer clothing is with denim fabric and s,Denim,caption_keyword,0.7,NOISY
C:\Users\sama\OneDrive\Desktop\naishtex\Textile\Backend\data\processed\material_deepfashion\Denim\WOMEN-Blouses_Shirts-id_00006401-02_3_back.jpg,deepfashion,"The upper clothing has short sleeves, denim fabric and pure color patterns. There is an accessory on her wrist.",Denim,caption_keyword,0.7,NOISY
C:\Users\sama\OneDrive\Desktop\naishtex\Textile\Backend\data\processed\material_deepfashion\Denim\WOMEN-Blouses_Shirts-id_00005466-09_4_full.jpg,deepfashion,This person wears a tank tank top with solid color patterns and a long pants. The tank top is with chiffon fabric. The neckline of the tank top is sus,Denim,caption_keyword,0.7,NOISY
C:\Users\sama\OneDrive\Desktop\naishtex\Textile\Backend\data\processed\material_deepfashion\Denim\WOMEN-Blouses_Shirts-id_00006927-02_3_back.jpg,deepfashion,"Her tank top has sleeves cut off, chiffon fabric and graphic patterns. This female wears a three-point pants. The pants are with denim fabric and soli",Denim,caption_keyword,0.7,NOISY
C:\Users\sama\OneDrive\Desktop\naishtex\Textile\Backend\data\processed\material_deepfashion\Denim\WOMEN-Blouses_Shirts-id_00007356-05_3_back.jpg,deepfashion,"Her shirt has long sleeves, chiffon fabric and pure color patterns. The person wears a long trousers. The trousers are with denim fabric and solid col",Denim,caption_keyword,0.7,NOISY
C:\Users\sama\OneDrive\Desktop\naishtex\Textile\Backend\data\processed\material_deepfashion\Denim\WOMEN-Tees_Tanks-id_00003732-56_3_back.jpg,deepfashion,"Her tank top has sleeves cut off, denim fabric and pure color patterns. There is a ring on her finger.",Denim,caption_keyword,0.7,NOISY
C:\Users\sama\OneDrive\Desktop\naishtex\Textile\Backend\data\processed\material_deepfashion\Denim\WOMEN-Dresses-id_00007819-02_2_side.jpg,deepfashion,This person is wearing a sleeveless tank shirt with complicated patterns. The tank shirt is with denim fabric. It has a lapel neckline. The shorts thi,Denim,caption_keyword,0.7,NOISY
C:\Users\sama\OneDrive\Desktop\naishtex\Textile\Backend\data\processed\material_deepfashion\Denim\WOMEN-Rompers_Jumpsuits-id_00004143-01_4_full.jpg,deepfashion,The person is wearing a sleeveless tank shirt with other patterns. The tank shirt is with denim fabric. It has a crew neckline. The person wears a thr,Denim,caption_keyword,0.7,NOISY
C:\Users\sama\OneDrive\Desktop\naishtex\Textile\Backend\data\processed\material_deepfashion\Denim\WOMEN-Blouses_Shirts-id_00004433-01_2_side.jpg,deepfashion,This woman wears a tank tank top with graphic patterns. The tank top is with knitting fabric. It has a suspenders neckline. This woman wears a three-p,Denim,caption_keyword,0.7,NOISY
C:\Users\sama\OneDrive\Desktop\naishtex\Textile\Backend\data\processed\material_deepfashion\Denim\WOMEN-Cardigans-id_00002051-04_2_side.jpg,deepfashion,"Her sweater has long sleeves, denim fabric and pure color patterns. It has a lapel neckline. The person wears a three-point pants. The pants are with ",Denim,caption_keyword,0.7,NOISY
C:\Users\sama\OneDrive\Desktop\naishtex\Textile\Backend\data\processed\material_deepfashion\Denim\WOMEN-Blouses_Shirts-id_00004425-01_7_additional.jpg,deepfashion,This female wears a tank tank top with graphic patterns and three-point shorts. The tank top is with chiffon fabric. The shorts are with denim fabric ,Denim,caption_keyword,0.7,NOISY
C:\Users\sama\OneDrive\Desktop\naishtex\Textile\Backend\data\processed\material_deepfashion\Denim\WOMEN-Blouses_Shirts-id_00004977-03_4_full.jpg,deepfashion,This person is wearing a sleeveless tank shirt with graphic patterns. The tank shirt is with chiffon fabric. It has a suspenders neckline. This person,Denim,caption_keyword,0.7,NOISY
C:\Users\sama\OneDrive\Desktop\naishtex\Textile\Backend\data\processed\material_deepfashion\Denim\WOMEN-Blouses_Shirts-id_00007489-02_4_full.jpg,deepfashion,This female wears a medium-sleeve shirt with pure color patterns and a long pants. The shirt is with chiffon fabric and its neckline is crew. The pant,Denim,caption_keyword,0.7,NOISY
C:\Users\sama\OneDrive\Desktop\naishtex\Textile\Backend\data\processed\material_deepfashion\Denim\WOMEN-Cardigans-id_00001967-02_3_back.jpg,deepfashion,The female wears a long-sleeve shirt with solid color patterns. The shirt is with knitting fabric. The female wears a long pants. The pants are with d,Denim,caption_keyword,0.7,NOISY
C:\Users\sama\OneDrive\Desktop\naishtex\Textile\Backend\data\processed\material_deepfashion\Denim\MEN-Sweaters-id_00005515-01_2_side.jpg,deepfashion,"His T-shirt has short sleeves, denim fabric and solid color patterns. The neckline of it is lapel.",Denim,caption_keyword,0.7,NOISY
C:\Users\sama\OneDrive\Desktop\naishtex\Textile\Backend\data\processed\material_deepfashion\Denim\WOMEN-Blouses_Shirts-id_00006927-02_1_front.jpg,deepfashion,The lady is wearing a sleeveless tank shirt with graphic patterns. The tank shirt is with chiffon fabric and its neckline is round. The shorts the lad,Denim,caption_keyword,0.7,NOISY
C:\Users\sama\OneDrive\Desktop\naishtex\Textile\Backend\data\processed\material_deepfashion\Denim\WOMEN-Blouses_Shirts-id_00006211-02_3_back.jpg,deepfashion,The person wears a short-sleeve shirt with graphic patterns. The shirt is with chiffon fabric. The person wears a three-point pants. The pants are wit,Denim,caption_keyword,0.7,NOISY
C:\Users\sama\OneDrive\Desktop\naishtex\Textile\Backend\data\processed\material_deepfashion\Denim\WOMEN-Sweaters-id_00001615-06_1_front.jpg,deepfashion,"Her sweater has long sleeves, knitting fabric and striped patterns. The neckline of it is round. The pants the person wears is of three-point length. ",Denim,caption_keyword,0.7,NOISY
C:\Users\sama\OneDrive\Desktop\naishtex\Textile\Backend\data\processed\material_deepfashion\Denim\WOMEN-Sweaters-id_00002502-02_2_side.jpg,deepfashion,The shirt the female wears has long sleeves and its fabric is knitting. The pattern of it is striped. It has a round neckline. The female wears a thre,Denim,caption_keyword,0.7,NOISY
C:\Users\sama\OneDrive\Desktop\naishtex\Textile\Backend\data\processed\material_deepfashion\Denim\WOMEN-Blouses_Shirts-id_00007161-02_1_front.jpg,deepfashion,The person wears a tank tank shirt with graphic patterns and a three-point pants. The tank shirt is with chiffon fabric. The neckline of the tank shir,Denim,caption_keyword,0.7,NOISY
C:\Users\sama\OneDrive\Desktop\naishtex\Textile\Backend\data\processed\material_deepfashion\Denim\WOMEN-Blouses_Shirts-id_00003016-01_3_back.jpg,deepfashion,"The tank shirt this female wears has no sleeves, its fabric is denim, and it has pure color patterns.",Denim,caption_keyword,0.7,NOISY
C:\Users\sama\OneDrive\Desktop\naishtex\Textile\Backend\data\processed\material_deepfashion\Denim\WOMEN-Blouses_Shirts-id_00007900-03_4_full.jpg,deepfashion,"Her shirt has long sleeves, chiffon fabric and pure color patterns. It has a round neckline. The person wears a long trousers. The trousers are with d",Denim,caption_keyword,0.7,NOISY
C:\Users\sama\OneDrive\Desktop\naishtex\Textile\Backend\data\processed\material_deepfashion\Denim\WOMEN-Tees_Tanks-id_00007923-03_1_front.jpg,deepfashion,This woman wears a tank tank top with pure color patterns. The tank top is with denim fabric. The neckline of the tank top is crew. There is an access,Denim,caption_keyword,0.7,NOISY
C:\Users\sama\OneDrive\Desktop\naishtex\Textile\Backend\data\processed\material_deepfashion\Denim\WOMEN-Shorts-id_00002038-12_4_full.jpg,deepfashion,This woman is wearing a tank tank shirt with stripe patterns. The tank shirt is with knitting fabric and its neckline is crew. This woman wears a thre,Denim,caption_keyword,0.7,NOISY
C:\Users\sama\OneDrive\Desktop\naishtex\Textile\Backend\data\processed\material_deepfashion\Denim\WOMEN-Dresses-id_00006758-01_1_front.jpg,deepfashion,"The upper clothing has long sleeves, denim fabric and solid color patterns. It has a lapel neckline. The lower clothing is of three-point length. The ",Denim,caption_keyword,0.7,NOISY
C:\Users\sama\OneDrive\Desktop\naishtex\Textile\Backend\data\processed\material_deepfashion\Denim\MEN-Sweaters-id_00000289-02_3_back.jpg,deepfashion,This man is wearing a short-sleeve T-shirt with solid color patterns. The T-shirt is with denim fabric. The neckline of the T-shirt is lapel.,Denim,caption_keyword,0.7,NOISY
C:\Users\sama\OneDrive\Desktop\naishtex\Textile\Backend\data\processed\material_deepfashion\Denim\WOMEN-Blouses_Shirts-id_00007011-04_3_back.jpg,deepfashion,This woman wears a sleeveless tank top with pure color patterns and a three-point shorts. The tank top is with chiffon fabric. The shorts are with den,Denim,caption_keyword,0.7,NOISY
C:\Users\sama\OneDrive\Desktop\naishtex\Textile\Backend\data\processed\material_deepfashion\Denim\WOMEN-Rompers_Jumpsuits-id_00000419-01_3_back.jpg,deepfashion,"Her sweater has long sleeves, denim fabric and solid color patterns. The neckline of it is lapel. The pants this woman wears is of three-point length.",Denim,caption_keyword,0.7,NOISY
C:\Users\sama\OneDrive\Desktop\naishtex\Textile\Backend\data\processed\material_deepfashion\Denim\WOMEN-Jackets_Coats-id_00004155-02_3_back.jpg,deepfashion,This lady is wearing a medium-sleeve shirt with mixed patterns. The shirt is with mixed fabric. This lady wears a three-point shorts. The shorts are w,Denim,caption_keyword,0.7,NOISY
C:\Users\sama\OneDrive\Desktop\naishtex\Textile\Backend\data\processed\material_deepfashion\Denim\WOMEN-Sweaters-id_00001262-07_4_full.jpg,deepfashion,"Her shirt has long sleeves, knitting fabric and pure color patterns. It has a round neckline. The person wears a long pants. The pants are with denim ",Denim,caption_keyword,0.7,NOISY
C:\Users\sama\OneDrive\Desktop\naishtex\Textile\Backend\data\processed\material_deepfashion\Denim\WOMEN-Sweaters-id_00003693-03_4_full.jpg,deepfashion,The lady wears a long-sleeve shirt with graphic patterns and a long trousers. The shirt is with knitting fabric and its neckline is crew. The trousers,Denim,caption_keyword,0.7,NOISY
C:\Users\sama\OneDrive\Desktop\naishtex\Textile\Backend\data\processed\material_deepfashion\Denim\WOMEN-Blouses_Shirts-id_00001446-06_4_full.jpg,deepfashion,The lady is wearing a sleeveless tank top with pure color patterns and a three-point pants. The tank top is with chiffon fabric and its neckline is su,Denim,caption_keyword,0.7,NOISY
C:\Users\sama\OneDrive\Desktop\naishtex\Textile\Backend\data\processed\material_deepfashion\Denim\WOMEN-Shorts-id_00006567-04_1_front.jpg,deepfashion,The lady wears a sleeveless tank top with graphic patterns and a three-point pants. The tank top is with chiffon fabric and its neckline is suspenders,Denim,caption_keyword,0.7,NOISY
C:\Users\sama\OneDrive\Desktop\naishtex\Textile\Backend\data\processed\material_deepfashion\Denim\WOMEN-Blouses_Shirts-id_00007412-01_4_full.jpg,deepfashion,The female wears a long-sleeve sweater with graphic patterns and a three-point pants. The sweater is with chiffon fabric. The neckline of the sweater ,Denim,caption_keyword,0.7,NOISY
C:\Users\sama\OneDrive\Desktop\naishtex\Textile\Backend\data\processed\material_deepfashion\Denim\WOMEN-Blouses_Shirts-id_00002649-01_2_side.jpg,deepfashion,This lady is wearing a long-sleeve shirt with pure color patterns. The shirt is with chiffon fabric. It has a lapel neckline. This lady wears a three-,Denim,caption_keyword,0.7,NOISY
C:\Users\sama\OneDrive\Desktop\naishtex\Textile\Backend\data\processed\material_deepfashion\Denim\WOMEN-Blouses_Shirts-id_00007815-03_4_full.jpg,deepfashion,"The upper clothing has no sleeves, chiffon fabric and graphic patterns. The neckline of it is suspenders. The lower clothing is of three-point length.",Denim,caption_keyword,0.7,NOISY
C:\Users\sama\OneDrive\Desktop\naishtex\Textile\Backend\data\processed\material_deepfashion\Denim\WOMEN-Blouses_Shirts-id_00003364-03_2_side.jpg,deepfashion,"Her tank shirt has no sleeves, chiffon fabric and floral patterns. It has a suspenders neckline. The person wears a three-point pants. The pants are w",Denim,caption_keyword,0.7,NOISY
C:\Users\sama\OneDrive\Desktop\naishtex\Textile\Backend\data\processed\material_deepfashion\Denim\WOMEN-Tees_Tanks-id_00005757-01_4_full.jpg,deepfashion,"The upper clothing has short sleeves, chiffon fabric and graphic patterns. It has a round neckline. The lower clothing is of three-point length. The f",Denim,caption_keyword,0.7,NOISY
C:\Users\sama\OneDrive\Desktop\naishtex\Textile\Backend\data\processed\material_deepfashion\Denim\WOMEN-Blouses_Shirts-id_00004921-04_2_side.jpg,deepfashion,The tank shirt this woman wears has no sleeves and it is with chiffon fabric and graphic patterns. The neckline of the tank shirt is suspenders. This ,Denim,caption_keyword,0.7,NOISY
C:\Users\sama\OneDrive\Desktop\naishtex\Textile\Backend\data\processed\material_deepfashion\Denim\WOMEN-Tees_Tanks-id_00000573-08_7_additional.jpg,deepfashion,The lady is wearing a long-sleeve sweater with complicated patterns. The sweater is with knitting fabric and its neckline is round. The trousers the l,Denim,caption_keyword,0.7,NOISY
C:\Users\sama\OneDrive\Desktop\naishtex\Textile\Backend\data\processed\material_deepfashion\Denim\WOMEN-Blouses_Shirts-id_00005957-03_4_full.jpg,deepfashion,The person wears a short-sleeve T-shirt with pure color patterns and long trousers. The T-shirt is with chiffon fabric and it has a round neckline. Th,Denim,caption_keyword,0.7,NOISY
C:\Users\sama\OneDrive\Desktop\naishtex\Textile\Backend\data\processed\material_deepfashion\Denim\WOMEN-Blouses_Shirts-id_00004224-02_4_full.jpg,deepfashion,"Her tank top has no sleeves, chiffon fabric and graphic patterns. The neckline of it is round. The lady wears a long trousers. The trousers are with d",Denim,caption_keyword,0.7,NOISY
C:\Users\sama\OneDrive\Desktop\naishtex\Textile\Backend\data\processed\material_deepfashion\Denim\WOMEN-Blouses_Shirts-id_00007749-02_3_back.jpg,deepfashion,The lady is wearing a sleeveless tank shirt with graphic patterns. The tank shirt is with chiffon fabric. The shorts the lady wears is of three-point ,Denim,caption_keyword,0.7,NOISY
C:\Users\sama\OneDrive\Desktop\naishtex\Textile\Backend\data\processed\material_deepfashion\Denim\WOMEN-Blouses_Shirts-id_00005942-02_4_full.jpg,deepfashion,The shirt this person wears has short sleeves and its fabric is chiffon. The pattern of it is graphic. It has a v-shape neckline. This person wears a ,Denim,caption_keyword,0.7,NOISY
C:\Users\sama\OneDrive\Desktop\naishtex\Textile\Backend\data\processed\material_deepfashion\Denim\WOMEN-Blouses_Shirts-id_00006285-02_1_front.jpg,deepfashion,This woman wears a sleeveless tank top with graphic patterns and three-point pants. The tank top is with chiffon fabric and it has a suspenders neckli,Denim,caption_keyword,0.7,NOISY
C:\Users\sama\OneDrive\Desktop\naishtex\Textile\Backend\data\processed\material_deepfashion\Denim\WOMEN-Tees_Tanks-id_00000676-02_2_side.jpg,deepfashion,"Her tank top has sleeves cut off, chiffon fabric and graphic patterns. The neckline of it is crew. The shorts this person wears is of three-point leng",Denim,caption_keyword,0.7,NOISY
C:\Users\sama\OneDrive\Desktop\naishtex\Textile\Backend\data\processed\material_deepfashion\Denim\WOMEN-Blouses_Shirts-id_00005060-01_7_additional.jpg,deepfashion,The female is wearing a sleeveless tank shirt with solid color patterns. The tank shirt is with chiffon fabric and its neckline is round. The trousers,Denim,caption_keyword,0.7,NOISY
C:\Users\sama\OneDrive\Desktop\naishtex\Textile\Backend\data\processed\material_deepfashion\Denim\WOMEN-Blouses_Shirts-id_00007364-02_2_side.jpg,deepfashion,The lady wears a long-sleeve shirt with solid color patterns. The shirt is with denim fabric and its neckline is lapel.,Denim,caption_keyword,0.7,NOISY
C:\Users\sama\OneDrive\Desktop\naishtex\Textile\Backend\data\processed\material_deepfashion\Denim\WOMEN-Blouses_Shirts-id_00004897-05_4_full.jpg,deepfashion,This person is wearing a tank tank shirt with solid color patterns. The tank shirt is with chiffon fabric and its neckline is suspenders. The pants th,Denim,caption_keyword,0.7,NOISY
C:\Users\sama\OneDrive\Desktop\naishtex\Textile\Backend\data\processed\material_deepfashion\Denim\WOMEN-Blouses_Shirts-id_00001446-05_1_front.jpg,deepfashion,The person is wearing a tank tank top with solid color patterns. The tank top is with chiffon fabric. It has a suspenders neckline. The person wears a,Denim,caption_keyword,0.7,NOISY
C:\Users\sama\OneDrive\Desktop\naishtex\Textile\Backend\data\processed\material_deepfashion\Denim\WOMEN-Tees_Tanks-id_00005296-01_7_additional.jpg,deepfashion,"Her tank shirt has no sleeves, denim fabric and pure color patterns. The person wears a three-point shorts. The shorts are with denim fabric and pure ",Denim,caption_keyword,0.7,NOISY
C:\Users\sama\OneDrive\Desktop\naishtex\Textile\Backend\data\processed\material_deepfashion\Denim\MEN-Shirts_Polos-id_00002383-02_3_back.jpg,deepfashion,This person is wearing a short-sleeve T-shirt with pure color patterns. The T-shirt is with denim fabric and its neckline is lapel.,Denim,caption_keyword,0.7,NOISY
C:\Users\sama\OneDrive\Desktop\naishtex\Textile\Backend\data\processed\material_deepfashion\Denim\WOMEN-Dresses-id_00007270-04_7_additional.jpg,deepfashion,"The tank shirt the person wears has sleeves cut off and it is with denim fabric and other patterns. The person wears a three-point shorts, with denim ",Denim,caption_keyword,0.7,NOISY
C:\Users\sama\OneDrive\Desktop\naishtex\Textile\Backend\data\processed\material_deepfashion\Denim\WOMEN-Blouses_Shirts-id_00000510-02_4_full.jpg,deepfashion,"Her tank top has sleeves cut off, chiffon fabric and solid color patterns. The neckline of it is lapel. The lady wears a three-point shorts. The short",Denim,caption_keyword,0.7,NOISY
C:\Users\sama\OneDrive\Desktop\naishtex\Textile\Backend\data\processed\material_deepfashion\Denim\WOMEN-Tees_Tanks-id_00005083-02_1_front.jpg,deepfashion,The lady wears a sleeveless tank top with graphic patterns and a three-point pants. The tank top is with denim fabric and its neckline is stand. The p,Denim,caption_keyword,0.7,NOISY
C:\Users\sama\OneDrive\Desktop\naishtex\Textile\Backend\data\processed\material_deepfashion\Denim\WOMEN-Blouses_Shirts-id_00004439-02_4_full.jpg,deepfashion,"Her tank shirt has sleeves cut off, denim fabric and solid color patterns. It has a lapel neckline. The pants the lady wears is of long length. The pa",Denim,caption_keyword,0.7,NOISY
C:\Users\sama\OneDrive\Desktop\naishtex\Textile\Backend\data\processed\material_deepfashion\Denim\WOMEN-Sweaters-id_00000821-03_1_front.jpg,deepfashion,This female wears a long-sleeve sweater with striped patterns and long trousers. The sweater is with furry fabric and it has a round neckline. The tro,Denim,caption_keyword,0.7,NOISY
C:\Users\sama\OneDrive\Desktop\naishtex\Textile\Backend\data\processed\material_deepfashion\Denim\WOMEN-Blouses_Shirts-id_00001196-03_4_full.jpg,deepfashion,The lady is wearing a tank tank top with graphic patterns and a three-point pants. The tank top is with chiffon fabric and its neckline is round. The ,Denim,caption_keyword,0.7,NOISY
C:\Users\sama\OneDrive\Desktop\naishtex\Textile\Backend\data\processed\material_deepfashion\Denim\WOMEN-Sweaters-id_00000840-04_4_full.jpg,deepfashion,The female is wearing a long-sleeve shirt with complicated patterns. The shirt is with knitting fabric. It has a crew neckline. The pants the female w,Denim,caption_keyword,0.7,NOISY
C:\Users\sama\OneDrive\Desktop\naishtex\Textile\Backend\data\processed\material_deepfashion\Denim\WOMEN-Blouses_Shirts-id_00000232-02_4_full.jpg,deepfashion,"Her T-shirt has short sleeves, chiffon fabric and graphic patterns. The neckline of it is crew. This female wears a long trousers. The trousers are wi",Denim,caption_keyword,0.7,NOISY
C:\Users\sama\OneDrive\Desktop\naishtex\Textile\Backend\data\processed\material_deepfashion\Denim\MEN-Sweaters-id_00006356-01_2_side.jpg,deepfashion,This guy wears a short-sleeve shirt with solid color patterns. The shirt is with denim fabric and its neckline is lapel.,Denim,caption_keyword,0.7,NOISY
C:\Users\sama\OneDrive\Desktop\naishtex\Textile\Backend\data\processed\material_deepfashion\Denim\WOMEN-Tees_Tanks-id_00003449-07_4_full.jpg,deepfashion,The person is wearing a long-sleeve sweater with graphic patterns and a long trousers. The sweater is with chiffon fabric. The neckline of the sweater,Denim,caption_keyword,0.7,NOISY
C:\Users\sama\OneDrive\Desktop\naishtex\Textile\Backend\data\processed\material_deepfashion\Denim\WOMEN-Tees_Tanks-id_00005296-01_1_front.jpg,deepfashion,"The upper clothing has no sleeves, denim fabric and graphic patterns. It has a round neckline. The lower clothing is of three-point length. The fabric",Denim,caption_keyword,0.7,NOISY
C:\Users\sama\OneDrive\Desktop\naishtex\Textile\Backend\data\processed\material_deepfashion\Denim\MEN-Shirts_Polos-id_00004917-01_2_side.jpg,deepfashion,The person wears a long-sleeve shirt with mixed patterns. The shirt is with mixed fabric. The neckline of the shirt is lapel. This guy also wears an o,Denim,caption_keyword,0.7,NOISY
C:\Users\sama\OneDrive\Desktop\naishtex\Textile\Backend\data\processed\material_deepfashion\Denim\WOMEN-Shorts-id_00002038-11_4_full.jpg,deepfashion,This woman is wearing a tank tank top with striped patterns. The tank top is with knitting fabric. It has a crew neckline. The shorts this woman wears,Denim,caption_keyword,0.7,NOISY
C:\Users\sama\OneDrive\Desktop\naishtex\Textile\Backend\data\processed\material_deepfashion\Denim\WOMEN-Sweaters-id_00005366-02_7_additional.jpg,deepfashion,This lady is wearing a long-sleeve shirt with graphic patterns and a three-point shorts. The shirt is with chiffon fabric. The shorts are with denim f,Denim,caption_keyword,0.7,NOISY
C:\Users\sama\OneDrive\Desktop\naishtex\Textile\Backend\data\processed\material_deepfashion\Denim\WOMEN-Blouses_Shirts-id_00004693-03_1_front.jpg,deepfashion,"Her shirt has short sleeves, chiffon fabric and solid color patterns. The neckline of it is v-shape. The person wears a three-point shorts. The shorts",Denim,caption_keyword,0.7,NOISY
C:\Users\sama\OneDrive\Desktop\naishtex\Textile\Backend\data\processed\material_deepfashion\Denim\WOMEN-Blouses_Shirts-id_00002546-02_4_full.jpg,deepfashion,This person is wearing a tank tank shirt with graphic patterns. The tank shirt is with chiffon fabric and its neckline is v-shape. This person wears a,Denim,caption_keyword,0.7,NOISY
C:\Users\sama\OneDrive\Desktop\naishtex\Textile\Backend\data\processed\material_deepfashion\Denim\WOMEN-Sweaters-id_00007855-04_1_front.jpg,deepfashion,This person wears a long-sleeve shirt with pure color patterns and long pants. The shirt is with knitting fabric and it has a crew neckline. The pants,Denim,caption_keyword,0.7,NOISY
C:\Users\sama\OneDrive\Desktop\naishtex\Textile\Backend\data\processed\material_deepfashion\Denim\WOMEN-Tees_Tanks-id_00005671-02_3_back.jpg,deepfashion,"The tank shirt this woman wears has no sleeves, its fabric is chiffon, and it has pure color patterns. This woman wears a three-point shorts, with den",Denim,caption_keyword,0.7,NOISY
C:\Users\sama\OneDrive\Desktop\naishtex\Textile\Backend\data\processed\material_deepfashion\Denim\WOMEN-Blouses_Shirts-id_00002140-02_3_back.jpg,deepfashion,The female is wearing a long-sleeve sweater with stripe patterns. The sweater is with chiffon fabric. The shorts the female wears is of three-point le,Denim,caption_keyword,0.7,NOISY
C:\Users\sama\OneDrive\Desktop\naishtex\Textile\Backend\data\processed\material_deepfashion\Denim\WOMEN-Sweaters-id_00003547-01_4_full.jpg,deepfashion,"The T-shirt this female wears has short sleeves, its fabric is knitting, and it has graphic patterns. The T-shirt has a round neckline. This female we",Denim,caption_keyword,0.7,NOISY
C:\Users\sama\OneDrive\Desktop\naishtex\Textile\Backend\data\processed\material_deepfashion\Denim\WOMEN-Blouses_Shirts-id_00004425-01_1_front.jpg,deepfashion,This person is wearing a sleeveless tank top with graphic patterns and a three-point shorts. The tank top is with chiffon fabric. The neckline of the ,Denim,caption_keyword,0.7,NOISY
C:\Users\sama\OneDrive\Desktop\naishtex\Textile\Backend\data\processed\material_deepfashion\Denim\WOMEN-Sweatshirts_Hoodies-id_00000469-02_3_back.jpg,deepfashion,The lady is wearing a long-sleeve sweater with solid color patterns and a three-point pants. The sweater is with knitting fabric. The pants are with d,Denim,caption_keyword,0.7,NOISY
C:\Users\sama\OneDrive\Desktop\naishtex\Textile\Backend\data\processed\material_deepfashion\Denim\WOMEN-Blouses_Shirts-id_00004897-08_3_back.jpg,deepfashion,The lady is wearing a tank tank shirt with pure color patterns and a three-point shorts. The tank shirt is with chiffon fabric. The shorts are with de,Denim,caption_keyword,0.7,NOISY
C:\Users\sama\OneDrive\Desktop\naishtex\Textile\Backend\data\processed\material_deepfashion\Denim\WOMEN-Blouses_Shirts-id_00006606-05_4_full.jpg,deepfashion,"The upper clothing has no sleeves, chiffon fabric and solid color patterns. It has a round neckline. The lower clothing is of long length. The fabric ",Denim,caption_keyword,0.7,NOISY
C:\Users\sama\OneDrive\Desktop\naishtex\Textile\Backend\data\processed\material_deepfashion\Denim\WOMEN-Blouses_Shirts-id_00003033-01_7_additional.jpg,deepfashion,"Her sweater has long sleeves, chiffon fabric and graphic patterns. The person wears a three-point pants. The pants are with denim fabric and pure colo",Denim,caption_keyword,0.7,NOISY
C:\Users\sama\OneDrive\Desktop\naishtex\Textile\Backend\data\processed\material_deepfashion\Denim\WOMEN-Rompers_Jumpsuits-id_00005347-01_2_side.jpg,deepfashion,"The upper clothing has short sleeves, chiffon fabric and solid color patterns. The neckline of it is lapel. The lower clothing is of long length. The ",Denim,caption_keyword,0.7,NOISY
C:\Users\sama\OneDrive\Desktop\naishtex\Textile\Backend\data\processed\material_deepfashion\Denim\WOMEN-Rompers_Jumpsuits-id_00005997-01_1_front.jpg,deepfashion,This woman is wearing a sleeveless tank shirt with solid color patterns. The tank shirt is with denim fabric. It has a suspenders neckline. The shorts,Denim,caption_keyword,0.7,NOISY
C:\Users\sama\OneDrive\Desktop\naishtex\Textile\Backend\data\processed\material_deepfashion\Denim\WOMEN-Tees_Tanks-id_00006867-03_4_full.jpg,deepfashion,"Her T-shirt has short sleeves, knitting fabric and solid color patterns. The neckline of it is crew. The shorts the female wears is of three-point len",Denim,caption_keyword,0.7,NOISY
C:\Users\sama\OneDrive\Desktop\naishtex\Textile\Backend\data\processed\material_deepfashion\Denim\WOMEN-Blouses_Shirts-id_00002989-01_3_back.jpg,deepfashion,"The shirt the female wears has long sleeves and its fabric is chiffon. The pattern of it is floral. The female wears a three-point pants, with denim f",Denim,caption_keyword,0.7,NOISY
C:\Users\sama\OneDrive\Desktop\naishtex\Textile\Backend\data\processed\material_deepfashion\Denim\WOMEN-Blouses_Shirts-id_00005726-02_1_front.jpg,deepfashion,This woman is wearing a medium-sleeve shirt with graphic patterns. The shirt is with chiffon fabric and its neckline is v-shape. This woman wears a th,Denim,caption_keyword,0.7,NOISY
C:\Users\sama\OneDrive\Desktop\naishtex\Textile\Backend\data\processed\material_deepfashion\Denim\WOMEN-Tees_Tanks-id_00005328-02_1_front.jpg,deepfashion,The lady wears a tank tank shirt with graphic patterns. The tank shirt is with knitting fabric. It has a suspenders neckline. The lady wears a three-p,Denim,caption_keyword,0.7,NOISY
C:\Users\sama\OneDrive\Desktop\naishtex\Textile\Backend\data\processed\material_deepfashion\Denim\WOMEN-Jackets_Coats-id_00007536-02_1_front.jpg,deepfashion,This woman is wearing a long-sleeve sweater with pure color patterns and a medium pants. The sweater is with denim fabric and its neckline is lapel. T,Denim,caption_keyword,0.7,NOISY
C:\Users\sama\OneDrive\Desktop\naishtex\Textile\Backend\data\processed\material_deepfashion\Denim\MEN-Shorts-id_00005151-06_4_full.jpg,deepfashion,The gentleman wears a short-sleeve T-shirt with solid color patterns. The T-shirt is with denim fabric. It has a lapel neckline. The pants the gentlem,Denim,caption_keyword,0.7,NOISY
C:\Users\sama\OneDrive\Desktop\naishtex\Textile\Backend\data\processed\material_deepfashion\Denim\WOMEN-Blouses_Shirts-id_00005726-02_2_side.jpg,deepfashion,The lady wears a medium-sleeve shirt with graphic patterns. The shirt is with chiffon fabric. It has a v-shape neckline. The lady wears a three-point ,Denim,caption_keyword,0.7,NOISY
C:\Users\sama\OneDrive\Desktop\naishtex\Textile\Backend\data\processed\material_deepfashion\Denim\WOMEN-Sweaters-id_00004787-10_7_additional.jpg,deepfashion,This person wears a long-sleeve shirt with graphic patterns. The shirt is with knitting fabric. It has a crew neckline. The trousers this person wears,Denim,caption_keyword,0.7,NOISY
C:\Users\sama\OneDrive\Desktop\naishtex\Textile\Backend\data\processed\material_deepfashion\Denim\WOMEN-Blouses_Shirts-id_00006662-02_4_full.jpg,deepfashion,This female wears a sleeveless tank top with graphic patterns and a three-point shorts. The tank top is with chiffon fabric and its neckline is lapel.,Denim,caption_keyword,0.7,NOISY
C:\Users\sama\OneDrive\Desktop\naishtex\Textile\Backend\data\processed\material_deepfashion\Denim\WOMEN-Blouses_Shirts-id_00007011-07_1_front.jpg,deepfashion,This woman wears a tank tank shirt with pure color patterns and a three-point shorts. The tank shirt is with chiffon fabric. The neckline of the tank ,Denim,caption_keyword,0.7,NOISY
C:\Users\sama\OneDrive\Desktop\naishtex\Textile\Backend\data\processed\material_deepfashion\Denim\WOMEN-Blouses_Shirts-id_00003927-06_4_full.jpg,deepfashion,"Her shirt has long sleeves, chiffon fabric and solid color patterns. It has a lapel neckline. This female wears a long trousers. The trousers are with",Denim,caption_keyword,0.7,NOISY
C:\Users\sama\OneDrive\Desktop\naishtex\Textile\Backend\data\processed\material_deepfashion\Denim\WOMEN-Blouses_Shirts-id_00001334-06_7_additional.jpg,deepfashion,This lady wears a tank tank shirt with solid color patterns. The tank shirt is with chiffon fabric. This lady wears a three-point shorts. The shorts a,Denim,caption_keyword,0.7,NOISY
C:\Users\sama\OneDrive\Desktop\naishtex\Textile\Backend\data\processed\material_deepfashion\Denim\WOMEN-Sweaters-id_00003569-02_4_full.jpg,deepfashion,"Her shirt has medium sleeves, knitting fabric and pure color patterns. It has a round neckline. The pants this person wears is of long length. The pan",Denim,caption_keyword,0.7,NOISY
C:\Users\sama\OneDrive\Desktop\naishtex\Textile\Backend\data\processed\material_deepfashion\Denim\WOMEN-Shorts-id_00002928-04_4_full.jpg,deepfashion,The shirt the lady wears has long sleeves and it is with chiffon fabric and solid color patterns. The neckline of the shirt is v-shape. The lady wears,Denim,caption_keyword,0.7,NOISY
C:\Users\sama\OneDrive\Desktop\naishtex\Textile\Backend\data\processed\material_deepfashion\Denim\WOMEN-Blouses_Shirts-id_00004760-02_2_side.jpg,deepfashion,"The upper clothing has short sleeves, chiffon fabric and floral patterns. It has a v-shape neckline. The lower clothing is of three-point length. The ",Denim,caption_keyword,0.7,NOISY
C:\Users\sama\OneDrive\Desktop\naishtex\Textile\Backend\data\processed\material_deepfashion\Denim\WOMEN-Blouses_Shirts-id_00001790-01_4_full.jpg,deepfashion,This woman wears a sleeveless tank shirt with graphic patterns. The tank shirt is with chiffon fabric. It has a suspenders neckline. This woman wears ,Denim,caption_keyword,0.7,NOISY
C:\Users\sama\OneDrive\Desktop\naishtex\Textile\Backend\data\processed\material_deepfashion\Denim\WOMEN-Blouses_Shirts-id_00005619-01_1_front.jpg,deepfashion,This woman is wearing a tank tank shirt with graphic patterns and a three-point shorts. The tank shirt is with chiffon fabric. The neckline of the tan,Denim,caption_keyword,0.7,NOISY
C:\Users\sama\OneDrive\Desktop\naishtex\Textile\Backend\data\processed\material_deepfashion\Denim\WOMEN-Rompers_Jumpsuits-id_00002975-01_3_back.jpg,deepfashion,This person is wearing a tank tank shirt with solid color patterns and a long trousers. The tank shirt is with denim fabric. The trousers are with den,Denim,caption_keyword,0.7,NOISY
C:\Users\sama\OneDrive\Desktop\naishtex\Textile\Backend\data\processed\material_deepfashion\Denim\WOMEN-Blouses_Shirts-id_00002351-02_7_additional.jpg,deepfashion,This woman is wearing a sleeveless tank shirt with graphic patterns. The tank shirt is with chiffon fabric. The shorts this woman wears is of three-po,Denim,caption_keyword,0.7,NOISY
C:\Users\sama\OneDrive\Desktop\naishtex\Textile\Backend\data\processed\material_deepfashion\Denim\WOMEN-Jackets_Coats-id_00005067-02_1_front.jpg,deepfashion,The person wears a long-sleeve sweater with graphic patterns. The sweater is with denim fabric. It has a stand neckline. The shorts the person wears i,Denim,caption_keyword,0.7,NOISY
C:\Users\sama\OneDrive\Desktop\naishtex\Textile\Backend\data\processed\material_deepfashion\Denim\WOMEN-Blouses_Shirts-id_00000402-02_4_full.jpg,deepfashion,The sweater this person wears has long sleeves and it is with chiffon fabric and graphic patterns. The neckline of the sweater is crew. This person we,Denim,caption_keyword,0.7,NOISY
C:\Users\sama\OneDrive\Desktop\naishtex\Textile\Backend\data\processed\material_deepfashion\Denim\WOMEN-Blouses_Shirts-id_00006372-01_7_additional.jpg,deepfashion,This female wears a long-sleeve shirt with graphic patterns. The shirt is with chiffon fabric. The shorts this female wears is of three-point length. ,Denim,caption_keyword,0.7,NOISY
C:\Users\sama\OneDrive\Desktop\naishtex\Textile\Backend\data\processed\material_deepfashion\Denim\WOMEN-Dresses-id_00006711-01_3_back.jpg,deepfashion,"The T-shirt this female wears has short sleeves and its fabric is denim. The pattern of it is pure color. This female wears a short pants, with denim ",Denim,caption_keyword,0.7,NOISY
C:\Users\sama\OneDrive\Desktop\naishtex\Textile\Backend\data\processed\material_deepfashion\Denim\WOMEN-Sweaters-id_00003479-04_4_full.jpg,deepfashion,The person is wearing a long-sleeve sweater with solid color patterns. The sweater is with knitting fabric and its neckline is crew. The pants the per,Denim,caption_keyword,0.7,NOISY
C:\Users\sama\OneDrive\Desktop\naishtex\Textile\Backend\data\processed\material_deepfashion\Denim\WOMEN-Sweaters-id_00001255-03_2_side.jpg,deepfashion,"Her shirt has long sleeves, knitting fabric and graphic patterns. It has a v-shape neckline. The person wears a three-point shorts. The shorts are wit",Denim,caption_keyword,0.7,NOISY
C:\Users\sama\OneDrive\Desktop\naishtex\Textile\Backend\data\processed\material_deepfashion\Denim\WOMEN-Blouses_Shirts-id_00006615-02_3_back.jpg,deepfashion,"The sweater the female wears has long sleeves, its fabric is chiffon, and it has graphic patterns. The female wears a three-point shorts, with denim f",Denim,caption_keyword,0.7,NOISY
C:\Users\sama\OneDrive\Desktop\naishtex\Textile\Backend\data\processed\material_deepfashion\Denim\WOMEN-Blouses_Shirts-id_00001214-01_1_front.jpg,deepfashion,This person is wearing a long-sleeve shirt with other patterns and a long pants. The shirt is with other fabric. The neckline of the shirt is round. T,Denim,caption_keyword,0.7,NOISY
C:\Users\sama\OneDrive\Desktop\naishtex\Textile\Backend\data\processed\material_deepfashion\Denim\WOMEN-Denim-id_00006152-01_1_front.jpg,deepfashion,The T-shirt this person wears has short sleeves and it is with chiffon fabric and solid color patterns. The neckline of the T-shirt is lapel. This per,Denim,caption_keyword,0.7,NOISY
C:\Users\sama\OneDrive\Desktop\naishtex\Textile\Backend\data\processed\material_deepfashion\Denim\WOMEN-Skirts-id_00003863-02_1_front.jpg,deepfashion,The shirt the lady wears has medium sleeves and its fabric is denim. The pattern of it is solid color. It has a lapel neckline. The lady wears a long ,Denim,caption_keyword,0.7,NOISY
C:\Users\sama\OneDrive\Desktop\naishtex\Textile\Backend\data\processed\material_deepfashion\Denim\WOMEN-Blouses_Shirts-id_00006308-01_2_side.jpg,deepfashion,The person wears a sleeveless tank top with solid color patterns. The tank top is with knitting fabric. The person wears a three-point pants. The pant,Denim,caption_keyword,0.7,NOISY
C:\Users\sama\OneDrive\Desktop\naishtex\Textile\Backend\data\processed\material_deepfashion\Denim\MEN-Shirts_Polos-id_00000541-01_3_back.jpg,deepfashion,This man wears a long-sleeve shirt with solid color patterns. The shirt is with denim fabric and it has a lapel neckline. There is an accessory on his,Denim,caption_keyword,0.7,NOISY
C:\Users\sama\OneDrive\Desktop\naishtex\Textile\Backend\data\processed\material_deepfashion\Denim\WOMEN-Tees_Tanks-id_00002201-06_7_additional.jpg,deepfashion,The female wears a long-sleeve shirt with solid color patterns and a three-point shorts. The shirt is with leather fabric and its neckline is suspende,Denim,caption_keyword,0.7,NOISY
C:\Users\sama\OneDrive\Desktop\naishtex\Textile\Backend\data\processed\material_deepfashion\Denim\WOMEN-Cardigans-id_00002215-02_3_back.jpg,deepfashion,This person wears a medium-sleeve shirt with graphic patterns. The shirt is with knitting fabric. This person wears a three-point shorts. The shorts a,Denim,caption_keyword,0.7,NOISY
C:\Users\sama\OneDrive\Desktop\naishtex\Textile\Backend\data\processed\material_deepfashion\Denim\WOMEN-Blouses_Shirts-id_00001837-03_7_additional.jpg,deepfashion,"Her shirt has medium sleeves, chiffon fabric and graphic patterns. The shorts this woman wears is of three-point length. The shorts are with denim fab",Denim,caption_keyword,0.7,NOISY
C:\Users\sama\OneDrive\Desktop\naishtex\Textile\Backend\data\processed\material_deepfashion\Denim\WOMEN-Blouses_Shirts-id_00007463-03_4_full.jpg,deepfashion,The person wears a sleeveless tank shirt with solid color patterns and a long trousers. The tank shirt is with chiffon fabric and its neckline is susp,Denim,caption_keyword,0.7,NOISY
C:\Users\sama\OneDrive\Desktop\naishtex\Textile\Backend\data\processed\material_deepfashion\Denim\WOMEN-Blouses_Shirts-id_00006565-01_7_additional.jpg,deepfashion,This lady wears a sleeveless tank shirt with graphic patterns and three-point pants. The tank shirt is with chiffon fabric. The pants are with denim f,Denim,caption_keyword,0.7,NOISY
C:\Users\sama\OneDrive\Desktop\naishtex\Textile\Backend\data\processed\material_deepfashion\Denim\WOMEN-Shorts-id_00004444-01_1_front.jpg,deepfashion,The lady wears a long-sleeve sweater with graphic patterns. The sweater is with knitting fabric. It has a round neckline. The lady wears a three-point,Denim,caption_keyword,0.7,NOISY
C:\Users\sama\OneDrive\Desktop\naishtex\Textile\Backend\data\processed\material_deepfashion\Denim\WOMEN-Blouses_Shirts-id_00007773-04_4_full.jpg,deepfashion,The shirt the lady wears has short sleeves and its fabric is chiffon. The pattern of it is floral. It has a round neckline. The lady wears a three-poi,Denim,caption_keyword,0.7,NOISY
C:\Users\sama\OneDrive\Desktop\naishtex\Textile\Backend\data\processed\material_deepfashion\Denim\WOMEN-Blouses_Shirts-id_00002772-01_7_additional.jpg,deepfashion,"The tank shirt this female wears has sleeves cut off, its fabric is chiffon, and it has graphic patterns. The tank shirt has a crew neckline. This fem",Denim,caption_keyword,0.7,NOISY
C:\Users\sama\OneDrive\Desktop\naishtex\Textile\Backend\data\processed\material_deepfashion\Denim\WOMEN-Blouses_Shirts-id_00007465-01_4_full.jpg,deepfashion,This woman is wearing a long-sleeve sweater with graphic patterns. The sweater is with chiffon fabric. It has a round neckline. The shorts this woman ,Denim,caption_keyword,0.7,NOISY
C:\Users\sama\OneDrive\Desktop\naishtex\Textile\Backend\data\processed\material_deepfashion\Denim\WOMEN-Sweaters-id_00006975-01_4_full.jpg,deepfashion,This person is wearing a long-sleeve sweater with pure color patterns. The sweater is with knitting fabric. It has a round neckline. The trousers this,Denim,caption_keyword,0.7,NOISY
C:\Users\sama\OneDrive\Desktop\naishtex\Textile\Backend\data\processed\material_deepfashion\Denim\WOMEN-Dresses-id_00005147-01_1_front.jpg,deepfashion,"The upper clothing has long sleeves, denim fabric and solid color patterns. It has a lapel neckline. The lower clothing is of three-point length. The ",Denim,caption_keyword,0.7,NOISY
C:\Users\sama\OneDrive\Desktop\naishtex\Textile\Backend\data\processed\material_deepfashion\Denim\WOMEN-Sweaters-id_00000821-04_1_front.jpg,deepfashion,"Her shirt has long sleeves, furry fabric and striped patterns. The neckline of it is round. The lady wears a long trousers. The trousers are with deni",Denim,caption_keyword,0.7,NOISY
C:\Users\sama\OneDrive\Desktop\naishtex\Textile\Backend\data\processed\material_deepfashion\Denim\WOMEN-Blouses_Shirts-id_00004977-02_3_back.jpg,deepfashion,The lady wears a tank tank shirt with graphic patterns and a three-point pants. The tank shirt is with chiffon fabric. The pants are with denim fabric,Denim,caption_keyword,0.7,NOISY
C:\Users\sama\OneDrive\Desktop\naishtex\Textile\Backend\data\processed\material_deepfashion\Denim\WOMEN-Rompers_Jumpsuits-id_00007889-02_7_additional.jpg,deepfashion,This woman is wearing a tank tank top with pure color patterns and a long trousers. The tank top is with denim fabric and its neckline is lapel. The t,Denim,caption_keyword,0.7,NOISY
C:\Users\sama\OneDrive\Desktop\naishtex\Textile\Backend\data\processed\material_deepfashion\Denim\WOMEN-Sweaters-id_00005520-01_1_front.jpg,deepfashion,This lady is wearing a long-sleeve shirt with graphic patterns. The shirt is with knitting fabric and its neckline is round. The shorts this lady wear,Denim,caption_keyword,0.7,NOISY
C:\Users\sama\OneDrive\Desktop\naishtex\Textile\Backend\data\processed\material_deepfashion\Denim\WOMEN-Cardigans-id_00001926-01_1_front.jpg,deepfashion,"The sweater this woman wears has long sleeves, its fabric is denim, and it has pure color patterns. The sweater has a lapel neckline. This woman wears",Denim,caption_keyword,0.7,NOISY
C:\Users\sama\OneDrive\Desktop\naishtex\Textile\Backend\data\processed\material_deepfashion\Denim\WOMEN-Sweaters-id_00002515-03_4_full.jpg,deepfashion,"The shirt this lady wears has long sleeves, its fabric is knitting, and it has pure color patterns. The shirt has a stand neckline. This lady wears a ",Denim,caption_keyword,0.7,NOISY
C:\Users\sama\OneDrive\Desktop\naishtex\Textile\Backend\data\processed\material_deepfashion\Denim\WOMEN-Sweaters-id_00004119-04_7_additional.jpg,deepfashion,"The shirt the lady wears has long sleeves, its fabric is knitting, and it has graphic patterns. The shirt has a crew neckline. The lady wears a long t",Denim,caption_keyword,0.7,NOISY
C:\Users\sama\OneDrive\Desktop\naishtex\Textile\Backend\data\processed\material_deepfashion\Denim\WOMEN-Rompers_Jumpsuits-id_00000419-01_7_additional.jpg,deepfashion,The lady is wearing a long-sleeve sweater with pure color patterns. The sweater is with denim fabric. It has a lapel neckline. The shorts the lady wea,Denim,caption_keyword,0.7,NOISY
C:\Users\sama\OneDrive\Desktop\naishtex\Textile\Backend\data\processed\material_deepfashion\Denim\WOMEN-Blouses_Shirts-id_00004972-01_4_full.jpg,deepfashion,The lady wears a sleeveless tank shirt with solid color patterns and three-quarter trousers. The tank shirt is with chiffon fabric and it has a v-shap,Denim,caption_keyword,0.7,NOISY
C:\Users\sama\OneDrive\Desktop\naishtex\Textile\Backend\data\processed\material_deepfashion\Denim\WOMEN-Blouses_Shirts-id_00005886-03_7_additional.jpg,deepfashion,"Her tank top has no sleeves, chiffon fabric and graphic patterns. The neckline of it is suspenders. The female wears a three-point pants. The pants ar",Denim,caption_keyword,0.7,NOISY
C:\Users\sama\OneDrive\Desktop\naishtex\Textile\Backend\data\processed\material_deepfashion\Denim\WOMEN-Blouses_Shirts-id_00004778-04_4_full.jpg,deepfashion,This lady is wearing a sleeveless tank shirt with solid color patterns. The tank shirt is with denim fabric. It has a suspenders neckline. The pants t,Denim,caption_keyword,0.7,NOISY
C:\Users\sama\OneDrive\Desktop\naishtex\Textile\Backend\data\processed\material_deepfashion\Denim\WOMEN-Blouses_Shirts-id_00001446-08_4_full.jpg,deepfashion,The tank top this female wears has no sleeves and its fabric is chiffon. The pattern of it is solid color. It has a suspenders neckline. This female w,Denim,caption_keyword,0.7,NOISY
C:\Users\sama\OneDrive\Desktop\naishtex\Textile\Backend\data\processed\material_deepfashion\Denim\WOMEN-Tees_Tanks-id_00004773-02_1_front.jpg,deepfashion,The female wears a tank tank top with other patterns and a three-point pants. The tank top is with chiffon fabric and its neckline is suspenders. The ,Denim,caption_keyword,0.7,NOISY
C:\Users\sama\OneDrive\Desktop\naishtex\Textile\Backend\data\processed\material_deepfashion\Denim\WOMEN-Blouses_Shirts-id_00007703-02_2_side.jpg,deepfashion,"Her shirt has long sleeves, chiffon fabric and graphic patterns. The pants this lady wears is of three-point length. The pants are with denim fabric a",Denim,caption_keyword,0.7,NOISY
C:\Users\sama\OneDrive\Desktop\naishtex\Textile\Backend\data\processed\material_deepfashion\Denim\WOMEN-Sweaters-id_00007221-04_4_full.jpg,deepfashion,"The upper clothing has long sleeves, knitting fabric and graphic patterns. The neckline of it is crew. The lower clothing is of long length. The fabri",Denim,caption_keyword,0.7,NOISY
C:\Users\sama\OneDrive\Desktop\naishtex\Textile\Backend\data\processed\material_deepfashion\Denim\WOMEN-Sweaters-id_00006734-10_4_full.jpg,deepfashion,"The sweater this person wears has long sleeves, its fabric is knitting, and it has solid color patterns. The sweater has a round neckline. This person",Denim,caption_keyword,0.7,NOISY
C:\Users\sama\OneDrive\Desktop\naishtex\Textile\Backend\data\processed\material_deepfashion\Denim\WOMEN-Jackets_Coats-id_00006096-04_7_additional.jpg,deepfashion,"The sweater this woman wears has long sleeves, its fabric is mixed, and it has other patterns. This female also wears an outer clothing, with denim fa",Denim,caption_keyword,0.7,NOISY
C:\Users\sama\OneDrive\Desktop\naishtex\Textile\Backend\data\processed\material_deepfashion\Denim\WOMEN-Rompers_Jumpsuits-id_00006361-03_3_back.jpg,deepfashion,This person is wearing a tank tank shirt with pure color patterns. The tank shirt is with denim fabric. The shorts this person wears is of three-point,Denim,caption_keyword,0.7,NOISY
C:\Users\sama\OneDrive\Desktop\naishtex\Textile\Backend\data\processed\material_deepfashion\Denim\WOMEN-Sweaters-id_00005434-03_1_front.jpg,deepfashion,"Her shirt has long sleeves, knitting fabric and graphic patterns. It has a stand neckline. The shorts this lady wears is of three-point length. The sh",Denim,caption_keyword,0.7,NOISY
C:\Users\sama\OneDrive\Desktop\naishtex\Textile\Backend\data\processed\material_deepfashion\Denim\WOMEN-Sweaters-id_00004095-02_4_full.jpg,deepfashion,"The shirt this lady wears has long sleeves, its fabric is knitting, and it has striped patterns. The shirt has a round neckline. This lady wears a thr",Denim,caption_keyword,0.7,NOISY
C:\Users\sama\OneDrive\Desktop\naishtex\Textile\Backend\data\processed\material_deepfashion\Denim\MEN-Sweaters-id_00003010-01_3_back.jpg,deepfashion,The shirt this guy wears has medium sleeves and it is with denim fabric and solid color patterns. The neckline of the shirt is lapel.,Denim,caption_keyword,0.7,NOISY
C:\Users\sama\OneDrive\Desktop\naishtex\Textile\Backend\data\processed\material_deepfashion\Denim\WOMEN-Sweaters-id_00007221-12_4_full.jpg,deepfashion,This lady is wearing a long-sleeve shirt with graphic patterns and a long trousers. The shirt is with knitting fabric. The trousers are with denim fab,Denim,caption_keyword,0.7,NOISY
C:\Users\sama\OneDrive\Desktop\naishtex\Textile\Backend\data\processed\material_deepfashion\Denim\WOMEN-Blouses_Shirts-id_00005909-02_7_additional.jpg,deepfashion,"The upper clothing has sleeves cut off, chiffon fabric and graphic patterns. The neckline of it is lapel. The lower clothing is of long length. The fa",Denim,caption_keyword,0.7,NOISY
C:\Users\sama\OneDrive\Desktop\naishtex\Textile\Backend\data\processed\material_deepfashion\Denim\WOMEN-Sweaters-id_00003466-06_2_side.jpg,deepfashion,"The upper clothing has long sleeves, knitting fabric and solid color patterns. The neckline of it is lapel. The lower clothing is of three-point lengt",Denim,caption_keyword,0.7,NOISY
C:\Users\sama\OneDrive\Desktop\naishtex\Textile\Backend\data\processed\material_deepfashion\Denim\WOMEN-Cardigans-id_00002051-04_1_front.jpg,deepfashion,This female is wearing a long-sleeve shirt with pure color patterns. The shirt is with denim fabric and its neckline is lapel. The pants this female w,Denim,caption_keyword,0.7,NOISY
C:\Users\sama\OneDrive\Desktop\naishtex\Textile\Backend\data\processed\material_deepfashion\Denim\WOMEN-Blouses_Shirts-id_00004274-04_4_full.jpg,deepfashion,This woman is wearing a tank tank shirt with graphic patterns and a long trousers. The tank shirt is with chiffon fabric and its neckline is suspender,Denim,caption_keyword,0.7,NOISY
C:\Users\sama\OneDrive\Desktop\naishtex\Textile\Backend\data\processed\material_deepfashion\Denim\WOMEN-Blouses_Shirts-id_00006474-02_2_side.jpg,deepfashion,"The T-shirt this female wears has short sleeves and it is with chiffon fabric and pure color patterns. This female wears a three-point pants, with den",Denim,caption_keyword,0.7,NOISY
C:\Users\sama\OneDrive\Desktop\naishtex\Textile\Backend\data\processed\material_deepfashion\Denim\WOMEN-Blouses_Shirts-id_00004921-02_3_back.jpg,deepfashion,The female is wearing a tank tank shirt with graphic patterns. The tank shirt is with chiffon fabric. The female wears a three-point shorts. The short,Denim,caption_keyword,0.7,NOISY
C:\Users\sama\OneDrive\Desktop\naishtex\Textile\Backend\data\processed\material_deepfashion\Denim\WOMEN-Blouses_Shirts-id_00006308-01_1_front.jpg,deepfashion,"The upper clothing has sleeves cut off, knitting fabric and solid color patterns. It has a crew neckline. The lower clothing is of three-point length.",Denim,caption_keyword,0.7,NOISY
C:\Users\sama\OneDrive\Desktop\naishtex\Textile\Backend\data\processed\material_deepfashion\Denim\WOMEN-Blouses_Shirts-id_00005105-02_7_additional.jpg,deepfashion,"The upper clothing has sleeves cut off, chiffon fabric and graphic patterns. The lower clothing is of three-point length. The fabric is denim and it h",Denim,caption_keyword,0.7,NOISY
C:\Users\sama\OneDrive\Desktop\naishtex\Textile\Backend\data\processed\material_deepfashion\Denim\WOMEN-Rompers_Jumpsuits-id_00001489-02_7_additional.jpg,deepfashion,The tank top the female wears has sleeves cut off and it is with denim fabric and solid color patterns.,Denim,caption_keyword,0.7,NOISY
C:\Users\sama\OneDrive\Desktop\naishtex\Textile\Backend\data\processed\material_deepfashion\Denim\WOMEN-Blouses_Shirts-id_00005045-02_1_front.jpg,deepfashion,This woman wears a sleeveless tank top with graphic patterns. The tank top is with chiffon fabric. The shorts this woman wears is of three-point lengt,Denim,caption_keyword,0.7,NOISY
C:\Users\sama\OneDrive\Desktop\naishtex\Textile\Backend\data\processed\material_deepfashion\Denim\WOMEN-Jackets_Coats-id_00000764-01_3_back.jpg,deepfashion,This female is wearing a long-sleeve sweater with other patterns. The sweater is with mixed fabric. The neckline of the sweater is lapel. The lady als,Denim,caption_keyword,0.7,NOISY
C:\Users\sama\OneDrive\Desktop\naishtex\Textile\Backend\data\processed\material_deepfashion\Denim\MEN-Jackets_Vests-id_00007247-01_2_side.jpg,deepfashion,"His shirt has long sleeves, denim fabric and graphic patterns. The neckline of it is crew. The outer clothing is with denim fabric and solid color pat",Denim,caption_keyword,0.7,NOISY
C:\Users\sama\OneDrive\Desktop\naishtex\Textile\Backend\data\processed\material_deepfashion\Denim\WOMEN-Dresses-id_00003677-01_3_back.jpg,deepfashion,"Her shirt has short sleeves, denim fabric and color block patterns. This person wears a three-point shorts. The shorts are with denim fabric and color",Denim,caption_keyword,0.7,NOISY
C:\Users\sama\OneDrive\Desktop\naishtex\Textile\Backend\data\processed\material_deepfashion\Denim\WOMEN-Blouses_Shirts-id_00003820-02_1_front.jpg,deepfashion,This woman is wearing a long-sleeve shirt with graphic patterns. The shirt is with chiffon fabric and its neckline is v-shape. This woman wears a thre,Denim,caption_keyword,0.7,NOISY
C:\Users\sama\OneDrive\Desktop\naishtex\Textile\Backend\data\processed\material_deepfashion\Denim\WOMEN-Blouses_Shirts-id_00001446-07_7_additional.jpg,deepfashion,This lady is wearing a sleeveless tank top with pure color patterns and a three-point pants. The tank top is with chiffon fabric. The pants are with d,Denim,caption_keyword,0.7,NOISY
C:\Users\sama\OneDrive\Desktop\naishtex\Textile\Backend\data\processed\material_deepfashion\Denim\WOMEN-Blouses_Shirts-id_00004693-04_4_full.jpg,deepfashion,The lady wears a short-sleeve shirt with pure color patterns. The shirt is with chiffon fabric. It has a v-shape neckline. The shorts the lady wears i,Denim,caption_keyword,0.7,NOISY
C:\Users\sama\OneDrive\Desktop\naishtex\Textile\Backend\data\processed\material_deepfashion\Denim\WOMEN-Tees_Tanks-id_00006145-04_4_full.jpg,deepfashion,"The upper clothing has short sleeves, knitting fabric and graphic patterns. It has a crew neckline. The lower clothing is of long length. The fabric i",Denim,caption_keyword,0.7,NOISY
C:\Users\sama\OneDrive\Desktop\naishtex\Textile\Backend\data\processed\material_deepfashion\Denim\WOMEN-Cardigans-id_00002051-04_7_additional.jpg,deepfashion,"Her sweater has long sleeves, denim fabric and solid color patterns. It has a lapel neckline. The shorts the lady wears is of three-point length. The ",Denim,caption_keyword,0.7,NOISY
C:\Users\sama\OneDrive\Desktop\naishtex\Textile\Backend\data\processed\material_deepfashion\Denim\WOMEN-Jackets_Coats-id_00000764-01_2_side.jpg,deepfashion,The lady wears a long-sleeve sweater with mixed patterns. The sweater is with mixed fabric and its neckline is lapel. The outer clothing is with denim,Denim,caption_keyword,0.7,NOISY
C:\Users\sama\OneDrive\Desktop\naishtex\Textile\Backend\data\processed\material_deepfashion\Denim\WOMEN-Blouses_Shirts-id_00004693-04_1_front.jpg,deepfashion,The T-shirt the lady wears has short sleeves and it is with chiffon fabric and pure color patterns. The neckline of the T-shirt is v-shape. The lady w,Denim,caption_keyword,0.7,NOISY
C:\Users\sama\OneDrive\Desktop\naishtex\Textile\Backend\data\processed\material_deepfashion\Denim\WOMEN-Cardigans-id_00001415-06_3_back.jpg,deepfashion,The female wears a long-sleeve shirt with complicated patterns. The shirt is with knitting fabric. The pants the female wears is of three-point length,Denim,caption_keyword,0.7,NOISY
C:\Users\sama\OneDrive\Desktop\naishtex\Textile\Backend\data\processed\material_deepfashion\Denim\WOMEN-Cardigans-id_00003623-04_4_full.jpg,deepfashion,"The shirt the person wears has medium sleeves and its fabric is chiffon. The pattern of it is graphic. The person wears a long pants, with denim fabri",Denim,caption_keyword,0.7,NOISY
C:\Users\sama\OneDrive\Desktop\naishtex\Textile\Backend\data\processed\material_deepfashion\Denim\WOMEN-Blouses_Shirts-id_00007678-02_4_full.jpg,deepfashion,"The upper clothing has short sleeves, chiffon fabric and floral patterns. It has a round neckline. The lower clothing is of long length. The fabric is",Denim,caption_keyword,0.7,NOISY
C:\Users\sama\OneDrive\Desktop\naishtex\Textile\Backend\data\processed\material_deepfashion\Denim\MEN-Shirts_Polos-id_00002383-01_2_side.jpg,deepfashion,This gentleman is wearing a short-sleeve shirt with pure color patterns. The shirt is with denim fabric. It has a lapel neckline.,Denim,caption_keyword,0.7,NOISY
C:\Users\sama\OneDrive\Desktop\naishtex\Textile\Backend\data\processed\material_deepfashion\Denim\WOMEN-Blouses_Shirts-id_00001529-01_3_back.jpg,deepfashion,"The upper clothing has sleeves cut off, chiffon fabric and pure color patterns. The lower clothing is of three-point length. The fabric is denim and i",Denim,caption_keyword,0.7,NOISY
C:\Users\sama\OneDrive\Desktop\naishtex\Textile\Backend\data\processed\material_deepfashion\Denim\WOMEN-Blouses_Shirts-id_00005329-02_3_back.jpg,deepfashion,The person is wearing a sleeveless tank shirt with pure color patterns. The tank shirt is with chiffon fabric. The pants the person wears is of three-,Denim,caption_keyword,0.7,NOISY
C:\Users\sama\OneDrive\Desktop\naishtex\Textile\Backend\data\processed\material_deepfashion\Denim\WOMEN-Blouses_Shirts-id_00004433-02_1_front.jpg,deepfashion,"The tank shirt this woman wears has no sleeves, its fabric is knitting, and it has graphic patterns. The tank shirt has a suspenders neckline. This wo",Denim,caption_keyword,0.7,NOISY
C:\Users\sama\OneDrive\Desktop\naishtex\Textile\Backend\data\processed\material_deepfashion\Denim\WOMEN-Sweaters-id_00004095-02_1_front.jpg,deepfashion,"Her shirt has long sleeves, knitting fabric and stripe patterns. It has a round neckline. The shorts this female wears is of three-point length. The s",Denim,caption_keyword,0.7,NOISY
C:\Users\sama\OneDrive\Desktop\naishtex\Textile\Backend\data\processed\material_deepfashion\Denim\WOMEN-Blouses_Shirts-id_00004760-02_3_back.jpg,deepfashion,"The T-shirt this woman wears has short sleeves and it is with chiffon fabric and floral patterns. This woman wears a three-point shorts, with denim fa",Denim,caption_keyword,0.7,NOISY
C:\Users\sama\OneDrive\Desktop\naishtex\Textile\Backend\data\processed\material_deepfashion\Denim\WOMEN-Blouses_Shirts-id_00005620-04_4_full.jpg,deepfashion,This female is wearing a sleeveless tank top with floral patterns. The tank top is with chiffon fabric. It has a suspenders neckline. This female wear,Denim,caption_keyword,0.7,NOISY
C:\Users\sama\OneDrive\Desktop\naishtex\Textile\Backend\data\processed\material_deepfashion\Denim\WOMEN-Jackets_Coats-id_00007765-04_7_additional.jpg,deepfashion,"Her shirt has long sleeves, denim fabric and pure color patterns. It has a stand neckline. This female is wearing a ring on her finger.",Denim,caption_keyword,0.7,NOISY
C:\Users\sama\OneDrive\Desktop\naishtex\Textile\Backend\data\processed\material_deepfashion\Denim\WOMEN-Tees_Tanks-id_00004231-04_3_back.jpg,deepfashion,The lady wears a short-sleeve T-shirt with solid color patterns and three-point shorts. The T-shirt is with knitting fabric. The shorts are with denim,Denim,caption_keyword,0.7,NOISY
C:\Users\sama\OneDrive\Desktop\naishtex\Textile\Backend\data\processed\material_deepfashion\Denim\WOMEN-Sweaters-id_00002608-07_7_additional.jpg,deepfashion,"Her shirt has long sleeves, knitting fabric and graphic patterns. It has a crew neckline. This person wears a long pants. The pants are with denim fab",Denim,caption_keyword,0.7,NOISY
C:\Users\sama\OneDrive\Desktop\naishtex\Textile\Backend\data\processed\material_deepfashion\Denim\WOMEN-Jackets_Coats-id_00000186-02_3_back.jpg,deepfashion,The sweater this woman wears has long sleeves and it is with other fabric and mixed patterns. The outer clothing the female wears is with denim fabric,Denim,caption_keyword,0.7,NOISY
C:\Users\sama\OneDrive\Desktop\naishtex\Textile\Backend\data\processed\material_deepfashion\Denim\WOMEN-Sweaters-id_00006734-07_7_additional.jpg,deepfashion,The shirt the female wears has long sleeves and its fabric is knitting. The pattern of it is solid color. It has a round neckline. The female wears a ,Denim,caption_keyword,0.7,NOISY
C:\Users\sama\OneDrive\Desktop\naishtex\Textile\Backend\data\processed\material_deepfashion\Denim\WOMEN-Blouses_Shirts-id_00006350-03_1_front.jpg,deepfashion,The shirt this woman wears has short sleeves and its fabric is chiffon. The pattern of it is graphic. It has a round neckline. This woman wears a thre,Denim,caption_keyword,0.7,NOISY
C:\Users\sama\OneDrive\Desktop\naishtex\Textile\Backend\data\processed\material_deepfashion\Denim\WOMEN-Blouses_Shirts-id_00007407-02_1_front.jpg,deepfashion,This female is wearing a sleeveless tank shirt with graphic patterns. The tank shirt is with chiffon fabric and its neckline is suspenders. The pants ,Denim,caption_keyword,0.7,NOISY
C:\Users\sama\OneDrive\Desktop\naishtex\Textile\Backend\data\processed\material_deepfashion\Denim\WOMEN-Graphic_Tees-id_00005848-02_2_side.jpg,deepfashion,The female is wearing a sleeveless tank top with graphic patterns and a three-point pants. The tank top is with chiffon fabric. The pants are with den,Denim,caption_keyword,0.7,NOISY
C:\Users\sama\OneDrive\Desktop\naishtex\Textile\Backend\data\processed\material_deepfashion\Denim\WOMEN-Sweaters-id_00005242-02_4_full.jpg,deepfashion,This lady is wearing a long-sleeve shirt with pure color patterns. The shirt is with furry fabric and its neckline is round. This lady wears a long tr,Denim,caption_keyword,0.7,NOISY
C:\Users\sama\OneDrive\Desktop\naishtex\Textile\Backend\data\processed\material_deepfashion\Denim\WOMEN-Sweaters-id_00004667-01_4_full.jpg,deepfashion,The sweater the female wears has long sleeves and its fabric is knitting. The pattern of it is complicated. It has a crew neckline. The female wears a,Denim,caption_keyword,0.7,NOISY
C:\Users\sama\OneDrive\Desktop\naishtex\Textile\Backend\data\processed\material_deepfashion\Denim\WOMEN-Blouses_Shirts-id_00007749-02_1_front.jpg,deepfashion,"Her T-shirt has short sleeves, chiffon fabric and graphic patterns. It has a round neckline. The shorts the person wears is of three-point length. The",Denim,caption_keyword,0.7,NOISY
C:\Users\sama\OneDrive\Desktop\naishtex\Textile\Backend\data\processed\material_deepfashion\Denim\WOMEN-Blouses_Shirts-id_00004977-02_4_full.jpg,deepfashion,"The upper clothing has sleeves cut off, chiffon fabric and graphic patterns. It has a suspenders neckline. The lower clothing is of three-point length",Denim,caption_keyword,0.7,NOISY
C:\Users\sama\OneDrive\Desktop\naishtex\Textile\Backend\data\processed\material_deepfashion\Denim\WOMEN-Shorts-id_00003432-06_4_full.jpg,deepfashion,"Her tank top has sleeves cut off, chiffon fabric and pure color patterns. It has a v-shape neckline. This female wears a three-point shorts. The short",Denim,caption_keyword,0.7,NOISY
C:\Users\sama\OneDrive\Desktop\naishtex\Textile\Backend\data\processed\material_deepfashion\Denim\WOMEN-Blouses_Shirts-id_00004893-03_3_back.jpg,deepfashion,"The tank top this woman wears has sleeves cut off, its fabric is chiffon, and it has graphic patterns. This woman wears a three-point pants, with deni",Denim,caption_keyword,0.7,NOISY
C:\Users\sama\OneDrive\Desktop\naishtex\Textile\Backend\data\processed\material_deepfashion\Denim\WOMEN-Blouses_Shirts-id_00004491-08_3_back.jpg,deepfashion,This woman is wearing a sleeveless tank shirt with solid color patterns. The tank shirt is with chiffon fabric. The shorts this woman wears is of thre,Denim,caption_keyword,0.7,NOISY
C:\Users\sama\OneDrive\Desktop\naishtex\Textile\Backend\data\processed\material_deepfashion\Denim\WOMEN-Sweaters-id_00004095-02_3_back.jpg,deepfashion,The female wears a long-sleeve shirt with stripe patterns and three-point pants. The shirt is with knitting fabric. The pants are with denim fabric an,Denim,caption_keyword,0.7,NOISY
C:\Users\sama\OneDrive\Desktop\naishtex\Textile\Backend\data\processed\material_deepfashion\Denim\WOMEN-Blouses_Shirts-id_00003820-02_4_full.jpg,deepfashion,This woman is wearing a long-sleeve sweater with graphic patterns. The sweater is with chiffon fabric. It has a v-shape neckline. This woman wears a t,Denim,caption_keyword,0.7,NOISY
C:\Users\sama\OneDrive\Desktop\naishtex\Textile\Backend\data\processed\material_deepfashion\Denim\WOMEN-Blouses_Shirts-id_00005774-03_4_full.jpg,deepfashion,"Her shirt has long sleeves, chiffon fabric and solid color patterns. The neckline of it is crew. The pants this female wears is of long length. The pa",Denim,caption_keyword,0.7,NOISY
C:\Users\sama\OneDrive\Desktop\naishtex\Textile\Backend\data\processed\material_deepfashion\Denim\WOMEN-Blouses_Shirts-id_00002351-02_2_side.jpg,deepfashion,"The upper clothing has no sleeves, chiffon fabric and graphic patterns. The neckline of it is suspenders. The lower clothing is of three-point length.",Denim,caption_keyword,0.7,NOISY
C:\Users\sama\OneDrive\Desktop\naishtex\Textile\Backend\data\processed\material_deepfashion\Denim\WOMEN-Dresses-id_00007176-01_4_full.jpg,deepfashion,This female is wearing a sleeveless tank top with graphic patterns and a three-point pants. The tank top is with chiffon fabric. The neckline of the t,Denim,caption_keyword,0.7,NOISY
C:\Users\sama\OneDrive\Desktop\naishtex\Textile\Backend\data\processed\material_deepfashion\Denim\WOMEN-Blouses_Shirts-id_00003588-01_4_full.jpg,deepfashion,"The sweater this female wears has long sleeves, its fabric is denim, and it has pure color patterns. The sweater has a lapel neckline. This female wea",Denim,caption_keyword,0.7,NOISY
C:\Users\sama\OneDrive\Desktop\naishtex\Textile\Backend\data\processed\material_deepfashion\Denim\WOMEN-Tees_Tanks-id_00000676-01_1_front.jpg,deepfashion,The lady is wearing a sleeveless tank top with graphic patterns. The tank top is with chiffon fabric. It has a crew neckline. The lady wears a three-p,Denim,caption_keyword,0.7,NOISY
C:\Users\sama\OneDrive\Desktop\naishtex\Textile\Backend\data\processed\material_deepfashion\Denim\WOMEN-Blouses_Shirts-id_00004356-03_4_full.jpg,deepfashion,The shirt the person wears has medium sleeves and it is with chiffon fabric and graphic patterns. The neckline of the shirt is crew. The person wears ,Denim,caption_keyword,0.7,NOISY
C:\Users\sama\OneDrive\Desktop\naishtex\Textile\Backend\data\processed\material_deepfashion\Denim\WOMEN-Cardigans-id_00001926-01_2_side.jpg,deepfashion,The person wears a long-sleeve sweater with graphic patterns and a long pants. The sweater is with knitting fabric. The pants are with denim fabric an,Denim,caption_keyword,0.7,NOISY
C:\Users\sama\OneDrive\Desktop\naishtex\Textile\Backend\data\processed\material_deepfashion\Denim\WOMEN-Blouses_Shirts-id_00005045-02_2_side.jpg,deepfashion,This person is wearing a tank tank shirt with graphic patterns. The tank shirt is with chiffon fabric. The pants this person wears is of three-point l,Denim,caption_keyword,0.7,NOISY
C:\Users\sama\OneDrive\Desktop\naishtex\Textile\Backend\data\processed\material_deepfashion\Denim\WOMEN-Rompers_Jumpsuits-id_00000417-01_1_front.jpg,deepfashion,The person is wearing a long-sleeve shirt with pure color patterns. The shirt is with denim fabric and its neckline is lapel. The person wears a long ,Denim,caption_keyword,0.7,NOISY
C:\Users\sama\OneDrive\Desktop\naishtex\Textile\Backend\data\processed\material_deepfashion\Denim\WOMEN-Dresses-id_00006172-01_1_front.jpg,deepfashion,The tank shirt this person wears has no sleeves and it is with denim fabric and solid color patterns. The neckline of the tank shirt is crew. This per,Denim,caption_keyword,0.7,NOISY
C:\Users\sama\OneDrive\Desktop\naishtex\Textile\Backend\data\processed\material_deepfashion\Denim\WOMEN-Rompers_Jumpsuits-id_00001580-02_3_back.jpg,deepfashion,The female wears a sleeveless tank top with solid color patterns. The tank top is with denim fabric. It has a lapel neckline. The shorts the female we,Denim,caption_keyword,0.7,NOISY
C:\Users\sama\OneDrive\Desktop\naishtex\Textile\Backend\data\processed\material_deepfashion\Denim\WOMEN-Blouses_Shirts-id_00005194-01_4_full.jpg,deepfashion,"The upper clothing has long sleeves, chiffon fabric and graphic patterns. The neckline of it is v-shape. The lower clothing is of three-quarter length",Denim,caption_keyword,0.7,NOISY
C:\Users\sama\OneDrive\Desktop\naishtex\Textile\Backend\data\processed\material_deepfashion\Denim\WOMEN-Blouses_Shirts-id_00001760-02_3_back.jpg,deepfashion,"The tank shirt the female wears has no sleeves and its fabric is mixed. The pattern of it is pure color. The female wears a three-point shorts, with d",Denim,caption_keyword,0.7,NOISY
C:\Users\sama\OneDrive\Desktop\naishtex\Textile\Backend\data\processed\material_deepfashion\Denim\WOMEN-Blouses_Shirts-id_00003822-04_1_front.jpg,deepfashion,The female is wearing a sleeveless tank shirt with solid color patterns. The tank shirt is with chiffon fabric. It has a round neckline. The female we,Denim,caption_keyword,0.7,NOISY
C:\Users\sama\OneDrive\Desktop\naishtex\Textile\Backend\data\processed\material_deepfashion\Denim\WOMEN-Blouses_Shirts-id_00005407-02_3_back.jpg,deepfashion,The lady is wearing a short-sleeve shirt with pure color patterns and a three-point shorts. The shirt is with denim fabric and its neckline is lapel. ,Denim,caption_keyword,0.7,NOISY
C:\Users\sama\OneDrive\Desktop\naishtex\Textile\Backend\data\processed\material_deepfashion\Denim\WOMEN-Blouses_Shirts-id_00004479-02_2_side.jpg,deepfashion,"Her T-shirt has short sleeves, other fabric and other patterns. It has a crew neckline. The pants the person wears is of long length. The pants are wi",Denim,caption_keyword,0.7,NOISY
C:\Users\sama\OneDrive\Desktop\naishtex\Textile\Backend\data\processed\material_deepfashion\Denim\WOMEN-Blouses_Shirts-id_00006537-04_4_full.jpg,deepfashion,"Her shirt has long sleeves, chiffon fabric and graphic patterns. The neckline of it is lapel. This female wears a long trousers. The trousers are with",Denim,caption_keyword,0.7,NOISY
C:\Users\sama\OneDrive\Desktop\naishtex\Textile\Backend\data\processed\material_deepfashion\Denim\WOMEN-Tees_Tanks-id_00005827-04_4_full.jpg,deepfashion,"The shirt this female wears has long sleeves, its fabric is chiffon, and it has graphic patterns. The shirt has a crew neckline. This female wears a l",Denim,caption_keyword,0.7,NOISY
C:\Users\sama\OneDrive\Desktop\naishtex\Textile\Backend\data\processed\material_deepfashion\Denim\WOMEN-Blouses_Shirts-id_00005619-01_4_full.jpg,deepfashion,This female wears a sleeveless tank top with graphic patterns and a three-point pants. The tank top is with chiffon fabric. The neckline of the tank t,Denim,caption_keyword,0.7,NOISY
C:\Users\sama\OneDrive\Desktop\naishtex\Textile\Backend\data\processed\material_deepfashion\Denim\MEN-Shirts_Polos-id_00000541-02_3_back.jpg,deepfashion,This guy wears a long-sleeve sweater with pure color patterns. The sweater is with denim fabric. The neckline of the sweater is lapel.,Denim,caption_keyword,0.7,NOISY
C:\Users\sama\OneDrive\Desktop\naishtex\Textile\Backend\data\processed\material_deepfashion\Denim\WOMEN-Sweaters-id_00003728-01_4_full.jpg,deepfashion,"Her tank top has no sleeves, knitting fabric and graphic patterns. The neckline of it is round. The trousers this female wears is of long length. The ",Denim,caption_keyword,0.7,NOISY
C:\Users\sama\OneDrive\Desktop\naishtex\Textile\Backend\data\processed\material_deepfashion\Denim\WOMEN-Blouses_Shirts-id_00002555-03_1_front.jpg,deepfashion,This person is wearing a long-sleeve shirt with solid color patterns. The shirt is with denim fabric. It has a lapel neckline. The shorts this person ,Denim,caption_keyword,0.7,NOISY
C:\Users\sama\OneDrive\Desktop\naishtex\Textile\Backend\data\processed\material_deepfashion\Denim\WOMEN-Blouses_Shirts-id_00005012-02_2_side.jpg,deepfashion,"Her tank top has sleeves cut off, chiffon fabric and pure color patterns. The trousers the lady wears is of long length. The trousers are with denim f",Denim,caption_keyword,0.7,NOISY
C:\Users\sama\OneDrive\Desktop\naishtex\Textile\Backend\data\processed\material_deepfashion\Denim\WOMEN-Blouses_Shirts-id_00000442-02_7_additional.jpg,deepfashion,The lady wears a sleeveless tank shirt with pure color patterns and a three-point pants. The tank shirt is with denim fabric and its neckline is lapel,Denim,caption_keyword,0.7,NOISY
C:\Users\sama\OneDrive\Desktop\naishtex\Textile\Backend\data\processed\material_deepfashion\Denim\WOMEN-Blouses_Shirts-id_00000556-03_4_full.jpg,deepfashion,The female is wearing a sleeveless tank top with graphic patterns and a long pants. The tank top is with chiffon fabric. The neckline of the tank top ,Denim,caption_keyword,0.7,NOISY
C:\Users\sama\OneDrive\Desktop\naishtex\Textile\Backend\data\processed\material_deepfashion\Denim\WOMEN-Shorts-id_00003432-04_1_front.jpg,deepfashion,This person is wearing a sleeveless tank shirt with pure color patterns and a three-point shorts. The tank shirt is with chiffon fabric and its neckli,Denim,caption_keyword,0.7,NOISY
C:\Users\sama\OneDrive\Desktop\naishtex\Textile\Backend\data\processed\material_deepfashion\Denim\WOMEN-Blouses_Shirts-id_00005327-01_4_full.jpg,deepfashion,"Her sweater has long sleeves, denim fabric and pure color patterns. The neckline of it is lapel. This woman wears a long pants. The pants are with den",Denim,caption_keyword,0.7,NOISY
C:\Users\sama\OneDrive\Desktop\naishtex\Textile\Backend\data\processed\material_deepfashion\Denim\WOMEN-Sweaters-id_00002608-08_1_front.jpg,deepfashion,"The upper clothing has long sleeves, knitting fabric and graphic patterns. It has a crew neckline. The lower clothing is of long length. The fabric is",Denim,caption_keyword,0.7,NOISY
C:\Users\sama\OneDrive\Desktop\naishtex\Textile\Backend\data\processed\material_deepfashion\Denim\WOMEN-Shorts-id_00004444-01_4_full.jpg,deepfashion,The person is wearing a long-sleeve shirt with graphic patterns and a three-point pants. The shirt is with knitting fabric. The neckline of the shirt ,Denim,caption_keyword,0.7,NOISY
C:\Users\sama\OneDrive\Desktop\naishtex\Textile\Backend\data\processed\material_deepfashion\Denim\WOMEN-Tees_Tanks-id_00006797-02_4_full.jpg,deepfashion,"Her tank shirt has sleeves cut off, knitting fabric and solid color patterns. It has a crew neckline. The female wears a three-point pants. The pants ",Denim,caption_keyword,0.7,NOISY
C:\Users\sama\OneDrive\Desktop\naishtex\Textile\Backend\data\processed\material_deepfashion\Denim\WOMEN-Sweaters-id_00003479-08_4_full.jpg,deepfashion,This lady wears a long-sleeve sweater with pure color patterns. The sweater is with knitting fabric. It has a round neckline. This lady wears a long p,Denim,caption_keyword,0.7,NOISY
C:\Users\sama\OneDrive\Desktop\naishtex\Textile\Backend\data\processed\material_deepfashion\Denim\WOMEN-Jackets_Coats-id_00006819-02_1_front.jpg,deepfashion,The shirt this person wears has long sleeves and it is with denim fabric and solid color patterns. The neckline of the shirt is lapel. This person wea,Denim,caption_keyword,0.7,NOISY
C:\Users\sama\OneDrive\Desktop\naishtex\Textile\Backend\data\processed\material_deepfashion\Denim\WOMEN-Blouses_Shirts-id_00005210-01_3_back.jpg,deepfashion,The lady wears a tank tank top with pure color patterns. The tank top is with denim fabric. It has a lapel neckline.,Denim,caption_keyword,0.7,NOISY
C:\Users\sama\OneDrive\Desktop\naishtex\Textile\Backend\data\processed\material_deepfashion\Denim\WOMEN-Blouses_Shirts-id_00007973-01_4_full.jpg,deepfashion,The person is wearing a medium-sleeve shirt with graphic patterns. The shirt is with chiffon fabric and its neckline is crew. The person wears a three,Denim,caption_keyword,0.7,NOISY
C:\Users\sama\OneDrive\Desktop\naishtex\Textile\Backend\data\processed\material_deepfashion\Denim\WOMEN-Cardigans-id_00001765-01_7_additional.jpg,deepfashion,The lady wears a long-sleeve sweater with stripe patterns. The sweater is with knitting fabric. The lady wears a three-point shorts. The shorts are wi,Denim,caption_keyword,0.7,NOISY
C:\Users\sama\OneDrive\Desktop\naishtex\Textile\Backend\data\processed\material_deepfashion\Denim\WOMEN-Blouses_Shirts-id_00007612-02_4_full.jpg,deepfashion,"The upper clothing has medium sleeves, chiffon fabric and solid color patterns. The neckline of it is round. The lower clothing is of long length. The",Denim,caption_keyword,0.7,NOISY
C:\Users\sama\OneDrive\Desktop\naishtex\Textile\Backend\data\processed\material_deepfashion\Denim\WOMEN-Shorts-id_00006567-04_4_full.jpg,deepfashion,This woman wears a sleeveless tank shirt with graphic patterns and a three-point shorts. The tank shirt is with chiffon fabric. The neckline of the ta,Denim,caption_keyword,0.7,NOISY
C:\Users\sama\OneDrive\Desktop\naishtex\Textile\Backend\data\processed\material_deepfashion\Denim\WOMEN-Blouses_Shirts-id_00003588-01_1_front.jpg,deepfashion,This female wears a long-sleeve sweater with pure color patterns. The sweater is with denim fabric and its neckline is lapel. This lady is wearing a r,Denim,caption_keyword,0.7,NOISY
C:\Users\sama\OneDrive\Desktop\naishtex\Textile\Backend\data\processed\material_deepfashion\Denim\WOMEN-Blouses_Shirts-id_00000510-02_2_side.jpg,deepfashion,"Her tank top has sleeves cut off, chiffon fabric and pure color patterns. It has a lapel neckline. This woman wears a three-point shorts. The shorts a",Denim,caption_keyword,0.7,NOISY
C:\Users\sama\OneDrive\Desktop\naishtex\Textile\Backend\data\processed\material_deepfashion\Denim\WOMEN-Blouses_Shirts-id_00004897-05_7_additional.jpg,deepfashion,This woman wears a tank tank top with solid color patterns. The tank top is with chiffon fabric. The shorts this woman wears is of three-point length.,Denim,caption_keyword,0.7,NOISY
C:\Users\sama\OneDrive\Desktop\naishtex\Textile\Backend\data\processed\material_deepfashion\Denim\WOMEN-Cardigans-id_00001436-02_4_full.jpg,deepfashion,"The shirt this lady wears has long sleeves, its fabric is chiffon, and it has solid color patterns. The shirt has a lapel neckline. This lady wears a ",Denim,caption_keyword,0.7,NOISY
C:\Users\sama\OneDrive\Desktop\naishtex\Textile\Backend\data\processed\material_deepfashion\Denim\WOMEN-Blouses_Shirts-id_00002140-02_2_side.jpg,deepfashion,This woman is wearing a long-sleeve sweater with striped patterns and a three-point shorts. The sweater is with chiffon fabric. The shorts are with de,Denim,caption_keyword,0.7,NOISY
C:\Users\sama\OneDrive\Desktop\naishtex\Textile\Backend\data\processed\material_deepfashion\Mixed Fabrics\WOMEN-Tees_Tanks-id_00006088-02_2_side.jpg,deepfashion,"The upper clothing has long sleeves, cotton fabric and plaid patterns. It has a round neckline. The lower clothing is of three-point length. The fabri",Mixed Fabrics,caption_keyword,0.5,NOISY
C:\Users\sama\OneDrive\Desktop\naishtex\Textile\Backend\data\processed\material_deepfashion\Mixed Fabrics\WOMEN-Blouses_Shirts-id_00000377-03_1_front.jpg,deepfashion,"Her sweater has long sleeves, cotton fabric and pure color patterns. The neckline of it is round. The shorts this female wears is of three-point lengt",Mixed Fabrics,caption_keyword,0.5,NOISY
C:\Users\sama\OneDrive\Desktop\naishtex\Textile\Backend\data\processed\material_deepfashion\Mixed Fabrics\WOMEN-Shorts-id_00004784-07_4_full.jpg,deepfashion,The person is wearing a tank tank top with other patterns. The tank top is with cotton fabric and its neckline is round. The shorts the person wears i,Mixed Fabrics,caption_keyword,0.5,NOISY
C:\Users\sama\OneDrive\Desktop\naishtex\Textile\Backend\data\processed\material_deepfashion\Mixed Fabrics\WOMEN-Tees_Tanks-id_00000220-02_1_front.jpg,deepfashion,"The upper clothing has short sleeves, cotton fabric and pure color patterns. The neckline of it is v-shape. The lower clothing is of long length. The ",Mixed Fabrics,caption_keyword,0.5,NOISY
C:\Users\sama\OneDrive\Desktop\naishtex\Textile\Backend\data\processed\material_deepfashion\Mixed Fabrics\WOMEN-Blouses_Shirts-id_00000890-02_4_full.jpg,deepfashion,This person is wearing a sleeveless tank shirt with graphic patterns. The tank shirt is with cotton fabric and its neckline is round. This person wear,Mixed Fabrics,caption_keyword,0.5,NOISY
C:\Users\sama\OneDrive\Desktop\naishtex\Textile\Backend\data\processed\material_deepfashion\Mixed Fabrics\WOMEN-Tees_Tanks-id_00002122-01_7_additional.jpg,deepfashion,This person wears a tank tank top with solid color patterns and three-point pants. The tank top is with cotton fabric and it has a round neckline. The,Mixed Fabrics,caption_keyword,0.5,NOISY
C:\Users\sama\OneDrive\Desktop\naishtex\Textile\Backend\data\processed\material_deepfashion\Mixed Fabrics\WOMEN-Tees_Tanks-id_00002950-03_2_side.jpg,deepfashion,This lady wears a short-sleeve shirt with graphic patterns and three-point shorts. The shirt is with cotton fabric and it has a crew neckline. The sho,Mixed Fabrics,caption_keyword,0.5,NOISY
C:\Users\sama\OneDrive\Desktop\naishtex\Textile\Backend\data\processed\material_deepfashion\Mixed Fabrics\WOMEN-Tees_Tanks-id_00003841-01_4_full.jpg,deepfashion,"The upper clothing has short sleeves, cotton fabric and other patterns. The neckline of it is crew. The lower clothing is of three-point length. The f",Mixed Fabrics,caption_keyword,0.5,NOISY
C:\Users\sama\OneDrive\Desktop\naishtex\Textile\Backend\data\processed\material_deepfashion\Mixed Fabrics\MEN-Tees_Tanks-id_00007075-01_4_full.jpg,deepfashion,This guy wears a short-sleeve T-shirt with graphic patterns and a medium pants. The T-shirt is with cotton fabric and its neckline is crew. The pants ,Mixed Fabrics,caption_keyword,0.5,NOISY
C:\Users\sama\OneDrive\Desktop\naishtex\Textile\Backend\data\processed\material_deepfashion\Mixed Fabrics\WOMEN-Blouses_Shirts-id_00004472-01_1_front.jpg,deepfashion,"Her shirt has medium sleeves, cotton fabric and graphic patterns. It has a round neckline. The female wears a three-point pants. The pants are with de",Mixed Fabrics,caption_keyword,0.5,NOISY
C:\Users\sama\OneDrive\Desktop\naishtex\Textile\Backend\data\processed\material_deepfashion\Mixed Fabrics\WOMEN-Blouses_Shirts-id_00004363-03_4_full.jpg,deepfashion,"The upper clothing has long sleeves, cotton fabric and graphic patterns. The lower clothing is of long length. The fabric is denim and it has pure col",Mixed Fabrics,caption_keyword,0.5,NOISY
C:\Users\sama\OneDrive\Desktop\naishtex\Textile\Backend\data\processed\material_deepfashion\Mixed Fabrics\WOMEN-Tees_Tanks-id_00005859-02_4_full.jpg,deepfashion,This woman is wearing a sleeveless tank top with floral patterns and a long pants. The tank top is with cotton fabric. The neckline of the tank top is,Mixed Fabrics,caption_keyword,0.5,NOISY
C:\Users\sama\OneDrive\Desktop\naishtex\Textile\Backend\data\processed\material_deepfashion\Mixed Fabrics\WOMEN-Tees_Tanks-id_00001801-06_4_full.jpg,deepfashion,The tank top this person wears has sleeves cut off and its fabric is cotton. The pattern of it is pure color. It has a suspenders neckline. This perso,Mixed Fabrics,caption_keyword,0.5,NOISY
C:\Users\sama\OneDrive\Desktop\naishtex\Textile\Backend\data\processed\material_deepfashion\Mixed Fabrics\WOMEN-Graphic_Tees-id_00006415-01_4_full.jpg,deepfashion,This woman is wearing a tank tank shirt with graphic patterns and a three-point shorts. The tank shirt is with cotton fabric. The neckline of the tank,Mixed Fabrics,caption_keyword,0.5,NOISY
C:\Users\sama\OneDrive\Desktop\naishtex\Textile\Backend\data\processed\material_deepfashion\Mixed Fabrics\WOMEN-Blouses_Shirts-id_00001364-01_1_front.jpg,deepfashion,"Her shirt has medium sleeves, cotton fabric and pure color patterns. The neckline of it is lapel. The pants this person wears is of three-point length",Mixed Fabrics,caption_keyword,0.5,NOISY
C:\Users\sama\OneDrive\Desktop\naishtex\Textile\Backend\data\processed\material_deepfashion\Mixed Fabrics\WOMEN-Cardigans-id_00006595-03_7_additional.jpg,deepfashion,This person wears a long-sleeve sweater with graphic patterns. The sweater is with cotton fabric. It has a round neckline. This person wears a long pa,Mixed Fabrics,caption_keyword,0.5,NOISY
C:\Users\sama\OneDrive\Desktop\naishtex\Textile\Backend\data\processed\material_deepfashion\Mixed Fabrics\WOMEN-Blouses_Shirts-id_00003053-03_7_additional.jpg,deepfashion,The female wears a short-sleeve T-shirt with graphic patterns. The T-shirt is with cotton fabric. The female wears a three-point pants. The pants are ,Mixed Fabrics,caption_keyword,0.5,NOISY
C:\Users\sama\OneDrive\Desktop\naishtex\Textile\Backend\data\processed\material_deepfashion\Mixed Fabrics\WOMEN-Tees_Tanks-id_00001603-03_2_side.jpg,deepfashion,"Her shirt has long sleeves, cotton fabric and solid color patterns. The neckline of it is crew. This female wears a three-point shorts. The shorts are",Mixed Fabrics,caption_keyword,0.5,NOISY
C:\Users\sama\OneDrive\Desktop\naishtex\Textile\Backend\data\processed\material_deepfashion\Mixed Fabrics\WOMEN-Tees_Tanks-id_00005148-04_1_front.jpg,deepfashion,This lady wears a sleeveless tank shirt with striped patterns and three-point shorts. The tank shirt is with cotton fabric and it has a suspenders nec,Mixed Fabrics,caption_keyword,0.5,NOISY
C:\Users\sama\OneDrive\Desktop\naishtex\Textile\Backend\data\processed\material_deepfashion\Mixed Fabrics\WOMEN-Shorts-id_00006729-02_4_full.jpg,deepfashion,"Her shirt has short sleeves, cotton fabric and pure color patterns. It has a square neckline. The pants the female wears is of three-point length. The",Mixed Fabrics,caption_keyword,0.5,NOISY
C:\Users\sama\OneDrive\Desktop\naishtex\Textile\Backend\data\processed\material_deepfashion\Mixed Fabrics\WOMEN-Tees_Tanks-id_00002617-03_4_full.jpg,deepfashion,"Her tank shirt has sleeves cut off, cotton fabric and solid color patterns. The neckline of it is round. This woman wears a three-point shorts. The sh",Mixed Fabrics,caption_keyword,0.5,NOISY
C:\Users\sama\OneDrive\Desktop\naishtex\Textile\Backend\data\processed\material_deepfashion\Mixed Fabrics\WOMEN-Tees_Tanks-id_00002260-01_7_additional.jpg,deepfashion,"Her tank shirt has sleeves cut off, cotton fabric and color block patterns. The neckline of it is crew. The pants this lady wears is of three-point le",Mixed Fabrics,caption_keyword,0.5,NOISY
C:\Users\sama\OneDrive\Desktop\naishtex\Textile\Backend\data\processed\material_deepfashion\Mixed Fabrics\WOMEN-Tees_Tanks-id_00005574-02_4_full.jpg,deepfashion,This person wears a short-sleeve T-shirt with floral patterns. The T-shirt is with cotton fabric. It has a round neckline. This person wears a long tr,Mixed Fabrics,caption_keyword,0.5,NOISY
C:\Users\sama\OneDrive\Desktop\naishtex\Textile\Backend\data\processed\material_deepfashion\Mixed Fabrics\WOMEN-Tees_Tanks-id_00002824-03_1_front.jpg,deepfashion,This person is wearing a short-sleeve T-shirt with pure color patterns. The T-shirt is with cotton fabric and its neckline is crew. This person wears ,Mixed Fabrics,caption_keyword,0.5,NOISY
C:\Users\sama\OneDrive\Desktop\naishtex\Textile\Backend\data\processed\material_deepfashion\Mixed Fabrics\WOMEN-Cardigans-id_00001209-01_1_front.jpg,deepfashion,"Her sweater has long sleeves, cotton fabric and pure color patterns. The neckline of it is round. The person wears a three-point shorts. The shorts ar",Mixed Fabrics,caption_keyword,0.5,NOISY
C:\Users\sama\OneDrive\Desktop\naishtex\Textile\Backend\data\processed\material_deepfashion\Mixed Fabrics\WOMEN-Tees_Tanks-id_00005290-01_4_full.jpg,deepfashion,"Her tank top has sleeves cut off, cotton fabric and graphic patterns. The neckline of it is round. The trousers the female wears is of long length. Th",Mixed Fabrics,caption_keyword,0.5,NOISY
C:\Users\sama\OneDrive\Desktop\naishtex\Textile\Backend\data\processed\material_deepfashion\Mixed Fabrics\WOMEN-Tees_Tanks-id_00001011-07_3_back.jpg,deepfashion,The female wears a long-sleeve shirt with graphic patterns and three-point pants. The shirt is with cotton fabric. The pants are with denim fabric and,Mixed Fabrics,caption_keyword,0.5,NOISY
C:\Users\sama\OneDrive\Desktop\naishtex\Textile\Backend\data\processed\material_deepfashion\Mixed Fabrics\WOMEN-Shorts-id_00000875-01_1_front.jpg,deepfashion,"Her tank top has sleeves cut off, cotton fabric and graphic patterns. It has a round neckline. The shorts the female wears is of three-point length. T",Mixed Fabrics,caption_keyword,0.5,NOISY
C:\Users\sama\OneDrive\Desktop\naishtex\Textile\Backend\data\processed\material_deepfashion\Mixed Fabrics\WOMEN-Sweaters-id_00004680-03_4_full.jpg,deepfashion,The lady is wearing a medium-sleeve shirt with pure color patterns. The shirt is with cotton fabric and its neckline is round. The shorts the lady wea,Mixed Fabrics,caption_keyword,0.5,NOISY
C:\Users\sama\OneDrive\Desktop\naishtex\Textile\Backend\data\processed\material_deepfashion\Mixed Fabrics\WOMEN-Tees_Tanks-id_00007579-03_2_side.jpg,deepfashion,"Her shirt has medium sleeves, cotton fabric and solid color patterns. The pants the person wears is of three-point length. The pants are with denim fa",Mixed Fabrics,caption_keyword,0.5,NOISY
C:\Users\sama\OneDrive\Desktop\naishtex\Textile\Backend\data\processed\material_deepfashion\Mixed Fabrics\WOMEN-Sweaters-id_00002801-02_2_side.jpg,deepfashion,This female wears a long-sleeve shirt with solid color patterns and a three-point shorts. The shirt is with cotton fabric and its neckline is stand. T,Mixed Fabrics,caption_keyword,0.5,NOISY
C:\Users\sama\OneDrive\Desktop\naishtex\Textile\Backend\data\processed\material_deepfashion\Mixed Fabrics\WOMEN-Graphic_Tees-id_00005565-01_7_additional.jpg,deepfashion,"The tank shirt this person wears has no sleeves and its fabric is cotton. The pattern of it is graphic. This person wears a three-point pants, with de",Mixed Fabrics,caption_keyword,0.5,NOISY
C:\Users\sama\OneDrive\Desktop\naishtex\Textile\Backend\data\processed\material_deepfashion\Mixed Fabrics\WOMEN-Tees_Tanks-id_00006709-06_2_side.jpg,deepfashion,"Her tank shirt has sleeves cut off, cotton fabric and stripe patterns. It has a crew neckline. The lady wears a three-point pants. The pants are with ",Mixed Fabrics,caption_keyword,0.5,NOISY
C:\Users\sama\OneDrive\Desktop\naishtex\Textile\Backend\data\processed\material_deepfashion\Mixed Fabrics\WOMEN-Tees_Tanks-id_00002201-16_4_full.jpg,deepfashion,The tank shirt the female wears has no sleeves and its fabric is cotton. The pattern of it is solid color. It has a suspenders neckline. The female we,Mixed Fabrics,caption_keyword,0.5,NOISY
C:\Users\sama\OneDrive\Desktop\naishtex\Textile\Backend\data\processed\material_deepfashion\Mixed Fabrics\WOMEN-Skirts-id_00007127-02_1_front.jpg,deepfashion,The tank top this lady wears has sleeves cut off and its fabric is cotton. The pattern of it is pure color. It has a round neckline. This lady wears a,Mixed Fabrics,caption_keyword,0.5,NOISY
C:\Users\sama\OneDrive\Desktop\naishtex\Textile\Backend\data\processed\material_deepfashion\Mixed Fabrics\WOMEN-Graphic_Tees-id_00006671-01_4_full.jpg,deepfashion,The T-shirt this person wears has short sleeves and its fabric is cotton. The pattern of it is graphic. It has a crew neckline. This person wears a th,Mixed Fabrics,caption_keyword,0.5,NOISY
C:\Users\sama\OneDrive\Desktop\naishtex\Textile\Backend\data\processed\material_deepfashion\Mixed Fabrics\WOMEN-Tees_Tanks-id_00001943-04_3_back.jpg,deepfashion,"Her tank top has no sleeves, cotton fabric and pure color patterns. The neckline of it is round. The pants the female wears is of long length. The pan",Mixed Fabrics,caption_keyword,0.5,NOISY
C:\Users\sama\OneDrive\Desktop\naishtex\Textile\Backend\data\processed\material_deepfashion\Mixed Fabrics\WOMEN-Tees_Tanks-id_00002867-06_7_additional.jpg,deepfashion,"Her tank top has sleeves cut off, cotton fabric and graphic patterns. The pants the person wears is of three-point length. The pants are with denim fa",Mixed Fabrics,caption_keyword,0.5,NOISY
C:\Users\sama\OneDrive\Desktop\naishtex\Textile\Backend\data\processed\material_deepfashion\Mixed Fabrics\WOMEN-Blouses_Shirts-id_00000276-07_4_full.jpg,deepfashion,The lady is wearing a long-sleeve sweater with graphic patterns. The sweater is with cotton fabric. It has a round neckline. The lady wears a long tro,Mixed Fabrics,caption_keyword,0.5,NOISY
C:\Users\sama\OneDrive\Desktop\naishtex\Textile\Backend\data\processed\material_deepfashion\Mixed Fabrics\WOMEN-Tees_Tanks-id_00002678-52_2_side.jpg,deepfashion,This person wears a short-sleeve shirt with pure color patterns and a three-point pants. The shirt is with cotton fabric. The pants are with denim fab,Mixed Fabrics,caption_keyword,0.5,NOISY
C:\Users\sama\OneDrive\Desktop\naishtex\Textile\Backend\data\processed\material_deepfashion\Mixed Fabrics\WOMEN-Tees_Tanks-id_00004707-04_4_full.jpg,deepfashion,This female is wearing a tank tank top with complicated patterns. The tank top is with cotton fabric. It has a v-shape neckline. This female wears a t,Mixed Fabrics,caption_keyword,0.5,NOISY
C:\Users\sama\OneDrive\Desktop\naishtex\Textile\Backend\data\processed\material_deepfashion\Mixed Fabrics\WOMEN-Blouses_Shirts-id_00001921-01_4_full.jpg,deepfashion,This female is wearing a long-sleeve shirt with graphic patterns and a three-point pants. The shirt is with cotton fabric and its neckline is crew. Th,Mixed Fabrics,caption_keyword,0.5,NOISY
C:\Users\sama\OneDrive\Desktop\naishtex\Textile\Backend\data\processed\material_deepfashion\Mixed Fabrics\WOMEN-Tees_Tanks-id_00005085-62_2_side.jpg,deepfashion,The tank top this lady wears has no sleeves and it is with cotton fabric and solid color patterns. The neckline of the tank top is suspenders. This la,Mixed Fabrics,caption_keyword,0.5,NOISY
C:\Users\sama\OneDrive\Desktop\naishtex\Textile\Backend\data\processed\material_deepfashion\Mixed Fabrics\WOMEN-Blouses_Shirts-id_00007416-03_2_side.jpg,deepfashion,This woman is wearing a short-sleeve T-shirt with graphic patterns and a three-point shorts. The T-shirt is with cotton fabric. The neckline of the T-,Mixed Fabrics,caption_keyword,0.5,NOISY
C:\Users\sama\OneDrive\Desktop\naishtex\Textile\Backend\data\processed\material_deepfashion\Mixed Fabrics\WOMEN-Tees_Tanks-id_00002906-06_2_side.jpg,deepfashion,"The upper clothing has no sleeves, cotton fabric and striped patterns. It has a suspenders neckline. The lower clothing is of three-point length. The ",Mixed Fabrics,caption_keyword,0.5,NOISY
C:\Users\sama\OneDrive\Desktop\naishtex\Textile\Backend\data\processed\material_deepfashion\Mixed Fabrics\WOMEN-Blouses_Shirts-id_00007533-02_1_front.jpg,deepfashion,"Her shirt has medium sleeves, cotton fabric and lattice patterns. It has a lapel neckline. The pants this female wears is of three-point length. The p",Mixed Fabrics,caption_keyword,0.5,NOISY
C:\Users\sama\OneDrive\Desktop\naishtex\Textile\Backend\data\processed\material_deepfashion\Mixed Fabrics\WOMEN-Denim-id_00004387-02_3_back.jpg,deepfashion,"Her shirt has short sleeves, cotton fabric and color block patterns. The pants the female wears is of long length. The pants are with denim fabric and",Mixed Fabrics,caption_keyword,0.5,NOISY
C:\Users\sama\OneDrive\Desktop\naishtex\Textile\Backend\data\processed\material_deepfashion\Mixed Fabrics\WOMEN-Tees_Tanks-id_00003523-01_7_additional.jpg,deepfashion,"Her shirt has short sleeves, cotton fabric and pure color patterns. The shorts this female wears is of three-point length. The shorts are with denim f",Mixed Fabrics,caption_keyword,0.5,NOISY
C:\Users\sama\OneDrive\Desktop\naishtex\Textile\Backend\data\processed\material_deepfashion\Mixed Fabrics\WOMEN-Blouses_Shirts-id_00001194-05_7_additional.jpg,deepfashion,This female is wearing a sleeveless tank shirt with pure color patterns. The tank shirt is with cotton fabric. It has a v-shape neckline. This female ,Mixed Fabrics,caption_keyword,0.5,NOISY
C:\Users\sama\OneDrive\Desktop\naishtex\Textile\Backend\data\processed\material_deepfashion\Mixed Fabrics\WOMEN-Blouses_Shirts-id_00004602-03_3_back.jpg,deepfashion,This woman is wearing a medium-sleeve shirt with solid color patterns and a three-point pants. The shirt is with cotton fabric. The pants are with den,Mixed Fabrics,caption_keyword,0.5,NOISY
C:\Users\sama\OneDrive\Desktop\naishtex\Textile\Backend\data\processed\material_deepfashion\Mixed Fabrics\WOMEN-Cardigans-id_00004057-02_7_additional.jpg,deepfashion,This person wears a long-sleeve shirt with pure color patterns. The shirt is with cotton fabric. It has a round neckline. This person wears a long pan,Mixed Fabrics,caption_keyword,0.5,NOISY
C:\Users\sama\OneDrive\Desktop\naishtex\Textile\Backend\data\processed\material_deepfashion\Mixed Fabrics\WOMEN-Blouses_Shirts-id_00005084-01_1_front.jpg,deepfashion,This female is wearing a long-sleeve shirt with solid color patterns. The shirt is with cotton fabric and its neckline is round. The pants this female,Mixed Fabrics,caption_keyword,0.5,NOISY
C:\Users\sama\OneDrive\Desktop\naishtex\Textile\Backend\data\processed\material_deepfashion\Mixed Fabrics\WOMEN-Tees_Tanks-id_00001480-01_1_front.jpg,deepfashion,The lady wears a short-sleeve shirt with pure color patterns and a three-point shorts. The shirt is with cotton fabric. The shorts are with denim fabr,Mixed Fabrics,caption_keyword,0.5,NOISY
C:\Users\sama\OneDrive\Desktop\naishtex\Textile\Backend\data\processed\material_deepfashion\Mixed Fabrics\WOMEN-Blouses_Shirts-id_00000906-01_3_back.jpg,deepfashion,This woman is wearing a medium-sleeve shirt with graphic patterns and a three-point pants. The shirt is with cotton fabric. The pants are with denim f,Mixed Fabrics,caption_keyword,0.5,NOISY
C:\Users\sama\OneDrive\Desktop\naishtex\Textile\Backend\data\processed\material_deepfashion\Mixed Fabrics\WOMEN-Blouses_Shirts-id_00004602-02_3_back.jpg,deepfashion,"Her shirt has medium sleeves, cotton fabric and pure color patterns. The person wears a three-point pants. The pants are with denim fabric and pure co",Mixed Fabrics,caption_keyword,0.5,NOISY
C:\Users\sama\OneDrive\Desktop\naishtex\Textile\Backend\data\processed\material_deepfashion\Mixed Fabrics\MEN-Denim-id_00002760-01_2_side.jpg,deepfashion,This person wears a long-sleeve shirt with solid color patterns. The shirt is with cotton fabric. The trousers this person wears is of long length. Th,Mixed Fabrics,caption_keyword,0.5,NOISY
C:\Users\sama\OneDrive\Desktop\naishtex\Textile\Backend\data\processed\material_deepfashion\Mixed Fabrics\WOMEN-Shorts-id_00005599-03_4_full.jpg,deepfashion,"The upper clothing has short sleeves, cotton fabric and color block patterns. It has a round neckline. The lower clothing is of three-point length. Th",Mixed Fabrics,caption_keyword,0.5,NOISY
C:\Users\sama\OneDrive\Desktop\naishtex\Textile\Backend\data\processed\material_deepfashion\Mixed Fabrics\WOMEN-Tees_Tanks-id_00003898-08_2_side.jpg,deepfashion,"The shirt the female wears has short sleeves and it is with cotton fabric and pure color patterns. The female wears a three-point shorts, with denim f",Mixed Fabrics,caption_keyword,0.5,NOISY
C:\Users\sama\OneDrive\Desktop\naishtex\Textile\Backend\data\processed\material_deepfashion\Mixed Fabrics\WOMEN-Tees_Tanks-id_00002233-07_3_back.jpg,deepfashion,This woman wears a short-sleeve T-shirt with pure color patterns and a three-point pants. The T-shirt is with cotton fabric. The pants are with denim ,Mixed Fabrics,caption_keyword,0.5,NOISY
C:\Users\sama\OneDrive\Desktop\naishtex\Textile\Backend\data\processed\material_deepfashion\Mixed Fabrics\WOMEN-Sweatshirts_Hoodies-id_00003660-04_1_front.jpg,deepfashion,This woman wears a long-sleeve shirt with solid color patterns and a three-point pants. The shirt is with cotton fabric. The neckline of the shirt is ,Mixed Fabrics,caption_keyword,0.5,NOISY
C:\Users\sama\OneDrive\Desktop\naishtex\Textile\Backend\data\processed\material_deepfashion\Mixed Fabrics\WOMEN-Graphic_Tees-id_00003986-02_3_back.jpg,deepfashion,"Her tank top has no sleeves, cotton fabric and pure color patterns. The pants the lady wears is of three-point length. The pants are with denim fabric",Mixed Fabrics,caption_keyword,0.5,NOISY
C:\Users\sama\OneDrive\Desktop\naishtex\Textile\Backend\data\processed\material_deepfashion\Mixed Fabrics\MEN-Sweatshirts_Hoodies-id_00003060-05_7_additional.jpg,deepfashion,The sweater this man wears has long sleeves and its fabric is cotton. The pattern of it is plaid. It has a lapel neckline. This man wears a long pants,Mixed Fabrics,caption_keyword,0.5,NOISY
C:\Users\sama\OneDrive\Desktop\naishtex\Textile\Backend\data\processed\material_deepfashion\Mixed Fabrics\WOMEN-Cardigans-id_00002121-16_7_additional.jpg,deepfashion,The female wears a long-sleeve shirt with pure color patterns. The shirt is with cotton fabric. It has a crew neckline. The female wears a long trouse,Mixed Fabrics,caption_keyword,0.5,NOISY
C:\Users\sama\OneDrive\Desktop\naishtex\Textile\Backend\data\processed\material_deepfashion\Mixed Fabrics\WOMEN-Graphic_Tees-id_00003244-01_3_back.jpg,deepfashion,This person wears a short-sleeve T-shirt with solid color patterns. The T-shirt is with cotton fabric. The pants this person wears is of three-point l,Mixed Fabrics,caption_keyword,0.5,NOISY
C:\Users\sama\OneDrive\Desktop\naishtex\Textile\Backend\data\processed\material_deepfashion\Mixed Fabrics\WOMEN-Tees_Tanks-id_00004153-03_4_full.jpg,deepfashion,The lady wears a long-sleeve shirt with pure color patterns. The shirt is with cotton fabric. It has a round neckline. The pants the lady wears is of ,Mixed Fabrics,caption_keyword,0.5,NOISY
C:\Users\sama\OneDrive\Desktop\naishtex\Textile\Backend\data\processed\material_deepfashion\Mixed Fabrics\WOMEN-Graphic_Tees-id_00002369-01_2_side.jpg,deepfashion,"Her tank top has no sleeves, cotton fabric and graphic patterns. It has a round neckline. The female wears a three-point shorts. The shorts are with d",Mixed Fabrics,caption_keyword,0.5,NOISY
C:\Users\sama\OneDrive\Desktop\naishtex\Textile\Backend\data\processed\material_deepfashion\Mixed Fabrics\WOMEN-Tees_Tanks-id_00004120-05_1_front.jpg,deepfashion,"Her tank shirt has no sleeves, cotton fabric and solid color patterns. This woman wears a three-point shorts. The shorts are with denim fabric and pur",Mixed Fabrics,caption_keyword,0.5,NOISY
C:\Users\sama\OneDrive\Desktop\naishtex\Textile\Backend\data\processed\material_deepfashion\Mixed Fabrics\WOMEN-Tees_Tanks-id_00006707-06_4_full.jpg,deepfashion,The tank top the lady wears has sleeves cut off and its fabric is cotton. The pattern of it is pure color. It has a crew neckline. The lady wears a lo,Mixed Fabrics,caption_keyword,0.5,NOISY
C:\Users\sama\OneDrive\Desktop\naishtex\Textile\Backend\data\processed\material_deepfashion\Mixed Fabrics\WOMEN-Sweaters-id_00005178-02_2_side.jpg,deepfashion,"Her shirt has short sleeves, cotton fabric and complicated patterns. The neckline of it is crew. The shorts this lady wears is of three-point length. ",Mixed Fabrics,caption_keyword,0.5,NOISY
C:\Users\sama\OneDrive\Desktop\naishtex\Textile\Backend\data\processed\material_deepfashion\Mixed Fabrics\WOMEN-Blouses_Shirts-id_00000721-03_3_back.jpg,deepfashion,This person wears a medium-sleeve shirt with graphic patterns. The shirt is with cotton fabric. The trousers this person wears is of long length. The ,Mixed Fabrics,caption_keyword,0.5,NOISY
C:\Users\sama\OneDrive\Desktop\naishtex\Textile\Backend\data\processed\material_deepfashion\Mixed Fabrics\WOMEN-Tees_Tanks-id_00003865-02_7_additional.jpg,deepfashion,The female wears a tank tank top with graphic patterns and a three-point pants. The tank top is with cotton fabric. The neckline of the tank top is cr,Mixed Fabrics,caption_keyword,0.5,NOISY
C:\Users\sama\OneDrive\Desktop\naishtex\Textile\Backend\data\processed\material_deepfashion\Mixed Fabrics\WOMEN-Cardigans-id_00002215-03_1_front.jpg,deepfashion,"Her shirt has medium sleeves, cotton fabric and lattice patterns. The neckline of it is crew. The pants the lady wears is of three-point length. The p",Mixed Fabrics,caption_keyword,0.5,NOISY
C:\Users\sama\OneDrive\Desktop\naishtex\Textile\Backend\data\processed\material_deepfashion\Mixed Fabrics\WOMEN-Tees_Tanks-id_00007863-07_3_back.jpg,deepfashion,The female wears a short-sleeve T-shirt with pure color patterns and three-point pants. The T-shirt is with cotton fabric. The pants are with denim fa,Mixed Fabrics,caption_keyword,0.5,NOISY
C:\Users\sama\OneDrive\Desktop\naishtex\Textile\Backend\data\processed\material_deepfashion\Mixed Fabrics\WOMEN-Tees_Tanks-id_00005501-02_1_front.jpg,deepfashion,The T-shirt this person wears has short sleeves and it is with cotton fabric and color block patterns. The neckline of the T-shirt is round. This pers,Mixed Fabrics,caption_keyword,0.5,NOISY
C:\Users\sama\OneDrive\Desktop\naishtex\Textile\Backend\data\processed\material_deepfashion\Mixed Fabrics\WOMEN-Tees_Tanks-id_00005596-01_7_additional.jpg,deepfashion,"The upper clothing has sleeves cut off, cotton fabric and stripe patterns. The neckline of it is crew. The lower clothing is of three-point length. Th",Mixed Fabrics,caption_keyword,0.5,NOISY
C:\Users\sama\OneDrive\Desktop\naishtex\Textile\Backend\data\processed\material_deepfashion\Mixed Fabrics\WOMEN-Tees_Tanks-id_00002906-05_2_side.jpg,deepfashion,"Her tank shirt has no sleeves, cotton fabric and stripe patterns. It has a suspenders neckline. The pants the person wears is of three-point length. T",Mixed Fabrics,caption_keyword,0.5,NOISY
C:\Users\sama\OneDrive\Desktop\naishtex\Textile\Backend\data\processed\material_deepfashion\Mixed Fabrics\WOMEN-Tees_Tanks-id_00002201-46_3_back.jpg,deepfashion,"Her tank top has sleeves cut off, cotton fabric and solid color patterns. The pants this female wears is of three-point length. The pants are with den",Mixed Fabrics,caption_keyword,0.5,NOISY
C:\Users\sama\OneDrive\Desktop\naishtex\Textile\Backend\data\processed\material_deepfashion\Mixed Fabrics\WOMEN-Tees_Tanks-id_00003523-08_1_front.jpg,deepfashion,"Her T-shirt has short sleeves, cotton fabric and solid color patterns. The neckline of it is v-shape. The lady wears a three-point shorts. The shorts ",Mixed Fabrics,caption_keyword,0.5,NOISY
C:\Users\sama\OneDrive\Desktop\naishtex\Textile\Backend\data\processed\material_deepfashion\Mixed Fabrics\WOMEN-Tees_Tanks-id_00005716-04_2_side.jpg,deepfashion,This person wears a sleeveless tank shirt with solid color patterns. The tank shirt is with cotton fabric. This person wears a three-point shorts. The,Mixed Fabrics,caption_keyword,0.5,NOISY
C:\Users\sama\OneDrive\Desktop\naishtex\Textile\Backend\data\processed\material_deepfashion\Mixed Fabrics\WOMEN-Tees_Tanks-id_00007969-04_7_additional.jpg,deepfashion,"Her shirt has long sleeves, cotton fabric and pure color patterns. It has a round neckline. The pants this woman wears is of three-point length. The p",Mixed Fabrics,caption_keyword,0.5,NOISY
C:\Users\sama\OneDrive\Desktop\naishtex\Textile\Backend\data\processed\material_deepfashion\Mixed Fabrics\WOMEN-Blouses_Shirts-id_00006511-01_4_full.jpg,deepfashion,This woman is wearing a short-sleeve shirt with graphic patterns. The shirt is with cotton fabric. This woman wears a long pants. The pants are with d,Mixed Fabrics,caption_keyword,0.5,NOISY
C:\Users\sama\OneDrive\Desktop\naishtex\Textile\Backend\data\processed\material_deepfashion\Mixed Fabrics\WOMEN-Skirts-id_00003995-05_4_full.jpg,deepfashion,The lady is wearing a long-sleeve sweater with striped patterns. The sweater is with cotton fabric. It has a round neckline. The skirt the lady wears ,Mixed Fabrics,caption_keyword,0.5,NOISY
C:\Users\sama\OneDrive\Desktop\naishtex\Textile\Backend\data\processed\material_deepfashion\Mixed Fabrics\WOMEN-Blouses_Shirts-id_00002773-02_4_full.jpg,deepfashion,This female is wearing a long-sleeve shirt with stripe patterns. The shirt is with cotton fabric and its neckline is round. This female wears a long t,Mixed Fabrics,caption_keyword,0.5,NOISY
C:\Users\sama\OneDrive\Desktop\naishtex\Textile\Backend\data\processed\material_deepfashion\Mixed Fabrics\WOMEN-Tees_Tanks-id_00001319-01_1_front.jpg,deepfashion,"Her tank top has no sleeves, cotton fabric and graphic patterns. The neckline of it is round. This person wears a three-point pants. The pants are wit",Mixed Fabrics,caption_keyword,0.5,NOISY
C:\Users\sama\OneDrive\Desktop\naishtex\Textile\Backend\data\processed\material_deepfashion\Mixed Fabrics\WOMEN-Cardigans-id_00001150-01_2_side.jpg,deepfashion,The female wears a tank tank top with graphic patterns. The tank top is with cotton fabric. The female wears a three-point pants. The pants are with d,Mixed Fabrics,caption_keyword,0.5,NOISY
C:\Users\sama\OneDrive\Desktop\naishtex\Textile\Backend\data\processed\material_deepfashion\Mixed Fabrics\WOMEN-Tees_Tanks-id_00003343-13_4_full.jpg,deepfashion,"The upper clothing has no sleeves, cotton fabric and solid color patterns. The neckline of it is round. The lower clothing is of long length. The fabr",Mixed Fabrics,caption_keyword,0.5,NOISY
C:\Users\sama\OneDrive\Desktop\naishtex\Textile\Backend\data\processed\material_deepfashion\Mixed Fabrics\WOMEN-Blouses_Shirts-id_00004344-02_1_front.jpg,deepfashion,The lady wears a long-sleeve shirt with graphic patterns. The shirt is with cotton fabric. It has a v-shape neckline. The lady wears a three-point sho,Mixed Fabrics,caption_keyword,0.5,NOISY
C:\Users\sama\OneDrive\Desktop\naishtex\Textile\Backend\data\processed\material_deepfashion\Mixed Fabrics\WOMEN-Tees_Tanks-id_00007579-03_1_front.jpg,deepfashion,This female is wearing a long-sleeve sweater with solid color patterns and a three-point pants. The sweater is with cotton fabric and its neckline is ,Mixed Fabrics,caption_keyword,0.5,NOISY
C:\Users\sama\OneDrive\Desktop\naishtex\Textile\Backend\data\processed\material_deepfashion\Mixed Fabrics\WOMEN-Denim-id_00005377-01_1_front.jpg,deepfashion,The female wears a tank tank top with pure color patterns and a long trousers. The tank top is with cotton fabric. The neckline of the tank top is rou,Mixed Fabrics,caption_keyword,0.5,NOISY
C:\Users\sama\OneDrive\Desktop\naishtex\Textile\Backend\data\processed\material_deepfashion\Mixed Fabrics\WOMEN-Tees_Tanks-id_00006103-10_4_full.jpg,deepfashion,"Her tank shirt has sleeves cut off, cotton fabric and pure color patterns. It has a round neckline. The female wears a three-point shorts. The shorts ",Mixed Fabrics,caption_keyword,0.5,NOISY
C:\Users\sama\OneDrive\Desktop\naishtex\Textile\Backend\data\processed\material_deepfashion\Mixed Fabrics\WOMEN-Blouses_Shirts-id_00004020-01_2_side.jpg,deepfashion,This female wears a long-sleeve shirt with pure color patterns. The shirt is with cotton fabric. It has a lapel neckline. The pants this female wears ,Mixed Fabrics,caption_keyword,0.5,NOISY
C:\Users\sama\OneDrive\Desktop\naishtex\Textile\Backend\data\processed\material_deepfashion\Mixed Fabrics\WOMEN-Blouses_Shirts-id_00000721-03_4_full.jpg,deepfashion,The female wears a medium-sleeve shirt with solid color patterns and a long trousers. The shirt is with cotton fabric. The neckline of the shirt is ro,Mixed Fabrics,caption_keyword,0.5,NOISY
C:\Users\sama\OneDrive\Desktop\naishtex\Textile\Backend\data\processed\material_deepfashion\Mixed Fabrics\WOMEN-Blouses_Shirts-id_00000259-02_2_side.jpg,deepfashion,"The upper clothing has long sleeves, cotton fabric and pure color patterns. The neckline of it is crew. The lower clothing is of three-point length. T",Mixed Fabrics,caption_keyword,0.5,NOISY
C:\Users\sama\OneDrive\Desktop\naishtex\Textile\Backend\data\processed\material_deepfashion\Mixed Fabrics\WOMEN-Blouses_Shirts-id_00004761-03_2_side.jpg,deepfashion,The female is wearing a tank tank top with floral patterns. The tank top is with cotton fabric and its neckline is stand. The pants the female wears i,Mixed Fabrics,caption_keyword,0.5,NOISY
C:\Users\sama\OneDrive\Desktop\naishtex\Textile\Backend\data\processed\material_deepfashion\Mixed Fabrics\WOMEN-Tees_Tanks-id_00005610-04_2_side.jpg,deepfashion,"The tank top this person wears has no sleeves and its fabric is cotton. The pattern of it is graphic. This person wears a three-point shorts, with den",Mixed Fabrics,caption_keyword,0.5,NOISY
C:\Users\sama\OneDrive\Desktop\naishtex\Textile\Backend\data\processed\material_deepfashion\Mixed Fabrics\WOMEN-Graphic_Tees-id_00006884-01_2_side.jpg,deepfashion,"The T-shirt the person wears has short sleeves and its fabric is cotton. The pattern of it is graphic. The person wears a three-point shorts, with den",Mixed Fabrics,caption_keyword,0.5,NOISY
C:\Users\sama\OneDrive\Desktop\naishtex\Textile\Backend\data\processed\material_deepfashion\Mixed Fabrics\WOMEN-Tees_Tanks-id_00002257-02_1_front.jpg,deepfashion,This female is wearing a medium-sleeve shirt with color block patterns. The shirt is with cotton fabric. It has a round neckline. The pants this femal,Mixed Fabrics,caption_keyword,0.5,NOISY
C:\Users\sama\OneDrive\Desktop\naishtex\Textile\Backend\data\processed\material_deepfashion\Mixed Fabrics\WOMEN-Tees_Tanks-id_00004869-06_1_front.jpg,deepfashion,The shirt the female wears has short sleeves and it is with cotton fabric and solid color patterns. The neckline of the shirt is v-shape. The female w,Mixed Fabrics,caption_keyword,0.5,NOISY
C:\Users\sama\OneDrive\Desktop\naishtex\Textile\Backend\data\processed\material_deepfashion\Mixed Fabrics\WOMEN-Tees_Tanks-id_00006093-05_4_full.jpg,deepfashion,The tank shirt this person wears has no sleeves and it is with cotton fabric and solid color patterns. The neckline of the tank shirt is suspenders. T,Mixed Fabrics,caption_keyword,0.5,NOISY
C:\Users\sama\OneDrive\Desktop\naishtex\Textile\Backend\data\processed\material_deepfashion\Mixed Fabrics\WOMEN-Tees_Tanks-id_00001965-02_7_additional.jpg,deepfashion,"The upper clothing has short sleeves, cotton fabric and pure color patterns. It has a crew neckline. The lower clothing is of long length. The fabric ",Mixed Fabrics,caption_keyword,0.5,NOISY
C:\Users\sama\OneDrive\Desktop\naishtex\Textile\Backend\data\processed\material_deepfashion\Mixed Fabrics\WOMEN-Tees_Tanks-id_00007779-09_4_full.jpg,deepfashion,"Her shirt has short sleeves, cotton fabric and solid color patterns. It has a crew neckline. The pants the person wears is of three-point length. The ",Mixed Fabrics,caption_keyword,0.5,NOISY
C:\Users\sama\OneDrive\Desktop\naishtex\Textile\Backend\data\processed\material_deepfashion\Mixed Fabrics\WOMEN-Graphic_Tees-id_00003282-01_4_full.jpg,deepfashion,The shirt this person wears has short sleeves and it is with cotton fabric and graphic patterns. The neckline of the shirt is crew. This person wears ,Mixed Fabrics,caption_keyword,0.5,NOISY
C:\Users\sama\OneDrive\Desktop\naishtex\Textile\Backend\data\processed\material_deepfashion\Mixed Fabrics\WOMEN-Sweaters-id_00002188-02_1_front.jpg,deepfashion,"Her shirt has medium sleeves, cotton fabric and solid color patterns. The pants this person wears is of three-point length. The pants are with denim f",Mixed Fabrics,caption_keyword,0.5,NOISY
C:\Users\sama\OneDrive\Desktop\naishtex\Textile\Backend\data\processed\material_deepfashion\Mixed Fabrics\WOMEN-Blouses_Shirts-id_00003298-05_1_front.jpg,deepfashion,The tank shirt this female wears has no sleeves and it is with cotton fabric and pure color patterns. The neckline of the tank shirt is round. This fe,Mixed Fabrics,caption_keyword,0.5,NOISY
C:\Users\sama\OneDrive\Desktop\naishtex\Textile\Backend\data\processed\material_deepfashion\Mixed Fabrics\WOMEN-Sweatshirts_Hoodies-id_00003318-03_1_front.jpg,deepfashion,"Her shirt has long sleeves, cotton fabric and stripe patterns. It has a v-shape neckline. The trousers this female wears is of long length. The trouse",Mixed Fabrics,caption_keyword,0.5,NOISY
C:\Users\sama\OneDrive\Desktop\naishtex\Textile\Backend\data\processed\material_deepfashion\Mixed Fabrics\WOMEN-Tees_Tanks-id_00003897-02_2_side.jpg,deepfashion,The person wears a sleeveless tank shirt with graphic patterns and a three-point shorts. The tank shirt is with cotton fabric. The shorts are with den,Mixed Fabrics,caption_keyword,0.5,NOISY
C:\Users\sama\OneDrive\Desktop\naishtex\Textile\Backend\data\processed\material_deepfashion\Mixed Fabrics\WOMEN-Graphic_Tees-id_00006434-02_2_side.jpg,deepfashion,"The upper clothing has short sleeves, cotton fabric and graphic patterns. The neckline of it is round. The lower clothing is of three-point length. Th",Mixed Fabrics,caption_keyword,0.5,NOISY
C:\Users\sama\OneDrive\Desktop\naishtex\Textile\Backend\data\processed\material_deepfashion\Mixed Fabrics\WOMEN-Tees_Tanks-id_00004042-06_1_front.jpg,deepfashion,This lady wears a tank tank top with solid color patterns. The tank top is with cotton fabric. This lady wears a three-point shorts. The shorts are wi,Mixed Fabrics,caption_keyword,0.5,NOISY
C:\Users\sama\OneDrive\Desktop\naishtex\Textile\Backend\data\processed\material_deepfashion\Mixed Fabrics\WOMEN-Shorts-id_00004981-04_1_front.jpg,deepfashion,This female wears a tank tank shirt with pure color patterns and a three-point shorts. The tank shirt is with cotton fabric and its neckline is stand.,Mixed Fabrics,caption_keyword,0.5,NOISY
C:\Users\sama\OneDrive\Desktop\naishtex\Textile\Backend\data\processed\material_deepfashion\Mixed Fabrics\WOMEN-Graphic_Tees-id_00000205-01_4_full.jpg,deepfashion,This female is wearing a sleeveless tank shirt with graphic patterns and a three-point pants. The tank shirt is with cotton fabric and its neckline is,Mixed Fabrics,caption_keyword,0.5,NOISY
C:\Users\sama\OneDrive\Desktop\naishtex\Textile\Backend\data\processed\material_deepfashion\Mixed Fabrics\WOMEN-Tees_Tanks-id_00000407-01_1_front.jpg,deepfashion,This lady wears a sleeveless tank shirt with pure color patterns. The tank shirt is with cotton fabric. It has a suspenders neckline. This lady wears ,Mixed Fabrics,caption_keyword,0.5,NOISY
C:\Users\sama\OneDrive\Desktop\naishtex\Textile\Backend\data\processed\material_deepfashion\Mixed Fabrics\WOMEN-Tees_Tanks-id_00001220-03_4_full.jpg,deepfashion,This woman is wearing a medium-sleeve shirt with color block patterns and a three-quarter trousers. The shirt is with cotton fabric and its neckline i,Mixed Fabrics,caption_keyword,0.5,NOISY
C:\Users\sama\OneDrive\Desktop\naishtex\Textile\Backend\data\processed\material_deepfashion\Mixed Fabrics\WOMEN-Tees_Tanks-id_00000295-03_7_additional.jpg,deepfashion,"The upper clothing has long sleeves, cotton fabric and pure color patterns. It has a round neckline. The lower clothing is of long length. The fabric ",Mixed Fabrics,caption_keyword,0.5,NOISY
C:\Users\sama\OneDrive\Desktop\naishtex\Textile\Backend\data\processed\material_deepfashion\Mixed Fabrics\WOMEN-Sweaters-id_00002089-11_1_front.jpg,deepfashion,"The upper clothing has long sleeves, cotton fabric and solid color patterns. The neckline of it is round. The lower clothing is of long length. The fa",Mixed Fabrics,caption_keyword,0.5,NOISY
C:\Users\sama\OneDrive\Desktop\naishtex\Textile\Backend\data\processed\material_deepfashion\Mixed Fabrics\WOMEN-Blouses_Shirts-id_00001165-01_4_full.jpg,deepfashion,"Her tank shirt has sleeves cut off, cotton fabric and graphic patterns. It has a crew neckline. The trousers the female wears is of long length. The t",Mixed Fabrics,caption_keyword,0.5,NOISY
C:\Users\sama\OneDrive\Desktop\naishtex\Textile\Backend\data\processed\material_deepfashion\Mixed Fabrics\WOMEN-Tees_Tanks-id_00002328-01_4_full.jpg,deepfashion,The T-shirt this female wears has short sleeves and it is with cotton fabric and solid color patterns. The neckline of the T-shirt is crew. This femal,Mixed Fabrics,caption_keyword,0.5,NOISY
C:\Users\sama\OneDrive\Desktop\naishtex\Textile\Backend\data\processed\material_deepfashion\Mixed Fabrics\MEN-Tees_Tanks-id_00002096-01_4_full.jpg,deepfashion,"The upper clothing has short sleeves, cotton fabric and plaid patterns. It has a round neckline. The lower clothing is of short length. The fabric is ",Mixed Fabrics,caption_keyword,0.5,NOISY
C:\Users\sama\OneDrive\Desktop\naishtex\Textile\Backend\data\processed\material_deepfashion\Mixed Fabrics\WOMEN-Tees_Tanks-id_00007277-03_4_full.jpg,deepfashion,This female is wearing a long-sleeve shirt with solid color patterns. The shirt is with cotton fabric and its neckline is round. This female wears a t,Mixed Fabrics,caption_keyword,0.5,NOISY
C:\Users\sama\OneDrive\Desktop\naishtex\Textile\Backend\data\processed\material_deepfashion\Mixed Fabrics\WOMEN-Sweaters-id_00000628-01_4_full.jpg,deepfashion,"Her shirt has long sleeves, cotton fabric and pure color patterns. The lady wears a three-point shorts. The shorts are with denim fabric and solid col",Mixed Fabrics,caption_keyword,0.5,NOISY
C:\Users\sama\OneDrive\Desktop\naishtex\Textile\Backend\data\processed\material_deepfashion\Mixed Fabrics\WOMEN-Tees_Tanks-id_00004616-02_3_back.jpg,deepfashion,This person wears a short-sleeve shirt with solid color patterns and three-point shorts. The shirt is with cotton fabric. The shorts are with denim fa,Mixed Fabrics,caption_keyword,0.5,NOISY
C:\Users\sama\OneDrive\Desktop\naishtex\Textile\Backend\data\processed\material_deepfashion\Mixed Fabrics\WOMEN-Jackets_Coats-id_00002325-03_4_full.jpg,deepfashion,The female is wearing a long-sleeve shirt with other patterns and a long pants. The shirt is with mixed fabric. The pants are with denim fabric and pu,Mixed Fabrics,caption_keyword,0.5,NOISY
C:\Users\sama\OneDrive\Desktop\naishtex\Textile\Backend\data\processed\material_deepfashion\Mixed Fabrics\WOMEN-Tees_Tanks-id_00002553-04_7_additional.jpg,deepfashion,"Her sweater has long sleeves, cotton fabric and floral patterns. This female wears a long trousers. The trousers are with denim fabric and solid color",Mixed Fabrics,caption_keyword,0.5,NOISY
C:\Users\sama\OneDrive\Desktop\naishtex\Textile\Backend\data\processed\material_deepfashion\Mixed Fabrics\WOMEN-Cardigans-id_00007012-04_7_additional.jpg,deepfashion,The person is wearing a long-sleeve sweater with solid color patterns. The sweater is with cotton fabric. The person wears a three-point pants. The pa,Mixed Fabrics,caption_keyword,0.5,NOISY
C:\Users\sama\OneDrive\Desktop\naishtex\Textile\Backend\data\processed\material_deepfashion\Mixed Fabrics\MEN-Shorts-id_00006829-01_7_additional.jpg,deepfashion,"His shirt has long sleeves, cotton fabric and lattice patterns. It has a lapel neckline. The gentleman wears a short shorts. The shorts are with denim",Mixed Fabrics,caption_keyword,0.5,NOISY
C:\Users\sama\OneDrive\Desktop\naishtex\Textile\Backend\data\processed\material_deepfashion\Mixed Fabrics\WOMEN-Blouses_Shirts-id_00001570-02_7_additional.jpg,deepfashion,This lady wears a sleeveless tank shirt with solid color patterns and three-point shorts. The tank shirt is with denim fabric and it has a lapel neckl,Mixed Fabrics,caption_keyword,0.5,NOISY
C:\Users\sama\OneDrive\Desktop\naishtex\Textile\Backend\data\processed\material_deepfashion\Mixed Fabrics\WOMEN-Cardigans-id_00001877-06_1_front.jpg,deepfashion,"The upper clothing has long sleeves, cotton fabric and stripe patterns. It has a round neckline. The lower clothing is of three-point length. The fabr",Mixed Fabrics,caption_keyword,0.5,NOISY
C:\Users\sama\OneDrive\Desktop\naishtex\Textile\Backend\data\processed\material_deepfashion\Mixed Fabrics\WOMEN-Tees_Tanks-id_00003616-01_7_additional.jpg,deepfashion,The tank shirt this woman wears has sleeves cut off and its fabric is cotton. The pattern of it is complicated. It has a round neckline. This woman we,Mixed Fabrics,caption_keyword,0.5,NOISY
C:\Users\sama\OneDrive\Desktop\naishtex\Textile\Backend\data\processed\material_deepfashion\Mixed Fabrics\WOMEN-Tees_Tanks-id_00006317-07_2_side.jpg,deepfashion,This person wears a tank tank top with pure color patterns and a three-point shorts. The tank top is with cotton fabric. The neckline of the tank top ,Mixed Fabrics,caption_keyword,0.5,NOISY
C:\Users\sama\OneDrive\Desktop\naishtex\Textile\Backend\data\processed\material_deepfashion\Mixed Fabrics\WOMEN-Tees_Tanks-id_00006713-02_4_full.jpg,deepfashion,"The tank top the person wears has no sleeves, its fabric is cotton, and it has graphic patterns. The tank top has a suspenders neckline. The person we",Mixed Fabrics,caption_keyword,0.5,NOISY
C:\Users\sama\OneDrive\Desktop\naishtex\Textile\Backend\data\processed\material_deepfashion\Mixed Fabrics\WOMEN-Tees_Tanks-id_00002094-03_2_side.jpg,deepfashion,This woman wears a long-sleeve shirt with floral patterns. The shirt is with cotton fabric. It has a crew neckline. The pants this woman wears is of t,Mixed Fabrics,caption_keyword,0.5,NOISY
C:\Users\sama\OneDrive\Desktop\naishtex\Textile\Backend\data\processed\material_deepfashion\Mixed Fabrics\WOMEN-Tees_Tanks-id_00002185-01_1_front.jpg,deepfashion,This person is wearing a short-sleeve T-shirt with graphic patterns. The T-shirt is with cotton fabric. It has a crew neckline. The pants this person ,Mixed Fabrics,caption_keyword,0.5,NOISY
C:\Users\sama\OneDrive\Desktop\naishtex\Textile\Backend\data\processed\material_deepfashion\Mixed Fabrics\MEN-Shirts_Polos-id_00004917-03_4_full.jpg,deepfashion,"The shirt this person wears has long sleeves, its fabric is denim, and it has pure color patterns. The shirt has a lapel neckline. This person wears a",Mixed Fabrics,caption_keyword,0.5,NOISY
C:\Users\sama\OneDrive\Desktop\naishtex\Textile\Backend\data\processed\material_deepfashion\Mixed Fabrics\WOMEN-Tees_Tanks-id_00005148-06_2_side.jpg,deepfashion,The tank shirt this woman wears has sleeves cut off and it is with cotton fabric and stripe patterns. The neckline of the tank shirt is suspenders. Th,Mixed Fabrics,caption_keyword,0.5,NOISY
C:\Users\sama\OneDrive\Desktop\naishtex\Textile\Backend\data\processed\material_deepfashion\Mixed Fabrics\WOMEN-Tees_Tanks-id_00003575-01_4_full.jpg,deepfashion,The female wears a tank tank top with graphic patterns. The tank top is with cotton fabric. It has a crew neckline. The trousers the female wears is o,Mixed Fabrics,caption_keyword,0.5,NOISY
C:\Users\sama\OneDrive\Desktop\naishtex\Textile\Backend\data\processed\material_deepfashion\Mixed Fabrics\WOMEN-Tees_Tanks-id_00006084-05_4_full.jpg,deepfashion,"The shirt the female wears has short sleeves, its fabric is cotton, and it has striped patterns. The shirt has a crew neckline. The female wears a lon",Mixed Fabrics,caption_keyword,0.5,NOISY
C:\Users\sama\OneDrive\Desktop\naishtex\Textile\Backend\data\processed\material_deepfashion\Mixed Fabrics\WOMEN-Dresses-id_00006363-01_4_full.jpg,deepfashion,The shirt this female wears has medium sleeves and it is with cotton fabric and plaid patterns. The neckline of the shirt is lapel. This female wears ,Mixed Fabrics,caption_keyword,0.5,NOISY
C:\Users\sama\OneDrive\Desktop\naishtex\Textile\Backend\data\processed\material_deepfashion\Mixed Fabrics\WOMEN-Tees_Tanks-id_00002112-07_1_front.jpg,deepfashion,"The upper clothing has no sleeves, cotton fabric and pure color patterns. The neckline of it is suspenders. The lower clothing is of three-point lengt",Mixed Fabrics,caption_keyword,0.5,NOISY
C:\Users\sama\OneDrive\Desktop\naishtex\Textile\Backend\data\processed\material_deepfashion\Mixed Fabrics\MEN-Tees_Tanks-id_00002249-02_4_full.jpg,deepfashion,"His sweater has long sleeves, cotton fabric and pure color patterns. It has a round neckline. This person wears a long trousers. The trousers are with",Mixed Fabrics,caption_keyword,0.5,NOISY
C:\Users\sama\OneDrive\Desktop\naishtex\Textile\Backend\data\processed\material_deepfashion\Mixed Fabrics\WOMEN-Tees_Tanks-id_00005085-63_4_full.jpg,deepfashion,This person is wearing a long-sleeve shirt with solid color patterns. The shirt is with cotton fabric. It has a lapel neckline. The pants this person ,Mixed Fabrics,caption_keyword,0.5,NOISY
C:\Users\sama\OneDrive\Desktop\naishtex\Textile\Backend\data\processed\material_deepfashion\Mixed Fabrics\WOMEN-Tees_Tanks-id_00005040-02_2_side.jpg,deepfashion,The female wears a sleeveless tank shirt with graphic patterns. The tank shirt is with cotton fabric. The pants the female wears is of three-point len,Mixed Fabrics,caption_keyword,0.5,NOISY
C:\Users\sama\OneDrive\Desktop\naishtex\Textile\Backend\data\processed\material_deepfashion\Mixed Fabrics\WOMEN-Blouses_Shirts-id_00005210-01_7_additional.jpg,deepfashion,The female wears a sleeveless tank shirt with pure color patterns and a long trousers. The tank shirt is with denim fabric and its neckline is lapel. ,Mixed Fabrics,caption_keyword,0.5,NOISY
C:\Users\sama\OneDrive\Desktop\naishtex\Textile\Backend\data\processed\material_deepfashion\Mixed Fabrics\WOMEN-Sweatshirts_Hoodies-id_00003660-05_2_side.jpg,deepfashion,The person wears a long-sleeve shirt with mixed patterns and three-point shorts. The shirt is with other fabric. The shorts are with denim fabric and ,Mixed Fabrics,caption_keyword,0.5,NOISY
C:\Users\sama\OneDrive\Desktop\naishtex\Textile\Backend\data\processed\material_deepfashion\Mixed Fabrics\WOMEN-Tees_Tanks-id_00000965-01_4_full.jpg,deepfashion,The tank shirt this person wears has sleeves cut off and its fabric is cotton. The pattern of it is graphic. It has a round neckline. This person wear,Mixed Fabrics,caption_keyword,0.5,NOISY
C:\Users\sama\OneDrive\Desktop\naishtex\Textile\Backend\data\processed\material_deepfashion\Mixed Fabrics\WOMEN-Tees_Tanks-id_00003375-01_2_side.jpg,deepfashion,The lady wears a sleeveless tank top with stripe patterns and a three-point shorts. The tank top is with cotton fabric. The shorts are with denim fabr,Mixed Fabrics,caption_keyword,0.5,NOISY
C:\Users\sama\OneDrive\Desktop\naishtex\Textile\Backend\data\processed\material_deepfashion\Mixed Fabrics\WOMEN-Sweaters-id_00002746-02_1_front.jpg,deepfashion,"Her shirt has long sleeves, cotton fabric and graphic patterns. The neckline of it is crew. This female wears a long trousers. The trousers are with d",Mixed Fabrics,caption_keyword,0.5,NOISY
C:\Users\sama\OneDrive\Desktop\naishtex\Textile\Backend\data\processed\material_deepfashion\Mixed Fabrics\WOMEN-Tees_Tanks-id_00007721-30_4_full.jpg,deepfashion,"The upper clothing has no sleeves, cotton fabric and pure color patterns. The neckline of it is suspenders. The lower clothing is of long length. The ",Mixed Fabrics,caption_keyword,0.5,NOISY
C:\Users\sama\OneDrive\Desktop\naishtex\Textile\Backend\data\processed\material_deepfashion\Mixed Fabrics\WOMEN-Graphic_Tees-id_00001182-01_4_full.jpg,deepfashion,This lady wears a long-sleeve shirt with graphic patterns. The shirt is with cotton fabric. It has a round neckline. This lady wears a long trousers. ,Mixed Fabrics,caption_keyword,0.5,NOISY
C:\Users\sama\OneDrive\Desktop\naishtex\Textile\Backend\data\processed\material_deepfashion\Mixed Fabrics\WOMEN-Blouses_Shirts-id_00005583-02_2_side.jpg,deepfashion,This woman wears a tank tank shirt with graphic patterns and three-point shorts. The tank shirt is with cotton fabric and it has a suspenders neckline,Mixed Fabrics,caption_keyword,0.5,NOISY
C:\Users\sama\OneDrive\Desktop\naishtex\Textile\Backend\data\processed\material_deepfashion\Mixed Fabrics\WOMEN-Tees_Tanks-id_00002162-63_4_full.jpg,deepfashion,This person wears a tank tank shirt with solid color patterns and three-point shorts. The tank shirt is with cotton fabric and it has a suspenders nec,Mixed Fabrics,caption_keyword,0.5,NOISY
C:\Users\sama\OneDrive\Desktop\naishtex\Textile\Backend\data\processed\material_deepfashion\Mixed Fabrics\WOMEN-Sweaters-id_00001813-08_7_additional.jpg,deepfashion,The lady wears a long-sleeve sweater with solid color patterns. The sweater is with cotton fabric. It has a v-shape neckline. The pants the lady wears,Mixed Fabrics,caption_keyword,0.5,NOISY
C:\Users\sama\OneDrive\Desktop\naishtex\Textile\Backend\data\processed\material_deepfashion\Mixed Fabrics\WOMEN-Tees_Tanks-id_00003043-03_1_front.jpg,deepfashion,"The upper clothing has sleeves cut off, cotton fabric and graphic patterns. The lower clothing is of three-point length. The fabric is denim and it ha",Mixed Fabrics,caption_keyword,0.5,NOISY
C:\Users\sama\OneDrive\Desktop\naishtex\Textile\Backend\data\processed\material_deepfashion\Mixed Fabrics\WOMEN-Tees_Tanks-id_00005958-02_2_side.jpg,deepfashion,The lady is wearing a short-sleeve T-shirt with graphic patterns. The T-shirt is with cotton fabric. It has a round neckline. The lady wears a three-p,Mixed Fabrics,caption_keyword,0.5,NOISY
C:\Users\sama\OneDrive\Desktop\naishtex\Textile\Backend\data\processed\material_deepfashion\Mixed Fabrics\WOMEN-Blouses_Shirts-id_00001570-02_2_side.jpg,deepfashion,"Her tank top has no sleeves, denim fabric and pure color patterns. It has a lapel neckline. This lady wears a three-point shorts. The shorts are with ",Mixed Fabrics,caption_keyword,0.5,NOISY
C:\Users\sama\OneDrive\Desktop\naishtex\Textile\Backend\data\processed\material_deepfashion\Mixed Fabrics\WOMEN-Sweatshirts_Hoodies-id_00003660-04_3_back.jpg,deepfashion,The person is wearing a long-sleeve shirt with other patterns. The shirt is with other fabric. The pants the person wears is of three-point length. Th,Mixed Fabrics,caption_keyword,0.5,NOISY
C:\Users\sama\OneDrive\Desktop\naishtex\Textile\Backend\data\processed\material_deepfashion\Mixed Fabrics\WOMEN-Jackets_Coats-id_00007674-05_7_additional.jpg,deepfashion,"The shirt this female wears has long sleeves, its fabric is cotton, and it has solid color patterns. The shirt has a crew neckline. This female wears ",Mixed Fabrics,caption_keyword,0.5,NOISY
C:\Users\sama\OneDrive\Desktop\naishtex\Textile\Backend\data\processed\material_deepfashion\Mixed Fabrics\WOMEN-Shorts-id_00005599-03_1_front.jpg,deepfashion,"Her shirt has short sleeves, cotton fabric and color block patterns. The neckline of it is round. The person wears a three-point pants. The pants are ",Mixed Fabrics,caption_keyword,0.5,NOISY
C:\Users\sama\OneDrive\Desktop\naishtex\Textile\Backend\data\processed\material_deepfashion\Mixed Fabrics\WOMEN-Jackets_Coats-id_00005263-04_2_side.jpg,deepfashion,"The upper clothing has long sleeves, cotton fabric and pure color patterns. It has a v-shape neckline. The lower clothing is of three-point length. Th",Mixed Fabrics,caption_keyword,0.5,NOISY
C:\Users\sama\OneDrive\Desktop\naishtex\Textile\Backend\data\processed\material_deepfashion\Mixed Fabrics\WOMEN-Jackets_Coats-id_00001664-02_7_additional.jpg,deepfashion,This female wears a long-sleeve shirt with pure color patterns and a long pants. The shirt is with cotton fabric. The neckline of the shirt is crew. T,Mixed Fabrics,caption_keyword,0.5,NOISY
C:\Users\sama\OneDrive\Desktop\naishtex\Textile\Backend\data\processed\material_deepfashion\Mixed Fabrics\WOMEN-Tees_Tanks-id_00003523-53_1_front.jpg,deepfashion,"The upper clothing has short sleeves, cotton fabric and pure color patterns. The neckline of it is v-shape. The lower clothing is of three-point lengt",Mixed Fabrics,caption_keyword,0.5,NOISY
C:\Users\sama\OneDrive\Desktop\naishtex\Textile\Backend\data\processed\material_deepfashion\Mixed Fabrics\WOMEN-Blouses_Shirts-id_00002102-03_2_side.jpg,deepfashion,"Her tank top has sleeves cut off, cotton fabric and graphic patterns. The pants this woman wears is of three-point length. The pants are with denim fa",Mixed Fabrics,caption_keyword,0.5,NOISY
C:\Users\sama\OneDrive\Desktop\naishtex\Textile\Backend\data\processed\material_deepfashion\Mixed Fabrics\WOMEN-Tees_Tanks-id_00006687-04_3_back.jpg,deepfashion,This female is wearing a short-sleeve T-shirt with complicated patterns. The T-shirt is with cotton fabric. This female wears a three-point pants. The,Mixed Fabrics,caption_keyword,0.5,NOISY
C:\Users\sama\OneDrive\Desktop\naishtex\Textile\Backend\data\processed\material_deepfashion\Mixed Fabrics\WOMEN-Blouses_Shirts-id_00004652-02_4_full.jpg,deepfashion,The shirt this woman wears has long sleeves and its fabric is cotton. The pattern of it is graphic. It has a crew neckline. This woman wears a long pa,Mixed Fabrics,caption_keyword,0.5,NOISY
C:\Users\sama\OneDrive\Desktop\naishtex\Textile\Backend\data\processed\material_deepfashion\Mixed Fabrics\WOMEN-Jackets_Coats-id_00004752-01_1_front.jpg,deepfashion,The sweater the female wears has long sleeves and it is with other fabric and other patterns. The neckline of the sweater is suspenders. The female we,Mixed Fabrics,caption_keyword,0.5,NOISY
C:\Users\sama\OneDrive\Desktop\naishtex\Textile\Backend\data\processed\material_deepfashion\Mixed Fabrics\WOMEN-Shorts-id_00006063-02_1_front.jpg,deepfashion,This woman is wearing a sleeveless tank shirt with pure color patterns and a three-point pants. The tank shirt is with cotton fabric and its neckline ,Mixed Fabrics,caption_keyword,0.5,NOISY
C:\Users\sama\OneDrive\Desktop\naishtex\Textile\Backend\data\processed\material_deepfashion\Mixed Fabrics\WOMEN-Tees_Tanks-id_00003943-03_1_front.jpg,deepfashion,This woman wears a tank tank shirt with solid color patterns and three-point shorts. The tank shirt is with cotton fabric and it has a suspenders neck,Mixed Fabrics,caption_keyword,0.5,NOISY
C:\Users\sama\OneDrive\Desktop\naishtex\Textile\Backend\data\processed\material_deepfashion\Mixed Fabrics\WOMEN-Tees_Tanks-id_00000330-03_3_back.jpg,deepfashion,This female is wearing a short-sleeve T-shirt with solid color patterns and a short shorts. The T-shirt is with cotton fabric. The shorts are with den,Mixed Fabrics,caption_keyword,0.5,NOISY
C:\Users\sama\OneDrive\Desktop\naishtex\Textile\Backend\data\processed\material_deepfashion\Mixed Fabrics\WOMEN-Graphic_Tees-id_00003256-02_7_additional.jpg,deepfashion,The lady wears a long-sleeve shirt with graphic patterns. The shirt is with cotton fabric. It has a crew neckline. The lady wears a long trousers. The,Mixed Fabrics,caption_keyword,0.5,NOISY
C:\Users\sama\OneDrive\Desktop\naishtex\Textile\Backend\data\processed\material_deepfashion\Mixed Fabrics\WOMEN-Tees_Tanks-id_00003523-10_4_full.jpg,deepfashion,The female is wearing a short-sleeve shirt with pure color patterns and a three-point shorts. The shirt is with cotton fabric and its neckline is v-sh,Mixed Fabrics,caption_keyword,0.5,NOISY
C:\Users\sama\OneDrive\Desktop\naishtex\Textile\Backend\data\processed\material_deepfashion\Mixed Fabrics\WOMEN-Shorts-id_00004784-05_4_full.jpg,deepfashion,The female is wearing a medium-sleeve shirt with complicated patterns. The shirt is with cotton fabric. It has a round neckline. The female wears a th,Mixed Fabrics,caption_keyword,0.5,NOISY
C:\Users\sama\OneDrive\Desktop\naishtex\Textile\Backend\data\processed\material_deepfashion\Mixed Fabrics\WOMEN-Tees_Tanks-id_00005945-03_1_front.jpg,deepfashion,"Her sweater has long sleeves, cotton fabric and graphic patterns. It has a round neckline. The trousers the female wears is of long length. The trouse",Mixed Fabrics,caption_keyword,0.5,NOISY
C:\Users\sama\OneDrive\Desktop\naishtex\Textile\Backend\data\processed\material_deepfashion\Mixed Fabrics\WOMEN-Tees_Tanks-id_00005085-34_4_full.jpg,deepfashion,This person is wearing a tank tank top with pure color patterns. The tank top is with cotton fabric. It has a suspenders neckline. This person wears a,Mixed Fabrics,caption_keyword,0.5,NOISY
C:\Users\sama\OneDrive\Desktop\naishtex\Textile\Backend\data\processed\material_deepfashion\Mixed Fabrics\WOMEN-Tees_Tanks-id_00001469-13_4_full.jpg,deepfashion,"Her shirt has long sleeves, cotton fabric and pure color patterns. The neckline of it is v-shape. The shorts this person wears is of three-point lengt",Mixed Fabrics,caption_keyword,0.5,NOISY
C:\Users\sama\OneDrive\Desktop\naishtex\Textile\Backend\data\processed\material_deepfashion\Mixed Fabrics\MEN-Tees_Tanks-id_00001021-04_4_full.jpg,deepfashion,This guy is wearing a short-sleeve T-shirt with color block patterns and a long trousers. The T-shirt is with cotton fabric and its neckline is crew. ,Mixed Fabrics,caption_keyword,0.5,NOISY
C:\Users\sama\OneDrive\Desktop\naishtex\Textile\Backend\data\processed\material_deepfashion\Mixed Fabrics\WOMEN-Sweaters-id_00005271-02_3_back.jpg,deepfashion,This person is wearing a long-sleeve shirt with pure color patterns and a long pants. The shirt is with cotton fabric. The pants are with denim fabric,Mixed Fabrics,caption_keyword,0.5,NOISY
C:\Users\sama\OneDrive\Desktop\naishtex\Textile\Backend\data\processed\material_deepfashion\Mixed Fabrics\WOMEN-Blouses_Shirts-id_00001455-01_4_full.jpg,deepfashion,The female wears a tank tank shirt with pure color patterns and a three-point pants. The tank shirt is with denim fabric. The neckline of the tank shi,Mixed Fabrics,caption_keyword,0.5,NOISY
C:\Users\sama\OneDrive\Desktop\naishtex\Textile\Backend\data\processed\material_deepfashion\Mixed Fabrics\WOMEN-Jackets_Coats-id_00000356-03_3_back.jpg,deepfashion,This lady is wearing a long-sleeve sweater with mixed patterns and a three-point shorts. The sweater is with mixed fabric and its neckline is lapel. T,Mixed Fabrics,caption_keyword,0.5,NOISY
C:\Users\sama\OneDrive\Desktop\naishtex\Textile\Backend\data\processed\material_deepfashion\Mixed Fabrics\WOMEN-Cardigans-id_00007437-01_7_additional.jpg,deepfashion,The shirt this person wears has medium sleeves and it is with cotton fabric and graphic patterns. The neckline of the shirt is crew. This person wears,Mixed Fabrics,caption_keyword,0.5,NOISY
C:\Users\sama\OneDrive\Desktop\naishtex\Textile\Backend\data\processed\material_deepfashion\Mixed Fabrics\WOMEN-Jackets_Coats-id_00002416-01_4_full.jpg,deepfashion,"Her shirt has long sleeves, cotton fabric and lattice patterns. It has a v-shape neckline. The person wears a three-point shorts. The shorts are with ",Mixed Fabrics,caption_keyword,0.5,NOISY
C:\Users\sama\OneDrive\Desktop\naishtex\Textile\Backend\data\processed\material_deepfashion\Mixed Fabrics\WOMEN-Blouses_Shirts-id_00002846-01_4_full.jpg,deepfashion,"Her sweater has long sleeves, cotton fabric and pure color patterns. The neckline of it is crew. The trousers this person wears is of long length. The",Mixed Fabrics,caption_keyword,0.5,NOISY
C:\Users\sama\OneDrive\Desktop\naishtex\Textile\Backend\data\processed\material_deepfashion\Mixed Fabrics\WOMEN-Tees_Tanks-id_00005258-03_4_full.jpg,deepfashion,The shirt this person wears has short sleeves and its fabric is cotton. The pattern of it is striped. It has a round neckline. This person wears a thr,Mixed Fabrics,caption_keyword,0.5,NOISY
C:\Users\sama\OneDrive\Desktop\naishtex\Textile\Backend\data\processed\material_deepfashion\Mixed Fabrics\WOMEN-Shorts-id_00005211-04_1_front.jpg,deepfashion,This woman is wearing a sleeveless tank top with graphic patterns. The tank top is with cotton fabric. It has a round neckline. The pants this woman w,Mixed Fabrics,caption_keyword,0.5,NOISY
C:\Users\sama\OneDrive\Desktop\naishtex\Textile\Backend\data\processed\material_deepfashion\Mixed Fabrics\WOMEN-Tees_Tanks-id_00006863-12_4_full.jpg,deepfashion,This person wears a tank tank top with solid color patterns and long pants. The tank top is with cotton fabric and it has a suspenders neckline. The p,Mixed Fabrics,caption_keyword,0.5,NOISY
C:\Users\sama\OneDrive\Desktop\naishtex\Textile\Backend\data\processed\material_deepfashion\Mixed Fabrics\WOMEN-Tees_Tanks-id_00000829-06_4_full.jpg,deepfashion,The lady wears a long-sleeve sweater with floral patterns. The sweater is with cotton fabric. It has a round neckline. The lady wears a long trousers.,Mixed Fabrics,caption_keyword,0.5,NOISY
C:\Users\sama\OneDrive\Desktop\naishtex\Textile\Backend\data\processed\material_deepfashion\Mixed Fabrics\WOMEN-Tees_Tanks-id_00006093-07_1_front.jpg,deepfashion,The tank top this woman wears has sleeves cut off and its fabric is cotton. The pattern of it is solid color. It has a suspenders neckline. This woman,Mixed Fabrics,caption_keyword,0.5,NOISY
C:\Users\sama\OneDrive\Desktop\naishtex\Textile\Backend\data\processed\material_deepfashion\Mixed Fabrics\MEN-Denim-id_00000826-04_7_additional.jpg,deepfashion,"His tank shirt has sleeves cut off, cotton fabric and solid color patterns. It has a crew neckline. The trousers this person wears is of long length. ",Mixed Fabrics,caption_keyword,0.5,NOISY
C:\Users\sama\OneDrive\Desktop\naishtex\Textile\Backend\data\processed\material_deepfashion\Mixed Fabrics\WOMEN-Tees_Tanks-id_00003494-12_7_additional.jpg,deepfashion,"Her tank top has no sleeves, cotton fabric and pure color patterns. The neckline of it is round. The pants this female wears is of long length. The pa",Mixed Fabrics,caption_keyword,0.5,NOISY
C:\Users\sama\OneDrive\Desktop\naishtex\Textile\Backend\data\processed\material_deepfashion\Mixed Fabrics\WOMEN-Tees_Tanks-id_00006891-08_4_full.jpg,deepfashion,"The shirt this person wears has short sleeves and it is with cotton fabric and stripe patterns. This person wears a long trousers, with denim fabric a",Mixed Fabrics,caption_keyword,0.5,NOISY
C:\Users\sama\OneDrive\Desktop\naishtex\Textile\Backend\data\processed\material_deepfashion\Mixed Fabrics\WOMEN-Tees_Tanks-id_00001277-03_3_back.jpg,deepfashion,"Her shirt has short sleeves, cotton fabric and pure color patterns. This woman wears a three-point shorts. The shorts are with denim fabric and solid ",Mixed Fabrics,caption_keyword,0.5,NOISY
C:\Users\sama\OneDrive\Desktop\naishtex\Textile\Backend\data\processed\material_deepfashion\Mixed Fabrics\WOMEN-Sweatshirts_Hoodies-id_00001249-04_3_back.jpg,deepfashion,"The shirt this lady wears has long sleeves and its fabric is mixed. The pattern of it is mixed. This lady wears a three-point pants, with denim fabric",Mixed Fabrics,caption_keyword,0.5,NOISY
C:\Users\sama\OneDrive\Desktop\naishtex\Textile\Backend\data\processed\material_deepfashion\Mixed Fabrics\WOMEN-Shorts-id_00006142-01_7_additional.jpg,deepfashion,"The upper clothing has medium sleeves, cotton fabric and solid color patterns. It has a suspenders neckline. The lower clothing is of three-point leng",Mixed Fabrics,caption_keyword,0.5,NOISY
C:\Users\sama\OneDrive\Desktop\naishtex\Textile\Backend\data\processed\material_deepfashion\Mixed Fabrics\MEN-Tees_Tanks-id_00007224-21_7_additional.jpg,deepfashion,This guy is wearing a short-sleeve shirt with solid color patterns. The shirt is with cotton fabric. It has a crew neckline. The trousers this guy wea,Mixed Fabrics,caption_keyword,0.5,NOISY
C:\Users\sama\OneDrive\Desktop\naishtex\Textile\Backend\data\processed\material_deepfashion\Mixed Fabrics\WOMEN-Blouses_Shirts-id_00005855-02_1_front.jpg,deepfashion,The person wears a sleeveless tank top with graphic patterns and a three-point pants. The tank top is with cotton fabric. The neckline of the tank top,Mixed Fabrics,caption_keyword,0.5,NOISY
C:\Users\sama\OneDrive\Desktop\naishtex\Textile\Backend\data\processed\material_deepfashion\Mixed Fabrics\WOMEN-Tees_Tanks-id_00000961-04_3_back.jpg,deepfashion,This female wears a short-sleeve T-shirt with other patterns and a three-point shorts. The T-shirt is with cotton fabric. The shorts are with denim fa,Mixed Fabrics,caption_keyword,0.5,NOISY
C:\Users\sama\OneDrive\Desktop\naishtex\Textile\Backend\data\processed\material_deepfashion\Mixed Fabrics\WOMEN-Pants-id_00002469-03_1_front.jpg,deepfashion,The tank shirt the female wears has sleeves cut off and its fabric is cotton. The pattern of it is pure color. It has a round neckline. The female wea,Mixed Fabrics,caption_keyword,0.5,NOISY
C:\Users\sama\OneDrive\Desktop\naishtex\Textile\Backend\data\processed\material_deepfashion\Mixed Fabrics\WOMEN-Tees_Tanks-id_00002882-01_7_additional.jpg,deepfashion,This lady is wearing a tank tank top with graphic patterns. The tank top is with cotton fabric. This lady wears a three-point pants. The pants are wit,Mixed Fabrics,caption_keyword,0.5,NOISY
C:\Users\sama\OneDrive\Desktop\naishtex\Textile\Backend\data\processed\material_deepfashion\Mixed Fabrics\WOMEN-Tees_Tanks-id_00005040-02_7_additional.jpg,deepfashion,"Her tank shirt has no sleeves, cotton fabric and pure color patterns. This lady wears a three-point shorts. The shorts are with denim fabric and other",Mixed Fabrics,caption_keyword,0.5,NOISY
C:\Users\sama\OneDrive\Desktop\naishtex\Textile\Backend\data\processed\material_deepfashion\Mixed Fabrics\WOMEN-Tees_Tanks-id_00000371-08_1_front.jpg,deepfashion,"Her T-shirt has short sleeves, cotton fabric and solid color patterns. The neckline of it is crew. The pants this lady wears is of three-point length.",Mixed Fabrics,caption_keyword,0.5,NOISY
C:\Users\sama\OneDrive\Desktop\naishtex\Textile\Backend\data\processed\material_deepfashion\Mixed Fabrics\WOMEN-Tees_Tanks-id_00002906-06_1_front.jpg,deepfashion,The lady is wearing a sleeveless tank top with solid color patterns. The tank top is with cotton fabric and its neckline is suspenders. The lady wears,Mixed Fabrics,caption_keyword,0.5,NOISY
C:\Users\sama\OneDrive\Desktop\naishtex\Textile\Backend\data\processed\material_deepfashion\Mixed Fabrics\WOMEN-Sweaters-id_00002741-02_7_additional.jpg,deepfashion,The female is wearing a long-sleeve sweater with other patterns. The sweater is with cotton fabric. It has a round neckline. The female wears a long p,Mixed Fabrics,caption_keyword,0.5,NOISY
C:\Users\sama\OneDrive\Desktop\naishtex\Textile\Backend\data\processed\material_deepfashion\Mixed Fabrics\WOMEN-Tees_Tanks-id_00005085-30_1_front.jpg,deepfashion,This person is wearing a tank tank shirt with pure color patterns and a three-point pants. The tank shirt is with cotton fabric. The neckline of the t,Mixed Fabrics,caption_keyword,0.5,NOISY
C:\Users\sama\OneDrive\Desktop\naishtex\Textile\Backend\data\processed\material_deepfashion\Mixed Fabrics\MEN-Tees_Tanks-id_00006131-01_4_full.jpg,deepfashion,The person is wearing a short-sleeve shirt with color block patterns. The shirt is with cotton fabric. It has a crew neckline. The person wears a long,Mixed Fabrics,caption_keyword,0.5,NOISY
C:\Users\sama\OneDrive\Desktop\naishtex\Textile\Backend\data\processed\material_deepfashion\Mixed Fabrics\WOMEN-Blouses_Shirts-id_00007039-02_1_front.jpg,deepfashion,This lady wears a short-sleeve T-shirt with graphic patterns and three-point shorts. The T-shirt is with cotton fabric. The shorts are with denim fabr,Mixed Fabrics,caption_keyword,0.5,NOISY
C:\Users\sama\OneDrive\Desktop\naishtex\Textile\Backend\data\processed\material_deepfashion\Mixed Fabrics\WOMEN-Denim-id_00005961-02_7_additional.jpg,deepfashion,"Her shirt has medium sleeves, cotton fabric and pure color patterns. The pants the female wears is of three-quarter length. The pants are with denim f",Mixed Fabrics,caption_keyword,0.5,NOISY
C:\Users\sama\OneDrive\Desktop\naishtex\Textile\Backend\data\processed\material_deepfashion\Mixed Fabrics\WOMEN-Tees_Tanks-id_00001431-02_4_full.jpg,deepfashion,The person wears a sleeveless tank shirt with solid color patterns and long pants. The tank shirt is with cotton fabric and it has a v-shape neckline.,Mixed Fabrics,caption_keyword,0.5,NOISY
C:\Users\sama\OneDrive\Desktop\naishtex\Textile\Backend\data\processed\material_deepfashion\Mixed Fabrics\WOMEN-Blouses_Shirts-id_00003475-01_7_additional.jpg,deepfashion,"The tank top the female wears has sleeves cut off and it is with cotton fabric and graphic patterns. The female wears a three-quarter pants, with deni",Mixed Fabrics,caption_keyword,0.5,NOISY
C:\Users\sama\OneDrive\Desktop\naishtex\Textile\Backend\data\processed\material_deepfashion\Mixed Fabrics\WOMEN-Tees_Tanks-id_00007901-05_7_additional.jpg,deepfashion,The lady is wearing a long-sleeve shirt with solid color patterns. The shirt is with cotton fabric and its neckline is round. The lady wears a three-p,Mixed Fabrics,caption_keyword,0.5,NOISY
C:\Users\sama\OneDrive\Desktop\naishtex\Textile\Backend\data\processed\material_deepfashion\Mixed Fabrics\WOMEN-Graphic_Tees-id_00003244-01_2_side.jpg,deepfashion,The female is wearing a short-sleeve T-shirt with graphic patterns. The T-shirt is with cotton fabric. The female wears a three-point pants. The pants,Mixed Fabrics,caption_keyword,0.5,NOISY
C:\Users\sama\OneDrive\Desktop\naishtex\Textile\Backend\data\processed\material_deepfashion\Mixed Fabrics\WOMEN-Sweaters-id_00002089-21_7_additional.jpg,deepfashion,"The shirt this lady wears has long sleeves, its fabric is cotton, and it has solid color patterns. The shirt has a round neckline. This lady wears a l",Mixed Fabrics,caption_keyword,0.5,NOISY
C:\Users\sama\OneDrive\Desktop\naishtex\Textile\Backend\data\processed\material_deepfashion\Mixed Fabrics\WOMEN-Tees_Tanks-id_00007082-08_2_side.jpg,deepfashion,The lady wears a sleeveless tank shirt with graphic patterns. The tank shirt is with cotton fabric. It has a suspenders neckline. The lady wears a thr,Mixed Fabrics,caption_keyword,0.5,NOISY
C:\Users\sama\OneDrive\Desktop\naishtex\Textile\Backend\data\processed\material_deepfashion\Mixed Fabrics\WOMEN-Tees_Tanks-id_00004042-03_1_front.jpg,deepfashion,"Her tank shirt has no sleeves, cotton fabric and solid color patterns. The neckline of it is crew. This person wears a three-point pants. The pants ar",Mixed Fabrics,caption_keyword,0.5,NOISY
C:\Users\sama\OneDrive\Desktop\naishtex\Textile\Backend\data\processed\material_deepfashion\Mixed Fabrics\WOMEN-Tees_Tanks-id_00000099-07_7_additional.jpg,deepfashion,"Her shirt has short sleeves, cotton fabric and striped patterns. The neckline of it is round. The lady wears a long trousers. The trousers are with de",Mixed Fabrics,caption_keyword,0.5,NOISY
C:\Users\sama\OneDrive\Desktop\naishtex\Textile\Backend\data\processed\material_deepfashion\Mixed Fabrics\WOMEN-Blouses_Shirts-id_00003192-06_7_additional.jpg,deepfashion,The tank top this person wears has sleeves cut off and its fabric is cotton. The pattern of it is solid color. It has a v-shape neckline. This person ,Mixed Fabrics,caption_keyword,0.5,NOISY
C:\Users\sama\OneDrive\Desktop\naishtex\Textile\Backend\data\processed\material_deepfashion\Mixed Fabrics\MEN-Sweaters-id_00003692-01_4_full.jpg,deepfashion,"His sweater has long sleeves, cotton fabric and solid color patterns. It has a lapel neckline. The guy wears a long trousers. The trousers are with de",Mixed Fabrics,caption_keyword,0.5,NOISY
C:\Users\sama\OneDrive\Desktop\naishtex\Textile\Backend\data\processed\material_deepfashion\Mixed Fabrics\WOMEN-Tees_Tanks-id_00002957-01_7_additional.jpg,deepfashion,"The upper clothing has long sleeves, cotton fabric and stripe patterns. It has a crew neckline. The lower clothing is of long length. The fabric is de",Mixed Fabrics,caption_keyword,0.5,NOISY
C:\Users\sama\OneDrive\Desktop\naishtex\Textile\Backend\data\processed\material_deepfashion\Mixed Fabrics\WOMEN-Tees_Tanks-id_00002678-47_7_additional.jpg,deepfashion,"The upper clothing has short sleeves, cotton fabric and pure color patterns. The neckline of it is v-shape. The lower clothing is of long length. The ",Mixed Fabrics,caption_keyword,0.5,NOISY
C:\Users\sama\OneDrive\Desktop\naishtex\Textile\Backend\data\processed\material_deepfashion\Mixed Fabrics\WOMEN-Tees_Tanks-id_00005702-07_2_side.jpg,deepfashion,The person wears a tank tank top with pure color patterns. The tank top is with cotton fabric. The shorts the person wears is of three-point length. T,Mixed Fabrics,caption_keyword,0.5,NOISY
C:\Users\sama\OneDrive\Desktop\naishtex\Textile\Backend\data\processed\material_deepfashion\Mixed Fabrics\WOMEN-Cardigans-id_00003939-02_2_side.jpg,deepfashion,The lady is wearing a sleeveless tank shirt with pure color patterns. The tank shirt is with cotton fabric and its neckline is crew. The lady wears a ,Mixed Fabrics,caption_keyword,0.5,NOISY
C:\Users\sama\OneDrive\Desktop\naishtex\Textile\Backend\data\processed\material_deepfashion\Mixed Fabrics\WOMEN-Tees_Tanks-id_00004236-01_2_side.jpg,deepfashion,"Her shirt has medium sleeves, cotton fabric and solid color patterns. It has a crew neckline. The shorts this female wears is of medium length. The sh",Mixed Fabrics,caption_keyword,0.5,NOISY
C:\Users\sama\OneDrive\Desktop\naishtex\Textile\Backend\data\processed\material_deepfashion\Mixed Fabrics\WOMEN-Blouses_Shirts-id_00004633-04_2_side.jpg,deepfashion,"Her tank shirt has no sleeves, cotton fabric and graphic patterns. The pants the female wears is of three-point length. The pants are with denim fabri",Mixed Fabrics,caption_keyword,0.5,NOISY
C:\Users\sama\OneDrive\Desktop\naishtex\Textile\Backend\data\processed\material_deepfashion\Mixed Fabrics\WOMEN-Graphic_Tees-id_00007971-01_1_front.jpg,deepfashion,This person wears a short-sleeve T-shirt with graphic patterns. The T-shirt is with cotton fabric. It has a round neckline. The shorts this person wea,Mixed Fabrics,caption_keyword,0.5,NOISY
C:\Users\sama\OneDrive\Desktop\naishtex\Textile\Backend\data\processed\material_deepfashion\Mixed Fabrics\WOMEN-Tees_Tanks-id_00001477-04_3_back.jpg,deepfashion,This female is wearing a tank tank top with stripe patterns and a three-point shorts. The tank top is with cotton fabric. The shorts are with denim fa,Mixed Fabrics,caption_keyword,0.5,NOISY
C:\Users\sama\OneDrive\Desktop\naishtex\Textile\Backend\data\processed\material_deepfashion\Mixed Fabrics\MEN-Jackets_Vests-id_00006736-01_7_additional.jpg,deepfashion,"The sweater this gentleman wears has long sleeves, its fabric is cotton, and it has plaid patterns. This gentleman wears a long pants, with denim fabr",Mixed Fabrics,caption_keyword,0.5,NOISY
C:\Users\sama\OneDrive\Desktop\naishtex\Textile\Backend\data\processed\material_deepfashion\Mixed Fabrics\WOMEN-Tees_Tanks-id_00001480-02_1_front.jpg,deepfashion,The lady is wearing a short-sleeve T-shirt with solid color patterns. The T-shirt is with cotton fabric. It has a crew neckline. The trousers the lady,Mixed Fabrics,caption_keyword,0.5,NOISY
C:\Users\sama\OneDrive\Desktop\naishtex\Textile\Backend\data\processed\material_deepfashion\Mixed Fabrics\WOMEN-Shorts-id_00005506-02_4_full.jpg,deepfashion,The lady wears a long-sleeve shirt with solid color patterns and a three-point pants. The shirt is with cotton fabric and its neckline is v-shape. The,Mixed Fabrics,caption_keyword,0.5,NOISY
C:\Users\sama\OneDrive\Desktop\naishtex\Textile\Backend\data\processed\material_deepfashion\Mixed Fabrics\WOMEN-Blouses_Shirts-id_00001652-02_7_additional.jpg,deepfashion,The person wears a sleeveless tank top with lattice patterns. The tank top is with cotton fabric. It has a crew neckline. The shorts the person wears ,Mixed Fabrics,caption_keyword,0.5,NOISY
C:\Users\sama\OneDrive\Desktop\naishtex\Textile\Backend\data\processed\material_deepfashion\Mixed Fabrics\WOMEN-Cardigans-id_00001150-01_1_front.jpg,deepfashion,This person wears a sleeveless tank shirt with graphic patterns and a three-point shorts. The tank shirt is with cotton fabric and its neckline is rou,Mixed Fabrics,caption_keyword,0.5,NOISY
C:\Users\sama\OneDrive\Desktop\naishtex\Textile\Backend\data\processed\material_deepfashion\Mixed Fabrics\WOMEN-Tees_Tanks-id_00006421-10_4_full.jpg,deepfashion,This person is wearing a sleeveless tank shirt with solid color patterns. The tank shirt is with cotton fabric and its neckline is suspenders. This pe,Mixed Fabrics,caption_keyword,0.5,NOISY
C:\Users\sama\OneDrive\Desktop\naishtex\Textile\Backend\data\processed\material_deepfashion\Mixed Fabrics\WOMEN-Tees_Tanks-id_00007691-01_7_additional.jpg,deepfashion,This female wears a short-sleeve T-shirt with pure color patterns. The T-shirt is with cotton fabric. The shorts this female wears is of three-point l,Mixed Fabrics,caption_keyword,0.5,NOISY
C:\Users\sama\OneDrive\Desktop\naishtex\Textile\Backend\data\processed\material_deepfashion\Mixed Fabrics\WOMEN-Blouses_Shirts-id_00002634-01_3_back.jpg,deepfashion,This woman is wearing a tank tank top with pure color patterns and a three-point shorts. The tank top is with cotton fabric. The shorts are with denim,Mixed Fabrics,caption_keyword,0.5,NOISY
C:\Users\sama\OneDrive\Desktop\naishtex\Textile\Backend\data\processed\material_deepfashion\Mixed Fabrics\WOMEN-Sweatshirts_Hoodies-id_00001249-03_3_back.jpg,deepfashion,The female wears a long-sleeve sweater with mixed patterns. The sweater is with mixed fabric. The pants the female wears is of three-point length. The,Mixed Fabrics,caption_keyword,0.5,NOISY
C:\Users\sama\OneDrive\Desktop\naishtex\Textile\Backend\data\processed\material_deepfashion\Mixed Fabrics\WOMEN-Blouses_Shirts-id_00003016-01_7_additional.jpg,deepfashion,The tank top this lady wears has sleeves cut off and its fabric is denim. The pattern of it is pure color. It has a suspenders neckline. This lady wea,Mixed Fabrics,caption_keyword,0.5,NOISY
C:\Users\sama\OneDrive\Desktop\naishtex\Textile\Backend\data\processed\material_deepfashion\Mixed Fabrics\WOMEN-Tees_Tanks-id_00003343-14_1_front.jpg,deepfashion,This lady is wearing a tank tank top with pure color patterns. The tank top is with cotton fabric. It has a crew neckline. This lady wears a three-poi,Mixed Fabrics,caption_keyword,0.5,NOISY
C:\Users\sama\OneDrive\Desktop\naishtex\Textile\Backend\data\processed\material_deepfashion\Mixed Fabrics\WOMEN-Tees_Tanks-id_00006210-01_4_full.jpg,deepfashion,The lady is wearing a tank tank shirt with graphic patterns. The tank shirt is with cotton fabric. It has a crew neckline. The lady wears a three-poin,Mixed Fabrics,caption_keyword,0.5,NOISY
C:\Users\sama\OneDrive\Desktop\naishtex\Textile\Backend\data\processed\material_deepfashion\Mixed Fabrics\WOMEN-Blouses_Shirts-id_00004546-01_4_full.jpg,deepfashion,"The upper clothing has short sleeves, cotton fabric and pure color patterns. The neckline of it is square. The lower clothing is of three-point length",Mixed Fabrics,caption_keyword,0.5,NOISY
C:\Users\sama\OneDrive\Desktop\naishtex\Textile\Backend\data\processed\material_deepfashion\Mixed Fabrics\WOMEN-Tees_Tanks-id_00000371-06_7_additional.jpg,deepfashion,This lady is wearing a short-sleeve T-shirt with pure color patterns. The T-shirt is with cotton fabric. This lady wears a three-point shorts. The sho,Mixed Fabrics,caption_keyword,0.5,NOISY
C:\Users\sama\OneDrive\Desktop\naishtex\Textile\Backend\data\processed\material_deepfashion\Mixed Fabrics\WOMEN-Tees_Tanks-id_00007961-07_7_additional.jpg,deepfashion,The female is wearing a tank tank shirt with solid color patterns. The tank shirt is with cotton fabric and its neckline is suspenders. The female wea,Mixed Fabrics,caption_keyword,0.5,NOISY
C:\Users\sama\OneDrive\Desktop\naishtex\Textile\Backend\data\processed\material_deepfashion\Mixed Fabrics\WOMEN-Tees_Tanks-id_00004349-04_3_back.jpg,deepfashion,The person wears a short-sleeve T-shirt with complicated patterns. The T-shirt is with cotton fabric. The shorts the person wears is of three-point le,Mixed Fabrics,caption_keyword,0.5,NOISY
C:\Users\sama\OneDrive\Desktop\naishtex\Textile\Backend\data\processed\material_deepfashion\Mixed Fabrics\WOMEN-Graphic_Tees-id_00004275-01_3_back.jpg,deepfashion,This lady wears a short-sleeve T-shirt with pure color patterns and a three-point pants. The T-shirt is with cotton fabric. The pants are with denim f,Mixed Fabrics,caption_keyword,0.5,NOISY
C:\Users\sama\OneDrive\Desktop\naishtex\Textile\Backend\data\processed\material_deepfashion\Mixed Fabrics\WOMEN-Tees_Tanks-id_00000603-03_1_front.jpg,deepfashion,"The upper clothing has short sleeves, cotton fabric and solid color patterns. It has a crew neckline. The lower clothing is of three-point length. The",Mixed Fabrics,caption_keyword,0.5,NOISY
C:\Users\sama\OneDrive\Desktop\naishtex\Textile\Backend\data\processed\material_deepfashion\Mixed Fabrics\WOMEN-Tees_Tanks-id_00004142-01_7_additional.jpg,deepfashion,"Her shirt has medium sleeves, cotton fabric and striped patterns. It has a round neckline. This woman wears a three-point pants. The pants are with de",Mixed Fabrics,caption_keyword,0.5,NOISY
C:\Users\sama\OneDrive\Desktop\naishtex\Textile\Backend\data\processed\material_deepfashion\Mixed Fabrics\WOMEN-Graphic_Tees-id_00000249-01_1_front.jpg,deepfashion,This person is wearing a short-sleeve T-shirt with graphic patterns and a three-point pants. The T-shirt is with cotton fabric and its neckline is rou,Mixed Fabrics,caption_keyword,0.5,NOISY
C:\Users\sama\OneDrive\Desktop\naishtex\Textile\Backend\data\processed\material_deepfashion\Mixed Fabrics\WOMEN-Shorts-id_00006574-01_7_additional.jpg,deepfashion,The female is wearing a sleeveless tank top with floral patterns. The tank top is with cotton fabric. It has a round neckline. The female wears a thre,Mixed Fabrics,caption_keyword,0.5,NOISY
C:\Users\sama\OneDrive\Desktop\naishtex\Textile\Backend\data\processed\material_deepfashion\Mixed Fabrics\WOMEN-Tees_Tanks-id_00006295-02_2_side.jpg,deepfashion,The person wears a short-sleeve shirt with graphic patterns and a three-point shorts. The shirt is with cotton fabric. The shorts are with denim fabri,Mixed Fabrics,caption_keyword,0.5,NOISY
C:\Users\sama\OneDrive\Desktop\naishtex\Textile\Backend\data\processed\material_deepfashion\Mixed Fabrics\WOMEN-Tees_Tanks-id_00000060-06_4_full.jpg,deepfashion,The tank shirt the lady wears has sleeves cut off and it is with cotton fabric and graphic patterns. The neckline of the tank shirt is round. The lady,Mixed Fabrics,caption_keyword,0.5,NOISY
C:\Users\sama\OneDrive\Desktop\naishtex\Textile\Backend\data\processed\material_deepfashion\Mixed Fabrics\WOMEN-Sweatshirts_Hoodies-id_00004008-04_4_full.jpg,deepfashion,"Her sweater has long sleeves, cotton fabric and pure color patterns. The neckline of it is round. The pants this woman wears is of long length. The pa",Mixed Fabrics,caption_keyword,0.5,NOISY
C:\Users\sama\OneDrive\Desktop\naishtex\Textile\Backend\data\processed\material_deepfashion\Mixed Fabrics\WOMEN-Cardigans-id_00005344-03_4_full.jpg,deepfashion,The lady wears a long-sleeve shirt with pure color patterns and three-quarter trousers. The shirt is with cotton fabric and it has a round neckline. T,Mixed Fabrics,caption_keyword,0.5,NOISY
C:\Users\sama\OneDrive\Desktop\naishtex\Textile\Backend\data\processed\material_deepfashion\Mixed Fabrics\WOMEN-Sweaters-id_00006685-01_7_additional.jpg,deepfashion,This person is wearing a long-sleeve shirt with graphic patterns and a long pants. The shirt is with knitting fabric and its neckline is crew. The pan,Mixed Fabrics,caption_keyword,0.5,NOISY
C:\Users\sama\OneDrive\Desktop\naishtex\Textile\Backend\data\processed\material_deepfashion\Mixed Fabrics\WOMEN-Tees_Tanks-id_00001477-05_4_full.jpg,deepfashion,"Her tank shirt has sleeves cut off, cotton fabric and striped patterns. It has a crew neckline. The pants this person wears is of three-point length. ",Mixed Fabrics,caption_keyword,0.5,NOISY
C:\Users\sama\OneDrive\Desktop\naishtex\Textile\Backend\data\processed\material_deepfashion\Mixed Fabrics\WOMEN-Blouses_Shirts-id_00004122-02_1_front.jpg,deepfashion,"The tank shirt this female wears has sleeves cut off, its fabric is cotton, and it has graphic patterns. The tank shirt has a suspenders neckline. Thi",Mixed Fabrics,caption_keyword,0.5,NOISY
C:\Users\sama\OneDrive\Desktop\naishtex\Textile\Backend\data\processed\material_deepfashion\Mixed Fabrics\WOMEN-Shorts-id_00001494-02_4_full.jpg,deepfashion,"Her shirt has short sleeves, cotton fabric and solid color patterns. It has a round neckline. This woman wears a three-point pants. The pants are with",Mixed Fabrics,caption_keyword,0.5,NOISY
C:\Users\sama\OneDrive\Desktop\naishtex\Textile\Backend\data\processed\material_deepfashion\Mixed Fabrics\WOMEN-Blouses_Shirts-id_00006078-02_1_front.jpg,deepfashion,"The shirt this female wears has short sleeves and it is with cotton fabric and graphic patterns. This female wears a three-point pants, with denim fab",Mixed Fabrics,caption_keyword,0.5,NOISY
C:\Users\sama\OneDrive\Desktop\naishtex\Textile\Backend\data\processed\material_deepfashion\Mixed Fabrics\WOMEN-Tees_Tanks-id_00007795-03_7_additional.jpg,deepfashion,"The upper clothing has no sleeves, cotton fabric and graphic patterns. The lower clothing is of three-point length. The fabric is denim and it has pur",Mixed Fabrics,caption_keyword,0.5,NOISY
C:\Users\sama\OneDrive\Desktop\naishtex\Textile\Backend\data\processed\material_deepfashion\Mixed Fabrics\WOMEN-Tees_Tanks-id_00002361-02_7_additional.jpg,deepfashion,This person is wearing a long-sleeve sweater with graphic patterns. The sweater is with cotton fabric and its neckline is crew. The trousers this pers,Mixed Fabrics,caption_keyword,0.5,NOISY
C:\Users\sama\OneDrive\Desktop\naishtex\Textile\Backend\data\processed\material_deepfashion\Mixed Fabrics\WOMEN-Tees_Tanks-id_00000570-01_4_full.jpg,deepfashion,This lady wears a tank tank shirt with graphic patterns and a three-point shorts. The tank shirt is with cotton fabric. The neckline of the tank shirt,Mixed Fabrics,caption_keyword,0.5,NOISY
C:\Users\sama\OneDrive\Desktop\naishtex\Textile\Backend\data\processed\material_deepfashion\Mixed Fabrics\WOMEN-Tees_Tanks-id_00004764-04_4_full.jpg,deepfashion,"The upper clothing has no sleeves, cotton fabric and graphic patterns. The neckline of it is round. The lower clothing is of three-point length. The f",Mixed Fabrics,caption_keyword,0.5,NOISY
C:\Users\sama\OneDrive\Desktop\naishtex\Textile\Backend\data\processed\material_deepfashion\Mixed Fabrics\WOMEN-Tees_Tanks-id_00007074-02_1_front.jpg,deepfashion,This female is wearing a long-sleeve sweater with stripe patterns. The sweater is with cotton fabric. It has a crew neckline. The pants this female we,Mixed Fabrics,caption_keyword,0.5,NOISY
C:\Users\sama\OneDrive\Desktop\naishtex\Textile\Backend\data\processed\material_deepfashion\Mixed Fabrics\WOMEN-Blouses_Shirts-id_00003772-01_4_full.jpg,deepfashion,"Her tank top has no sleeves, cotton fabric and lattice patterns. It has a lapel neckline. This person wears a long pants. The pants are with denim fab",Mixed Fabrics,caption_keyword,0.5,NOISY
C:\Users\sama\OneDrive\Desktop\naishtex\Textile\Backend\data\processed\material_deepfashion\Mixed Fabrics\WOMEN-Tees_Tanks-id_00006847-03_4_full.jpg,deepfashion,The person is wearing a tank tank shirt with floral patterns. The tank shirt is with cotton fabric. It has a round neckline. The person wears a three-,Mixed Fabrics,caption_keyword,0.5,NOISY
C:\Users\sama\OneDrive\Desktop\naishtex\Textile\Backend\data\processed\material_deepfashion\Mixed Fabrics\WOMEN-Blouses_Shirts-id_00000634-02_3_back.jpg,deepfashion,"The upper clothing has sleeves cut off, cotton fabric and graphic patterns. The lower clothing is of three-point length. The fabric is denim and it ha",Mixed Fabrics,caption_keyword,0.5,NOISY
C:\Users\sama\OneDrive\Desktop\naishtex\Textile\Backend\data\processed\material_deepfashion\Mixed Fabrics\WOMEN-Graphic_Tees-id_00000851-01_2_side.jpg,deepfashion,The person wears a sleeveless tank top with graphic patterns and a three-point shorts. The tank top is with cotton fabric. The shorts are with denim f,Mixed Fabrics,caption_keyword,0.5,NOISY
C:\Users\sama\OneDrive\Desktop\naishtex\Textile\Backend\data\processed\material_deepfashion\Mixed Fabrics\WOMEN-Tees_Tanks-id_00005258-04_1_front.jpg,deepfashion,The shirt this person wears has short sleeves and its fabric is cotton. The pattern of it is striped. It has a round neckline. This person wears a thr,Mixed Fabrics,caption_keyword,0.5,NOISY
C:\Users\sama\OneDrive\Desktop\naishtex\Textile\Backend\data\processed\material_deepfashion\Mixed Fabrics\WOMEN-Tees_Tanks-id_00005553-01_1_front.jpg,deepfashion,This lady wears a sleeveless tank shirt with graphic patterns. The tank shirt is with cotton fabric. It has a suspenders neckline. The pants this lady,Mixed Fabrics,caption_keyword,0.5,NOISY
C:\Users\sama\OneDrive\Desktop\naishtex\Textile\Backend\data\processed\material_deepfashion\Mixed Fabrics\WOMEN-Tees_Tanks-id_00006655-02_4_full.jpg,deepfashion,The tank top this person wears has no sleeves and its fabric is cotton. The pattern of it is graphic. It has a suspenders neckline. This person wears ,Mixed Fabrics,caption_keyword,0.5,NOISY
C:\Users\sama\OneDrive\Desktop\naishtex\Textile\Backend\data\processed\material_deepfashion\Mixed Fabrics\WOMEN-Shorts-id_00006552-02_1_front.jpg,deepfashion,This person wears a medium-sleeve shirt with solid color patterns and a three-point shorts. The shirt is with cotton fabric and its neckline is v-shap,Mixed Fabrics,caption_keyword,0.5,NOISY
C:\Users\sama\OneDrive\Desktop\naishtex\Textile\Backend\data\processed\material_deepfashion\Mixed Fabrics\WOMEN-Jackets_Coats-id_00006499-01_7_additional.jpg,deepfashion,This lady wears a long-sleeve shirt with striped patterns. The shirt is with cotton fabric. It has a crew neckline. This lady wears a three-point pant,Mixed Fabrics,caption_keyword,0.5,NOISY
C:\Users\sama\OneDrive\Desktop\naishtex\Textile\Backend\data\processed\material_deepfashion\Mixed Fabrics\WOMEN-Tees_Tanks-id_00007976-01_4_full.jpg,deepfashion,"Her tank top has no sleeves, cotton fabric and color block patterns. It has a suspenders neckline. The female wears a long pants. The pants are with d",Mixed Fabrics,caption_keyword,0.5,NOISY
C:\Users\sama\OneDrive\Desktop\naishtex\Textile\Backend\data\processed\material_deepfashion\Mixed Fabrics\WOMEN-Tees_Tanks-id_00005501-01_7_additional.jpg,deepfashion,The lady is wearing a short-sleeve shirt with color block patterns. The shirt is with cotton fabric. It has a round neckline. The pants the lady wears,Mixed Fabrics,caption_keyword,0.5,NOISY
C:\Users\sama\OneDrive\Desktop\naishtex\Textile\Backend\data\processed\material_deepfashion\Mixed Fabrics\WOMEN-Tees_Tanks-id_00000552-02_7_additional.jpg,deepfashion,"Her shirt has short sleeves, cotton fabric and solid color patterns. The pants this person wears is of three-point length. The pants are with denim fa",Mixed Fabrics,caption_keyword,0.5,NOISY
C:\Users\sama\OneDrive\Desktop\naishtex\Textile\Backend\data\processed\material_deepfashion\Mixed Fabrics\WOMEN-Denim-id_00006138-03_1_front.jpg,deepfashion,The sweater this person wears has long sleeves and its fabric is cotton. The pattern of it is plaid. It has a lapel neckline. This person wears a long,Mixed Fabrics,caption_keyword,0.5,NOISY
C:\Users\sama\OneDrive\Desktop\naishtex\Textile\Backend\data\processed\material_deepfashion\Mixed Fabrics\WOMEN-Tees_Tanks-id_00006043-49_2_side.jpg,deepfashion,"The tank shirt the lady wears has sleeves cut off and its fabric is cotton. The pattern of it is pure color. The lady wears a three-point shorts, with",Mixed Fabrics,caption_keyword,0.5,NOISY
C:\Users\sama\OneDrive\Desktop\naishtex\Textile\Backend\data\processed\material_deepfashion\Mixed Fabrics\WOMEN-Graphic_Tees-id_00002369-01_3_back.jpg,deepfashion,"The tank shirt this person wears has no sleeves and it is with cotton fabric and graphic patterns. This person wears a three-point shorts, with denim ",Mixed Fabrics,caption_keyword,0.5,NOISY
C:\Users\sama\OneDrive\Desktop\naishtex\Textile\Backend\data\processed\material_deepfashion\Mixed Fabrics\WOMEN-Tees_Tanks-id_00004498-05_2_side.jpg,deepfashion,This person is wearing a short-sleeve T-shirt with color block patterns. The T-shirt is with cotton fabric. It has a round neckline. This person wears,Mixed Fabrics,caption_keyword,0.5,NOISY
C:\Users\sama\OneDrive\Desktop\naishtex\Textile\Backend\data\processed\material_deepfashion\Mixed Fabrics\WOMEN-Graphic_Tees-id_00005791-01_4_full.jpg,deepfashion,This female is wearing a short-sleeve shirt with graphic patterns and a three-point pants. The shirt is with cotton fabric. The neckline of the shirt ,Mixed Fabrics,caption_keyword,0.5,NOISY
C:\Users\sama\OneDrive\Desktop\naishtex\Textile\Backend\data\processed\material_deepfashion\Mixed Fabrics\WOMEN-Tees_Tanks-id_00006317-10_2_side.jpg,deepfashion,This lady is wearing a tank tank top with solid color patterns. The tank top is with cotton fabric. It has a crew neckline. The pants this lady wears ,Mixed Fabrics,caption_keyword,0.5,NOISY
C:\Users\sama\OneDrive\Desktop\naishtex\Textile\Backend\data\processed\material_deepfashion\Mixed Fabrics\WOMEN-Tees_Tanks-id_00002172-01_4_full.jpg,deepfashion,"Her shirt has short sleeves, cotton fabric and graphic patterns. The neckline of it is round. The trousers this female wears is of long length. The tr",Mixed Fabrics,caption_keyword,0.5,NOISY
C:\Users\sama\OneDrive\Desktop\naishtex\Textile\Backend\data\processed\material_deepfashion\Mixed Fabrics\WOMEN-Tees_Tanks-id_00002151-08_4_full.jpg,deepfashion,The person is wearing a sleeveless tank top with solid color patterns and a three-point shorts. The tank top is with cotton fabric and its neckline is,Mixed Fabrics,caption_keyword,0.5,NOISY
C:\Users\sama\OneDrive\Desktop\naishtex\Textile\Backend\data\processed\material_deepfashion\Mixed Fabrics\WOMEN-Tees_Tanks-id_00003523-01_1_front.jpg,deepfashion,This woman is wearing a short-sleeve T-shirt with solid color patterns. The T-shirt is with cotton fabric. It has a v-shape neckline. The pants this w,Mixed Fabrics,caption_keyword,0.5,NOISY
C:\Users\sama\OneDrive\Desktop\naishtex\Textile\Backend\data\processed\material_deepfashion\Mixed Fabrics\WOMEN-Tees_Tanks-id_00000159-06_1_front.jpg,deepfashion,"Her T-shirt has short sleeves, cotton fabric and plaid patterns. It has a round neckline. The lady wears a three-point pants. The pants are with denim",Mixed Fabrics,caption_keyword,0.5,NOISY
C:\Users\sama\OneDrive\Desktop\naishtex\Textile\Backend\data\processed\material_deepfashion\Mixed Fabrics\WOMEN-Tees_Tanks-id_00006863-17_2_side.jpg,deepfashion,"The tank shirt this person wears has no sleeves, its fabric is cotton, and it has pure color patterns. This person wears a three-point shorts, with de",Mixed Fabrics,caption_keyword,0.5,NOISY
C:\Users\sama\OneDrive\Desktop\naishtex\Textile\Backend\data\processed\material_deepfashion\Mixed Fabrics\WOMEN-Blouses_Shirts-id_00004303-01_7_additional.jpg,deepfashion,"Her tank shirt has no sleeves, cotton fabric and graphic patterns. The neckline of it is suspenders. The person wears a three-point shorts. The shorts",Mixed Fabrics,caption_keyword,0.5,NOISY
C:\Users\sama\OneDrive\Desktop\naishtex\Textile\Backend\data\processed\material_deepfashion\Mixed Fabrics\WOMEN-Sweaters-id_00003599-01_4_full.jpg,deepfashion,This female is wearing a long-sleeve shirt with solid color patterns. The shirt is with cotton fabric and its neckline is round. The shorts this femal,Mixed Fabrics,caption_keyword,0.5,NOISY
C:\Users\sama\OneDrive\Desktop\naishtex\Textile\Backend\data\processed\material_deepfashion\Mixed Fabrics\WOMEN-Tees_Tanks-id_00001212-32_2_side.jpg,deepfashion,This woman is wearing a tank tank top with solid color patterns. The tank top is with cotton fabric. This woman wears a three-point pants. The pants a,Mixed Fabrics,caption_keyword,0.5,NOISY
C:\Users\sama\OneDrive\Desktop\naishtex\Textile\Backend\data\processed\material_deepfashion\Mixed Fabrics\WOMEN-Tees_Tanks-id_00000079-05_3_back.jpg,deepfashion,The lady is wearing a sleeveless tank shirt with pure color patterns. The tank shirt is with cotton fabric. The lady wears a three-point shorts. The s,Mixed Fabrics,caption_keyword,0.5,NOISY
C:\Users\sama\OneDrive\Desktop\naishtex\Textile\Backend\data\processed\material_deepfashion\Mixed Fabrics\WOMEN-Jackets_Coats-id_00007184-01_4_full.jpg,deepfashion,The female is wearing a long-sleeve sweater with other patterns and a long pants. The sweater is with cotton fabric. The pants are with denim fabric a,Mixed Fabrics,caption_keyword,0.5,NOISY
C:\Users\sama\OneDrive\Desktop\naishtex\Textile\Backend\data\processed\material_deepfashion\Mixed Fabrics\WOMEN-Jackets_Coats-id_00005091-02_3_back.jpg,deepfashion,The female wears a long-sleeve sweater with graphic patterns. The sweater is with cotton fabric. It has a lapel neckline. This female also wears an ou,Mixed Fabrics,caption_keyword,0.5,NOISY
C:\Users\sama\OneDrive\Desktop\naishtex\Textile\Backend\data\processed\material_deepfashion\Mixed Fabrics\WOMEN-Tees_Tanks-id_00005085-62_3_back.jpg,deepfashion,This person is wearing a sleeveless tank top with solid color patterns and a three-point shorts. The tank top is with cotton fabric. The shorts are wi,Mixed Fabrics,caption_keyword,0.5,NOISY
C:\Users\sama\OneDrive\Desktop\naishtex\Textile\Backend\data\processed\material_deepfashion\Mixed Fabrics\WOMEN-Tees_Tanks-id_00001310-01_2_side.jpg,deepfashion,This person is wearing a sleeveless tank top with graphic patterns and a three-point pants. The tank top is with cotton fabric. The neckline of the ta,Mixed Fabrics,caption_keyword,0.5,NOISY
C:\Users\sama\OneDrive\Desktop\naishtex\Textile\Backend\data\processed\material_deepfashion\Mixed Fabrics\WOMEN-Shorts-id_00000522-01_1_front.jpg,deepfashion,The female is wearing a tank tank shirt with solid color patterns. The tank shirt is with cotton fabric and its neckline is suspenders. The pants the ,Mixed Fabrics,caption_keyword,0.5,NOISY
C:\Users\sama\OneDrive\Desktop\naishtex\Textile\Backend\data\processed\material_deepfashion\Mixed Fabrics\WOMEN-Sweaters-id_00005720-06_4_full.jpg,deepfashion,This person wears a long-sleeve sweater with stripe patterns. The sweater is with cotton fabric. It has a crew neckline. This person wears a long pant,Mixed Fabrics,caption_keyword,0.5,NOISY
C:\Users\sama\OneDrive\Desktop\naishtex\Textile\Backend\data\processed\material_deepfashion\Mixed Fabrics\WOMEN-Tees_Tanks-id_00007962-05_7_additional.jpg,deepfashion,The person is wearing a short-sleeve T-shirt with solid color patterns and a long trousers. The T-shirt is with cotton fabric and its neckline is crew,Mixed Fabrics,caption_keyword,0.5,NOISY
C:\Users\sama\OneDrive\Desktop\naishtex\Textile\Backend\data\processed\material_deepfashion\Mixed Fabrics\WOMEN-Jackets_Coats-id_00002196-03_1_front.jpg,deepfashion,This female wears a long-sleeve sweater with solid color patterns. The sweater is with cotton fabric. It has a crew neckline. This female wears a shor,Mixed Fabrics,caption_keyword,0.5,NOISY
C:\Users\sama\OneDrive\Desktop\naishtex\Textile\Backend\data\processed\material_deepfashion\Mixed Fabrics\WOMEN-Tees_Tanks-id_00006901-06_7_additional.jpg,deepfashion,The lady is wearing a long-sleeve shirt with pure color patterns. The shirt is with cotton fabric and its neckline is crew. The pants the lady wears i,Mixed Fabrics,caption_keyword,0.5,NOISY
C:\Users\sama\OneDrive\Desktop\naishtex\Textile\Backend\data\processed\material_deepfashion\Mixed Fabrics\WOMEN-Blouses_Shirts-id_00005921-03_7_additional.jpg,deepfashion,"Her tank shirt has sleeves cut off, cotton fabric and graphic patterns. The shorts this lady wears is of three-point length. The shorts are with denim",Mixed Fabrics,caption_keyword,0.5,NOISY
C:\Users\sama\OneDrive\Desktop\naishtex\Textile\Backend\data\processed\material_deepfashion\Mixed Fabrics\WOMEN-Tees_Tanks-id_00004012-06_2_side.jpg,deepfashion,This lady is wearing a sleeveless tank top with solid color patterns. The tank top is with cotton fabric and its neckline is suspenders. This lady wea,Mixed Fabrics,caption_keyword,0.5,NOISY
C:\Users\sama\OneDrive\Desktop\naishtex\Textile\Backend\data\processed\material_deepfashion\Mixed Fabrics\WOMEN-Cardigans-id_00003778-04_4_full.jpg,deepfashion,The sweater this lady wears has long sleeves and its fabric is cotton. The pattern of it is solid color. It has a round neckline. This lady wears a lo,Mixed Fabrics,caption_keyword,0.5,NOISY
C:\Users\sama\OneDrive\Desktop\naishtex\Textile\Backend\data\processed\material_deepfashion\Mixed Fabrics\WOMEN-Tees_Tanks-id_00002010-04_1_front.jpg,deepfashion,"The shirt this woman wears has long sleeves, its fabric is cotton, and it has color block patterns. The shirt has a crew neckline. This woman wears a ",Mixed Fabrics,caption_keyword,0.5,NOISY
C:\Users\sama\OneDrive\Desktop\naishtex\Textile\Backend\data\processed\material_deepfashion\Mixed Fabrics\WOMEN-Shorts-id_00001354-04_4_full.jpg,deepfashion,This lady wears a long-sleeve shirt with pure color patterns. The shirt is with cotton fabric. It has a crew neckline. This lady wears a three-point s,Mixed Fabrics,caption_keyword,0.5,NOISY
C:\Users\sama\OneDrive\Desktop\naishtex\Textile\Backend\data\processed\material_deepfashion\Mixed Fabrics\WOMEN-Cardigans-id_00002215-03_2_side.jpg,deepfashion,The female is wearing a medium-sleeve shirt with lattice patterns. The shirt is with cotton fabric. It has a round neckline. The female wears a three-,Mixed Fabrics,caption_keyword,0.5,NOISY
C:\Users\sama\OneDrive\Desktop\naishtex\Textile\Backend\data\processed\material_deepfashion\Mixed Fabrics\WOMEN-Tees_Tanks-id_00006678-05_3_back.jpg,deepfashion,This woman wears a short-sleeve shirt with pure color patterns and a three-point shorts. The shirt is with cotton fabric. The shorts are with denim fa,Mixed Fabrics,caption_keyword,0.5,NOISY
C:\Users\sama\OneDrive\Desktop\naishtex\Textile\Backend\data\processed\material_deepfashion\Mixed Fabrics\WOMEN-Tees_Tanks-id_00005269-08_7_additional.jpg,deepfashion,This person is wearing a tank tank top with graphic patterns and a three-point pants. The tank top is with cotton fabric. The pants are with denim fab,Mixed Fabrics,caption_keyword,0.5,NOISY
C:\Users\sama\OneDrive\Desktop\naishtex\Textile\Backend\data\processed\material_deepfashion\Mixed Fabrics\WOMEN-Shorts-id_00005906-02_1_front.jpg,deepfashion,The sweater this lady wears has long sleeves and its fabric is cotton. The pattern of it is plaid. It has a lapel neckline. This lady wears a three-po,Mixed Fabrics,caption_keyword,0.5,NOISY
C:\Users\sama\OneDrive\Desktop\naishtex\Textile\Backend\data\processed\material_deepfashion\Mixed Fabrics\MEN-Tees_Tanks-id_00003434-01_4_full.jpg,deepfashion,This guy wears a short-sleeve T-shirt with color block patterns. The T-shirt is with cotton fabric. It has a round neckline. This guy wears a short pa,Mixed Fabrics,caption_keyword,0.5,NOISY
C:\Users\sama\OneDrive\Desktop\naishtex\Textile\Backend\data\processed\material_deepfashion\Mixed Fabrics\WOMEN-Jackets_Coats-id_00001073-01_1_front.jpg,deepfashion,This female wears a long-sleeve shirt with pure color patterns. The shirt is with cotton fabric and it has a round neckline. The outer clothing is wit,Mixed Fabrics,caption_keyword,0.5,NOISY
C:\Users\sama\OneDrive\Desktop\naishtex\Textile\Backend\data\processed\material_deepfashion\Mixed Fabrics\WOMEN-Tees_Tanks-id_00004753-03_1_front.jpg,deepfashion,"Her tank top has no sleeves, cotton fabric and floral patterns. The pants this woman wears is of three-point length. The pants are with denim fabric a",Mixed Fabrics,caption_keyword,0.5,NOISY
C:\Users\sama\OneDrive\Desktop\naishtex\Textile\Backend\data\processed\material_deepfashion\Mixed Fabrics\WOMEN-Sweatshirts_Hoodies-id_00004430-07_4_full.jpg,deepfashion,The person wears a long-sleeve shirt with complicated patterns and a long trousers. The shirt is with cotton fabric and its neckline is round. The tro,Mixed Fabrics,caption_keyword,0.5,NOISY
C:\Users\sama\OneDrive\Desktop\naishtex\Textile\Backend\data\processed\material_deepfashion\Mixed Fabrics\WOMEN-Tees_Tanks-id_00004142-01_2_side.jpg,deepfashion,The shirt this lady wears has medium sleeves and it is with cotton fabric and stripe patterns. The neckline of the shirt is crew. This lady wears a th,Mixed Fabrics,caption_keyword,0.5,NOISY
C:\Users\sama\OneDrive\Desktop\naishtex\Textile\Backend\data\processed\material_deepfashion\Mixed Fabrics\WOMEN-Tees_Tanks-id_00007691-02_7_additional.jpg,deepfashion,This female is wearing a short-sleeve shirt with pure color patterns. The shirt is with cotton fabric. It has a crew neckline. The pants this female w,Mixed Fabrics,caption_keyword,0.5,NOISY
C:\Users\sama\OneDrive\Desktop\naishtex\Textile\Backend\data\processed\material_deepfashion\Mixed Fabrics\WOMEN-Tees_Tanks-id_00005867-05_4_full.jpg,deepfashion,"The upper clothing has short sleeves, cotton fabric and pure color patterns. The neckline of it is crew. The lower clothing is of long length. The fab",Mixed Fabrics,caption_keyword,0.5,NOISY
C:\Users\sama\OneDrive\Desktop\naishtex\Textile\Backend\data\processed\material_deepfashion\Mixed Fabrics\WOMEN-Shorts-id_00001081-02_1_front.jpg,deepfashion,This person is wearing a long-sleeve sweater with pure color patterns. The sweater is with cotton fabric and its neckline is round. The shorts this pe,Mixed Fabrics,caption_keyword,0.5,NOISY
C:\Users\sama\OneDrive\Desktop\naishtex\Textile\Backend\data\processed\material_deepfashion\Mixed Fabrics\WOMEN-Shorts-id_00001972-02_1_front.jpg,deepfashion,"Her shirt has short sleeves, cotton fabric and solid color patterns. The person wears a three-point shorts. The shorts are with denim fabric and solid",Mixed Fabrics,caption_keyword,0.5,NOISY
C:\Users\sama\OneDrive\Desktop\naishtex\Textile\Backend\data\processed\material_deepfashion\Mixed Fabrics\WOMEN-Tees_Tanks-id_00003523-13_1_front.jpg,deepfashion,The shirt the person wears has short sleeves and it is with cotton fabric and solid color patterns. The neckline of the shirt is v-shape. The person w,Mixed Fabrics,caption_keyword,0.5,NOISY
C:\Users\sama\OneDrive\Desktop\naishtex\Textile\Backend\data\processed\material_deepfashion\Mixed Fabrics\WOMEN-Tees_Tanks-id_00005610-03_3_back.jpg,deepfashion,"The tank shirt the lady wears has sleeves cut off, its fabric is cotton, and it has pure color patterns. The lady wears a three-point pants, with deni",Mixed Fabrics,caption_keyword,0.5,NOISY
C:\Users\sama\OneDrive\Desktop\naishtex\Textile\Backend\data\processed\material_deepfashion\Mixed Fabrics\WOMEN-Tees_Tanks-id_00006043-49_7_additional.jpg,deepfashion,This lady is wearing a sleeveless tank shirt with pure color patterns. The tank shirt is with cotton fabric. It has a suspenders neckline. The shorts ,Mixed Fabrics,caption_keyword,0.5,NOISY
C:\Users\sama\OneDrive\Desktop\naishtex\Textile\Backend\data\processed\material_deepfashion\Mixed Fabrics\WOMEN-Tees_Tanks-id_00003375-02_2_side.jpg,deepfashion,The person is wearing a sleeveless tank shirt with striped patterns and a three-point shorts. The tank shirt is with cotton fabric and its neckline is,Mixed Fabrics,caption_keyword,0.5,NOISY
C:\Users\sama\OneDrive\Desktop\naishtex\Textile\Backend\data\processed\material_deepfashion\Mixed Fabrics\WOMEN-Blouses_Shirts-id_00004472-02_3_back.jpg,deepfashion,This lady is wearing a medium-sleeve shirt with solid color patterns. The shirt is with cotton fabric. The pants this lady wears is of three-point len,Mixed Fabrics,caption_keyword,0.5,NOISY
C:\Users\sama\OneDrive\Desktop\naishtex\Textile\Backend\data\processed\material_deepfashion\Mixed Fabrics\WOMEN-Tees_Tanks-id_00000330-03_1_front.jpg,deepfashion,"Her T-shirt has short sleeves, cotton fabric and pure color patterns. The neckline of it is round. The person wears a medium shorts. The shorts are wi",Mixed Fabrics,caption_keyword,0.5,NOISY
C:\Users\sama\OneDrive\Desktop\naishtex\Textile\Backend\data\processed\material_deepfashion\Mixed Fabrics\MEN-Tees_Tanks-id_00001137-01_4_full.jpg,deepfashion,The person wears a short-sleeve shirt with solid color patterns. The shirt is with cotton fabric. It has a crew neckline. The person wears a long pant,Mixed Fabrics,caption_keyword,0.5,NOISY
C:\Users\sama\OneDrive\Desktop\naishtex\Textile\Backend\data\processed\material_deepfashion\Mixed Fabrics\WOMEN-Blouses_Shirts-id_00003370-02_4_full.jpg,deepfashion,The shirt this female wears has long sleeves and it is with cotton fabric and pure color patterns. The neckline of the shirt is v-shape. This female w,Mixed Fabrics,caption_keyword,0.5,NOISY
C:\Users\sama\OneDrive\Desktop\naishtex\Textile\Backend\data\processed\material_deepfashion\Mixed Fabrics\WOMEN-Tees_Tanks-id_00000430-03_7_additional.jpg,deepfashion,"The shirt the female wears has long sleeves, its fabric is cotton, and it has striped patterns. The shirt has a v-shape neckline. The female wears a l",Mixed Fabrics,caption_keyword,0.5,NOISY
C:\Users\sama\OneDrive\Desktop\naishtex\Textile\Backend\data\processed\material_deepfashion\Mixed Fabrics\WOMEN-Tees_Tanks-id_00002201-47_2_side.jpg,deepfashion,This person is wearing a tank tank shirt with solid color patterns. The tank shirt is with cotton fabric and its neckline is suspenders. This person w,Mixed Fabrics,caption_keyword,0.5,NOISY
C:\Users\sama\OneDrive\Desktop\naishtex\Textile\Backend\data\processed\material_deepfashion\Mixed Fabrics\WOMEN-Jackets_Coats-id_00005061-02_1_front.jpg,deepfashion,The lady is wearing a long-sleeve shirt with other patterns. The shirt is with cotton fabric and its neckline is crew. The trousers the lady wears is ,Mixed Fabrics,caption_keyword,0.5,NOISY
C:\Users\sama\OneDrive\Desktop\naishtex\Textile\Backend\data\processed\material_deepfashion\Mixed Fabrics\WOMEN-Tees_Tanks-id_00006901-07_7_additional.jpg,deepfashion,"Her sweater has long sleeves, cotton fabric and pure color patterns. It has a crew neckline. This woman wears a long pants. The pants are with denim f",Mixed Fabrics,caption_keyword,0.5,NOISY
C:\Users\sama\OneDrive\Desktop\naishtex\Textile\Backend\data\processed\material_deepfashion\Mixed Fabrics\WOMEN-Blouses_Shirts-id_00001962-02_4_full.jpg,deepfashion,"Her tank shirt has sleeves cut off, cotton fabric and graphic patterns. The neckline of it is suspenders. The female wears a long pants. The pants are",Mixed Fabrics,caption_keyword,0.5,NOISY
C:\Users\sama\OneDrive\Desktop\naishtex\Textile\Backend\data\processed\material_deepfashion\Mixed Fabrics\WOMEN-Tees_Tanks-id_00006960-03_4_full.jpg,deepfashion,"Her tank shirt has sleeves cut off, cotton fabric and graphic patterns. The trousers the person wears is of long length. The trousers are with denim f",Mixed Fabrics,caption_keyword,0.5,NOISY
C:\Users\sama\OneDrive\Desktop\naishtex\Textile\Backend\data\processed\material_deepfashion\Mixed Fabrics\WOMEN-Tees_Tanks-id_00006507-02_1_front.jpg,deepfashion,The person is wearing a tank tank shirt with pure color patterns and a three-point shorts. The tank shirt is with cotton fabric and its neckline is cr,Mixed Fabrics,caption_keyword,0.5,NOISY
C:\Users\sama\OneDrive\Desktop\naishtex\Textile\Backend\data\processed\material_deepfashion\Mixed Fabrics\WOMEN-Sweaters-id_00002287-06_4_full.jpg,deepfashion,This lady wears a long-sleeve shirt with pure color patterns. The shirt is with cotton fabric. It has a round neckline. The trousers this lady wears i,Mixed Fabrics,caption_keyword,0.5,NOISY
C:\Users\sama\OneDrive\Desktop\naishtex\Textile\Backend\data\processed\material_deepfashion\Mixed Fabrics\WOMEN-Blouses_Shirts-id_00001939-02_2_side.jpg,deepfashion,This person is wearing a long-sleeve shirt with graphic patterns. The shirt is with cotton fabric and its neckline is suspenders. This person wears a ,Mixed Fabrics,caption_keyword,0.5,NOISY
C:\Users\sama\OneDrive\Desktop\naishtex\Textile\Backend\data\processed\material_deepfashion\Mixed Fabrics\WOMEN-Tees_Tanks-id_00001028-01_4_full.jpg,deepfashion,"Her shirt has short sleeves, cotton fabric and solid color patterns. The neckline of it is round. The pants this person wears is of three-point length",Mixed Fabrics,caption_keyword,0.5,NOISY
C:\Users\sama\OneDrive\Desktop\naishtex\Textile\Backend\data\processed\material_deepfashion\Mixed Fabrics\WOMEN-Tees_Tanks-id_00007639-04_1_front.jpg,deepfashion,The lady is wearing a long-sleeve sweater with solid color patterns. The sweater is with cotton fabric and its neckline is round. The pants the lady w,Mixed Fabrics,caption_keyword,0.5,NOISY
C:\Users\sama\OneDrive\Desktop\naishtex\Textile\Backend\data\processed\material_deepfashion\Mixed Fabrics\WOMEN-Sweaters-id_00006737-02_2_side.jpg,deepfashion,"Her sweater has long sleeves, cotton fabric and graphic patterns. The neckline of it is round. The shorts this female wears is of three-point length. ",Mixed Fabrics,caption_keyword,0.5,NOISY
C:\Users\sama\OneDrive\Desktop\naishtex\Textile\Backend\data\processed\material_deepfashion\Mixed Fabrics\MEN-Pants-id_00001207-07_4_full.jpg,deepfashion,"The sweater this man wears has long sleeves, its fabric is cotton, and it has solid color patterns. The sweater has a crew neckline. This man wears a ",Mixed Fabrics,caption_keyword,0.5,NOISY
C:\Users\sama\OneDrive\Desktop\naishtex\Textile\Backend\data\processed\material_deepfashion\Mixed Fabrics\WOMEN-Tees_Tanks-id_00004398-03_3_back.jpg,deepfashion,The lady is wearing a short-sleeve T-shirt with floral patterns. The T-shirt is with cotton fabric. The lady wears a three-point shorts. The shorts ar,Mixed Fabrics,caption_keyword,0.5,NOISY
C:\Users\sama\OneDrive\Desktop\naishtex\Textile\Backend\data\processed\material_deepfashion\Mixed Fabrics\WOMEN-Blouses_Shirts-id_00004116-02_1_front.jpg,deepfashion,The lady is wearing a short-sleeve T-shirt with graphic patterns. The T-shirt is with cotton fabric. It has a round neckline. The lady wears a three-p,Mixed Fabrics,caption_keyword,0.5,NOISY
C:\Users\sama\OneDrive\Desktop\naishtex\Textile\Backend\data\processed\material_deepfashion\Mixed Fabrics\WOMEN-Shorts-id_00005731-01_3_back.jpg,deepfashion,"The shirt the female wears has medium sleeves, its fabric is cotton, and it has graphic patterns. The female wears a three-point pants, with denim fab",Mixed Fabrics,caption_keyword,0.5,NOISY
C:\Users\sama\OneDrive\Desktop\naishtex\Textile\Backend\data\processed\material_deepfashion\Mixed Fabrics\WOMEN-Tees_Tanks-id_00006932-03_2_side.jpg,deepfashion,"The upper clothing has sleeves cut off, cotton fabric and striped patterns. The lower clothing is of three-point length. The fabric is denim and it ha",Mixed Fabrics,caption_keyword,0.5,NOISY
C:\Users\sama\OneDrive\Desktop\naishtex\Textile\Backend\data\processed\material_deepfashion\Mixed Fabrics\WOMEN-Tees_Tanks-id_00003411-01_3_back.jpg,deepfashion,"Her tank top has no sleeves, cotton fabric and other patterns. This female wears a three-point pants. The pants are with denim fabric and solid color ",Mixed Fabrics,caption_keyword,0.5,NOISY
C:\Users\sama\OneDrive\Desktop\naishtex\Textile\Backend\data\processed\material_deepfashion\Mixed Fabrics\WOMEN-Blouses_Shirts-id_00004556-02_7_additional.jpg,deepfashion,This lady wears a medium-sleeve shirt with color block patterns and a long pants. The shirt is with cotton fabric and its neckline is lapel. The pants,Mixed Fabrics,caption_keyword,0.5,NOISY
C:\Users\sama\OneDrive\Desktop\naishtex\Textile\Backend\data\processed\material_deepfashion\Mixed Fabrics\WOMEN-Blouses_Shirts-id_00000906-01_1_front.jpg,deepfashion,This woman wears a medium-sleeve shirt with graphic patterns and a three-point pants. The shirt is with cotton fabric and its neckline is round. The p,Mixed Fabrics,caption_keyword,0.5,NOISY
C:\Users\sama\OneDrive\Desktop\naishtex\Textile\Backend\data\processed\material_deepfashion\Mixed Fabrics\WOMEN-Sweatshirts_Hoodies-id_00003587-01_4_full.jpg,deepfashion,"Her shirt has long sleeves, cotton fabric and graphic patterns. The neckline of it is crew. The trousers this female wears is of long length. The trou",Mixed Fabrics,caption_keyword,0.5,NOISY
C:\Users\sama\OneDrive\Desktop\naishtex\Textile\Backend\data\processed\material_deepfashion\Mixed Fabrics\WOMEN-Tees_Tanks-id_00005433-07_2_side.jpg,deepfashion,"The tank shirt the person wears has no sleeves, its fabric is cotton, and it has pure color patterns. The tank shirt has a crew neckline. The person w",Mixed Fabrics,caption_keyword,0.5,NOISY
C:\Users\sama\OneDrive\Desktop\naishtex\Textile\Backend\data\processed\material_deepfashion\Mixed Fabrics\WOMEN-Denim-id_00005070-02_2_side.jpg,deepfashion,The person is wearing a sleeveless tank top with striped patterns and a long pants. The tank top is with cotton fabric and its neckline is crew. The p,Mixed Fabrics,caption_keyword,0.5,NOISY
C:\Users\sama\OneDrive\Desktop\naishtex\Textile\Backend\data\processed\material_deepfashion\Mixed Fabrics\WOMEN-Jackets_Coats-id_00006460-02_1_front.jpg,deepfashion,The lady is wearing a long-sleeve sweater with striped patterns. The sweater is with cotton fabric and its neckline is crew. The shorts the lady wears,Mixed Fabrics,caption_keyword,0.5,NOISY
C:\Users\sama\OneDrive\Desktop\naishtex\Textile\Backend\data\processed\material_deepfashion\Mixed Fabrics\WOMEN-Tees_Tanks-id_00002885-07_1_front.jpg,deepfashion,The tank shirt this person wears has sleeves cut off and it is with cotton fabric and striped patterns. The neckline of the tank shirt is round. This ,Mixed Fabrics,caption_keyword,0.5,NOISY
C:\Users\sama\OneDrive\Desktop\naishtex\Textile\Backend\data\processed\material_deepfashion\Mixed Fabrics\WOMEN-Tees_Tanks-id_00003923-01_3_back.jpg,deepfashion,"The upper clothing has sleeves cut off, cotton fabric and pure color patterns. The lower clothing is of three-point length. The fabric is denim and it",Mixed Fabrics,caption_keyword,0.5,NOISY
C:\Users\sama\OneDrive\Desktop\naishtex\Textile\Backend\data\processed\material_deepfashion\Mixed Fabrics\WOMEN-Shorts-id_00004058-02_4_full.jpg,deepfashion,This lady wears a short-sleeve shirt with stripe patterns and three-point pants. The shirt is with cotton fabric and it has a round neckline. The pant,Mixed Fabrics,caption_keyword,0.5,NOISY
C:\Users\sama\OneDrive\Desktop\naishtex\Textile\Backend\data\processed\material_deepfashion\Mixed Fabrics\WOMEN-Tees_Tanks-id_00003344-04_1_front.jpg,deepfashion,This lady is wearing a short-sleeve T-shirt with striped patterns and a three-point pants. The T-shirt is with cotton fabric and its neckline is round,Mixed Fabrics,caption_keyword,0.5,NOISY
C:\Users\sama\OneDrive\Desktop\naishtex\Textile\Backend\data\processed\material_deepfashion\Mixed Fabrics\WOMEN-Blouses_Shirts-id_00001135-04_4_full.jpg,deepfashion,"The shirt the female wears has short sleeves, its fabric is cotton, and it has graphic patterns. The female wears a long pants, with denim fabric and ",Mixed Fabrics,caption_keyword,0.5,NOISY
C:\Users\sama\OneDrive\Desktop\naishtex\Textile\Backend\data\processed\material_deepfashion\Mixed Fabrics\WOMEN-Tees_Tanks-id_00006602-18_1_front.jpg,deepfashion,"Her tank shirt has sleeves cut off, cotton fabric and solid color patterns. It has a suspenders neckline. The pants the lady wears is of three-point l",Mixed Fabrics,caption_keyword,0.5,NOISY
C:\Users\sama\OneDrive\Desktop\naishtex\Textile\Backend\data\processed\material_deepfashion\Mixed Fabrics\WOMEN-Jackets_Coats-id_00004614-02_3_back.jpg,deepfashion,This person is wearing a long-sleeve shirt with other patterns. The shirt is with mixed fabric. This person wears a three-quarter pants. The pants are,Mixed Fabrics,caption_keyword,0.5,NOISY
C:\Users\sama\OneDrive\Desktop\naishtex\Textile\Backend\data\processed\material_deepfashion\Mixed Fabrics\WOMEN-Tees_Tanks-id_00006607-04_4_full.jpg,deepfashion,"Her tank top has no sleeves, cotton fabric and pure color patterns. The neckline of it is crew. The pants the person wears is of long length. The pant",Mixed Fabrics,caption_keyword,0.5,NOISY
C:\Users\sama\OneDrive\Desktop\naishtex\Textile\Backend\data\processed\material_deepfashion\Mixed Fabrics\WOMEN-Tees_Tanks-id_00003616-02_1_front.jpg,deepfashion,"Her tank shirt has sleeves cut off, cotton fabric and other patterns. The neckline of it is crew. The pants this person wears is of three-point length",Mixed Fabrics,caption_keyword,0.5,NOISY
C:\Users\sama\OneDrive\Desktop\naishtex\Textile\Backend\data\processed\material_deepfashion\Mixed Fabrics\WOMEN-Tees_Tanks-id_00006687-07_4_full.jpg,deepfashion,The person wears a short-sleeve T-shirt with complicated patterns and three-point pants. The T-shirt is with cotton fabric. The pants are with denim f,Mixed Fabrics,caption_keyword,0.5,NOISY
C:\Users\sama\OneDrive\Desktop\naishtex\Textile\Backend\data\processed\material_deepfashion\Mixed Fabrics\WOMEN-Tees_Tanks-id_00001212-15_1_front.jpg,deepfashion,"The tank shirt this female wears has sleeves cut off, its fabric is cotton, and it has solid color patterns. This female wears a three-point shorts, w",Mixed Fabrics,caption_keyword,0.5,NOISY
C:\Users\sama\OneDrive\Desktop\naishtex\Textile\Backend\data\processed\material_deepfashion\Mixed Fabrics\WOMEN-Shorts-id_00000812-03_4_full.jpg,deepfashion,This woman wears a long-sleeve sweater with solid color patterns and a three-point pants. The sweater is with cotton fabric and its neckline is round.,Mixed Fabrics,caption_keyword,0.5,NOISY
C:\Users\sama\OneDrive\Desktop\naishtex\Textile\Backend\data\processed\material_deepfashion\Mixed Fabrics\WOMEN-Jackets_Coats-id_00000627-02_3_back.jpg,deepfashion,"The upper clothing has medium sleeves, cotton fabric and floral patterns. The lower clothing is of long length. The fabric is denim and it has pure co",Mixed Fabrics,caption_keyword,0.5,NOISY
C:\Users\sama\OneDrive\Desktop\naishtex\Textile\Backend\data\processed\material_deepfashion\Mixed Fabrics\WOMEN-Tees_Tanks-id_00002927-05_1_front.jpg,deepfashion,The lady is wearing a sleeveless tank shirt with solid color patterns. The tank shirt is with cotton fabric. It has a v-shape neckline. The lady wears,Mixed Fabrics,caption_keyword,0.5,NOISY
C:\Users\sama\OneDrive\Desktop\naishtex\Textile\Backend\data\processed\material_deepfashion\Mixed Fabrics\WOMEN-Tees_Tanks-id_00004375-02_3_back.jpg,deepfashion,The female wears a sleeveless tank top with graphic patterns and a three-point pants. The tank top is with cotton fabric. The pants are with denim fab,Mixed Fabrics,caption_keyword,0.5,NOISY
C:\Users\sama\OneDrive\Desktop\naishtex\Textile\Backend\data\processed\material_deepfashion\Mixed Fabrics\WOMEN-Tees_Tanks-id_00007195-06_2_side.jpg,deepfashion,"Her tank top has no sleeves, cotton fabric and pure color patterns. The neckline of it is crew. The person wears a three-point pants. The pants are wi",Mixed Fabrics,caption_keyword,0.5,NOISY
C:\Users\sama\OneDrive\Desktop\naishtex\Textile\Backend\data\processed\material_deepfashion\Mixed Fabrics\WOMEN-Tees_Tanks-id_00005085-26_2_side.jpg,deepfashion,This person is wearing a tank tank shirt with solid color patterns and a three-point pants. The tank shirt is with cotton fabric. The neckline of the ,Mixed Fabrics,caption_keyword,0.5,NOISY
C:\Users\sama\OneDrive\Desktop\naishtex\Textile\Backend\data\processed\material_deepfashion\Mixed Fabrics\WOMEN-Tees_Tanks-id_00000142-01_1_front.jpg,deepfashion,The lady is wearing a tank tank top with graphic patterns. The tank top is with cotton fabric and its neckline is round. The lady wears a three-point ,Mixed Fabrics,caption_keyword,0.5,NOISY
C:\Users\sama\OneDrive\Desktop\naishtex\Textile\Backend\data\processed\material_deepfashion\Mixed Fabrics\WOMEN-Tees_Tanks-id_00006943-09_7_additional.jpg,deepfashion,This woman wears a sleeveless tank shirt with pure color patterns. The tank shirt is with cotton fabric. This woman wears a three-point shorts. The sh,Mixed Fabrics,caption_keyword,0.5,NOISY
C:\Users\sama\OneDrive\Desktop\naishtex\Textile\Backend\data\processed\material_deepfashion\Mixed Fabrics\WOMEN-Tees_Tanks-id_00001260-01_4_full.jpg,deepfashion,"Her T-shirt has short sleeves, cotton fabric and graphic patterns. The neckline of it is crew. This person wears a long trousers. The trousers are wit",Mixed Fabrics,caption_keyword,0.5,NOISY
C:\Users\sama\OneDrive\Desktop\naishtex\Textile\Backend\data\processed\material_deepfashion\Mixed Fabrics\MEN-Tees_Tanks-id_00000390-13_4_full.jpg,deepfashion,The gentleman wears a long-sleeve shirt with color block patterns. The shirt is with cotton fabric. It has a crew neckline. The trousers the gentleman,Mixed Fabrics,caption_keyword,0.5,NOISY
C:\Users\sama\OneDrive\Desktop\naishtex\Textile\Backend\data\processed\material_deepfashion\Mixed Fabrics\WOMEN-Tees_Tanks-id_00002810-02_4_full.jpg,deepfashion,The shirt this lady wears has long sleeves and its fabric is cotton. The pattern of it is striped. It has a v-shape neckline. This lady wears a long t,Mixed Fabrics,caption_keyword,0.5,NOISY
C:\Users\sama\OneDrive\Desktop\naishtex\Textile\Backend\data\processed\material_deepfashion\Mixed Fabrics\WOMEN-Blouses_Shirts-id_00000539-02_1_front.jpg,deepfashion,This female wears a long-sleeve sweater with pure color patterns. The sweater is with cotton fabric. The trousers this female wears is of three-quarte,Mixed Fabrics,caption_keyword,0.5,NOISY
C:\Users\sama\OneDrive\Desktop\naishtex\Textile\Backend\data\processed\material_deepfashion\Mixed Fabrics\WOMEN-Cardigans-id_00002620-02_4_full.jpg,deepfashion,The sweater this female wears has long sleeves and it is with cotton fabric and other patterns. The neckline of the sweater is crew. This female wears,Mixed Fabrics,caption_keyword,0.5,NOISY
C:\Users\sama\OneDrive\Desktop\naishtex\Textile\Backend\data\processed\material_deepfashion\Mixed Fabrics\WOMEN-Tees_Tanks-id_00002969-08_2_side.jpg,deepfashion,"Her tank top has no sleeves, cotton fabric and solid color patterns. The person wears a three-point shorts. The shorts are with denim fabric and solid",Mixed Fabrics,caption_keyword,0.5,NOISY
C:\Users\sama\OneDrive\Desktop\naishtex\Textile\Backend\data\processed\material_deepfashion\Mixed Fabrics\WOMEN-Tees_Tanks-id_00003801-05_7_additional.jpg,deepfashion,The lady is wearing a long-sleeve shirt with pure color patterns. The shirt is with cotton fabric and its neckline is crew. The lady wears a long pant,Mixed Fabrics,caption_keyword,0.5,NOISY
C:\Users\sama\OneDrive\Desktop\naishtex\Textile\Backend\data\processed\material_deepfashion\Mixed Fabrics\WOMEN-Tees_Tanks-id_00007779-09_1_front.jpg,deepfashion,"Her shirt has short sleeves, cotton fabric and solid color patterns. The neckline of it is crew. The person wears a three-point pants. The pants are w",Mixed Fabrics,caption_keyword,0.5,NOISY
C:\Users\sama\OneDrive\Desktop\naishtex\Textile\Backend\data\processed\material_deepfashion\Mixed Fabrics\WOMEN-Graphic_Tees-id_00003094-01_1_front.jpg,deepfashion,This female is wearing a sleeveless tank top with graphic patterns. The tank top is with cotton fabric and its neckline is crew. The shorts this femal,Mixed Fabrics,caption_keyword,0.5,NOISY
C:\Users\sama\OneDrive\Desktop\naishtex\Textile\Backend\data\processed\material_deepfashion\Mixed Fabrics\WOMEN-Cardigans-id_00001627-06_7_additional.jpg,deepfashion,The lady wears a long-sleeve sweater with solid color patterns. The sweater is with cotton fabric. It has a round neckline. The lady wears a long trou,Mixed Fabrics,caption_keyword,0.5,NOISY
C:\Users\sama\OneDrive\Desktop\naishtex\Textile\Backend\data\processed\material_deepfashion\Mixed Fabrics\WOMEN-Tees_Tanks-id_00004826-01_1_front.jpg,deepfashion,The lady is wearing a tank tank top with graphic patterns and a three-point shorts. The tank top is with cotton fabric. The neckline of the tank top i,Mixed Fabrics,caption_keyword,0.5,NOISY
C:\Users\sama\OneDrive\Desktop\naishtex\Textile\Backend\data\processed\material_deepfashion\Mixed Fabrics\WOMEN-Blouses_Shirts-id_00001530-01_4_full.jpg,deepfashion,This female wears a sleeveless tank top with solid color patterns. The tank top is with cotton fabric. It has a round neckline. This female wears a th,Mixed Fabrics,caption_keyword,0.5,NOISY
C:\Users\sama\OneDrive\Desktop\naishtex\Textile\Backend\data\processed\material_deepfashion\Mixed Fabrics\WOMEN-Sweaters-id_00000862-04_1_front.jpg,deepfashion,The female wears a long-sleeve shirt with solid color patterns. The shirt is with cotton fabric. It has a round neckline. The female wears a three-poi,Mixed Fabrics,caption_keyword,0.5,NOISY
C:\Users\sama\OneDrive\Desktop\naishtex\Textile\Backend\data\processed\material_deepfashion\Mixed Fabrics\WOMEN-Blouses_Shirts-id_00001898-01_4_full.jpg,deepfashion,This woman is wearing a long-sleeve sweater with plaid patterns. The sweater is with cotton fabric. It has a stand neckline. The pants this woman wear,Mixed Fabrics,caption_keyword,0.5,NOISY
C:\Users\sama\OneDrive\Desktop\naishtex\Textile\Backend\data\processed\material_deepfashion\Mixed Fabrics\WOMEN-Tees_Tanks-id_00005085-31_4_full.jpg,deepfashion,The female is wearing a long-sleeve shirt with solid color patterns. The shirt is with cotton fabric and its neckline is v-shape. The trousers the fem,Mixed Fabrics,caption_keyword,0.5,NOISY
C:\Users\sama\OneDrive\Desktop\naishtex\Textile\Backend\data\processed\material_deepfashion\Mixed Fabrics\WOMEN-Tees_Tanks-id_00002988-02_2_side.jpg,deepfashion,"The tank top the lady wears has sleeves cut off and its fabric is cotton. The pattern of it is graphic. The lady wears a three-point pants, with denim",Mixed Fabrics,caption_keyword,0.5,NOISY
C:\Users\sama\OneDrive\Desktop\naishtex\Textile\Backend\data\processed\material_deepfashion\Mixed Fabrics\WOMEN-Tees_Tanks-id_00004120-06_7_additional.jpg,deepfashion,The tank top this woman wears has no sleeves and it is with cotton fabric and solid color patterns. The neckline of the tank top is crew. This woman w,Mixed Fabrics,caption_keyword,0.5,NOISY
C:\Users\sama\OneDrive\Desktop\naishtex\Textile\Backend\data\processed\material_deepfashion\Mixed Fabrics\WOMEN-Tees_Tanks-id_00006943-12_2_side.jpg,deepfashion,This female wears a tank tank top with solid color patterns. The tank top is with cotton fabric. The shorts this female wears is of three-point length,Mixed Fabrics,caption_keyword,0.5,NOISY
C:\Users\sama\OneDrive\Desktop\naishtex\Textile\Backend\data\processed\material_deepfashion\Mixed Fabrics\WOMEN-Blouses_Shirts-id_00001969-01_4_full.jpg,deepfashion,The lady is wearing a long-sleeve sweater with graphic patterns and a long trousers. The sweater is with cotton fabric and its neckline is round. The ,Mixed Fabrics,caption_keyword,0.5,NOISY
C:\Users\sama\OneDrive\Desktop\naishtex\Textile\Backend\data\processed\material_deepfashion\Mixed Fabrics\WOMEN-Sweaters-id_00003285-03_7_additional.jpg,deepfashion,The person is wearing a long-sleeve shirt with graphic patterns. The shirt is with knitting fabric and its neckline is crew. The pants the person wear,Mixed Fabrics,caption_keyword,0.5,NOISY
C:\Users\sama\OneDrive\Desktop\naishtex\Textile\Backend\data\processed\material_deepfashion\Mixed Fabrics\WOMEN-Blouses_Shirts-id_00004766-02_1_front.jpg,deepfashion,"The upper clothing has no sleeves, cotton fabric and pure color patterns. The neckline of it is v-shape. The lower clothing is of three-point length. ",Mixed Fabrics,caption_keyword,0.5,NOISY
C:\Users\sama\OneDrive\Desktop\naishtex\Textile\Backend\data\processed\material_deepfashion\Mixed Fabrics\WOMEN-Tees_Tanks-id_00003943-04_1_front.jpg,deepfashion,"The tank shirt this person wears has sleeves cut off, its fabric is cotton, and it has solid color patterns. The tank shirt has a suspenders neckline.",Mixed Fabrics,caption_keyword,0.5,NOISY
C:\Users\sama\OneDrive\Desktop\naishtex\Textile\Backend\data\processed\material_deepfashion\Mixed Fabrics\WOMEN-Graphic_Tees-id_00005911-01_4_full.jpg,deepfashion,This lady is wearing a short-sleeve T-shirt with graphic patterns. The T-shirt is with cotton fabric and its neckline is crew. This lady wears a long ,Mixed Fabrics,caption_keyword,0.5,NOISY
C:\Users\sama\OneDrive\Desktop\naishtex\Textile\Backend\data\processed\material_deepfashion\Mixed Fabrics\WOMEN-Tees_Tanks-id_00007542-06_1_front.jpg,deepfashion,The lady is wearing a long-sleeve sweater with color block patterns. The sweater is with cotton fabric. It has a crew neckline. The shorts the lady we,Mixed Fabrics,caption_keyword,0.5,NOISY
C:\Users\sama\OneDrive\Desktop\naishtex\Textile\Backend\data\processed\material_deepfashion\Mixed Fabrics\MEN-Sweaters-id_00003692-06_4_full.jpg,deepfashion,"The upper clothing has long sleeves, cotton fabric and solid color patterns. The neckline of it is lapel. The lower clothing is of long length. The fa",Mixed Fabrics,caption_keyword,0.5,NOISY
C:\Users\sama\OneDrive\Desktop\naishtex\Textile\Backend\data\processed\material_deepfashion\Mixed Fabrics\MEN-Tees_Tanks-id_00004117-01_4_full.jpg,deepfashion,This person wears a short-sleeve T-shirt with pure color patterns and a long trousers. The T-shirt is with cotton fabric and its neckline is v-shape. ,Mixed Fabrics,caption_keyword,0.5,NOISY
C:\Users\sama\OneDrive\Desktop\naishtex\Textile\Backend\data\processed\material_deepfashion\Mixed Fabrics\WOMEN-Jackets_Coats-id_00002666-01_4_full.jpg,deepfashion,This person is wearing a sleeveless tank shirt with pure color patterns and a long pants. The tank shirt is with cotton fabric. The neckline of the ta,Mixed Fabrics,caption_keyword,0.5,NOISY
C:\Users\sama\OneDrive\Desktop\naishtex\Textile\Backend\data\processed\material_deepfashion\Mixed Fabrics\WOMEN-Tees_Tanks-id_00005633-04_3_back.jpg,deepfashion,This female wears a tank tank shirt with graphic patterns. The tank shirt is with cotton fabric. The shorts this female wears is of three-point length,Mixed Fabrics,caption_keyword,0.5,NOISY
C:\Users\sama\OneDrive\Desktop\naishtex\Textile\Backend\data\processed\material_deepfashion\Mixed Fabrics\MEN-Tees_Tanks-id_00007966-01_4_full.jpg,deepfashion,The T-shirt this man wears has short sleeves and it is with cotton fabric and graphic patterns. The neckline of the T-shirt is round. This man wears a,Mixed Fabrics,caption_keyword,0.5,NOISY
C:\Users\sama\OneDrive\Desktop\naishtex\Textile\Backend\data\processed\material_deepfashion\Mixed Fabrics\WOMEN-Graphic_Tees-id_00004417-01_4_full.jpg,deepfashion,The lady is wearing a short-sleeve T-shirt with graphic patterns and a long pants. The T-shirt is with cotton fabric and its neckline is crew. The pan,Mixed Fabrics,caption_keyword,0.5,NOISY
C:\Users\sama\OneDrive\Desktop\naishtex\Textile\Backend\data\processed\material_deepfashion\Mixed Fabrics\WOMEN-Leggings-id_00004722-01_3_back.jpg,deepfashion,The lady wears a long-sleeve shirt with lattice patterns and a long trousers. The shirt is with cotton fabric. The trousers are with denim fabric and ,Mixed Fabrics,caption_keyword,0.5,NOISY
C:\Users\sama\OneDrive\Desktop\naishtex\Textile\Backend\data\processed\material_deepfashion\Mixed Fabrics\WOMEN-Rompers_Jumpsuits-id_00007341-03_3_back.jpg,deepfashion,"The shirt the female wears has short sleeves, its fabric is cotton, and it has lattice patterns. The female wears a three-point shorts, with denim fab",Mixed Fabrics,caption_keyword,0.5,NOISY
C:\Users\sama\OneDrive\Desktop\naishtex\Textile\Backend\data\processed\material_deepfashion\Mixed Fabrics\WOMEN-Sweaters-id_00000342-06_7_additional.jpg,deepfashion,"Her sweater has long sleeves, cotton fabric and pure color patterns. It has a crew neckline. The lady wears a three-point shorts. The shorts are with ",Mixed Fabrics,caption_keyword,0.5,NOISY
C:\Users\sama\OneDrive\Desktop\naishtex\Textile\Backend\data\processed\material_deepfashion\Mixed Fabrics\WOMEN-Blouses_Shirts-id_00004183-01_4_full.jpg,deepfashion,The lady wears a long-sleeve shirt with graphic patterns and long pants. The shirt is with cotton fabric and it has a v-shape neckline. The pants are ,Mixed Fabrics,caption_keyword,0.5,NOISY
C:\Users\sama\OneDrive\Desktop\naishtex\Textile\Backend\data\processed\material_deepfashion\Mixed Fabrics\WOMEN-Cardigans-id_00005365-04_1_front.jpg,deepfashion,The lady is wearing a medium-sleeve shirt with solid color patterns. The shirt is with cotton fabric. It has a crew neckline. The shorts the lady wear,Mixed Fabrics,caption_keyword,0.5,NOISY
C:\Users\sama\OneDrive\Desktop\naishtex\Textile\Backend\data\processed\material_deepfashion\Mixed Fabrics\WOMEN-Tees_Tanks-id_00001212-08_1_front.jpg,deepfashion,The female is wearing a sleeveless tank top with solid color patterns. The tank top is with cotton fabric. The shorts the female wears is of three-poi,Mixed Fabrics,caption_keyword,0.5,NOISY
C:\Users\sama\OneDrive\Desktop\naishtex\Textile\Backend\data\processed\material_deepfashion\Mixed Fabrics\WOMEN-Shorts-id_00006120-03_4_full.jpg,deepfashion,The lady is wearing a sleeveless tank shirt with stripe patterns. The tank shirt is with cotton fabric and its neckline is suspenders. The pants the l,Mixed Fabrics,caption_keyword,0.5,NOISY
C:\Users\sama\OneDrive\Desktop\naishtex\Textile\Backend\data\processed\material_deepfashion\Mixed Fabrics\WOMEN-Tees_Tanks-id_00001820-02_7_additional.jpg,deepfashion,This female wears a tank tank shirt with graphic patterns and a three-point shorts. The tank shirt is with cotton fabric and its neckline is suspender,Mixed Fabrics,caption_keyword,0.5,NOISY
C:\Users\sama\OneDrive\Desktop\naishtex\Textile\Backend\data\processed\material_deepfashion\Mixed Fabrics\WOMEN-Tees_Tanks-id_00003767-05_4_full.jpg,deepfashion,"The tank top this person wears has sleeves cut off, its fabric is cotton, and it has graphic patterns. The tank top has a stand neckline. This person ",Mixed Fabrics,caption_keyword,0.5,NOISY
C:\Users\sama\OneDrive\Desktop\naishtex\Textile\Backend\data\processed\material_deepfashion\Mixed Fabrics\WOMEN-Tees_Tanks-id_00005610-04_1_front.jpg,deepfashion,"The upper clothing has no sleeves, cotton fabric and graphic patterns. The neckline of it is suspenders. The lower clothing is of three-point length. ",Mixed Fabrics,caption_keyword,0.5,NOISY
C:\Users\sama\OneDrive\Desktop\naishtex\Textile\Backend\data\processed\material_deepfashion\Mixed Fabrics\WOMEN-Blouses_Shirts-id_00005478-04_4_full.jpg,deepfashion,The lady wears a medium-sleeve shirt with stripe patterns and long pants. The shirt is with cotton fabric and it has a lapel neckline. The pants are w,Mixed Fabrics,caption_keyword,0.5,NOISY
C:\Users\sama\OneDrive\Desktop\naishtex\Textile\Backend\data\processed\material_deepfashion\Mixed Fabrics\WOMEN-Blouses_Shirts-id_00004881-02_4_full.jpg,deepfashion,"Her tank top has no sleeves, cotton fabric and pure color patterns. The neckline of it is round. The shorts this woman wears is of three-point length.",Mixed Fabrics,caption_keyword,0.5,NOISY
C:\Users\sama\OneDrive\Desktop\naishtex\Textile\Backend\data\processed\material_deepfashion\Mixed Fabrics\WOMEN-Blouses_Shirts-id_00005180-02_7_additional.jpg,deepfashion,The person is wearing a sleeveless tank shirt with graphic patterns and a three-point shorts. The tank shirt is with cotton fabric. The shorts are wit,Mixed Fabrics,caption_keyword,0.5,NOISY
C:\Users\sama\OneDrive\Desktop\naishtex\Textile\Backend\data\processed\material_deepfashion\Mixed Fabrics\WOMEN-Blouses_Shirts-id_00001078-01_7_additional.jpg,deepfashion,"The shirt the female wears has medium sleeves, its fabric is cotton, and it has graphic patterns. The shirt has a crew neckline. The female wears a lo",Mixed Fabrics,caption_keyword,0.5,NOISY
C:\Users\sama\OneDrive\Desktop\naishtex\Textile\Backend\data\processed\material_deepfashion\Mixed Fabrics\WOMEN-Tees_Tanks-id_00002678-51_7_additional.jpg,deepfashion,"The shirt this woman wears has short sleeves and its fabric is cotton. The pattern of it is solid color. This woman wears a three-point pants, with de",Mixed Fabrics,caption_keyword,0.5,NOISY
C:\Users\sama\OneDrive\Desktop\naishtex\Textile\Backend\data\processed\material_deepfashion\Mixed Fabrics\WOMEN-Tees_Tanks-id_00006932-03_1_front.jpg,deepfashion,The tank top this person wears has sleeves cut off and its fabric is cotton. The pattern of it is stripe. It has a suspenders neckline. This person we,Mixed Fabrics,caption_keyword,0.5,NOISY
C:\Users\sama\OneDrive\Desktop\naishtex\Textile\Backend\data\processed\material_deepfashion\Mixed Fabrics\WOMEN-Shorts-id_00001354-02_1_front.jpg,deepfashion,"Her tank top has no sleeves, cotton fabric and solid color patterns. It has a stand neckline. The pants this woman wears is of three-point length. The",Mixed Fabrics,caption_keyword,0.5,NOISY
C:\Users\sama\OneDrive\Desktop\naishtex\Textile\Backend\data\processed\material_deepfashion\Mixed Fabrics\WOMEN-Tees_Tanks-id_00002831-02_1_front.jpg,deepfashion,The female wears a short-sleeve T-shirt with graphic patterns and a three-point pants. The T-shirt is with cotton fabric and its neckline is round. Th,Mixed Fabrics,caption_keyword,0.5,NOISY
C:\Users\sama\OneDrive\Desktop\naishtex\Textile\Backend\data\processed\material_deepfashion\Mixed Fabrics\WOMEN-Tees_Tanks-id_00003790-05_4_full.jpg,deepfashion,The tank shirt the lady wears has sleeves cut off and it is with cotton fabric and pure color patterns. The neckline of the tank shirt is crew. The la,Mixed Fabrics,caption_keyword,0.5,NOISY
C:\Users\sama\OneDrive\Desktop\naishtex\Textile\Backend\data\processed\material_deepfashion\Mixed Fabrics\WOMEN-Cardigans-id_00004490-01_2_side.jpg,deepfashion,The T-shirt this woman wears has short sleeves and its fabric is cotton. The pattern of it is solid color. It has a round neckline. This woman wears a,Mixed Fabrics,caption_keyword,0.5,NOISY
C:\Users\sama\OneDrive\Desktop\naishtex\Textile\Backend\data\processed\material_deepfashion\Mixed Fabrics\WOMEN-Tees_Tanks-id_00000363-02_2_side.jpg,deepfashion,This person wears a long-sleeve sweater with graphic patterns and three-point shorts. The sweater is with cotton fabric and it has a crew neckline. Th,Mixed Fabrics,caption_keyword,0.5,NOISY
C:\Users\sama\OneDrive\Desktop\naishtex\Textile\Backend\data\processed\material_deepfashion\Mixed Fabrics\WOMEN-Tees_Tanks-id_00007691-01_2_side.jpg,deepfashion,The female wears a short-sleeve shirt with solid color patterns and a three-point pants. The shirt is with cotton fabric. The neckline of the shirt is,Mixed Fabrics,caption_keyword,0.5,NOISY
C:\Users\sama\OneDrive\Desktop\naishtex\Textile\Backend\data\processed\material_deepfashion\Mixed Fabrics\WOMEN-Tees_Tanks-id_00002162-33_4_full.jpg,deepfashion,The lady wears a tank tank shirt with pure color patterns. The tank shirt is with cotton fabric. It has a suspenders neckline. The trousers the lady w,Mixed Fabrics,caption_keyword,0.5,NOISY
C:\Users\sama\OneDrive\Desktop\naishtex\Textile\Backend\data\processed\material_deepfashion\Mixed Fabrics\WOMEN-Blouses_Shirts-id_00004067-01_7_additional.jpg,deepfashion,The sweater the female wears has long sleeves and its fabric is cotton. The pattern of it is plaid. It has a lapel neckline. The female wears a long p,Mixed Fabrics,caption_keyword,0.5,NOISY
C:\Users\sama\OneDrive\Desktop\naishtex\Textile\Backend\data\processed\material_deepfashion\Mixed Fabrics\WOMEN-Cardigans-id_00002121-30_7_additional.jpg,deepfashion,This person wears a long-sleeve sweater with pure color patterns. The sweater is with cotton fabric. It has a crew neckline. The trousers this person ,Mixed Fabrics,caption_keyword,0.5,NOISY
C:\Users\sama\OneDrive\Desktop\naishtex\Textile\Backend\data\processed\material_deepfashion\Mixed Fabrics\WOMEN-Sweatshirts_Hoodies-id_00001249-02_3_back.jpg,deepfashion,The female wears a long-sleeve shirt with other patterns. The shirt is with mixed fabric. The female wears a three-point pants. The pants are with den,Mixed Fabrics,caption_keyword,0.5,NOISY
C:\Users\sama\OneDrive\Desktop\naishtex\Textile\Backend\data\processed\material_deepfashion\Mixed Fabrics\WOMEN-Tees_Tanks-id_00003119-01_1_front.jpg,deepfashion,"The upper clothing has medium sleeves, cotton fabric and pure color patterns. The neckline of it is crew. The lower clothing is of three-point length.",Mixed Fabrics,caption_keyword,0.5,NOISY
C:\Users\sama\OneDrive\Desktop\naishtex\Textile\Backend\data\processed\material_deepfashion\Mixed Fabrics\WOMEN-Denim-id_00000152-03_1_front.jpg,deepfashion,"The upper clothing has short sleeves, cotton fabric and solid color patterns. The neckline of it is crew. The lower clothing is of three-quarter lengt",Mixed Fabrics,caption_keyword,0.5,NOISY
C:\Users\sama\OneDrive\Desktop\naishtex\Textile\Backend\data\processed\material_deepfashion\Mixed Fabrics\WOMEN-Sweatshirts_Hoodies-id_00000775-03_7_additional.jpg,deepfashion,This lady wears a long-sleeve sweater with other patterns and a long trousers. The sweater is with cotton fabric and its neckline is round. The trouse,Mixed Fabrics,caption_keyword,0.5,NOISY
C:\Users\sama\OneDrive\Desktop\naishtex\Textile\Backend\data\processed\material_deepfashion\Mixed Fabrics\WOMEN-Denim-id_00000360-04_7_additional.jpg,deepfashion,"The upper clothing has long sleeves, cotton fabric and plaid patterns. The lower clothing is of long length. The fabric is denim and it has solid colo",Mixed Fabrics,caption_keyword,0.5,NOISY
C:\Users\sama\OneDrive\Desktop\naishtex\Textile\Backend\data\processed\material_deepfashion\Mixed Fabrics\WOMEN-Tees_Tanks-id_00003523-39_3_back.jpg,deepfashion,"The T-shirt this woman wears has short sleeves and its fabric is cotton. The pattern of it is solid color. This woman wears a three-point pants, with ",Mixed Fabrics,caption_keyword,0.5,NOISY
C:\Users\sama\OneDrive\Desktop\naishtex\Textile\Backend\data\processed\material_deepfashion\Mixed Fabrics\MEN-Jackets_Vests-id_00003336-05_7_additional.jpg,deepfashion,The gentleman is wearing a long-sleeve shirt with solid color patterns. The shirt is with cotton fabric and its neckline is crew. The trousers the gen,Mixed Fabrics,caption_keyword,0.5,NOISY
C:\Users\sama\OneDrive\Desktop\naishtex\Textile\Backend\data\processed\material_deepfashion\Mixed Fabrics\WOMEN-Tees_Tanks-id_00007476-03_1_front.jpg,deepfashion,This female wears a sleeveless tank shirt with complicated patterns and a three-point shorts. The tank shirt is with cotton fabric. The shorts are wit,Mixed Fabrics,caption_keyword,0.5,NOISY
C:\Users\sama\OneDrive\Desktop\naishtex\Textile\Backend\data\processed\material_deepfashion\Mixed Fabrics\WOMEN-Tees_Tanks-id_00005716-05_4_full.jpg,deepfashion,"The tank top the female wears has no sleeves, its fabric is cotton, and it has pure color patterns. The female wears a three-point shorts, with denim ",Mixed Fabrics,caption_keyword,0.5,NOISY
C:\Users\sama\OneDrive\Desktop\naishtex\Textile\Backend\data\processed\material_deepfashion\Mixed Fabrics\WOMEN-Sweatshirts_Hoodies-id_00002080-01_4_full.jpg,deepfashion,"Her shirt has long sleeves, cotton fabric and graphic patterns. The neckline of it is round. The trousers this lady wears is of long length. The trous",Mixed Fabrics,caption_keyword,0.5,NOISY
C:\Users\sama\OneDrive\Desktop\naishtex\Textile\Backend\data\processed\material_deepfashion\Mixed Fabrics\WOMEN-Tees_Tanks-id_00007491-02_7_additional.jpg,deepfashion,The person wears a short-sleeve shirt with floral patterns and a three-point shorts. The shirt is with cotton fabric and its neckline is crew. The sho,Mixed Fabrics,caption_keyword,0.5,NOISY
C:\Users\sama\OneDrive\Desktop\naishtex\Textile\Backend\data\processed\material_deepfashion\Mixed Fabrics\WOMEN-Graphic_Tees-id_00003094-01_3_back.jpg,deepfashion,"The tank shirt the female wears has no sleeves, its fabric is cotton, and it has graphic patterns. The female wears a three-point shorts, with denim f",Mixed Fabrics,caption_keyword,0.5,NOISY
C:\Users\sama\OneDrive\Desktop\naishtex\Textile\Backend\data\processed\material_deepfashion\Mixed Fabrics\WOMEN-Tees_Tanks-id_00003682-03_7_additional.jpg,deepfashion,"The upper clothing has sleeves cut off, cotton fabric and pure color patterns. The neckline of it is suspenders. The lower clothing is of three-point ",Mixed Fabrics,caption_keyword,0.5,NOISY
C:\Users\sama\OneDrive\Desktop\naishtex\Textile\Backend\data\processed\material_deepfashion\Mixed Fabrics\WOMEN-Tees_Tanks-id_00001384-04_7_additional.jpg,deepfashion,"Her shirt has long sleeves, cotton fabric and pure color patterns. It has a suspenders neckline. The pants this woman wears is of long length. The pan",Mixed Fabrics,caption_keyword,0.5,NOISY
C:\Users\sama\OneDrive\Desktop\naishtex\Textile\Backend\data\processed\material_deepfashion\Mixed Fabrics\WOMEN-Blouses_Shirts-id_00004604-04_3_back.jpg,deepfashion,"Her T-shirt has short sleeves, cotton fabric and floral patterns. This female wears a three-point shorts. The shorts are with denim fabric and solid c",Mixed Fabrics,caption_keyword,0.5,NOISY
C:\Users\sama\OneDrive\Desktop\naishtex\Textile\Backend\data\processed\material_deepfashion\Mixed Fabrics\WOMEN-Blouses_Shirts-id_00000890-02_1_front.jpg,deepfashion,The person is wearing a tank tank shirt with graphic patterns. The tank shirt is with cotton fabric. It has a round neckline. The person wears a three,Mixed Fabrics,caption_keyword,0.5,NOISY
C:\Users\sama\OneDrive\Desktop\naishtex\Textile\Backend\data\processed\material_deepfashion\Mixed Fabrics\WOMEN-Sweaters-id_00002693-04_4_full.jpg,deepfashion,The female wears a long-sleeve shirt with complicated patterns and a long trousers. The shirt is with cotton fabric and its neckline is round. The tro,Mixed Fabrics,caption_keyword,0.5,NOISY
C:\Users\sama\OneDrive\Desktop\naishtex\Textile\Backend\data\processed\material_deepfashion\Mixed Fabrics\WOMEN-Jackets_Coats-id_00007187-02_1_front.jpg,deepfashion,"Her tank top has sleeves cut off, cotton fabric and pure color patterns. It has a crew neckline. The shorts this lady wears is of three-point length. ",Mixed Fabrics,caption_keyword,0.5,NOISY
C:\Users\sama\OneDrive\Desktop\naishtex\Textile\Backend\data\processed\material_deepfashion\Mixed Fabrics\WOMEN-Tees_Tanks-id_00002201-01_7_additional.jpg,deepfashion,This lady is wearing a sleeveless tank top with pure color patterns and a long pants. The tank top is with cotton fabric. The neckline of the tank top,Mixed Fabrics,caption_keyword,0.5,NOISY
C:\Users\sama\OneDrive\Desktop\naishtex\Textile\Backend\data\processed\material_deepfashion\Mixed Fabrics\WOMEN-Graphic_Tees-id_00005871-01_2_side.jpg,deepfashion,The female is wearing a sleeveless tank top with graphic patterns. The tank top is with cotton fabric. The female wears a three-point pants. The pants,Mixed Fabrics,caption_keyword,0.5,NOISY
C:\Users\sama\OneDrive\Desktop\naishtex\Textile\Backend\data\processed\material_deepfashion\Mixed Fabrics\WOMEN-Tees_Tanks-id_00003160-04_4_full.jpg,deepfashion,The person is wearing a medium-sleeve shirt with pure color patterns. The shirt is with cotton fabric and its neckline is crew. The person wears a lon,Mixed Fabrics,caption_keyword,0.5,NOISY
C:\Users\sama\OneDrive\Desktop\naishtex\Textile\Backend\data\processed\material_deepfashion\Mixed Fabrics\WOMEN-Skirts-id_00001376-01_1_front.jpg,deepfashion,The female is wearing a sleeveless tank top with solid color patterns. The tank top is with cotton fabric and its neckline is suspenders. The skirt th,Mixed Fabrics,caption_keyword,0.5,NOISY
C:\Users\sama\OneDrive\Desktop\naishtex\Textile\Backend\data\processed\material_deepfashion\Mixed Fabrics\WOMEN-Tees_Tanks-id_00003915-03_2_side.jpg,deepfashion,The person wears a sleeveless tank shirt with graphic patterns. The tank shirt is with cotton fabric. It has a suspenders neckline. The shorts the per,Mixed Fabrics,caption_keyword,0.5,NOISY
C:\Users\sama\OneDrive\Desktop\naishtex\Textile\Backend\data\processed\material_deepfashion\Mixed Fabrics\WOMEN-Cardigans-id_00007012-03_4_full.jpg,deepfashion,The person wears a long-sleeve shirt with pure color patterns. The shirt is with cotton fabric. It has a v-shape neckline. The pants the person wears ,Mixed Fabrics,caption_keyword,0.5,NOISY
C:\Users\sama\OneDrive\Desktop\naishtex\Textile\Backend\data\processed\material_deepfashion\Mixed Fabrics\WOMEN-Sweaters-id_00006737-02_1_front.jpg,deepfashion,This lady is wearing a long-sleeve sweater with graphic patterns. The sweater is with cotton fabric. It has a crew neckline. The pants this lady wears,Mixed Fabrics,caption_keyword,0.5,NOISY
C:\Users\sama\OneDrive\Desktop\naishtex\Textile\Backend\data\processed\material_deepfashion\Mixed Fabrics\WOMEN-Tees_Tanks-id_00006507-02_3_back.jpg,deepfashion,"The tank top this person wears has no sleeves, its fabric is cotton, and it has pure color patterns. The tank top has a crew neckline. This person wea",Mixed Fabrics,caption_keyword,0.5,NOISY
C:\Users\sama\OneDrive\Desktop\naishtex\Textile\Backend\data\processed\material_deepfashion\Mixed Fabrics\WOMEN-Graphic_Tees-id_00006270-01_1_front.jpg,deepfashion,"The shirt this female wears has short sleeves, its fabric is cotton, and it has graphic patterns. The shirt has a round neckline. This female wears a ",Mixed Fabrics,caption_keyword,0.5,NOISY
C:\Users\sama\OneDrive\Desktop\naishtex\Textile\Backend\data\processed\material_deepfashion\Mixed Fabrics\WOMEN-Blouses_Shirts-id_00006577-03_2_side.jpg,deepfashion,"Her tank shirt has sleeves cut off, cotton fabric and graphic patterns. This person wears a three-point pants. The pants are with denim fabric and pur",Mixed Fabrics,caption_keyword,0.5,NOISY
C:\Users\sama\OneDrive\Desktop\naishtex\Textile\Backend\data\processed\material_deepfashion\Mixed Fabrics\WOMEN-Shorts-id_00001692-01_1_front.jpg,deepfashion,This woman is wearing a sleeveless tank shirt with graphic patterns. The tank shirt is with cotton fabric. It has a crew neckline. The shorts this wom,Mixed Fabrics,caption_keyword,0.5,NOISY
C:\Users\sama\OneDrive\Desktop\naishtex\Textile\Backend\data\processed\material_deepfashion\Mixed Fabrics\WOMEN-Tees_Tanks-id_00006616-03_4_full.jpg,deepfashion,"The upper clothing has sleeves cut off, cotton fabric and other patterns. The neckline of it is round. The lower clothing is of three-point length. Th",Mixed Fabrics,caption_keyword,0.5,NOISY
C:\Users\sama\OneDrive\Desktop\naishtex\Textile\Backend\data\processed\material_deepfashion\Mixed Fabrics\WOMEN-Tees_Tanks-id_00000061-06_1_front.jpg,deepfashion,This woman is wearing a short-sleeve shirt with graphic patterns. The shirt is with cotton fabric. It has a crew neckline. The shorts this woman wears,Mixed Fabrics,caption_keyword,0.5,NOISY
C:\Users\sama\OneDrive\Desktop\naishtex\Textile\Backend\data\processed\material_deepfashion\Mixed Fabrics\WOMEN-Blouses_Shirts-id_00002113-02_3_back.jpg,deepfashion,This woman is wearing a sleeveless tank top with solid color patterns. The tank top is with cotton fabric. This woman wears a three-point shorts. The ,Mixed Fabrics,caption_keyword,0.5,NOISY
C:\Users\sama\OneDrive\Desktop\naishtex\Textile\Backend\data\processed\material_deepfashion\Mixed Fabrics\WOMEN-Cardigans-id_00003492-04_7_additional.jpg,deepfashion,This lady wears a long-sleeve shirt with pure color patterns. The shirt is with cotton fabric. It has a crew neckline. The trousers this lady wears is,Mixed Fabrics,caption_keyword,0.5,NOISY
C:\Users\sama\OneDrive\Desktop\naishtex\Textile\Backend\data\processed\material_deepfashion\Mixed Fabrics\WOMEN-Shorts-id_00001081-02_4_full.jpg,deepfashion,The sweater the lady wears has long sleeves and it is with cotton fabric and solid color patterns. The neckline of the sweater is round. The lady wear,Mixed Fabrics,caption_keyword,0.5,NOISY
C:\Users\sama\OneDrive\Desktop\naishtex\Textile\Backend\data\processed\material_deepfashion\Mixed Fabrics\WOMEN-Tees_Tanks-id_00002010-04_2_side.jpg,deepfashion,"The sweater the person wears has long sleeves and its fabric is cotton. The pattern of it is color block. The person wears a three-point pants, with d",Mixed Fabrics,caption_keyword,0.5,NOISY
C:\Users\sama\OneDrive\Desktop\naishtex\Textile\Backend\data\processed\material_deepfashion\Mixed Fabrics\WOMEN-Leggings-id_00005576-01_7_additional.jpg,deepfashion,The person is wearing a short-sleeve shirt with color block patterns. The shirt is with cotton fabric. It has a crew neckline. The person wears a long,Mixed Fabrics,caption_keyword,0.5,NOISY
C:\Users\sama\OneDrive\Desktop\naishtex\Textile\Backend\data\processed\material_deepfashion\Mixed Fabrics\WOMEN-Tees_Tanks-id_00002094-02_1_front.jpg,deepfashion,The female wears a long-sleeve sweater with floral patterns and a three-point pants. The sweater is with cotton fabric. The neckline of the sweater is,Mixed Fabrics,caption_keyword,0.5,NOISY
C:\Users\sama\OneDrive\Desktop\naishtex\Textile\Backend\data\processed\material_deepfashion\Mixed Fabrics\WOMEN-Graphic_Tees-id_00004978-01_4_full.jpg,deepfashion,"Her shirt has short sleeves, cotton fabric and graphic patterns. It has a crew neckline. The pants the lady wears is of long length. The pants are wit",Mixed Fabrics,caption_keyword,0.5,NOISY
C:\Users\sama\OneDrive\Desktop\naishtex\Textile\Backend\data\processed\material_deepfashion\Mixed Fabrics\WOMEN-Tees_Tanks-id_00004042-05_1_front.jpg,deepfashion,"The tank shirt this woman wears has no sleeves, its fabric is cotton, and it has pure color patterns. This woman wears a three-point pants, with denim",Mixed Fabrics,caption_keyword,0.5,NOISY
C:\Users\sama\OneDrive\Desktop\naishtex\Textile\Backend\data\processed\material_deepfashion\Mixed Fabrics\WOMEN-Graphic_Tees-id_00004854-01_4_full.jpg,deepfashion,This person is wearing a short-sleeve T-shirt with graphic patterns. The T-shirt is with cotton fabric. It has a round neckline. The trousers this per,Mixed Fabrics,caption_keyword,0.5,NOISY
C:\Users\sama\OneDrive\Desktop\naishtex\Textile\Backend\data\processed\material_deepfashion\Mixed Fabrics\MEN-Shirts_Polos-id_00005986-07_4_full.jpg,deepfashion,The gentleman wears a short-sleeve shirt with solid color patterns. The shirt is with cotton fabric. It has a lapel neckline. The trousers the gentlem,Mixed Fabrics,caption_keyword,0.5,NOISY
C:\Users\sama\OneDrive\Desktop\naishtex\Textile\Backend\data\processed\material_deepfashion\Mixed Fabrics\WOMEN-Tees_Tanks-id_00006148-05_1_front.jpg,deepfashion,"Her tank shirt has no sleeves, cotton fabric and solid color patterns. This lady wears a three-point shorts. The shorts are with denim fabric and soli",Mixed Fabrics,caption_keyword,0.5,NOISY
C:\Users\sama\OneDrive\Desktop\naishtex\Textile\Backend\data\processed\material_deepfashion\Mixed Fabrics\WOMEN-Tees_Tanks-id_00003504-06_2_side.jpg,deepfashion,"Her tank shirt has no sleeves, cotton fabric and solid color patterns. It has a suspenders neckline. The lady wears a three-point pants. The pants are",Mixed Fabrics,caption_keyword,0.5,NOISY
C:\Users\sama\OneDrive\Desktop\naishtex\Textile\Backend\data\processed\material_deepfashion\Mixed Fabrics\WOMEN-Shorts-id_00003936-01_1_front.jpg,deepfashion,"The tank shirt this person wears has sleeves cut off, its fabric is cotton, and it has graphic patterns. The tank shirt has a crew neckline. This pers",Mixed Fabrics,caption_keyword,0.5,NOISY
C:\Users\sama\OneDrive\Desktop\naishtex\Textile\Backend\data\processed\material_deepfashion\Mixed Fabrics\WOMEN-Graphic_Tees-id_00000449-01_1_front.jpg,deepfashion,The lady is wearing a short-sleeve T-shirt with graphic patterns. The T-shirt is with cotton fabric. It has a round neckline. The shorts the lady wear,Mixed Fabrics,caption_keyword,0.5,NOISY
C:\Users\sama\OneDrive\Desktop\naishtex\Textile\Backend\data\processed\material_deepfashion\Mixed Fabrics\MEN-Jackets_Vests-id_00000763-01_4_full.jpg,deepfashion,The person is wearing a long-sleeve sweater with solid color patterns. The sweater is with cotton fabric and its neckline is round. The person wears a,Mixed Fabrics,caption_keyword,0.5,NOISY
C:\Users\sama\OneDrive\Desktop\naishtex\Textile\Backend\data\processed\material_deepfashion\Mixed Fabrics\WOMEN-Tees_Tanks-id_00006863-16_4_full.jpg,deepfashion,This lady is wearing a tank tank shirt with solid color patterns. The tank shirt is with cotton fabric and its neckline is suspenders. The pants this ,Mixed Fabrics,caption_keyword,0.5,NOISY
C:\Users\sama\OneDrive\Desktop\naishtex\Textile\Backend\data\processed\material_deepfashion\Mixed Fabrics\WOMEN-Tees_Tanks-id_00003828-04_3_back.jpg,deepfashion,This woman wears a sleeveless tank shirt with graphic patterns and a three-point shorts. The tank shirt is with cotton fabric. The shorts are with den,Mixed Fabrics,caption_keyword,0.5,NOISY
C:\Users\sama\OneDrive\Desktop\naishtex\Textile\Backend\data\processed\material_deepfashion\Mixed Fabrics\WOMEN-Tees_Tanks-id_00005364-05_4_full.jpg,deepfashion,The female wears a long-sleeve shirt with pure color patterns. The shirt is with cotton fabric. It has a crew neckline. The trousers the female wears ,Mixed Fabrics,caption_keyword,0.5,NOISY
C:\Users\sama\OneDrive\Desktop\naishtex\Textile\Backend\data\processed\material_deepfashion\Mixed Fabrics\MEN-Tees_Tanks-id_00004740-08_7_additional.jpg,deepfashion,The guy wears a short-sleeve T-shirt with color block patterns. The T-shirt is with cotton fabric. It has a round neckline. The guy wears a long pants,Mixed Fabrics,caption_keyword,0.5,NOISY
C:\Users\sama\OneDrive\Desktop\naishtex\Textile\Backend\data\processed\material_deepfashion\Mixed Fabrics\WOMEN-Tees_Tanks-id_00007639-04_3_back.jpg,deepfashion,This lady is wearing a short-sleeve T-shirt with solid color patterns and a three-point pants. The T-shirt is with cotton fabric. The pants are with d,Mixed Fabrics,caption_keyword,0.5,NOISY
C:\Users\sama\OneDrive\Desktop\naishtex\Textile\Backend\data\processed\material_deepfashion\Mixed Fabrics\WOMEN-Tees_Tanks-id_00002617-06_1_front.jpg,deepfashion,"Her tank top has sleeves cut off, cotton fabric and pure color patterns. The pants this female wears is of three-point length. The pants are with deni",Mixed Fabrics,caption_keyword,0.5,NOISY
C:\Users\sama\OneDrive\Desktop\naishtex\Textile\Backend\data\processed\material_deepfashion\Mixed Fabrics\WOMEN-Tees_Tanks-id_00004755-02_1_front.jpg,deepfashion,The lady wears a tank tank shirt with graphic patterns and three-point shorts. The tank shirt is with cotton fabric and it has a round neckline. The s,Mixed Fabrics,caption_keyword,0.5,NOISY
C:\Users\sama\OneDrive\Desktop\naishtex\Textile\Backend\data\processed\material_deepfashion\Mixed Fabrics\WOMEN-Tees_Tanks-id_00000340-01_4_full.jpg,deepfashion,This lady is wearing a long-sleeve shirt with graphic patterns. The shirt is with cotton fabric. It has a round neckline. The trousers this lady wears,Mixed Fabrics,caption_keyword,0.5,NOISY
C:\Users\sama\OneDrive\Desktop\naishtex\Textile\Backend\data\processed\material_deepfashion\Mixed Fabrics\WOMEN-Tees_Tanks-id_00006240-01_4_full.jpg,deepfashion,This female is wearing a short-sleeve T-shirt with striped patterns and a short shorts. The T-shirt is with cotton fabric and its neckline is round. T,Mixed Fabrics,caption_keyword,0.5,NOISY
C:\Users\sama\OneDrive\Desktop\naishtex\Textile\Backend\data\processed\material_deepfashion\Mixed Fabrics\WOMEN-Tees_Tanks-id_00007542-07_4_full.jpg,deepfashion,"Her sweater has long sleeves, cotton fabric and color block patterns. The neckline of it is crew. The pants the person wears is of three-point length.",Mixed Fabrics,caption_keyword,0.5,NOISY
C:\Users\sama\OneDrive\Desktop\naishtex\Textile\Backend\data\processed\material_deepfashion\Mixed Fabrics\WOMEN-Tees_Tanks-id_00007542-05_1_front.jpg,deepfashion,The female wears a long-sleeve sweater with color block patterns and a three-point pants. The sweater is with cotton fabric. The neckline of the sweat,Mixed Fabrics,caption_keyword,0.5,NOISY
C:\Users\sama\OneDrive\Desktop\naishtex\Textile\Backend\data\processed\material_deepfashion\Mixed Fabrics\WOMEN-Graphic_Tees-id_00003024-01_4_full.jpg,deepfashion,"The tank shirt this female wears has sleeves cut off, its fabric is cotton, and it has graphic patterns. The tank shirt has a round neckline. This fem",Mixed Fabrics,caption_keyword,0.5,NOISY
C:\Users\sama\OneDrive\Desktop\naishtex\Textile\Backend\data\processed\material_deepfashion\Mixed Fabrics\WOMEN-Tees_Tanks-id_00005702-06_4_full.jpg,deepfashion,This lady wears a tank tank top with pure color patterns and a three-point pants. The tank top is with cotton fabric. The pants are with denim fabric ,Mixed Fabrics,caption_keyword,0.5,NOISY
C:\Users\sama\OneDrive\Desktop\naishtex\Textile\Backend\data\processed\material_deepfashion\Mixed Fabrics\WOMEN-Cardigans-id_00002021-01_2_side.jpg,deepfashion,"The shirt the person wears has long sleeves and it is with denim fabric and pure color patterns. The lady also wears an outer clothing, with cotton fa",Mixed Fabrics,caption_keyword,0.5,NOISY
C:\Users\sama\OneDrive\Desktop\naishtex\Textile\Backend\data\processed\material_deepfashion\Mixed Fabrics\WOMEN-Tees_Tanks-id_00002642-02_1_front.jpg,deepfashion,"The upper clothing has sleeves cut off, cotton fabric and stripe patterns. The neckline of it is crew. The lower clothing is of long length. The fabri",Mixed Fabrics,caption_keyword,0.5,NOISY
C:\Users\sama\OneDrive\Desktop\naishtex\Textile\Backend\data\processed\material_deepfashion\Mixed Fabrics\WOMEN-Tees_Tanks-id_00005702-12_3_back.jpg,deepfashion,"Her tank shirt has no sleeves, cotton fabric and solid color patterns. The pants this person wears is of three-point length. The pants are with denim ",Mixed Fabrics,caption_keyword,0.5,NOISY
C:\Users\sama\OneDrive\Desktop\naishtex\Textile\Backend\data\processed\material_deepfashion\Mixed Fabrics\WOMEN-Leggings-id_00001032-05_7_additional.jpg,deepfashion,"The upper clothing has long sleeves, cotton fabric and graphic patterns. The neckline of it is v-shape. The lower clothing is of long length. The fabr",Mixed Fabrics,caption_keyword,0.5,NOISY
C:\Users\sama\OneDrive\Desktop\naishtex\Textile\Backend\data\processed\material_deepfashion\Mixed Fabrics\WOMEN-Cardigans-id_00000284-01_1_front.jpg,deepfashion,"The upper clothing has no sleeves, cotton fabric and pure color patterns. The neckline of it is round. The lower clothing is of three-point length. Th",Mixed Fabrics,caption_keyword,0.5,NOISY
C:\Users\sama\OneDrive\Desktop\naishtex\Textile\Backend\data\processed\material_deepfashion\Mixed Fabrics\WOMEN-Tees_Tanks-id_00003114-06_1_front.jpg,deepfashion,The female is wearing a long-sleeve shirt with striped patterns and a three-point shorts. The shirt is with cotton fabric. The neckline of the shirt i,Mixed Fabrics,caption_keyword,0.5,NOISY
C:\Users\sama\OneDrive\Desktop\naishtex\Textile\Backend\data\processed\material_deepfashion\Mixed Fabrics\WOMEN-Blouses_Shirts-id_00006036-05_4_full.jpg,deepfashion,This woman wears a sleeveless tank top with graphic patterns and a long pants. The tank top is with cotton fabric and its neckline is round. The pants,Mixed Fabrics,caption_keyword,0.5,NOISY
C:\Users\sama\OneDrive\Desktop\naishtex\Textile\Backend\data\processed\material_deepfashion\Mixed Fabrics\WOMEN-Tees_Tanks-id_00002867-06_4_full.jpg,deepfashion,"Her tank top has sleeves cut off, cotton fabric and pure color patterns. It has a v-shape neckline. The shorts the female wears is of three-point leng",Mixed Fabrics,caption_keyword,0.5,NOISY
C:\Users\sama\OneDrive\Desktop\naishtex\Textile\Backend\data\processed\material_deepfashion\Mixed Fabrics\WOMEN-Cardigans-id_00007012-05_4_full.jpg,deepfashion,"Her shirt has long sleeves, cotton fabric and pure color patterns. It has a v-shape neckline. The pants this person wears is of three-point length. Th",Mixed Fabrics,caption_keyword,0.5,NOISY
C:\Users\sama\OneDrive\Desktop\naishtex\Textile\Backend\data\processed\material_deepfashion\Mixed Fabrics\WOMEN-Tees_Tanks-id_00003687-18_4_full.jpg,deepfashion,The lady wears a sleeveless tank top with solid color patterns. The tank top is with cotton fabric. It has a suspenders neckline. The trousers the lad,Mixed Fabrics,caption_keyword,0.5,NOISY
C:\Users\sama\OneDrive\Desktop\naishtex\Textile\Backend\data\processed\material_deepfashion\Mixed Fabrics\WOMEN-Tees_Tanks-id_00005020-06_2_side.jpg,deepfashion,The female wears a tank tank shirt with solid color patterns. The tank shirt is with cotton fabric. The shorts the female wears is of three-point leng,Mixed Fabrics,caption_keyword,0.5,NOISY
C:\Users\sama\OneDrive\Desktop\naishtex\Textile\Backend\data\processed\material_deepfashion\Mixed Fabrics\WOMEN-Tees_Tanks-id_00004389-06_7_additional.jpg,deepfashion,The T-shirt the female wears has short sleeves and it is with cotton fabric and pure color patterns. The neckline of the T-shirt is round. The female ,Mixed Fabrics,caption_keyword,0.5,NOISY
C:\Users\sama\OneDrive\Desktop\naishtex\Textile\Backend\data\processed\material_deepfashion\Mixed Fabrics\WOMEN-Tees_Tanks-id_00005202-01_4_full.jpg,deepfashion,The person is wearing a sleeveless tank top with solid color patterns. The tank top is with cotton fabric and its neckline is round. The person wears ,Mixed Fabrics,caption_keyword,0.5,NOISY
C:\Users\sama\OneDrive\Desktop\naishtex\Textile\Backend\data\processed\material_deepfashion\Mixed Fabrics\WOMEN-Tees_Tanks-id_00003504-08_2_side.jpg,deepfashion,"Her tank shirt has no sleeves, cotton fabric and pure color patterns. It has a suspenders neckline. The lady wears a three-point shorts. The shorts ar",Mixed Fabrics,caption_keyword,0.5,NOISY
C:\Users\sama\OneDrive\Desktop\naishtex\Textile\Backend\data\processed\material_deepfashion\Mixed Fabrics\WOMEN-Tees_Tanks-id_00003759-04_2_side.jpg,deepfashion,"Her tank top has no sleeves, cotton fabric and solid color patterns. The shorts this woman wears is of three-point length. The shorts are with denim f",Mixed Fabrics,caption_keyword,0.5,NOISY
C:\Users\sama\OneDrive\Desktop\naishtex\Textile\Backend\data\processed\material_deepfashion\Mixed Fabrics\WOMEN-Tees_Tanks-id_00006342-06_4_full.jpg,deepfashion,"Her tank shirt has no sleeves, cotton fabric and solid color patterns. The neckline of it is round. The trousers this person wears is of long length. ",Mixed Fabrics,caption_keyword,0.5,NOISY
C:\Users\sama\OneDrive\Desktop\naishtex\Textile\Backend\data\processed\material_deepfashion\Mixed Fabrics\WOMEN-Blouses_Shirts-id_00003792-02_1_front.jpg,deepfashion,The tank top this lady wears has sleeves cut off and it is with cotton fabric and floral patterns. The neckline of the tank top is suspenders. This la,Mixed Fabrics,caption_keyword,0.5,NOISY
C:\Users\sama\OneDrive\Desktop\naishtex\Textile\Backend\data\processed\material_deepfashion\Mixed Fabrics\WOMEN-Tees_Tanks-id_00002927-08_2_side.jpg,deepfashion,This woman is wearing a sleeveless tank shirt with solid color patterns and a three-point pants. The tank shirt is with cotton fabric. The pants are w,Mixed Fabrics,caption_keyword,0.5,NOISY
C:\Users\sama\OneDrive\Desktop\naishtex\Textile\Backend\data\processed\material_deepfashion\Mixed Fabrics\WOMEN-Blouses_Shirts-id_00001807-03_3_back.jpg,deepfashion,The person is wearing a tank tank shirt with graphic patterns and a three-point shorts. The tank shirt is with cotton fabric. The shorts are with deni,Mixed Fabrics,caption_keyword,0.5,NOISY
C:\Users\sama\OneDrive\Desktop\naishtex\Textile\Backend\data\processed\material_deepfashion\Mixed Fabrics\WOMEN-Tees_Tanks-id_00002927-06_3_back.jpg,deepfashion,The female wears a sleeveless tank shirt with pure color patterns. The tank shirt is with cotton fabric. The female wears a three-point shorts. The sh,Mixed Fabrics,caption_keyword,0.5,NOISY
C:\Users\sama\OneDrive\Desktop\naishtex\Textile\Backend\data\processed\material_deepfashion\Mixed Fabrics\WOMEN-Tees_Tanks-id_00003338-09_7_additional.jpg,deepfashion,"Her tank top has sleeves cut off, cotton fabric and pure color patterns. The shorts the person wears is of three-point length. The shorts are with den",Mixed Fabrics,caption_keyword,0.5,NOISY
C:\Users\sama\OneDrive\Desktop\naishtex\Textile\Backend\data\processed\material_deepfashion\Mixed Fabrics\MEN-Tees_Tanks-id_00001881-02_4_full.jpg,deepfashion,"His tank top has sleeves cut off, cotton fabric and pure color patterns. It has a round neckline. The guy wears a long trousers. The trousers are with",Mixed Fabrics,caption_keyword,0.5,NOISY
C:\Users\sama\OneDrive\Desktop\naishtex\Textile\Backend\data\processed\material_deepfashion\Mixed Fabrics\WOMEN-Graphic_Tees-id_00007251-01_3_back.jpg,deepfashion,"The T-shirt this female wears has short sleeves, its fabric is cotton, and it has graphic patterns. This female wears a three-point pants, with denim ",Mixed Fabrics,caption_keyword,0.5,NOISY
C:\Users\sama\OneDrive\Desktop\naishtex\Textile\Backend\data\processed\material_deepfashion\Mixed Fabrics\WOMEN-Tees_Tanks-id_00005532-02_4_full.jpg,deepfashion,"Her tank top has no sleeves, cotton fabric and solid color patterns. It has a crew neckline. The pants the female wears is of long length. The pants a",Mixed Fabrics,caption_keyword,0.5,NOISY
C:\Users\sama\OneDrive\Desktop\naishtex\Textile\Backend\data\processed\material_deepfashion\Mixed Fabrics\WOMEN-Sweaters-id_00002451-01_2_side.jpg,deepfashion,The shirt this woman wears has short sleeves and its fabric is cotton. The pattern of it is graphic. It has a round neckline. This woman wears a three,Mixed Fabrics,caption_keyword,0.5,NOISY
